Humanities 
                  Regular Part-I
URL: https://www.biek.edu.pk/Result-2022/Part-I/HTR/Result-Gazzette-HTR-Part-I-A-2022.pdf
Source: https://www.biek.edu.pk/LastResults.asp

1
CANDIDATES BEARING THE FOLLOWING ROLL NUMBERS ARE DECLARED TO HAVE
PASSED THE INTERMEDIATE HUMANITIES (REGULAR) GROUP PART - I (CLASS XI)
ANNUAL EXAMINATION 2022.
600371(330)
600380(355)
600381(303)
600396(313)
600403(317)
6 Papers
Govt. Degree Boys College, Metrovill, S.I.T.E.
600264(35)
***********
1Paper
****NIL****
2 Papers
600261(111)
3 Papers
600262(178)
600265(161)
600268(145)
4 Papers
600266(224)
600272(289)
600273(253)
5 Papers
600263(273)
Govt. Degree Boys College Shams Peer Baba Bith
600007(129)
600024(147)
600037(169)
600048(143)
600072(121)
600022(183)
600028(196)
600029(224)
600033(182)
600035(224)
600001(172)
600009(181)
600015(159)
600018(165)
600019(152)
600070(179)
600040(157)
600047(200)
600049(160)
600055(255)
600065(196)
600032(261)
600038(234)
600041(217)
600042(260)
600044(274)
600017(209)
600023(234)
600027(297)
600030(270)
600031(258)
600002(246)
600005(309)
600012(272)
600013(261)
600014(275)
600071(236)
600063(288)
600066(243)
600067(256)
600068(260)
600069(235)
600053(306)
600054(262)
600058(307)
600059(292)
600060(279)
600003(290)
600004(324)
600011(328)
600021(277)
600025(280)
600043(303)
600046(315)
600050(410)
600051(330)
600052(301)
600056(365)
600057(392)
600062(339)
Govt. Degree Boys College Baldia Town
2
614721(159)
600842(226)
600843(216)
614725(187)
614726(307)
614727(239)
614728(288)
614729(310)
614723(313)
614724(326)
614730(363)
614731(289)
Jamiat Tul Mustafa Al-Razavia Scholars Academy Higher Secondary School
614703(190)
600748(278)
600749(294)
600753(252)
600754(289)
614701(272)
614702(249)
600746(307)
600747(307)
600750(324)
600751(337)
600752(375)
600741(389)
600742(294)
600743(350)
600744(302)
600745(315)
Binoria Intermediate College, S.I.T.E.
600402(37)
600373(93)
600382(53)
600438(58)
600375(93)
600378(118)
600391(153)
600392(117)
600394(124)
600399(152)
600401(140)
600415(124)
600419(180)
600420(150)
600433(131)
600372(170)
600384(156)
600387(214)
600389(177)
600390(198)
600393(183)
600397(198)
600406(193)
600409(235)
600418(207)
600421(275)
600427(214)
600430(197)
600431(195)
600436(196)
600405(275)
600407(275)
600408(280)
600410(288)
600416(249)
600376(210)
600379(237)
600383(272)
600385(287)
600400(287)
600432(209)
600435(252)
600439(247)
600440(236)
600417(287)
600423(276)
600424(277)
600426(294)
600429(274)
600404(269)
600411(358)
600412(264)
600413(304)
600414(329)
600422(305)
600425(334)
600428(324)
600434(305)
3
601282(278)
601284(258)
601285(308)
601286(295)
Govt. Degree Boys College 9-E, Baldia Town
601147(80)
601105(112)
601106(148)
601110(137)
601160(138)
601165(104)
601114(183)
601116(224)
601119(224)
601122(218)
601128(212)
601142(159)
601148(179)
601158(171)
601159(198)
601121(228)
601123(233)
601124(294)
601125(270)
601130(246)
601109(297)
601111(220)
601112(243)
601117(286)
601120(277)
601101(238)
601103(243)
601104(254)
601107(283)
601108(250)
601152(270)
601153(287)
601161(272)
601164(296)
601138(220)
601139(228)
601141(223)
601145(237)
601151(202)
601131(279)
601132(255)
601133(242)
601134(273)
601137(246)
601149(303)
601155(309)
601162(322)
601163(371)
601102(302)
601115(300)
601126(289)
601127(308)
601129(337)
601135(307)
601136(334)
601140(315)
601143(322)
601146(287)
Govt. Boys Higher Secondary School SITE Model
614795(83)
614793(197)
614791(314)
614792(293)
601001(323)
601002(322)
614794(321)
The Pinnacle College
614722(106)
4
601602(117)
601606(114)
601609(119)
601612(146)
601603(190)
601604(168)
601605(167)
601610(148)
601613(181)
601614(153)
601615(161)
601617(176)
601601(170)
601608(361)
Govt. Degree Boys College Quaidabad
601423(24)
601426(35)
601433(20)
601439(36)
601445(18)
601403(35)
601404(30)
601410(22)
601415(22)
601416(25)
601464(21)
601466(20)
601467(17)
601473(31)
601455(17)
601457(18)
601458(23)
601459(21)
601462(24)
601432(67)
601434(69)
601441(64)
601442(56)
601443(77)
601417(68)
601421(66)
601422(75)
601429(71)
601431(78)
601444(59)
601446(65)
601449(58)
601451(51)
601453(71)
601487(66)
601454(67)
601456(62)
601460(78)
601471(71)
601475(52)
601402(76)
601405(63)
601406(66)
601407(79)
601413(73)
601411(116)
601414(128)
601418(108)
601428(145)
601448(115)
601450(99)
601452(103)
601470(98)
601477(117)
601401(140)
601408(182)
601409(169)
601424(190)
601425(169)
601436(188)
601465(167)
601482(231)
601484(182)
601435(226)
601438(251)
601479(309)
601480(286)
601437(268)
601481(338)
601483(340)
601485(348)
Abdul Razzak Gabol Govt. Degree Boys & Girls, Razzakabad, Bin Qasim
601281(93)
601283(234)
5
602035(202)
602039(198)
602040(215)
602044(232)
602047(217)
602049(197)
602051(191)
602052(278)
602055(270)
602057(228)
602001(215)
602002(217)
602003(249)
602005(219)
602008(230)
602017(231)
602018(208)
602019(198)
602026(214)
602028(180)
602058(254)
602060(223)
602063(225)
602065(188)
602075(225)
615147(296)
615148(240)
615151(244)
615158(243)
615166(267)
615174(234)
602076(210)
602079(226)
602081(199)
602085(235)
602086(206)
602088(194)
602090(175)
602092(219)
615143(251)
615146(218)
602045(218)
602046(290)
602048(317)
602053(315)
602056(265)
602059(276)
602064(292)
602067(277)
602068(305)
602069(284)
602010(290)
602011(328)
602021(301)
602022(283)
602024(284)
602029(283)
602030(296)
602032(254)
602037(300)
602042(229)
602072(291)
602073(298)
602077(262)
602082(257)
602083(319)
615162(275)
615163(332)
615164(282)
615165(304)
615167(314)
615168(263)
602084(301)
615141(282)
615142(321)
615150(353)
615152(340)
615154(334)
615155(383)
615157(325)
615160(302)
615161(374)
Govt. Degree College, Konkar Village, Gadap
601859(176)
601846(336)
601848(273)
601857(315)
601861(301)
601849(380)
601850(407)
601851(321)
601852(325)
601853(336)
601842(335)
601843(372)
601844(376)
601845(410)
601847(385)
601854(336)
601856(347)
601858(364)
601860(376)
601862(384)
601868(386)
601863(338)
601864(375)
601865(371)
601866(355)
601867(357)
Jamia Baitussalam College (Intermediate)
601616(79)
6
615283(156)
602381(231)
615288(207)
615289(231)
615281(308)
615282(321)
615284(335)
615285(317)
615286(320)
615291(283)
Mysa Public Higher Secondary School, Gadap
602298(27)
602287(66)
602289(58)
602300(68)
602303(61)
602304(73)
602293(122)
602295(115)
602306(139)
615217(126)
602284(144)
602292(133)
602294(193)
615218(168)
615227(162)
615231(177)
615234(241)
602281(195)
602283(200)
602286(199)
602288(211)
602290(208)
602291(221)
602299(206)
602302(181)
602308(208)
615214(243)
615215(259)
615219(242)
615221(205)
615228(232)
615230(245)
615212(293)
615213(356)
615216(334)
615220(339)
615222(281)
602285(241)
602297(272)
602305(252)
602307(283)
615211(336)
615232(287)
615233(300)
615235(303)
615223(274)
615224(314)
615225(284)
615226(284)
615229(312)
Govt. Boys & Girls Higher Secondary School Konkar Village, Gadap Road
602061(46)
602020(90)
602033(74)
602054(65)
602066(63)
602078(74)
615153(95)
615170(68)
602012(143)
602023(111)
602025(138)
602070(115)
602074(116)
615144(129)
615149(113)
602016(191)
602027(170)
602036(175)
602038(159)
602041(168)
602004(173)
602006(157)
602007(155)
602014(173)
602015(174)
615159(172)
615169(184)
602050(152)
602071(155)
602091(206)
615145(172)
615156(207)
7
602808(74)
602815(75)
602816(78)
602822(62)
602835(70)
602807(100)
602810(122)
602812(129)
602814(117)
602823(121)
602827(114)
602801(193)
602805(152)
602806(208)
602811(153)
602817(170)
602819(166)
602825(186)
602831(186)
602832(153)
602843(156)
602844(176)
602846(187)
602802(185)
602803(203)
602813(213)
602821(257)
602824(196)
602830(222)
602833(261)
602836(282)
602837(290)
602842(232)
602848(270)
602804(286)
602818(243)
602820(282)
602828(338)
602849(312)
Govt. City College (Morning)
602525(34)
602530(17)
602534(23)
602580(39)
602503(62)
602542(87)
602557(100)
602561(69)
602504(122)
602512(135)
602515(129)
602521(141)
602524(121)
602526(113)
602527(116)
602529(112)
602560(141)
602564(131)
602567(113)
602578(103)
602502(179)
602506(227)
602507(166)
602509(169)
602514(154)
602517(210)
602522(169)
602528(148)
602538(229)
602539(206)
602543(232)
602562(157)
602563(182)
602568(142)
602577(164)
602523(199)
602535(222)
602536(252)
602540(239)
602541(246)
602508(227)
602510(239)
602511(228)
602519(219)
602520(195)
602574(286)
602579(251)
602547(255)
602552(283)
602571(283)
602572(282)
602573(252)
602544(359)
602545(324)
602546(317)
602548(347)
602549(318)
602501(293)
602505(245)
602531(349)
602532(327)
602533(359)
602565(272)
602566(340)
602569(334)
602570(352)
602551(377)
602553(390)
602554(329)
602555(329)
602556(309)
Govt. City College (Evening)
8
603420(248)
603422(344)
603423(263)
603428(371)
603429(326)
603401(291)
603407(292)
603412(268)
603414(257)
603418(388)
603443(307)
603444(330)
603449(302)
603450(258)
603430(383)
603431(371)
603432(336)
603433(285)
603437(317)
Govt. National College (Morning)
603154(40)
603194(48)
603170(73)
603184(63)
603152(155)
603160(107)
603176(133)
603177(117)
603178(114)
603179(113)
603180(120)
603181(138)
603182(114)
603183(97)
603191(120)
603202(126)
603157(148)
603158(174)
603171(168)
603185(180)
603188(216)
603189(213)
603192(221)
603193(182)
603197(147)
603198(178)
603204(205)
603203(215)
603168(319)
603190(272)
603195(245)
603200(231)
603201(269)
603156(222)
603162(257)
603163(250)
603164(210)
603167(201)
603161(274)
603169(414)
603172(271)
603173(237)
603175(270)
603186(265)
603187(286)
Allama Iqbal Govt. Boys Higher Secondary School, Sohrab Goth
603012(36)
603025(24)
603016(67)
603003(110)
603015(130)
603007(192)
603010(165)
603017(179)
603020(144)
603024(147)
603006(225)
603018(266)
603022(189)
603001(372)
603002(273)
603004(321)
603005(297)
603009(240)
603013(277)
603014(238)
603021(205)
Govt. Boys Comprehensive H.S.School Azizabad F.B.Area
602809(24)
602829(36)
602850(35)
9
Ideal Grammer Higher Secondary School, Suparco Road
603590(48)
603603(37)
603604(20)
603605(18)
603606(31)
603646(25)
603582(99)
603588(66)
603643(54)
603584(156)
603591(113)
603601(162)
603616(107)
603620(132)
603624(131)
603639(117)
603641(115)
603644(161)
603581(136)
603586(227)
603587(174)
603593(148)
603594(151)
603595(167)
603596(147)
603597(157)
603600(156)
603607(153)
603627(203)
603638(194)
603640(158)
603642(143)
603635(247)
603613(287)
603614(319)
603615(293)
603617(218)
603619(261)
603589(254)
603598(201)
603608(237)
603609(196)
603610(243)
603629(248)
603630(274)
603631(255)
603632(270)
603633(255)
603621(268)
603622(266)
603623(221)
603626(327)
603628(273)
603618(333)
603634(233)
603636(371)
Govt. National College (Evening)
603402(92)
603413(89)
603454(68)
603425(99)
603434(114)
603435(121)
603448(144)
603452(122)
603453(106)
603403(166)
603404(178)
603406(164)
603408(179)
603409(168)
603411(195)
603415(180)
603424(179)
603436(150)
603445(153)
603451(188)
603405(259)
603410(275)
603416(238)
603417(329)
603419(248)
603426(222)
603427(265)
603440(218)
603441(198)
603442(232)
603446(298)
10
604452(194)
604454(201)
604456(176)
604460(196)
604466(219)
604476(227)
604481(244)
604492(213)
604497(215)
604498(197)
604463(217)
604465(225)
604472(206)
604473(205)
604474(214)
604507(257)
604510(226)
604511(230)
604514(198)
604517(245)
604535(227)
604536(257)
604521(248)
604525(205)
604528(266)
604529(234)
604530(313)
604453(298)
604455(286)
604459(283)
604471(321)
604485(268)
604491(307)
604499(313)
604504(270)
604508(297)
604515(324)
604516(325)
604518(288)
604519(329)
604540(251)
604549(309)
Govt. Degree Boys College No. 2 Gulistan-e-Jauhar
604145(146)
604146(158)
604197(218)
604205(231)
604175(329)
604179(323)
604181(286)
604182(287)
604183(288)
604163(330)
604164(316)
604166(310)
604167(303)
604170(305)
604141(296)
604149(324)
604151(319)
604153(292)
604160(325)
604204(248)
604206(274)
604207(244)
604195(251)
604196(289)
604198(237)
604199(217)
604203(239)
604184(297)
604185(300)
604186(315)
604192(285)
604194(259)
604158(378)
604159(297)
604161(315)
604162(364)
604165(336)
604150(352)
604152(355)
604155(375)
604156(344)
604157(292)
604142(365)
604143(348)
604144(323)
604147(382)
604148(346)
604168(332)
604169(365)
604171(362)
604172(397)
604173(411)
604193(370)
604200(281)
604201(320)
604202(303)
604187(391)
604188(350)
604189(342)
604190(361)
604191(400)
604174(413)
604176(353)
604177(354)
604178(390)
604180(385)
Al-Beroni Intermediate College, Ahsanabad
603961(54)
603962(106)
11
604861(199)
604862(248)
604864(222)
604870(204)
604876(232)
604821(208)
604827(285)
604829(198)
604832(269)
604859(188)
604802(172)
604807(261)
604808(256)
604813(172)
604820(197)
604877(206)
604883(205)
604884(203)
604885(264)
604886(272)
604937(271)
604947(198)
604950(210)
604951(219)
604953(249)
604910(339)
604926(210)
604927(191)
604932(230)
604934(254)
604888(254)
604889(211)
604890(229)
604901(255)
604904(291)
604867(280)
604868(288)
604875(300)
604895(258)
604896(308)
604818(375)
604825(366)
604839(298)
604856(268)
604865(272)
604905(329)
604907(362)
604908(349)
604909(347)
604911(412)
604949(320)
604912(344)
604928(307)
604931(255)
604942(384)
604944(337)
Islamia Govt. Arts & Commerce College (Morning)
604762(38)
New Grammer Govt. Boys & Girls H.S.S
604486(41)
604501(51)
604522(22)
604523(30)
604526(38)
604548(41)
604552(35)
604553(37)
604451(66)
604458(54)
604464(88)
604478(76)
604480(73)
604483(56)
604496(81)
604500(67)
604509(63)
604512(97)
604527(62)
604537(72)
604538(66)
604541(91)
604489(138)
604490(104)
604494(97)
604495(93)
604503(133)
604462(118)
604467(97)
604475(104)
604479(97)
604484(126)
604543(109)
604545(106)
604506(128)
604520(124)
604524(117)
604533(163)
604542(125)
604470(193)
604477(200)
604482(161)
604493(205)
604502(166)
604505(158)
604531(233)
604532(253)
604534(176)
604539(177)
604546(204)
604547(184)
604551(175)
12
Govt. Degree College Jungle Shah, Keamari
605282(38)
605283(19)
605286(27)
605287(20)
605293(36)
605297(20)
605298(33)
605303(33)
605284(71)
605289(80)
605296(77)
605302(79)
605274(118)
605279(110)
605280(138)
605290(174)
605292(186)
605299(100)
605300(116)
605301(139)
605259(185)
605262(155)
605264(174)
605267(225)
605271(186)
605276(144)
605277(165)
605288(141)
605295(277)
605251(280)
605253(246)
605256(252)
605258(264)
605261(230)
605263(250)
605265(241)
605266(223)
605269(275)
605273(194)
605275(195)
605278(186)
605291(354)
605255(334)
605257(296)
605268(353)
605270(223)
605272(264)
Islamia Govt. Arts & Commerce College (Evening)
604810(30)
604811(21)
604833(22)
604854(48)
604880(25)
604894(19)
604923(25)
604930(22)
604801(69)
604812(92)
604822(74)
604823(59)
604842(85)
604844(82)
604847(74)
604887(78)
604892(67)
604915(105)
604916(65)
604922(68)
604943(96)
604850(148)
604851(131)
604852(114)
604853(123)
604855(132)
604836(147)
604838(117)
604840(132)
604846(134)
604848(119)
604805(96)
604806(97)
604814(112)
604817(104)
604830(100)
604940(109)
604952(146)
604902(137)
604920(122)
604924(124)
604929(108)
604933(165)
604858(118)
604869(119)
604872(103)
604881(141)
604898(114)
604843(152)
604845(177)
604849(180)
604857(187)
604860(152)
604828(153)
604831(183)
604834(171)
604837(165)
604841(167)
604803(142)
604804(143)
604819(174)
604824(144)
604826(148)
604863(167)
604871(144)
604874(164)
604878(137)
604879(197)
604939(138)
604941(148)
604946(229)
604918(152)
604921(185)
604925(156)
604935(148)
604936(144)
604891(231)
604906(249)
604913(151)
604914(153)
604917(175)
13
606402(145)
606403(146)
606414(177)
606415(178)
606416(176)
606431(220)
606433(179)
606434(206)
606435(176)
606437(245)
606440(204)
606441(210)
606448(142)
606404(245)
606405(246)
606409(280)
606411(220)
606412(222)
606419(225)
606428(245)
606429(235)
606432(269)
606443(293)
606445(203)
606410(289)
606417(265)
606418(294)
606424(312)
606425(316)
606426(307)
606427(327)
606438(303)
606444(331)
606446(312)
Govt. Deg. Arts & Comm. College for Men (Evening) Korangi 6
621966(21)
621967(21)
621976(49)
621978(55)
606225(87)
606229(66)
606230(76)
606231(102)
606237(84)
621974(99)
621975(69)
621979(81)
621986(92)
621965(107)
621980(131)
621984(135)
621991(121)
622000(122)
606223(179)
621988(182)
621964(273)
621971(271)
621972(226)
621973(231)
621977(266)
621981(286)
621987(267)
621989(258)
621994(301)
621995(296)
621996(240)
621998(222)
621999(317)
622001(285)
621961(258)
621962(304)
621963(293)
621982(319)
621983(315)
621990(370)
621993(368)
622003(280)
622004(268)
Govt. Boys & Girls Higher Secondary School, Younusabad
605915(21)
605916(29)
605936(19)
605903(90)
605904(88)
605911(82)
605914(66)
605922(83)
605926(64)
605930(74)
605938(89)
605939(65)
605905(129)
605907(110)
605908(133)
605910(114)
605912(118)
605913(109)
605918(101)
605919(111)
605921(116)
605924(103)
605927(101)
605929(109)
605937(109)
605941(121)
605901(153)
605906(164)
605931(234)
605932(197)
605940(147)
605917(232)
605923(179)
605928(287)
605933(192)
605934(191)
14
607205(311)
607206(319)
607208(359)
607209(313)
607210(393)
607182(266)
607184(297)
607187(273)
607194(296)
607197(285)
607151(292)
607155(309)
607166(287)
607167(244)
607172(279)
607213(346)
607215(398)
607217(368)
607218(377)
607222(344)
607241(395)
607235(416)
607237(415)
607238(403)
607239(380)
607240(387)
607225(348)
607226(283)
607227(373)
607228(412)
607234(370)
Govt. Boys Higher Secondary School No. 2 'K' Area Korangi
606876(26)
606880(49)
606916(28)
606844(77)
606848(58)
606856(63)
606859(61)
606868(84)
606879(79)
606881(81)
606892(117)
606909(80)
606914(67)
606919(107)
606927(95)
606928(59)
606857(100)
606863(109)
606870(102)
606882(104)
606884(147)
606841(119)
606843(124)
606846(131)
606852(118)
606855(114)
606917(146)
606921(133)
606924(129)
606894(143)
606898(109)
606902(137)
606911(139)
606913(104)
606872(190)
606873(160)
606878(155)
606883(184)
606887(216)
606860(223)
606861(189)
606862(195)
606867(198)
606871(195)
606842(177)
606845(137)
606849(164)
606850(213)
606854(178)
606915(190)
606920(188)
606925(226)
606900(230)
606901(197)
606905(184)
606907(239)
606908(216)
606890(220)
606895(183)
606896(171)
606897(198)
606899(241)
606875(226)
606877(220)
606885(275)
606886(251)
606891(280)
606851(194)
606858(206)
606865(212)
606866(224)
606869(227)
606926(233)
606904(209)
606906(287)
606910(262)
606912(217)
606918(198)
Govt. Degree Boys College Korangi 2-1/2
606422(27)
606450(31)
606451(31)
606452(35)
606408(88)
606420(79)
606421(66)
606401(115)
606406(130)
606413(111)
606423(138)
606430(179)
606439(102)
606442(160)
606449(97)
15
607346(55)
607351(80)
607358(56)
607390(103)
607394(77)
607406(71)
607407(54)
607349(126)
607353(112)
607360(122)
607361(101)
607366(130)
607368(150)
607375(106)
607381(108)
607386(118)
607400(116)
607411(121)
607413(115)
607422(92)
607425(104)
607363(173)
607365(196)
607367(154)
607376(175)
607388(161)
607347(182)
607348(161)
607350(177)
607355(154)
607362(169)
607408(145)
607410(173)
607415(175)
607391(182)
607398(189)
607402(176)
607404(160)
607405(147)
607370(252)
607371(231)
607372(183)
607378(236)
607385(178)
607341(242)
607344(192)
607345(180)
607359(200)
607364(235)
607418(200)
607421(202)
607423(216)
607393(208)
607397(166)
607403(187)
607409(225)
607412(209)
607387(237)
607389(365)
607392(257)
607396(262)
607414(249)
607416(286)
607417(257)
607419(272)
607420(251)
607424(278)
607343(287)
607352(337)
607354(354)
607356(310)
607357(308)
Govt. Comprehensive Boys Higher Sec. School Korangi 3
607157(41)
607174(24)
607141(62)
607145(73)
607146(82)
607148(76)
607191(98)
607232(103)
607249(70)
607143(136)
607144(121)
607154(114)
607156(119)
607158(108)
607163(127)
607180(105)
607181(141)
607183(112)
607190(123)
607242(135)
607243(103)
607244(99)
607251(143)
607178(187)
607179(153)
607185(197)
607188(184)
607189(190)
607147(165)
607149(183)
607150(167)
607161(202)
607169(173)
607216(291)
607233(238)
607248(146)
607253(165)
607192(164)
607195(174)
607199(212)
607201(196)
607214(200)
607177(243)
607186(256)
607200(250)
607202(289)
607203(263)
607142(206)
607153(237)
607162(247)
607164(212)
607168(240)
607204(250)
607207(335)
607211(305)
607212(237)
607219(254)
607245(228)
607246(203)
607247(213)
607252(206)
607221(224)
607223(247)
607229(333)
607230(233)
607231(301)
16
608023(39)
608002(81)
608012(92)
608004(172)
608005(158)
608011(148)
608027(126)
608028(178)
608003(214)
608006(216)
608009(194)
608015(232)
608016(228)
608017(208)
608018(214)
608020(244)
608022(215)
608026(225)
608019(299)
Mumtaz Govt. Boys Higher Secondary School
607592(33)
607608(29)
607621(24)
607584(75)
607594(62)
607599(94)
607601(85)
607607(82)
607620(63)
607623(59)
607639(92)
607652(71)
607605(133)
607606(121)
607615(95)
607616(121)
607617(98)
607586(107)
607587(138)
607597(123)
607600(125)
607604(106)
607662(110)
607619(111)
607636(93)
607640(121)
607650(93)
607661(116)
607598(169)
607603(156)
607611(159)
607612(199)
607614(160)
607581(155)
607582(157)
607585(153)
607589(181)
607593(143)
607622(136)
607626(254)
607627(237)
607628(215)
607629(224)
607663(206)
607635(149)
607651(144)
607653(236)
607656(168)
607660(158)
607613(249)
607630(297)
607637(245)
607638(290)
607642(297)
607590(228)
607591(217)
607595(223)
607602(194)
607610(277)
607649(242)
607655(212)
607657(207)
607658(173)
607659(180)
607643(284)
607644(286)
607645(258)
607647(304)
607648(253)
607583(284)
607609(364)
607618(276)
607632(358)
607633(349)
607634(296)
607646(373)
607654(291)
Govt. Degree Boys College Ibrahim Hyderi
607382(33)
607384(25)
607426(46)
17
608278(208)
608280(131)
608281(170)
608293(136)
608333(142)
608267(123)
608268(121)
608270(128)
608272(197)
608274(183)
608241(160)
608245(134)
608251(144)
608252(103)
608262(163)
608410(120)
608420(140)
608421(149)
608422(111)
608377(206)
608378(128)
608394(112)
608396(124)
608398(118)
608335(165)
608342(133)
608349(182)
608362(128)
608371(115)
608290(129)
608318(205)
608338(239)
608339(179)
608343(188)
608344(199)
608346(226)
608350(231)
608351(160)
608355(168)
608244(165)
608247(173)
608248(185)
608249(152)
608256(223)
608273(220)
608276(234)
608277(170)
608284(215)
608286(197)
608358(245)
608359(194)
608360(258)
608366(194)
608370(186)
608426(203)
608430(167)
608432(192)
608440(163)
608441(196)
608442(186)
608374(196)
608379(253)
608380(195)
608383(233)
608388(239)
608391(259)
608392(211)
608395(177)
608404(159)
608411(156)
608414(254)
608415(231)
608418(259)
608419(220)
608425(251)
608429(231)
608431(262)
608433(209)
608434(227)
608435(238)
608438(233)
608439(243)
608297(300)
608301(263)
608302(233)
608303(265)
608304(254)
608309(263)
608311(259)
608313(284)
608315(286)
608319(254)
608288(254)
608291(235)
608292(209)
608294(284)
608296(212)
608242(252)
608243(186)
608254(257)
608260(259)
608263(222)
608264(269)
608265(250)
608275(267)
608282(273)
608287(214)
608320(250)
608324(271)
608327(290)
608332(243)
608337(273)
608387(309)
608390(238)
608399(222)
608401(222)
608402(231)
608403(218)
608405(231)
608407(229)
608409(232)
608412(226)
608373(267)
608375(250)
608381(274)
608382(268)
608384(291)
608340(218)
608345(265)
608352(255)
608356(259)
608357(290)
608361(236)
608363(230)
608364(263)
608365(191)
608372(273)
608307(315)
608308(353)
608310(315)
608312(341)
608316(314)
608317(312)
608321(302)
608323(281)
608325(307)
608326(313)
608246(348)
608250(260)
608253(255)
608257(290)
608259(345)
608261(397)
608271(406)
608298(289)
608299(318)
608305(327)
608328(280)
608329(342)
608330(328)
608331(275)
608334(274)
608393(328)
608400(296)
608413(319)
608417(353)
608423(330)
608424(316)
608444(390)
608336(305)
608341(317)
608347(312)
608348(326)
608353(333)
608354(346)
608367(277)
608369(269)
608386(358)
608389(363)
Jinnah Govt. College Nazimabad
18
608913(316)
608914(266)
608917(189)
608922(194)
608926(308)
608935(268)
608948(240)
608950(302)
608910(268)
608930(346)
608931(339)
Sirajuddaullah Govt. College (Evening)
608647(87)
608655(82)
608661(59)
608662(84)
608663(70)
608665(71)
608668(77)
608669(69)
608675(72)
608641(129)
608646(135)
608653(157)
608660(140)
608664(124)
608667(121)
608672(152)
608673(116)
608642(204)
608643(159)
608645(192)
608648(180)
608649(178)
608650(187)
608651(188)
608652(179)
608654(179)
608657(179)
608658(244)
608659(239)
608666(271)
608670(183)
608671(214)
608644(219)
608656(236)
Sirajuddaullah Govt. College (Morning)
608520(69)
608516(149)
608521(97)
608529(135)
608512(138)
608517(184)
608518(138)
608519(171)
608523(188)
608525(228)
608532(172)
608511(191)
608522(234)
608524(256)
608526(252)
608527(260)
608528(262)
608530(245)
608513(315)
608514(322)
608515(336)
Quaid-e-Millat Govt. College (Evening)
608269(29)
608255(71)
608258(97)
608266(75)
608279(81)
608289(111)
608443(63)
19
609365(258)
609367(187)
609373(167)
609375(187)
609381(188)
609390(181)
609392(168)
609395(194)
609347(282)
609358(301)
609368(236)
609376(230)
609377(221)
609379(301)
609384(232)
609385(226)
609387(185)
609389(225)
609391(236)
609394(194)
609350(354)
609355(346)
609357(361)
609378(281)
609383(270)
Haji Abdullah Haroon Govt. College (Evening)
609153(21)
609154(33)
609164(23)
609165(24)
609175(19)
609177(29)
609179(20)
609180(22)
609181(45)
609192(34)
609200(20)
609208(29)
609221(27)
609188(64)
609189(62)
609193(71)
609194(83)
609195(74)
609151(58)
609167(55)
609168(61)
609176(52)
609183(66)
609218(67)
609224(57)
609203(69)
609206(75)
609210(54)
609214(86)
609215(67)
609220(120)
609207(119)
609211(111)
609216(119)
609217(117)
609219(123)
609156(122)
609169(119)
609173(95)
609178(105)
609184(99)
609185(107)
609186(105)
609187(104)
609191(101)
609198(114)
609160(168)
609162(174)
609170(173)
609182(142)
609190(161)
609196(153)
609199(161)
609205(171)
609174(173)
609222(250)
609223(232)
609158(294)
609172(274)
609197(353)
Haji Abdullah Haroon Govt. College (Morning)
608927(40)
608901(70)
608902(75)
608921(69)
608936(84)
608905(173)
608906(156)
608909(143)
608939(110)
608929(176)
608934(186)
608937(175)
608938(280)
608942(269)
608908(168)
608912(197)
608916(259)
608924(198)
608925(179)
608949(237)
608951(187)
608954(252)
608955(258)
608943(230)
608944(264)
608945(256)
608946(259)
608947(259)
20
629952(126)
609751(178)
609752(175)
629958(154)
629960(168)
629961(246)
629963(211)
629953(253)
629954(357)
629955(255)
629956(383)
629962(312)
Memon Degree College (Intermediate)
609681(19)
Nusrat Bhutto Govt. Degree Boys College Lyari
609604(25)
609611(62)
609616(43)
609617(31)
609618(20)
609609(74)
609614(67)
609620(60)
609626(73)
609606(105)
609608(127)
609625(105)
609602(205)
609607(236)
609623(157)
609603(238)
609610(237)
Ghazi Muhammad Bin Qasim Govt. Boys Higher Secondary School
609345(31)
609346(36)
609342(62)
609349(79)
609351(90)
609354(55)
609360(51)
609370(91)
609372(55)
609374(84)
609352(144)
609353(125)
609363(106)
609364(160)
609380(101)
609382(162)
609396(119)
21
610421(69)
610423(65)
610426(83)
610427(72)
610428(74)
610433(76)
610436(65)
610442(68)
610447(70)
610456(69)
610460(77)
610461(78)
610437(134)
610443(127)
610448(128)
610451(139)
610454(132)
610425(164)
610439(152)
610449(150)
610455(169)
610463(192)
610464(217)
610465(160)
610467(139)
610468(149)
610469(158)
610432(218)
610450(195)
610452(214)
610458(216)
610462(273)
610470(263)
610444(263)
Jamia Millia Govt. College (Morning)
610125(31)
610126(29)
610128(19)
610130(18)
610131(19)
610138(17)
610140(28)
610141(23)
610142(25)
610146(24)
610149(25)
610150(23)
610154(19)
610117(20)
610120(23)
610121(20)
610122(30)
610123(23)
610069(17)
610075(20)
610078(26)
610079(24)
610080(21)
610056(18)
610058(27)
610059(22)
610064(23)
610065(26)
610104(32)
610107(30)
610112(28)
610114(33)
610116(23)
610085(24)
610091(21)
610095(19)
610098(21)
610102(17)
610053(71)
610054(53)
610061(58)
610066(61)
610077(106)
610093(70)
610111(64)
610127(55)
610133(55)
610143(79)
610148(59)
610051(121)
610052(105)
610062(95)
610106(106)
610144(98)
610145(95)
610101(149)
610147(147)
610060(293)
610153(245)
610109(293)
Govt. Degree Sc., Arts & Comm. College Murad Memon Goth
629951(97)
629959(104)
22
610798(178)
610799(173)
610802(165)
610805(192)
610848(196)
610776(184)
610777(152)
610780(138)
610789(173)
610797(168)
610717(181)
610731(224)
610748(145)
610760(170)
610774(188)
631603(186)
631610(170)
631612(210)
631613(201)
631592(209)
631598(163)
631599(184)
631600(202)
631601(197)
631554(195)
631558(190)
631566(174)
631570(176)
631571(151)
631552(240)
631560(220)
631568(210)
631575(247)
631578(241)
610790(202)
631541(273)
631542(236)
631544(210)
631546(201)
631594(221)
631597(246)
631609(234)
631581(198)
631582(270)
631587(236)
631591(222)
631593(233)
610767(298)
610771(302)
631545(277)
631555(304)
631556(302)
631557(270)
631559(274)
631561(292)
631565(307)
631569(265)
631572(242)
631573(300)
631576(322)
631577(271)
Govt. Boys & Girls H.Sec.School Haji Nathoo, Malir
610637(33)
610638(34)
610641(31)
610645(24)
610646(18)
610647(21)
610600(46)
610602(44)
610603(49)
610630(60)
610635(34)
610607(80)
610608(58)
610609(70)
610613(89)
610614(78)
610592(65)
610595(80)
610599(78)
610601(111)
610604(120)
610633(96)
610648(67)
610616(58)
610617(74)
610619(62)
610624(91)
610626(64)
610594(121)
610597(140)
610610(101)
610611(115)
610612(116)
610620(136)
610621(167)
610627(99)
610636(109)
610642(107)
610643(132)
610605(181)
610606(192)
610615(179)
610622(172)
610623(216)
610629(188)
610631(185)
610639(158)
610649(160)
610591(176)
610593(209)
610598(218)
610618(240)
610625(199)
610628(210)
610640(313)
610644(304)
Liaquat Govt. College (Evening) Malir
610424(17)
610429(31)
610430(17)
610431(33)
610435(36)
610440(31)
610453(37)
610457(46)
610466(34)
23
611008(142)
610975(154)
610977(168)
610979(181)
610980(160)
610982(196)
610961(179)
610963(169)
610964(172)
610966(172)
610971(156)
611007(171)
631703(174)
610990(180)
610991(174)
610994(153)
610999(187)
611006(155)
610973(220)
610974(267)
610981(230)
610984(195)
610985(232)
610965(221)
610968(206)
610969(196)
610970(207)
610972(196)
610986(231)
610987(244)
610988(228)
610992(222)
610995(199)
611005(225)
611009(215)
611010(215)
631699(231)
631702(224)
610997(241)
611000(215)
611002(200)
611003(267)
611004(227)
610967(318)
610976(289)
610983(283)
610989(311)
610993(312)
610996(395)
610998(290)
611001(264)
631701(273)
Govt. Boys & Girls Higher Secondary School Kamal Khan Jokhio
610839(17)
610840(28)
610841(31)
610842(29)
610844(27)
610850(28)
610854(30)
631543(22)
631563(43)
631567(53)
631588(33)
631611(33)
610726(58)
610735(23)
610737(17)
610739(35)
610741(42)
610702(33)
610710(19)
610714(22)
610719(20)
610725(36)
610779(52)
610787(28)
610795(42)
610804(51)
610815(29)
610826(25)
610829(22)
610830(29)
610831(19)
610834(33)
610817(33)
610821(30)
610823(30)
610824(23)
610825(22)
610765(59)
610768(110)
610769(92)
610773(86)
610775(69)
610778(83)
610782(64)
610783(70)
610784(85)
610785(78)
610703(60)
610728(54)
610734(67)
610742(70)
610743(77)
610744(73)
610747(71)
610757(100)
610758(99)
610759(66)
610786(72)
610791(86)
610792(73)
610793(71)
610794(64)
610845(58)
610846(70)
610847(66)
631549(54)
631580(65)
631583(91)
631584(110)
631590(78)
631605(74)
631606(61)
610809(67)
610811(72)
610812(63)
610813(71)
610814(61)
610822(72)
610827(62)
610832(67)
610835(60)
610837(77)
610764(167)
610766(179)
610770(124)
610772(124)
610796(104)
610754(112)
610755(106)
610756(144)
610761(125)
610762(106)
610730(123)
610732(112)
610749(113)
610751(140)
610753(155)
631596(107)
631602(144)
631604(155)
631607(119)
631608(132)
631553(175)
631585(163)
631586(102)
631589(107)
631595(131)
610801(134)
610820(118)
610836(128)
631550(149)
631551(118)
24
611409(132)
611410(116)
611412(136)
611417(162)
611419(134)
611405(188)
611415(244)
611416(186)
611418(163)
611422(188)
611401(173)
611408(242)
611411(248)
611402(284)
611403(291)
611404(294)
611406(254)
611407(286)
611413(394)
611414(354)
611420(370)
Shaheed Zulfiqar Ali Bhutto Govt. Boys Degree College
611311(289)
611312(300)
611301(367)
611302(339)
611303(311)
611304(359)
611305(419)
611306(351)
611307(356)
611308(339)
611309(342)
611313(362)
611314(351)
611315(343)
611316(359)
Aleemyah Institute of Islamic Studies, North Nazimabad
611103(27)
611104(25)
611106(25)
611107(22)
611108(29)
611112(37)
611113(21)
631787(43)
631793(25)
611114(82)
611117(72)
631782(66)
631785(72)
631790(60)
631783(103)
631786(148)
631784(242)
Govt. Higher Secondary School Ahmed Dawood Darsano Channo
610978(42)
25
611991(178)
611995(199)
611997(205)
611999(153)
612000(173)
612003(154)
612004(156)
612006(179)
612007(159)
612011(166)
611983(168)
611984(166)
611985(150)
611989(206)
611990(185)
611952(181)
611957(161)
611960(178)
611965(186)
611967(165)
611971(154)
611972(206)
611973(166)
611978(167)
611980(205)
612018(174)
612019(146)
612021(180)
612024(198)
612035(151)
612042(180)
612046(163)
612048(158)
612053(227)
612054(234)
612059(142)
612067(202)
612068(181)
612072(205)
612074(263)
611986(250)
611993(232)
611994(277)
611996(255)
611998(222)
611964(235)
611966(246)
611976(313)
611979(231)
611982(241)
611953(240)
611956(241)
611959(208)
611961(225)
611963(206)
612106(289)
612111(268)
612116(300)
612120(312)
612121(334)
612069(303)
612078(262)
612079(308)
612081(359)
612087(265)
612001(217)
612005(219)
612012(222)
612020(193)
612041(193)
611988(330)
612009(266)
612013(303)
612044(399)
612052(344)
612058(334)
612080(360)
612102(289)
612127(283)
S.M. Govt. Arts & Commerce College (Morning)
611585(29)
611541(29)
611544(19)
611577(27)
611581(37)
611584(39)
611548(69)
611555(74)
611563(70)
611566(78)
611571(86)
611573(70)
611583(84)
611586(93)
611587(70)
611588(74)
611542(111)
611543(122)
611547(123)
611549(145)
611551(103)
611552(123)
611556(178)
611559(140)
611564(116)
611565(139)
611567(151)
611570(139)
611576(143)
611578(113)
611545(157)
611554(233)
611557(199)
611558(193)
611560(195)
611561(199)
611568(197)
611572(148)
611574(171)
611575(242)
611579(225)
611582(223)
S.M. Govt. Arts & Commerce College (Evening)
26
612491(89)
612493(73)
612494(81)
612506(62)
612510(54)
612463(77)
612470(65)
612471(55)
612483(78)
612489(71)
612442(77)
612445(70)
612447(70)
612460(77)
612461(85)
612505(141)
612509(126)
612511(145)
612514(136)
612517(116)
612488(143)
612496(117)
612500(122)
612501(128)
612503(128)
612464(116)
612467(125)
612473(99)
612474(97)
612479(123)
612553(124)
612561(118)
612576(157)
612578(114)
612579(143)
612535(118)
612537(114)
612538(132)
612546(116)
612552(129)
612518(142)
612520(102)
612524(134)
612525(109)
612527(100)
612469(155)
612477(168)
612495(168)
612502(152)
612508(183)
612512(172)
612513(161)
612519(156)
612521(127)
612533(164)
612541(184)
612554(183)
612465(204)
612466(191)
612481(211)
612485(224)
612486(196)
612487(199)
612490(219)
612515(218)
612526(205)
612530(176)
612531(219)
Govt. Degree Boys College, KMC Store Nishter Road
612015(39)
612032(17)
612037(33)
612043(26)
612050(43)
611958(38)
611969(37)
611974(47)
611977(30)
611981(34)
612107(22)
612114(36)
612115(35)
612117(37)
612128(34)
612083(38)
612085(38)
612089(43)
612100(17)
612105(29)
612034(55)
612036(61)
612040(73)
612045(72)
612051(80)
612026(54)
612028(73)
612029(69)
612030(55)
612033(50)
611962(65)
611975(85)
612008(72)
612014(76)
612022(62)
612113(80)
612125(79)
612095(62)
612099(73)
612101(63)
612103(67)
612104(62)
612056(61)
612060(61)
612062(67)
612065(61)
612090(65)
612002(113)
612010(108)
612016(120)
612017(146)
612025(128)
611951(100)
611954(151)
611955(132)
611970(106)
611992(138)
612031(136)
612038(97)
612049(96)
612055(101)
612061(110)
612092(144)
612093(102)
612097(140)
612123(156)
612129(122)
612063(128)
612064(103)
612070(168)
612071(136)
612086(117)
612075(275)
612076(247)
612077(234)
612082(203)
612084(200)
612091(222)
612094(158)
612096(185)
612109(149)
612110(226)
612112(153)
612118(158)
612124(176)
612126(189)
27
612752(78)
639911(81)
612751(127)
612755(119)
639908(139)
612754(225)
639903(210)
612753(259)
639901(381)
639905(365)
639906(338)
639909(315)
639910(267)
St. Patrick's College (Evening)
639686(36)
612602(84)
612609(73)
612612(71)
639683(57)
612611(105)
639671(111)
612606(152)
612608(163)
612610(154)
639676(194)
639684(133)
639685(129)
612603(243)
612604(258)
612605(207)
612607(221)
639672(184)
639673(169)
639674(218)
612601(244)
639675(321)
639677(299)
639678(277)
639679(327)
639680(264)
639681(288)
639682(292)
N.J.V. Govt. Higher Secondary School (Campus), Saeed Manzil
612472(38)
612476(38)
612480(27)
612492(37)
612499(24)
612452(29)
612453(29)
612457(34)
612458(25)
612468(32)
612443(28)
612444(34)
612446(23)
612449(33)
612450(39)
612571(43)
612572(20)
612577(32)
612550(28)
612557(46)
612559(32)
612566(35)
612569(37)
612507(39)
612528(31)
612529(17)
612547(33)
612549(26)
612539(75)
612543(74)
612545(67)
612548(88)
612551(81)
612522(73)
612523(74)
612532(75)
612534(73)
612536(70)
612567(82)
612570(58)
612573(75)
612574(69)
612580(104)
612556(98)
612558(75)
612560(82)
612562(78)
612564(66)
28
612981(204)
Iqra Intermediate College for Boys & Girls, Shah Faisal Colony
612887(17)
612894(24)
612888(67)
612889(65)
612892(90)
612883(163)
612890(122)
612893(152)
612896(133)
612898(225)
612882(205)
612886(232)
612891(158)
612895(175)
612897(187)
Govt. Allama Iqbal Degree College (Evening)
612773(33)
612775(29)
612776(35)
612778(23)
612779(35)
612780(24)
612781(23)
640523(28)
640532(21)
640542(37)
612771(77)
612777(58)
612783(75)
612784(66)
640524(63)
640529(76)
640531(63)
612774(120)
612782(111)
640530(100)
640534(118)
640544(110)
640527(135)
640528(144)
640535(138)
640536(146)
640538(158)
640539(164)
612772(210)
640522(203)
640526(216)
640537(218)
640540(229)
640541(293)
C.M.S Govt. Higher Secondary (Campus School) Boys & Girls, Nishter Road
29
614020(252)
614026(304)
614034(372)
614044(228)
614051(348)
614003(268)
614006(308)
614014(397)
614016(331)
614019(336)
614055(290)
614057(404)
614060(283)
614069(312)
614070(321)
Govt. Degree Science & Arts College For Women Baldia Town
613202(153)
613201(276)
Aghosh Special Children Higher Secondary School
613143(52)
613144(39)
613147(91)
613148(73)
613141(162)
613142(156)
613146(155)
613149(136)
642863(122)
642861(219)
642862(162)
IDA RIEU Higher Secondary School for Blind & Deaf
642641(19)
613091(142)
642643(138)
642647(163)
642642(222)
642645(212)
642648(436)
Ali Higher Secondary School, Shah Faisal Colony No.3
30
614107(123)
614125(130)
614134(143)
614160(127)
614163(126)
614073(136)
614076(138)
614079(138)
614089(150)
614098(136)
614002(113)
614029(101)
614035(125)
614062(121)
614064(128)
614208(141)
614222(106)
614226(102)
614233(95)
614274(120)
614164(145)
614174(116)
614180(116)
614197(122)
614198(102)
614115(163)
614120(201)
614129(189)
614132(148)
614136(168)
614140(176)
614141(202)
614148(236)
614154(197)
614166(164)
614001(164)
614022(184)
614065(172)
614066(203)
614075(204)
614090(173)
614093(169)
614100(163)
614110(178)
614114(162)
614260(167)
614267(188)
614279(131)
614286(211)
614297(209)
614303(156)
614309(165)
614169(174)
614170(168)
614190(179)
614192(194)
614201(181)
614216(195)
614220(157)
614224(145)
614230(162)
614254(159)
614273(338)
614276(220)
614277(261)
614283(241)
614284(236)
614250(254)
614256(317)
614258(281)
614259(292)
614272(220)
614285(304)
614287(292)
614288(271)
614290(301)
614291(354)
614312(260)
614314(195)
614293(316)
614294(331)
614295(241)
614302(215)
614311(286)
614236(251)
614237(220)
614238(233)
614246(303)
614247(237)
614046(295)
614048(260)
614053(221)
614058(250)
614059(255)
614061(292)
614068(252)
614080(217)
614082(278)
614083(270)
614088(202)
614094(268)
614105(222)
614108(252)
614126(203)
614009(287)
614011(253)
614012(324)
614013(315)
614015(221)
614017(204)
614018(202)
614027(258)
614028(296)
614031(215)
614032(158)
614033(211)
614042(191)
614043(257)
614045(176)
614128(195)
614131(258)
614137(289)
614138(210)
614142(284)
614185(281)
614191(215)
614193(295)
614194(188)
614195(187)
614200(249)
614210(239)
614212(212)
614213(246)
614214(224)
614215(214)
614221(208)
614225(249)
614229(216)
614232(190)
614143(295)
614144(300)
614145(226)
614146(260)
614149(276)
614150(230)
614151(240)
614152(253)
614153(227)
614167(241)
614175(249)
614178(243)
614181(278)
614183(191)
614184(294)
614157(351)
614171(345)
614173(367)
614179(307)
614186(316)
614202(349)
614203(321)
614205(416)
614211(335)
614217(268)
614084(376)
614095(338)
614096(345)
614104(320)
614112(289)
614113(321)
614119(395)
614130(331)
614139(339)
614155(327)
614248(402)
614252(382)
614253(355)
614255(225)
614257(378)
614275(380)
614278(325)
614320(274)
614218(387)
614219(340)
614223(281)
614227(254)
614228(367)
614235(371)
614239(364)
614242(447)
614243(401)
614244(431)
31
614511(67)
614513(95)
614522(82)
614564(71)
614576(79)
614583(55)
614589(79)
614590(93)
614536(114)
614538(151)
614565(115)
614566(141)
614567(109)
614529(129)
614531(133)
614533(94)
614534(118)
614535(112)
614584(97)
614588(149)
614577(145)
614578(131)
614579(124)
614580(133)
614581(116)
614526(147)
614527(165)
614528(197)
614530(171)
614532(167)
614515(140)
614517(206)
614523(164)
614524(185)
614525(156)
614537(187)
614539(169)
614543(189)
614552(194)
614553(199)
614585(219)
614568(159)
614569(151)
614570(157)
614574(166)
614575(173)
614547(252)
614548(302)
614549(287)
614550(279)
614551(247)
614541(276)
614542(285)
614544(285)
614545(263)
614546(286)
614555(252)
614556(261)
614557(305)
614559(303)
614560(290)
614582(253)
614562(235)
614563(208)
614571(208)
614572(289)
614573(269)
614518(334)
614519(257)
614520(246)
614521(188)
614540(250)
614554(404)
614558(340)
614561(396)
614587(271)
Govt. Degree Girls College, Metrovill, S.I.T.E.
614118(37)
614123(37)
614135(19)
614156(58)
614172(61)
614021(36)
614037(20)
614049(17)
614078(43)
614111(18)
614299(22)
614305(41)
614187(42)
614189(33)
614199(21)
614240(35)
614241(29)
614074(89)
614077(86)
614085(87)
614086(79)
614087(77)
614091(66)
614092(65)
614097(89)
614109(82)
614116(63)
614054(96)
614056(83)
614063(93)
614067(82)
614072(97)
614004(73)
614005(59)
614023(63)
614024(73)
614025(74)
614030(55)
614036(65)
614038(61)
614050(63)
614052(57)
614122(60)
614133(84)
614158(82)
614159(65)
614161(80)
614280(62)
614296(93)
614298(65)
614300(70)
614301(77)
614306(79)
614315(73)
614318(59)
614319(77)
614321(63)
614265(76)
614266(72)
614268(90)
614269(56)
614270(86)
614162(64)
614176(78)
614182(59)
614196(70)
614207(87)
614209(97)
614231(79)
614251(62)
614262(67)
614263(81)
614281(104)
614292(111)
614308(141)
614313(124)
32
614951(176)
614952(252)
614953(318)
Pakistan Steel Madar-e-Millat Girls Degree College, Steel Town
614755(74)
614751(202)
614752(293)
614753(214)
614754(306)
The Graceful Higher Secondary School
614680(99)
614671(249)
614673(209)
614674(288)
614675(294)
614677(249)
614678(272)
614679(266)
Al-Baldia Memon Higher Secondary School
614514(17)
614516(30)
33
615356(199)
615330(222)
615332(269)
615333(260)
615337(263)
615338(304)
615340(238)
615342(218)
615353(242)
615354(264)
615357(226)
615327(401)
615328(302)
615329(409)
615331(294)
615334(342)
615321(397)
615322(352)
615324(327)
615325(327)
615326(337)
615335(398)
615336(351)
615339(354)
615341(311)
615344(316)
615352(331)
615355(346)
615358(290)
615359(345)
615345(358)
615348(311)
615349(344)
615350(326)
615351(358)
SMB Girls Higher Secondary School No.5, LERP, Taiser Town
615008(32)
615019(22)
615045(17)
615063(17)
615071(27)
615086(23)
615090(18)
615021(64)
615029(53)
615038(63)
615043(68)
615044(91)
615047(87)
615051(76)
615058(59)
615062(86)
615073(64)
615079(76)
615080(92)
615081(86)
615028(124)
615031(164)
615034(142)
615039(131)
615052(122)
615009(138)
615012(113)
615013(129)
615017(116)
615023(106)
615091(129)
615055(131)
615056(104)
615060(105)
615067(109)
615082(143)
615002(158)
615006(222)
615007(168)
615022(173)
615024(181)
615026(175)
615027(179)
615036(196)
615048(167)
615049(163)
615072(170)
615076(178)
615025(298)
615030(242)
615032(264)
615033(273)
615035(216)
615001(247)
615010(306)
615011(237)
615015(207)
615018(199)
615040(260)
615042(329)
615046(257)
615050(226)
615053(283)
615074(276)
615075(321)
615077(201)
615085(294)
615087(283)
615054(304)
615057(354)
615065(226)
615066(255)
615069(246)
615004(349)
615005(345)
615014(345)
615084(355)
615089(337)
Govt. Girls Degree College, Gulshan-e-Hadeed, Bin Qasim
34
616121(212)
Mehran Degree College
615482(37)
615489(32)
615498(26)
615530(27)
615481(71)
615483(93)
615484(71)
615488(61)
615490(76)
615434(75)
615439(67)
615446(63)
615467(61)
615479(89)
615533(87)
615495(71)
615496(68)
615497(89)
615529(65)
615531(53)
615500(119)
615504(136)
615508(120)
615510(135)
615511(160)
615436(134)
615445(131)
615453(118)
615475(118)
615487(125)
615538(121)
615539(136)
615540(115)
615512(108)
615516(129)
615517(121)
615532(110)
615534(121)
615447(172)
615460(188)
615461(162)
615465(197)
615492(175)
615411(156)
615414(152)
615416(176)
615430(179)
615432(148)
615535(172)
615536(192)
615493(161)
615501(150)
615502(162)
615514(154)
615527(182)
615425(232)
615431(253)
615435(261)
615440(300)
615441(318)
615443(294)
615444(228)
615448(296)
615449(234)
615450(232)
615401(225)
615402(212)
615404(212)
615412(231)
615415(278)
615418(325)
615420(239)
615421(279)
615423(237)
615424(195)
615451(205)
615452(235)
615454(249)
615456(276)
615459(252)
615499(220)
615505(285)
615507(196)
615509(215)
615513(233)
615515(221)
615518(226)
615521(202)
615528(250)
615462(227)
615466(243)
615470(249)
615471(295)
615472(190)
615476(273)
615478(217)
615480(247)
615491(265)
615494(258)
615428(303)
615429(317)
615433(285)
615437(263)
615442(331)
615409(279)
615413(334)
615417(296)
615419(364)
615426(322)
615403(308)
615405(338)
615406(256)
615407(364)
615408(318)
615522(290)
615523(285)
615524(427)
615525(303)
615526(325)
615474(279)
615503(386)
615506(329)
615519(294)
615520(288)
615455(293)
615463(380)
615464(354)
615469(274)
615473(309)
APWA Govt. College for Women Karimabad
35
616253(162)
616261(208)
616268(171)
616269(167)
616272(156)
616187(177)
616189(141)
616192(173)
616204(152)
616251(135)
616211(186)
616212(201)
616215(244)
616227(190)
616248(209)
616249(281)
616263(291)
616264(190)
616267(189)
616276(246)
616161(223)
616162(259)
616165(230)
616166(250)
616168(253)
616176(262)
616184(204)
616200(210)
616205(275)
616210(221)
616283(265)
616287(239)
616295(253)
616296(205)
616300(305)
616348(180)
616350(245)
616365(214)
616367(250)
616370(234)
616374(242)
616305(224)
616308(232)
616313(249)
616315(248)
616318(225)
616325(271)
616328(255)
616332(289)
616345(235)
616347(188)
616333(348)
616334(329)
616335(354)
616336(283)
616337(298)
616323(265)
616324(326)
616326(318)
616329(372)
616330(365)
616309(447)
616312(284)
616314(292)
616316(335)
616317(311)
616338(317)
616341(268)
616343(327)
616344(371)
616349(300)
616378(321)
616361(242)
616363(326)
616364(335)
616368(284)
616375(264)
616352(299)
616353(294)
616354(280)
616355(313)
616359(268)
616206(300)
616207(348)
616208(309)
616213(237)
616214(296)
616194(318)
616195(310)
616196(400)
616197(324)
616201(387)
616225(304)
616226(296)
616229(364)
616230(306)
616231(387)
616216(261)
616217(390)
616219(278)
616220(316)
616224(244)
616172(299)
616173(315)
616174(281)
616175(283)
616177(340)
616164(420)
616167(304)
616169(293)
616170(361)
616171(396)
616185(311)
616186(359)
616188(278)
616190(298)
616191(231)
616178(263)
616179(277)
616180(353)
616182(289)
616183(316)
616232(326)
616233(324)
616235(359)
616236(338)
616237(401)
616284(333)
616285(384)
616286(283)
616288(327)
616289(332)
616278(241)
616279(319)
616280(320)
616281(347)
616282(327)
616301(260)
616302(261)
616303(336)
616304(329)
616307(270)
616293(332)
616294(383)
616297(312)
616298(322)
616299(338)
616244(339)
616246(253)
616247(304)
616250(352)
616255(350)
616238(353)
616239(349)
616240(340)
616242(356)
616243(373)
616270(380)
616271(421)
616273(419)
616274(424)
616275(336)
616256(335)
616257(293)
616259(319)
616260(347)
616265(305)
Shaheed-e-Millat Govt. Degree College for Women Azizabad
36
616703(367)
616706(278)
616707(357)
616708(306)
616710(342)
616712(282)
616713(368)
616714(336)
616722(296)
616723(375)
Govt. Girls College P.I.B. Colony
616654(20)
616663(41)
616651(60)
616658(72)
616653(111)
616659(118)
616661(117)
616656(179)
616657(185)
616655(198)
616660(234)
616665(261)
616652(245)
616664(269)
Pak Land Govt. Girls Higher Secondary School, Azizabad
616532(190)
616531(347)
616533(283)
616534(461)
616535(299)
616536(308)
Memon Girls College, Block-3, F.B. Area
616181(40)
616221(40)
616319(26)
616369(25)
616376(39)
616198(62)
616228(71)
616245(80)
616252(65)
616266(118)
616292(74)
616321(113)
616322(59)
616356(73)
616371(62)
616373(66)
616223(119)
616234(93)
616254(118)
616258(123)
616262(106)
616163(102)
616193(107)
616199(116)
616202(122)
616218(153)
616331(116)
616339(127)
616377(113)
616290(124)
616291(107)
616306(140)
616311(106)
616320(114)
616310(148)
616327(184)
616340(141)
616342(152)
616351(172)
616357(153)
616360(162)
616362(156)
616366(148)
616372(180)
37
616820(129)
616827(135)
616831(127)
616838(134)
616856(133)
616803(97)
616804(91)
616805(150)
616817(128)
616819(110)
616873(153)
616883(147)
616885(216)
616886(154)
616887(181)
616818(180)
616822(177)
616823(152)
616853(160)
616860(168)
616926(183)
616927(170)
616939(145)
616959(145)
616966(152)
616893(165)
616904(179)
616907(179)
616924(156)
616925(162)
616857(223)
616858(207)
616864(251)
616867(219)
616868(209)
616869(212)
616877(245)
616884(256)
616890(210)
616891(297)
616806(293)
616813(248)
616814(194)
616834(216)
616835(240)
616841(246)
616846(209)
616847(275)
616852(255)
616854(244)
616933(254)
616934(260)
616936(281)
616947(268)
616953(229)
616957(295)
616965(260)
616894(246)
616895(204)
616897(233)
616899(246)
616909(276)
616914(180)
616917(203)
616920(205)
616922(233)
616932(251)
616921(262)
616923(343)
616928(241)
616930(273)
616935(311)
616941(380)
616948(330)
616949(401)
616954(378)
616960(312)
616962(334)
616964(317)
616906(359)
616915(357)
616916(286)
616918(269)
616919(272)
616826(300)
616830(283)
616832(331)
616833(326)
616837(248)
616840(373)
616842(338)
616843(288)
616844(318)
616845(397)
616801(258)
616808(375)
616809(356)
616810(221)
616812(315)
616815(328)
616816(268)
616821(354)
616824(354)
616825(438)
616875(354)
616876(289)
616878(411)
616879(303)
616880(353)
616882(372)
616896(360)
616900(292)
616903(291)
616905(359)
616850(304)
616851(300)
616855(285)
616861(317)
616862(339)
616863(270)
616866(292)
616871(272)
616872(300)
616874(266)
Govt. Deg. Girls College Shaikh Zaid Centre Gulshan-e-Iqbal
616719(47)
616715(67)
616720(66)
616730(81)
616718(99)
616702(172)
616704(152)
616732(157)
616701(236)
616705(226)
616709(211)
616711(199)
616717(257)
616721(200)
616726(245)
616731(247)
616724(267)
616725(307)
616727(315)
616728(349)
616729(358)
38
617219(31)
617241(45)
617251(33)
617218(78)
617229(77)
617248(89)
617250(83)
617252(72)
617222(100)
617231(148)
617235(109)
617243(126)
617256(101)
617201(160)
617203(148)
617205(183)
617224(140)
617228(174)
617242(208)
617254(151)
617262(175)
617265(176)
617204(194)
617223(236)
617226(250)
617232(273)
617234(260)
617237(224)
617247(260)
617249(254)
617255(276)
617257(270)
617259(227)
617260(299)
617261(187)
617264(197)
617210(296)
617211(321)
617212(323)
617213(370)
617214(293)
617202(313)
617206(366)
617207(334)
617208(310)
617209(385)
617215(328)
617216(368)
617217(391)
617220(356)
617225(332)
617239(365)
617240(303)
617253(360)
617258(263)
617266(374)
617227(308)
617230(321)
617233(307)
617236(307)
617238(279)
Govt. Degree Girls College Block 13, Gulistan-e-Jauhar
617101(19)
617103(194)
617102(199)
Ghazi Foundation College, Gulshan-e-Iqbal
616839(36)
616848(39)
616892(62)
616908(38)
616950(67)
616963(34)
616828(93)
616829(92)
616836(102)
616870(77)
616881(70)
616888(64)
616889(77)
616898(99)
616910(76)
616911(63)
616913(65)
616952(89)
616956(80)
616865(131)
616901(108)
616912(107)
616931(135)
616937(166)
616938(172)
616940(124)
616942(125)
616944(129)
616945(111)
616951(127)
616955(147)
616961(100)
39
617790(306)
617791(220)
617792(259)
617796(374)
617798(316)
617782(303)
617783(338)
617784(348)
617785(313)
617786(380)
617800(405)
617801(332)
617803(373)
617804(393)
617806(271)
617817(419)
617819(318)
617820(418)
617821(329)
617822(323)
617807(310)
617810(366)
617813(401)
617814(392)
617816(325)
617775(266)
617776(355)
617779(323)
617780(361)
617781(290)
617727(259)
617730(344)
617731(319)
617732(303)
617737(249)
617701(258)
617713(385)
617714(391)
617715(305)
617717(326)
617744(325)
617745(319)
617746(353)
617747(304)
617748(343)
617765(243)
617769(256)
617771(328)
617772(333)
617773(306)
617749(381)
617750(319)
617751(396)
617752(419)
617754(280)
617875(233)
617876(334)
617877(298)
617878(358)
617879(264)
617870(241)
617871(278)
617872(272)
617873(261)
617874(353)
617882(329)
617883(354)
617884(279)
617885(314)
617887(317)
617859(364)
617860(348)
617861(235)
617865(345)
617866(278)
617832(327)
617834(338)
617835(325)
617836(322)
617837(299)
617823(297)
617824(347)
617825(307)
617827(274)
617830(304)
617839(292)
617840(318)
617841(317)
617842(337)
617843(379)
617852(290)
617854(322)
617855(296)
617856(342)
617858(382)
617844(366)
617845(349)
617847(301)
617848(421)
617850(319)
Khatoon-e-Pakistan Govt.Deg. College For Women Stadium Road
617548(26)
617549(19)
617536(70)
617537(80)
617545(70)
617546(72)
617550(82)
617511(94)
617520(85)
617521(92)
617527(82)
617531(89)
617558(81)
617552(55)
617553(56)
617554(66)
617555(58)
617556(76)
617506(134)
617516(136)
617523(119)
617528(128)
617529(134)
617530(141)
617533(119)
617535(137)
617542(125)
617544(106)
617559(109)
617501(183)
617505(162)
617508(206)
617510(170)
617514(184)
617517(178)
617519(186)
617524(147)
617532(174)
617534(188)
617541(153)
617543(171)
617561(157)
617563(173)
617502(287)
617503(280)
617507(246)
617509(308)
617512(248)
617515(268)
617518(238)
617522(276)
617525(254)
617540(346)
617551(273)
617557(201)
617562(217)
617564(323)
617565(337)
617513(331)
617526(327)
617560(276)
H.R.H. Agha Khan Govt. Girls Inter College
40
618155(151)
618164(169)
618168(176)
618145(279)
618147(235)
618152(225)
618158(241)
618162(220)
618144(307)
618146(295)
618148(235)
618149(257)
618150(274)
618151(328)
618159(331)
618160(321)
618163(365)
Govt. Girls Higher Secondary School Block-6, Gulshan-e-Iqbal
617759(51)
617818(50)
617741(93)
617758(71)
617760(62)
617762(66)
617768(68)
617778(76)
617880(67)
617942(88)
617725(111)
617733(114)
617735(118)
617739(94)
617753(98)
617706(116)
617712(139)
617716(152)
617719(128)
617723(106)
617812(117)
617881(89)
617890(113)
617946(109)
617761(93)
617763(115)
617793(138)
617808(132)
617811(119)
617805(153)
617826(171)
617857(165)
617864(153)
617869(164)
617909(145)
617939(157)
617707(210)
617711(167)
617718(171)
617726(161)
617734(169)
617736(143)
617738(135)
617764(161)
617770(163)
617794(174)
617756(211)
617757(210)
617767(228)
617774(212)
617777(313)
617787(191)
617795(270)
617797(206)
617799(227)
617802(212)
617728(218)
617729(321)
617742(257)
617743(282)
617755(246)
617702(226)
617703(234)
617704(303)
617705(295)
617708(213)
617709(376)
617720(259)
617721(267)
617722(288)
617724(246)
617891(229)
617892(192)
617893(235)
617897(201)
617898(189)
617899(246)
617908(201)
617911(272)
617932(272)
617933(280)
617867(254)
617868(187)
617886(286)
617888(237)
617889(234)
617809(319)
617815(251)
617829(237)
617831(282)
617833(214)
617838(266)
617851(239)
617853(244)
617862(233)
617863(234)
617907(327)
617910(381)
617912(434)
617913(267)
617914(246)
617915(354)
617916(373)
617917(280)
617918(366)
617919(241)
617894(295)
617895(273)
617896(372)
617900(303)
617901(369)
617902(286)
617903(350)
617904(304)
617905(302)
617906(275)
617920(341)
617921(419)
617922(273)
617923(323)
617924(306)
617937(265)
617938(256)
617940(297)
617941(295)
617943(378)
617944(316)
617947(281)
617925(317)
617926(362)
617927(358)
617928(331)
617929(381)
617930(325)
617931(249)
617934(324)
617935(435)
617936(400)
41
618503(335)
618505(310)
618510(265)
618501(341)
618502(371)
618504(403)
618506(379)
618507(366)
618508(380)
618509(377)
618511(363)
618512(318)
618513(378)
618514(375)
Zubair Public Higher Secondary School
618264(23)
618278(46)
618263(104)
618290(151)
618309(112)
618276(164)
618280(197)
618294(199)
618302(166)
618303(151)
618310(164)
618314(165)
618316(141)
618277(255)
618282(242)
618284(208)
618288(242)
618289(222)
618262(251)
618269(301)
618271(258)
618273(245)
618275(220)
618313(203)
618318(248)
618319(214)
618320(187)
618291(227)
618297(239)
618304(212)
618305(230)
618311(217)
618283(346)
618285(333)
618287(271)
618292(357)
618293(325)
618270(372)
618272(395)
618274(304)
618279(321)
618281(296)
618261(383)
618265(397)
618266(358)
618267(351)
618268(372)
618315(268)
618317(381)
618301(331)
618306(367)
618307(294)
618308(364)
618312(330)
618295(296)
618296(413)
618298(338)
618299(301)
618300(340)
Govt. Degree Boys & Girls College SRE-III, Majeed, Stadium Road
618142(37)
618141(77)
618154(110)
618156(120)
618161(127)
42
618591(20)
618593(37)
618598(35)
618616(21)
618623(24)
618624(30)
618641(26)
618651(44)
618652(50)
618669(40)
618604(63)
618609(70)
618656(83)
618663(65)
618665(63)
618675(70)
618678(64)
618680(81)
618682(74)
618587(111)
618614(131)
618625(105)
618639(130)
618655(91)
618673(118)
618608(143)
618610(144)
618612(140)
618615(154)
618618(158)
618585(194)
618590(184)
618595(219)
618605(159)
618607(160)
618630(188)
618634(164)
618637(178)
618640(154)
618649(160)
618670(181)
618674(197)
618677(176)
618657(185)
618661(157)
618662(162)
618667(178)
618668(191)
618631(265)
618632(214)
618635(218)
618636(226)
618642(238)
618620(205)
618622(221)
618627(223)
618628(278)
618629(234)
618672(283)
618676(228)
618679(266)
618644(206)
618647(235)
618650(225)
618654(252)
618664(191)
618581(245)
618584(307)
618586(214)
618589(219)
618596(228)
618597(294)
618599(259)
618602(222)
618606(244)
618619(240)
618617(379)
618633(260)
618638(377)
618643(325)
618645(300)
618582(320)
618583(453)
618592(326)
618603(436)
618611(359)
618660(263)
618666(321)
618671(315)
618681(448)
618646(298)
618648(360)
618653(339)
618658(320)
618659(295)
Govt. Degree Girls College Block 12, Safoora Goath
618549(210)
618542(376)
618543(334)
618544(339)
618545(317)
618546(371)
618547(329)
618548(289)
618551(417)
618553(416)
Hayat Ul Islam Girls College
43
618935(210)
618936(157)
618937(154)
618943(191)
618945(150)
618954(136)
618959(156)
618961(158)
618962(179)
618938(233)
618944(272)
618946(273)
618947(207)
618940(281)
618950(378)
618953(400)
Govt. Degree Girls College Gulzar-e-Hijri
618845(36)
618848(36)
618869(24)
618872(38)
618881(46)
618841(92)
618852(78)
618863(63)
618864(53)
618875(95)
618843(139)
618844(113)
618851(110)
618853(128)
618865(136)
618866(142)
618871(90)
618846(160)
618850(230)
618859(159)
618860(170)
618877(187)
618878(174)
618879(188)
618842(210)
618847(244)
618849(254)
618854(223)
618856(306)
618880(236)
618857(325)
618858(281)
618861(272)
618862(308)
618867(329)
618868(328)
618870(232)
618873(394)
618876(313)
Govt. Degree Girls College, Shahnawaz Shar Goath
618785(45)
618806(58)
618765(61)
618770(83)
618773(71)
618788(87)
618792(61)
618805(80)
618761(99)
618772(120)
618791(135)
618800(114)
618762(171)
618763(167)
618767(202)
618775(173)
618779(162)
618780(143)
618787(214)
618777(248)
618781(289)
618782(220)
618789(259)
618790(193)
618766(246)
618768(268)
618769(229)
618774(183)
618776(271)
618802(240)
618803(233)
618811(190)
618814(254)
618815(243)
618795(256)
618796(265)
618797(280)
618799(229)
618801(226)
618771(316)
618784(340)
618808(337)
618809(337)
618810(273)
618812(268)
618813(299)
Govt. Girls Higher Secondary School University Road
44
619202(278)
619203(270)
619206(288)
619208(347)
619211(399)
619181(363)
619191(403)
619196(426)
619200(342)
619201(324)
619212(282)
619214(425)
619219(362)
619220(373)
619225(300)
619238(342)
619240(364)
619241(444)
619242(372)
619247(295)
619231(390)
619234(342)
619235(305)
619236(353)
619237(346)
619168(431)
619172(422)
619173(381)
619174(296)
619180(290)
619115(394)
619116(310)
619117(383)
619119(273)
619122(278)
619106(280)
619107(266)
619108(296)
619111(387)
619114(280)
619129(376)
619132(394)
619133(415)
619138(395)
619139(337)
619156(354)
619158(290)
619160(306)
619163(372)
619167(287)
619145(398)
619147(416)
619150(242)
619153(313)
619154(311)
619307(406)
619308(363)
619309(399)
619311(240)
619316(389)
619301(336)
619302(399)
619303(301)
619305(392)
619306(390)
619295(368)
619296(289)
619297(439)
619298(333)
619299(295)
619256(289)
619258(279)
619261(338)
619263(280)
619266(301)
619251(388)
619252(389)
619253(400)
619254(292)
619255(366)
619268(380)
619269(345)
619272(355)
619273(334)
619274(254)
619288(268)
619289(278)
619290(324)
619292(377)
619294(337)
619277(339)
619282(269)
619283(315)
619285(385)
619287(313)
BAMM P.E.C.H.S. Govt. College For Women
619041(360)
619042(412)
619043(417)
619044(428)
619045(349)
619046(332)
Commecs College
618957(34)
618965(36)
618932(58)
618933(65)
618934(77)
618939(53)
618955(60)
618960(68)
618963(83)
618942(95)
618949(106)
618952(114)
618956(127)
618958(85)
618964(108)
45
619192(162)
619204(151)
619209(155)
619221(207)
619223(163)
619155(158)
619157(170)
619165(173)
619166(126)
619178(152)
619110(139)
619130(148)
619134(175)
619135(197)
619143(163)
619215(270)
619216(265)
619217(311)
619226(283)
619227(287)
619198(201)
619199(215)
619205(187)
619207(181)
619213(234)
619259(261)
619264(288)
619267(218)
619271(208)
619280(232)
619228(261)
619230(255)
619243(276)
619244(295)
619245(257)
619164(225)
619169(257)
619175(206)
619177(314)
619179(188)
619142(279)
619146(275)
619159(204)
619161(217)
619162(198)
619190(238)
619193(226)
619194(225)
619195(242)
619197(295)
619182(246)
619184(237)
619186(239)
619187(276)
619189(298)
619420(232)
619422(257)
619424(266)
619426(270)
619437(241)
619394(203)
619395(248)
619402(240)
619414(286)
619415(210)
619461(268)
619469(210)
619446(269)
619447(245)
619450(233)
619451(204)
619460(242)
619326(195)
619341(240)
619342(205)
619348(278)
619349(271)
619300(245)
619310(202)
619312(213)
619313(302)
619320(220)
619367(322)
619368(216)
619370(210)
619373(248)
619386(218)
619350(213)
619353(288)
619360(267)
619365(244)
619366(254)
619128(302)
619131(252)
619136(233)
619137(187)
619140(262)
619101(207)
619102(250)
619103(236)
619104(283)
619105(279)
619109(200)
619112(213)
619113(267)
619120(228)
619121(312)
619123(256)
619124(234)
619125(261)
619126(279)
619127(317)
619383(305)
619388(279)
619389(251)
619391(332)
619392(260)
619377(287)
619378(393)
619379(307)
619380(329)
619382(372)
619400(439)
619401(365)
619403(346)
619404(351)
619405(253)
619393(287)
619396(349)
619397(393)
619398(364)
619399(374)
619371(237)
619372(427)
619374(345)
619375(327)
619376(343)
619328(376)
619329(298)
619330(377)
619332(336)
619333(338)
619319(285)
619322(295)
619324(316)
619325(321)
619327(369)
619346(254)
619351(427)
619361(366)
619364(376)
619369(345)
619334(354)
619338(350)
619340(293)
619343(254)
619344(340)
619459(391)
619462(322)
619463(294)
619464(295)
619465(335)
619452(426)
619453(343)
619456(337)
619457(347)
619458(308)
619480(399)
619481(367)
619482(346)
619467(299)
619468(386)
619471(353)
619477(404)
619479(282)
619442(379)
619443(392)
619445(354)
619448(432)
619449(329)
619411(239)
619412(342)
619413(368)
619417(286)
619425(396)
619406(262)
619407(322)
619408(321)
619409(391)
619410(343)
619432(324)
619435(364)
619436(376)
619438(436)
619441(328)
619427(315)
619428(362)
619429(362)
619430(297)
619431(292)
46
619745(53)
619747(80)
619749(94)
619751(63)
619774(74)
619792(67)
619794(59)
619810(102)
619820(60)
619823(76)
619777(111)
619779(106)
619784(128)
619789(104)
619790(117)
619741(110)
619743(106)
619753(116)
619754(132)
619757(114)
619795(96)
619797(148)
619799(136)
619808(108)
619813(107)
619847(131)
619851(122)
619814(122)
619821(98)
619822(100)
619826(125)
619842(117)
619771(176)
619772(155)
619773(182)
619786(151)
619787(185)
619756(165)
619759(169)
619762(165)
619768(167)
619770(159)
619788(229)
619791(178)
619793(165)
619798(191)
619802(150)
619827(160)
619833(162)
619843(223)
619804(190)
619805(240)
619809(195)
619819(205)
619824(165)
619761(249)
619764(214)
619765(214)
619766(214)
619769(222)
619742(213)
619750(195)
619755(202)
619758(185)
619760(257)
619775(207)
619776(226)
619781(202)
619783(240)
619785(265)
619816(246)
619825(243)
619838(270)
619850(268)
619800(286)
619801(242)
619807(282)
619811(302)
619815(257)
619748(313)
619778(351)
619780(305)
619782(341)
619796(357)
619803(330)
619817(321)
619818(317)
619834(329)
Govt. Girls Degree College, Mehmoodabad Block 6, P.E.C.H.S.
619284(18)
619416(33)
619118(67)
619222(64)
619224(59)
619265(77)
619335(57)
619381(87)
619387(67)
619418(60)
619473(71)
619210(90)
619232(103)
619239(139)
619250(116)
619257(98)
619144(110)
619149(102)
619152(127)
619185(104)
619188(117)
619291(100)
619317(93)
619331(104)
619336(154)
619339(187)
619419(122)
619440(98)
619472(121)
619474(116)
619486(130)
619345(121)
619355(125)
619357(110)
619384(124)
619385(108)
619293(223)
619304(177)
619314(147)
619315(175)
619321(241)
619262(185)
619270(137)
619275(141)
619276(150)
619278(168)
619229(219)
619233(195)
619246(201)
619249(215)
619260(156)
619337(160)
619352(196)
619354(190)
619356(177)
619358(185)
619478(174)
619485(168)
619444(197)
619455(192)
619466(195)
619470(187)
619475(139)
619362(152)
619363(205)
619390(175)
619433(167)
619434(187)
47
620003(218)
620007(221)
620017(230)
620027(222)
620050(192)
620053(277)
620056(241)
620057(248)
620059(208)
620067(251)
619975(266)
619976(260)
619980(300)
619982(246)
619983(208)
619984(227)
619987(261)
619996(212)
620001(224)
620002(223)
620073(257)
620078(262)
620086(266)
620088(223)
620090(255)
620095(280)
620096(226)
620100(224)
620103(255)
620104(308)
620107(251)
620111(323)
620113(286)
620116(368)
620125(399)
620071(269)
620081(296)
620091(298)
620097(367)
620102(288)
619986(398)
619990(314)
620004(261)
620030(315)
620051(274)
620194(263)
620196(334)
620200(358)
620216(268)
620163(333)
620164(264)
620165(243)
620187(261)
620189(259)
620130(349)
620132(279)
620134(263)
620136(232)
620150(289)
Govt. Islamia College For Women
619835(41)
621102(49)
621103(55)
621110(41)
621117(39)
621132(17)
621152(41)
621066(84)
621067(56)
621074(68)
621076(82)
621109(97)
621111(97)
621112(64)
621124(79)
621130(73)
621153(53)
621081(120)
621083(93)
621090(112)
621091(168)
621099(119)
621061(109)
621062(111)
621071(112)
621073(115)
621077(105)
621136(141)
621139(133)
621101(108)
621104(114)
621120(128)
621131(107)
621133(96)
621088(174)
621094(132)
621096(147)
621097(144)
621098(172)
621063(152)
621079(179)
621082(188)
621084(165)
621087(154)
621106(162)
621107(162)
621108(150)
621118(178)
621121(197)
621141(150)
621142(230)
621143(139)
621148(197)
621123(156)
621127(188)
621128(170)
621135(185)
621138(190)
621089(238)
621092(234)
621095(290)
621105(331)
621113(215)
621069(219)
621070(230)
621072(208)
621085(276)
621086(277)
621126(249)
621144(203)
621145(246)
621146(347)
621151(269)
621114(247)
621115(259)
621119(243)
621122(237)
621125(267)
621064(304)
621116(314)
Govt. Girls H.Sec.School Green Belt Mehmoodabad
619752(34)
619829(41)
619837(39)
619830(98)
619832(80)
619841(80)
619845(80)
48
620462(305)
620465(370)
620466(363)
620467(397)
620468(387)
St. Lawrance's Govt. Girls Degree College
620084(20)
620085(39)
620092(21)
620127(27)
620133(19)
620000(20)
620011(20)
620012(22)
620036(26)
620037(36)
620214(26)
620220(33)
620225(21)
620140(22)
620152(35)
620161(27)
620177(23)
620178(26)
620010(71)
620013(71)
620044(71)
620048(82)
620049(59)
619989(52)
619995(64)
619997(69)
619998(62)
620008(64)
620062(83)
620064(61)
620072(84)
620083(86)
620089(84)
620219(60)
620221(56)
620230(76)
620232(100)
620109(56)
620168(96)
620180(71)
620183(68)
620215(63)
620070(114)
620128(105)
620138(126)
620141(130)
620144(120)
620054(121)
620061(149)
620065(126)
620066(120)
620069(118)
620035(104)
620045(104)
620046(131)
620047(140)
620052(115)
620211(146)
620212(89)
620218(133)
620226(134)
620192(140)
620203(126)
620205(122)
620206(122)
620209(116)
620147(123)
620162(97)
620171(111)
620182(99)
620191(126)
620022(104)
620023(118)
620026(129)
620029(147)
620031(113)
619971(137)
619972(92)
619974(110)
619985(205)
619988(157)
620006(116)
620009(124)
620014(131)
620016(93)
620020(108)
620055(168)
620058(239)
620060(158)
620063(155)
620068(160)
620075(200)
620076(155)
620077(167)
620082(160)
620087(160)
620025(178)
620028(164)
620032(151)
620039(148)
620043(185)
619973(176)
619978(166)
619979(213)
619981(160)
619991(171)
619993(141)
620005(186)
620015(147)
620018(154)
620024(139)
620093(186)
620094(166)
620098(152)
620099(157)
620105(220)
620188(176)
620190(145)
620202(185)
620207(211)
620210(160)
620213(247)
620222(155)
620231(229)
620166(190)
620169(176)
620172(173)
620176(187)
620179(220)
620114(172)
620118(201)
620129(179)
620135(166)
620139(156)
620143(152)
620145(185)
620146(158)
620148(163)
620160(135)
620137(194)
620142(221)
620151(223)
620153(237)
620154(295)
620121(293)
620123(314)
620124(264)
620126(239)
620131(197)
620106(243)
620112(237)
620117(270)
620119(258)
620120(289)
620155(238)
620156(254)
620158(237)
620174(221)
620175(217)
620224(226)
620227(223)
620228(226)
620229(203)
620199(273)
620201(263)
620204(208)
620208(203)
620223(223)
620186(283)
620193(228)
620195(228)
620197(240)
620198(227)
49
620703(193)
620715(152)
620719(161)
620721(142)
620730(190)
620732(206)
620739(191)
620741(167)
620742(194)
620745(168)
620747(153)
620753(203)
620755(192)
620706(279)
620709(236)
620712(203)
620723(223)
620725(275)
620738(293)
620740(223)
620754(251)
620708(414)
620710(274)
620711(277)
620713(346)
Dukhtar-e-Mashriq Govt. Degree Girls College
620464(32)
620526(93)
620461(143)
620488(127)
620504(126)
620519(134)
620561(142)
620564(179)
620565(134)
620578(142)
620580(121)
620589(103)
620591(99)
620527(198)
620528(203)
620532(163)
620539(175)
620540(184)
620543(206)
620584(183)
620493(205)
620500(180)
620503(179)
620511(148)
620522(180)
620508(226)
620512(214)
620515(297)
620516(332)
620518(292)
620491(223)
620496(250)
620499(317)
620502(208)
620507(213)
620463(288)
620469(278)
620472(293)
620482(261)
620486(223)
620520(239)
620521(337)
620524(282)
620525(337)
620529(204)
620576(278)
620585(248)
620586(234)
620588(293)
620590(316)
620558(283)
620560(261)
620562(289)
620568(215)
620573(224)
620531(281)
620538(260)
620549(233)
620552(299)
620554(216)
620489(331)
620490(314)
620492(300)
620494(366)
620497(330)
620498(372)
620501(324)
620505(355)
620506(438)
620509(286)
620510(349)
620513(365)
620517(453)
620523(295)
620533(281)
620470(241)
620471(300)
620473(319)
620474(445)
620475(433)
620476(350)
620477(247)
620478(349)
620479(270)
620480(361)
620481(309)
620483(372)
620484(390)
620485(305)
620487(408)
620534(367)
620535(386)
620536(247)
620541(290)
620542(279)
620569(376)
620570(375)
620571(321)
620574(339)
620575(350)
620577(347)
620579(295)
620581(355)
620582(333)
620583(343)
620587(323)
620592(349)
620593(426)
620544(337)
620545(336)
620546(288)
620547(336)
620548(319)
620550(298)
620551(285)
620553(283)
620555(320)
620556(333)
620557(334)
620559(445)
620563(409)
620566(348)
620567(297)
50
620954(259)
620955(284)
620960(239)
620962(213)
620964(210)
620972(243)
620973(256)
620974(223)
620983(217)
620984(221)
620987(225)
620989(269)
Govt. Girls Higher Secondary School (U.M) Chaneser Goth
620903(71)
620901(139)
620902(128)
620905(198)
620904(304)
620906(232)
Govt. Girls Higher Secondary School (S.M) Chaneser Goth
620860(32)
620847(79)
620857(94)
620858(71)
620845(112)
620854(112)
620859(130)
620841(172)
620844(173)
620850(172)
620851(155)
620842(239)
620843(274)
620846(251)
620848(242)
620852(208)
620853(248)
620855(296)
620856(207)
Govt Girls Bengali Higher Secondary School, Lasbella
620717(34)
620727(38)
620750(21)
620751(21)
620752(26)
620701(61)
620702(93)
620707(128)
620716(58)
620718(63)
620731(106)
620733(73)
620735(64)
620749(98)
620704(116)
620705(153)
620720(98)
620722(96)
620724(108)
620728(125)
620729(129)
620734(98)
620737(139)
620757(160)
620758(158)
51
621416(201)
621418(247)
621419(241)
621421(242)
621422(229)
621430(289)
621431(209)
621432(218)
621437(211)
621438(313)
621382(236)
621383(275)
621385(228)
621389(346)
621390(236)
621391(210)
621392(317)
621393(209)
621411(235)
621415(213)
621439(265)
621440(255)
621441(214)
621445(222)
621446(219)
621464(183)
621465(341)
621469(261)
621484(240)
621487(240)
621502(250)
621507(219)
621511(259)
621447(216)
621448(194)
621449(206)
621452(240)
621453(257)
621454(217)
621455(256)
621456(206)
621457(243)
621458(266)
621459(305)
621460(276)
621467(367)
621470(270)
621474(278)
621384(385)
621386(366)
621387(369)
621442(347)
621451(374)
621488(295)
621492(374)
621495(355)
621503(248)
621506(352)
621478(336)
621480(361)
621481(374)
621482(311)
621483(306)
Shaheed Mohtarma Benazir Bhutto Govt. Degree Girls College
621322(268)
621337(220)
621340(195)
621348(274)
621327(378)
621328(326)
621329(366)
621330(449)
621331(397)
621321(386)
621323(430)
621324(414)
621325(388)
621326(312)
621332(376)
621333(445)
621334(365)
621335(404)
621336(335)
621344(317)
621345(341)
621347(311)
621338(337)
621339(308)
621341(356)
621342(390)
621343(406)
Fatimiyah College Girls Campus
620952(52)
620968(54)
620978(49)
620985(17)
620991(17)
620956(93)
620959(99)
620963(60)
620969(57)
620975(56)
620977(72)
620951(159)
620953(107)
620961(110)
620965(95)
620979(129)
620982(128)
620986(158)
620988(124)
620992(129)
620966(149)
620967(164)
620976(178)
620980(205)
620981(170)
52
621771(340)
621772(379)
621773(344)
621774(250)
621775(401)
621776(392)
Mama Girls Intermediate College, P.E.C.H.S. Karachi
621682(164)
621686(148)
621681(231)
621685(196)
621683(260)
621684(261)
College of Accounting and Management Sciences PECHS Campus
621395(26)
621399(34)
621401(37)
621404(52)
621407(19)
621408(39)
621485(42)
621486(43)
621509(38)
621512(57)
621403(69)
621410(91)
621423(59)
621427(73)
621429(99)
621433(59)
621434(52)
621443(55)
621462(71)
621472(86)
621494(79)
621497(62)
621505(88)
621514(98)
621518(89)
621397(138)
621402(125)
621417(124)
621426(89)
621428(126)
621444(108)
621476(109)
621496(93)
621500(111)
621504(173)
621508(119)
621515(140)
621517(150)
621519(136)
621424(165)
621425(146)
621435(165)
621450(210)
621461(170)
621406(183)
621409(176)
621412(172)
621413(171)
621420(149)
621381(162)
621388(168)
621396(159)
621398(165)
621400(155)
621513(162)
621516(183)
621490(195)
621491(167)
621493(156)
621498(174)
621499(155)
621463(141)
621471(160)
621473(158)
621475(122)
621477(169)
53
622036(232)
622040(278)
622041(237)
622044(335)
622046(228)
622031(306)
622032(298)
622033(246)
622034(320)
622035(278)
622051(202)
622054(335)
622059(269)
622060(228)
622061(249)
622069(288)
622071(369)
622073(284)
622075(312)
622079(302)
622063(243)
622064(276)
622065(257)
622066(289)
622068(281)
Govt. Girls Higher Secondary School Intellingence(Campus School)M.T Khan Road
621921(121)
621930(240)
621938(207)
621922(237)
621934(254)
621936(274)
621929(365)
621932(422)
621933(330)
621935(412)
621937(270)
621923(326)
621924(375)
621925(337)
621926(354)
621927(349)
Haroon Bahria Intermediate College for Boys & Girls
621854(80)
621857(77)
621856(105)
621878(110)
621861(188)
621874(153)
621875(138)
621879(181)
621881(145)
621882(145)
621891(194)
621862(233)
621864(232)
621871(279)
621872(283)
621873(191)
621851(284)
621852(254)
621855(265)
621858(230)
621860(235)
621887(271)
621888(275)
621889(223)
621890(259)
621876(266)
621877(267)
621880(215)
621883(237)
621886(211)
621853(255)
621859(415)
621863(276)
621865(349)
621866(337)
621867(240)
621868(307)
621870(352)
621884(313)
621885(270)
Govt. Girls Higher Secondary School Kemari
54
622190(201)
622197(163)
622198(149)
622202(214)
622210(204)
622214(190)
622223(181)
622228(165)
622229(173)
622233(164)
622166(189)
622173(194)
622180(195)
622184(174)
622189(189)
622106(191)
622112(160)
622114(154)
622118(182)
622125(163)
622138(149)
622146(165)
622154(208)
622155(193)
622161(167)
622235(161)
622238(236)
622240(199)
622251(178)
622253(189)
622318(210)
622320(205)
622330(225)
622331(229)
622344(213)
622298(178)
622299(212)
622306(205)
622310(200)
622314(210)
622259(208)
622262(195)
622264(222)
622269(142)
622270(143)
622271(150)
622275(169)
622277(205)
622278(204)
622291(194)
622239(220)
622245(238)
622246(208)
622249(307)
622250(268)
622254(234)
622255(235)
622266(278)
622276(246)
622280(212)
622207(214)
622215(278)
622216(267)
622217(318)
622218(264)
622224(272)
622225(276)
622226(290)
622231(303)
622232(348)
622282(227)
622283(265)
622286(303)
622287(254)
622292(293)
622341(252)
622342(258)
622343(243)
622347(265)
622348(249)
622350(258)
622363(269)
622365(312)
622367(248)
622369(232)
622294(306)
622305(249)
622307(230)
622321(210)
622322(282)
622326(259)
622333(235)
622334(258)
622337(229)
622340(240)
622185(224)
622188(331)
622191(249)
622195(243)
622204(235)
622140(255)
622143(280)
622147(242)
622150(315)
622151(241)
622103(274)
622104(297)
622115(200)
622136(231)
622137(211)
622171(228)
622177(249)
622181(306)
622182(252)
622183(329)
622158(260)
622160(286)
622162(304)
622168(245)
622170(230)
622222(324)
622230(308)
622247(258)
622256(372)
622263(329)
622141(362)
622142(425)
622200(237)
622201(298)
622221(338)
622281(278)
622295(293)
622303(356)
622304(310)
622312(274)
622376(365)
622313(328)
622327(296)
622366(321)
622368(357)
622371(291)
Govt. College For Women Korangi No. 6
622039(66)
622037(117)
622038(133)
622043(120)
622045(151)
622048(116)
622058(143)
622072(136)
622074(124)
622077(119)
622078(115)
622042(166)
622047(194)
622050(156)
622053(200)
622055(215)
622056(187)
622062(214)
622067(165)
622076(183)
55
622740(126)
622741(164)
622742(149)
622744(154)
622750(168)
622731(129)
622732(133)
622736(138)
622737(143)
622739(128)
622783(126)
622754(155)
622756(122)
622760(103)
622771(154)
622776(147)
622735(209)
622748(206)
622757(170)
622759(191)
622765(206)
622766(196)
622767(145)
622768(184)
622777(210)
622778(214)
622779(225)
622784(172)
622786(166)
622787(220)
622733(239)
622738(304)
622746(290)
622751(313)
622752(276)
622758(302)
622764(293)
622770(279)
622773(264)
622780(274)
622781(284)
622785(326)
622788(286)
622790(254)
622791(285)
Govt. Degree Girls College Ibrahim Hyderi
622108(17)
622252(36)
622300(19)
622323(21)
622372(24)
622374(19)
622354(57)
622358(86)
622359(85)
622373(69)
622273(84)
622279(102)
622285(67)
622317(107)
622346(95)
622111(66)
622116(70)
622126(64)
622127(86)
622130(85)
622148(82)
622153(73)
622163(67)
622172(62)
622187(74)
622193(84)
622206(76)
622220(89)
622243(56)
622267(82)
622169(146)
622174(152)
622176(166)
622178(128)
622186(136)
622156(158)
622157(119)
622159(118)
622165(120)
622167(147)
622209(106)
622211(107)
622212(150)
622213(127)
622219(144)
622192(103)
622194(96)
622196(129)
622203(138)
622208(115)
622119(135)
622121(155)
622123(130)
622124(137)
622129(124)
622105(129)
622107(146)
622109(141)
622110(134)
622113(119)
622139(110)
622144(139)
622145(125)
622149(155)
622152(102)
622131(115)
622132(128)
622133(129)
622134(110)
622135(103)
622319(137)
622324(152)
622325(98)
622328(156)
622329(118)
622308(167)
622309(154)
622311(149)
622315(128)
622316(125)
622361(152)
622362(138)
622364(164)
622332(177)
622338(167)
622351(139)
622352(156)
622360(156)
622244(114)
622257(119)
622260(133)
622261(138)
622268(119)
622227(126)
622234(121)
622237(111)
622241(139)
622242(128)
622293(156)
622296(189)
622297(149)
622301(117)
622302(141)
622272(96)
622284(145)
622288(158)
622289(150)
622290(145)
622345(201)
622375(204)
56
622853(24)
622942(33)
622957(53)
622970(29)
622973(30)
622988(90)
622858(86)
622886(84)
622890(109)
622924(59)
622928(69)
622932(80)
622936(92)
622937(58)
622940(88)
622946(69)
622960(109)
622961(70)
622989(81)
622995(72)
622996(94)
622889(137)
622892(141)
622893(151)
622895(141)
622897(156)
622900(116)
622901(149)
622902(115)
622904(172)
622905(156)
622878(126)
622879(150)
622882(130)
622884(128)
622885(161)
622860(152)
622863(103)
622867(135)
622868(133)
622869(165)
622870(142)
622871(122)
622872(115)
622876(139)
622877(168)
622906(110)
622907(130)
622909(117)
622911(121)
622913(172)
622948(141)
622951(178)
622959(153)
622962(136)
622969(118)
622975(143)
622976(137)
622984(133)
622991(126)
622933(123)
622935(121)
622943(154)
622944(103)
622947(102)
622915(119)
622916(128)
622919(175)
622920(125)
622921(109)
622922(122)
622923(131)
622925(137)
622927(99)
622931(141)
622852(140)
622854(136)
622855(155)
622857(142)
622859(161)
622910(189)
622914(206)
622918(182)
622929(202)
622930(192)
622883(205)
622887(180)
622891(212)
622896(173)
622899(213)
622851(172)
622856(235)
622861(179)
622864(215)
622880(182)
622934(178)
622938(198)
622949(179)
622950(175)
622954(238)
622986(218)
622990(178)
622992(247)
622979(211)
622980(160)
622981(202)
622983(163)
622985(207)
622955(194)
622956(149)
622963(190)
622968(177)
622977(159)
622881(310)
622898(253)
622903(226)
622917(248)
622926(273)
622862(261)
622865(307)
622873(257)
622874(288)
622875(274)
622965(290)
622967(200)
622971(225)
622974(202)
622939(301)
622941(276)
622952(228)
622958(243)
622964(226)
622972(258)
Govt. Degree Girls College Sector 42, Korangi 2-1/2
622755(53)
622772(40)
622734(76)
622747(72)
622749(101)
622753(79)
622762(80)
622769(93)
622774(72)
57
623310(195)
623312(287)
623316(251)
623321(235)
623324(285)
623291(223)
623293(339)
623300(326)
623302(248)
623303(211)
623329(299)
623341(340)
623342(291)
623348(272)
623350(240)
623367(245)
623373(258)
623381(238)
623385(272)
623386(241)
623355(226)
623357(260)
623359(279)
623360(231)
623362(312)
623218(308)
623222(274)
623224(334)
623226(309)
623228(220)
623201(227)
623202(168)
623209(237)
623214(251)
623215(246)
623241(202)
623251(277)
623260(212)
623265(198)
623268(258)
623283(266)
623284(301)
623285(249)
623287(237)
623288(260)
623269(223)
623272(167)
623276(244)
623280(233)
623282(280)
623391(261)
623400(292)
623402(278)
623403(240)
623405(294)
623505(305)
623512(252)
623516(275)
623520(322)
623521(280)
623485(267)
623489(253)
623491(209)
623492(308)
623500(243)
623522(232)
623523(241)
623525(303)
623531(263)
623536(295)
623423(265)
623425(309)
623430(302)
623436(193)
623441(211)
623406(276)
623408(271)
623413(226)
623414(203)
623422(228)
623442(276)
623445(181)
623449(300)
623450(269)
623451(289)
623469(259)
623470(258)
623477(285)
623481(212)
623482(239)
623455(265)
623456(210)
623457(252)
623462(268)
623468(264)
623877(453)
623878(408)
623888(414)
623891(354)
623298(399)
623301(262)
623306(302)
623314(363)
623317(290)
623292(355)
623294(291)
623295(364)
623296(298)
623297(241)
623330(331)
623334(293)
623338(287)
623344(259)
623347(305)
623372(312)
623374(307)
623375(361)
623376(407)
623390(227)
623349(340)
623352(292)
623369(328)
623370(272)
623371(285)
623225(326)
623239(254)
623240(309)
623242(360)
623244(381)
623205(338)
623208(339)
623210(359)
623219(329)
623223(356)
623245(376)
623247(394)
623248(322)
623262(370)
623266(412)
623277(329)
623278(256)
623279(297)
623281(297)
623289(318)
623267(351)
623270(261)
623271(259)
623274(280)
623275(360)
623394(412)
623395(412)
623396(275)
623397(293)
623399(297)
623625(328)
623626(314)
623642(277)
623645(374)
623714(314)
623560(407)
623571(431)
623597(378)
623598(373)
623609(361)
623716(361)
623717(399)
623722(296)
623724(323)
623732(379)
623823(278)
623824(325)
623836(343)
623851(335)
623862(360)
623750(347)
623755(424)
623791(331)
623807(270)
623819(265)
623429(340)
623438(317)
623439(413)
623443(306)
623465(371)
623404(366)
623416(243)
623417(350)
623420(282)
623426(372)
623467(360)
623474(353)
623475(364)
623484(384)
623487(394)
623508(342)
623518(364)
623532(376)
623533(375)
623534(394)
623493(404)
623498(328)
623503(396)
623504(346)
623507(352)
Govt. College For Women Korangi No. 4
58
623418(185)
623419(161)
623421(166)
623424(222)
623431(171)
623378(144)
623382(166)
623392(191)
623411(154)
623415(169)
623433(144)
623446(170)
623453(160)
623461(146)
623464(198)
623502(192)
623506(185)
623513(172)
623514(183)
623519(185)
623476(165)
623483(182)
623486(211)
623490(173)
623494(202)
623238(177)
623249(133)
623250(163)
623252(182)
623253(181)
623212(180)
623216(141)
623220(142)
623231(198)
623236(147)
623254(175)
623256(140)
623257(174)
623286(172)
623304(152)
623332(173)
623351(171)
623361(174)
623364(128)
623368(244)
623309(198)
623313(172)
623318(147)
623322(180)
623331(148)
623652(161)
623653(149)
623654(205)
623656(208)
623660(187)
623622(159)
623637(190)
623639(211)
623641(174)
623646(164)
623546(233)
623551(199)
623553(215)
623555(202)
623562(188)
623527(175)
623535(175)
623539(231)
623544(199)
623545(196)
623563(193)
623564(183)
623567(180)
623576(207)
623579(164)
623605(160)
623610(186)
623616(180)
623618(172)
623619(158)
623584(177)
623587(167)
623594(193)
623603(159)
623604(155)
623875(238)
623876(282)
623881(222)
623887(185)
623889(245)
623890(284)
623895(294)
623850(227)
623857(197)
623860(242)
623873(307)
623874(226)
623615(223)
623624(220)
623627(219)
623632(266)
623633(240)
623608(239)
623611(305)
623612(280)
623613(259)
623614(305)
623635(292)
623636(262)
623648(207)
623649(268)
623650(289)
623670(275)
623682(216)
623683(218)
623688(299)
623691(232)
623661(235)
623662(249)
623663(234)
623666(202)
623667(260)
623596(249)
623600(289)
623601(224)
623602(257)
623606(276)
623550(253)
623557(222)
623558(260)
623559(265)
623561(240)
623537(285)
623538(260)
623540(289)
623543(258)
623548(249)
623565(270)
623566(247)
623569(222)
623570(223)
623572(284)
623585(248)
623586(284)
623589(269)
623590(234)
623595(223)
623573(245)
623578(305)
623580(212)
623581(230)
623582(223)
623780(250)
623781(261)
623782(268)
623783(250)
623786(268)
623770(274)
623771(233)
623772(227)
623775(267)
623777(290)
623787(311)
623788(309)
623789(240)
623792(235)
623801(236)
623841(300)
623842(237)
623846(266)
623847(339)
623849(229)
623804(286)
623806(245)
623813(245)
623818(259)
623830(289)
623764(311)
623766(223)
623767(223)
623768(212)
623769(338)
623704(253)
623706(273)
623709(287)
623712(243)
623715(243)
623692(313)
623693(264)
623700(288)
623701(287)
623703(235)
623720(259)
623721(215)
623726(257)
623734(253)
623735(280)
623756(183)
623760(283)
623761(259)
623762(242)
623763(330)
623745(219)
623746(255)
623749(267)
623753(253)
623754(349)
59
623412(61)
623428(62)
623437(68)
623447(88)
623448(73)
623458(82)
623459(65)
623499(102)
623511(84)
623515(71)
623524(77)
623542(82)
623591(89)
623617(99)
623623(76)
623206(73)
623221(78)
623232(84)
623237(83)
623255(66)
623258(65)
623264(72)
623308(74)
623320(67)
623327(65)
623358(78)
623380(85)
623383(52)
623388(75)
623389(74)
623628(63)
623630(89)
623631(87)
623634(81)
623638(97)
623796(61)
623799(65)
623800(64)
623802(83)
623816(86)
623820(72)
623825(70)
623832(54)
623833(80)
623838(98)
623855(79)
623858(80)
623869(67)
623871(67)
623880(65)
623640(123)
623681(73)
623686(73)
623689(115)
623698(71)
623699(93)
623707(56)
623710(68)
623725(57)
623727(63)
623736(60)
623740(50)
623743(64)
623758(64)
623759(77)
623741(136)
623744(100)
623747(123)
623765(107)
623779(183)
623695(138)
623696(94)
623697(121)
623713(126)
623719(102)
623814(122)
623815(127)
623821(119)
623829(116)
623831(127)
623883(119)
623892(117)
623893(137)
623834(135)
623840(125)
623844(109)
623856(131)
623867(131)
623673(140)
623674(138)
623680(107)
623684(120)
623690(139)
623343(128)
623354(114)
623363(107)
623365(130)
623366(113)
623384(138)
623398(116)
623401(113)
623407(110)
623432(139)
623454(125)
623466(123)
623472(128)
623478(123)
623479(114)
623203(113)
623204(132)
623207(95)
623211(109)
623229(115)
623230(109)
623233(94)
623234(99)
623259(117)
623261(118)
623273(126)
623290(110)
623307(140)
623319(98)
623335(124)
623575(142)
623577(149)
623583(143)
623593(126)
623599(143)
623607(143)
623620(147)
623629(121)
623643(127)
623655(115)
623657(109)
623658(148)
623659(132)
623664(159)
623665(153)
623480(114)
623501(132)
623509(137)
623510(129)
623517(135)
623526(154)
623528(153)
623529(114)
623547(134)
623549(137)
623552(147)
623554(162)
623556(125)
623568(141)
623574(116)
623705(168)
623711(186)
623718(184)
623723(202)
623729(140)
623730(158)
623739(147)
623751(177)
623757(155)
623774(185)
623668(164)
623669(158)
623671(192)
623672(158)
623675(180)
623676(173)
623677(149)
623679(172)
623685(161)
623702(186)
623793(179)
623794(178)
623795(153)
623797(208)
623798(177)
623864(163)
623882(172)
623884(167)
623885(196)
623894(209)
623896(132)
623803(158)
623805(155)
623827(148)
623837(179)
623848(140)
623852(191)
623853(186)
623854(174)
623859(176)
623861(212)
60
624403(367)
624404(406)
624405(403)
624406(411)
624407(389)
624408(347)
624409(387)
624410(422)
624411(396)
624412(378)
624414(363)
624415(341)
624416(357)
624419(264)
Firoza Khatoon Women College(Intermediate)
624362(231)
624372(253)
624361(315)
624363(338)
624364(374)
624365(353)
624366(373)
624367(373)
624368(354)
624369(355)
624370(447)
624371(401)
624373(362)
Jamiat-ul-Mohsinat Intermediate Girls College
624318(214)
624319(177)
624325(188)
624311(295)
624315(307)
624323(296)
624326(310)
624312(318)
624313(328)
624314(404)
624316(385)
624317(392)
624320(369)
624321(266)
624322(349)
624324(382)
624327(329)
624328(343)
624329(335)
624330(375)
C.D.S.S. Intermediate Girls College, Korangi
623541(36)
623644(48)
623651(30)
623687(23)
623728(38)
623387(40)
623393(40)
623427(38)
623452(25)
623496(34)
623235(33)
623246(34)
623326(37)
623345(34)
623356(52)
623835(20)
623845(33)
623865(27)
623886(27)
623811(32)
623812(21)
623822(27)
623826(23)
623828(33)
623731(35)
623738(44)
623748(45)
623808(29)
623809(17)
61
624602(108)
624603(108)
624608(96)
624609(103)
624615(134)
624610(207)
624618(209)
624620(139)
624624(211)
624626(160)
624638(182)
624640(183)
624647(181)
624654(207)
624658(182)
624665(186)
624628(305)
624633(284)
624634(254)
624636(259)
624644(245)
624616(230)
624617(264)
624619(243)
624622(279)
624623(225)
624664(252)
624667(229)
624668(285)
624648(218)
624650(218)
624659(248)
624661(322)
624662(287)
624630(312)
624631(321)
624637(391)
624642(408)
624643(400)
624605(309)
624607(393)
624611(299)
624612(277)
624613(339)
624674(349)
624675(394)
624645(359)
624646(348)
624649(366)
624652(352)
624653(353)
Govt. Degree Girls College, Industrial Area, Landhi
624457(152)
624442(257)
624444(304)
624445(289)
624446(298)
624447(252)
624448(249)
624449(287)
624451(355)
624452(253)
624454(174)
624455(288)
624456(335)
624459(245)
624461(286)
624441(332)
624443(377)
624450(394)
624453(364)
624458(354)
624460(387)
624463(362)
Khadija Girls College (Intermediate)
624418(197)
624401(237)
624402(250)
624413(211)
624417(254)
62
625275(272)
625284(230)
625289(243)
625297(244)
625303(257)
625314(306)
625319(277)
625325(336)
625326(230)
625327(237)
625332(233)
625344(292)
625273(285)
Govt. Girls Higher Secondary School, Landhi No. 1
624901(45)
624903(37)
624977(23)
624987(34)
625001(36)
625006(46)
625009(46)
625010(23)
625011(45)
624925(66)
624932(61)
624945(79)
624947(88)
624951(71)
624908(72)
624910(70)
624911(64)
624916(71)
624918(64)
624988(82)
624996(75)
625003(64)
625007(76)
624962(93)
624963(78)
624968(77)
624978(68)
624980(80)
624927(154)
624935(100)
624938(126)
624948(87)
624952(110)
624966(110)
624984(136)
624986(99)
625005(113)
624961(158)
624964(152)
624965(143)
624969(161)
624983(234)
624985(160)
624994(168)
625002(168)
625004(164)
624904(194)
624913(170)
624929(166)
624930(158)
624934(161)
624953(192)
624955(230)
624957(242)
624959(214)
624967(206)
624924(194)
624931(215)
624941(255)
624949(253)
624950(233)
624902(252)
624906(243)
624907(219)
624912(202)
624923(228)
625012(245)
624990(257)
624992(272)
624995(217)
624997(219)
624998(201)
624970(233)
624972(220)
624974(233)
624975(262)
624976(215)
624926(391)
624928(351)
624936(395)
624937(290)
624939(311)
624905(323)
624914(309)
624919(286)
624921(334)
624922(318)
624942(377)
624943(378)
624946(391)
624954(347)
624956(251)
624991(406)
624993(406)
624999(290)
625000(287)
624960(357)
624979(356)
624981(327)
624982(357)
624989(318)
Govt. Degree Girls College Landhi 3-1/2
624601(24)
624635(20)
624660(34)
624671(52)
624621(98)
624625(72)
624656(96)
624669(62)
624670(72)
624672(67)
624627(143)
624629(115)
624632(117)
624639(120)
624651(139)
624655(146)
624657(139)
624663(140)
624666(130)
624673(96)
63
625602(235)
625607(262)
Govt. Girls Degree College Sharafi Goth
625475(51)
625476(82)
625477(115)
625478(119)
625480(129)
625487(100)
625494(154)
625496(116)
625504(123)
625472(182)
625474(213)
625481(169)
625486(200)
625488(187)
625505(209)
625485(258)
625489(255)
625490(262)
625491(221)
625492(239)
625495(270)
625497(293)
625500(303)
625502(234)
625467(276)
625469(353)
625473(245)
625482(333)
625483(255)
625461(267)
625462(260)
625463(283)
625464(271)
625466(212)
625465(345)
625468(428)
625470(343)
625471(417)
625479(269)
625498(337)
625499(374)
625501(418)
625503(358)
625506(385)
Bibi Asifa Bhutto Govt. Girls Degree College, Muzafarabad, Landhi
625271(19)
625272(17)
625287(44)
625317(41)
625320(42)
625323(52)
625334(18)
625294(103)
625308(84)
625309(108)
625310(98)
625337(87)
625341(55)
625296(117)
625299(126)
625302(117)
625304(127)
625305(120)
625279(128)
625282(135)
625283(142)
625292(107)
625295(121)
625329(134)
625338(134)
625342(112)
625345(125)
625306(109)
625307(101)
625312(145)
625318(149)
625322(118)
625291(202)
625298(197)
625300(180)
625301(184)
625311(183)
625276(170)
625277(179)
625278(158)
625280(175)
625290(234)
625331(154)
625333(220)
625339(195)
625313(173)
625316(166)
625321(186)
625328(175)
625330(216)
64
625805(230)
625806(252)
625807(224)
625808(270)
625810(214)
625792(314)
625793(257)
625794(281)
625795(284)
625798(235)
625839(249)
625844(306)
625845(223)
625848(250)
625849(308)
625812(244)
625814(291)
625819(224)
625831(294)
625838(310)
625731(220)
625734(205)
625739(254)
625742(209)
625748(277)
625711(274)
625712(244)
625715(203)
625722(280)
625729(289)
625776(296)
625780(309)
625782(291)
625783(331)
625785(256)
625757(278)
625759(232)
625760(240)
625767(222)
625771(221)
625851(251)
625854(253)
625859(242)
625862(300)
625863(213)
625977(214)
625988(257)
625990(273)
625992(256)
625993(312)
625947(268)
625949(261)
625951(229)
625955(282)
625970(269)
625999(241)
626003(233)
626004(276)
626005(241)
626006(264)
625879(208)
625880(287)
625885(249)
625886(293)
625889(294)
625870(279)
625871(296)
625874(286)
625875(206)
625878(251)
625913(202)
625915(271)
625923(232)
625924(180)
625943(253)
625890(227)
625894(277)
625896(259)
625903(274)
625908(220)
625989(341)
625994(337)
625995(319)
625996(355)
626014(296)
626016(350)
626028(373)
626033(339)
626037(395)
626038(388)
626051(342)
625975(353)
625976(257)
625978(317)
625983(358)
625985(311)
625830(334)
625832(386)
625835(360)
625836(385)
625837(402)
625840(330)
625841(249)
625842(283)
625846(274)
625853(299)
625858(399)
625860(274)
625882(311)
625893(371)
625895(324)
625813(278)
625821(286)
625824(329)
625828(320)
625829(313)
625737(318)
625743(339)
625744(316)
625752(316)
625753(319)
625761(325)
625764(252)
625765(365)
625766(291)
625768(335)
625772(360)
625775(379)
625778(309)
625779(331)
625809(318)
625941(424)
625952(331)
625954(309)
625956(272)
625957(396)
625958(365)
625959(336)
625960(266)
625961(353)
625964(267)
625965(326)
625966(365)
625968(235)
625971(339)
625974(316)
625932(289)
625934(239)
625936(366)
625937(268)
625940(277)
625897(336)
625898(236)
625900(396)
625904(271)
625906(329)
625909(260)
625910(329)
625911(389)
625920(264)
625921(298)
625922(308)
625926(331)
625928(401)
625929(316)
625930(365)
Govt. Degree College for Women Nazimabad
625604(22)
625605(60)
625606(50)
625610(53)
625611(68)
625612(70)
625603(141)
625609(114)
625613(99)
65
625702(42)
625709(46)
625716(44)
625820(33)
625869(23)
625991(50)
626000(38)
626010(53)
626030(72)
626042(41)
626050(35)
625877(63)
625891(90)
625901(56)
625907(58)
625919(55)
625803(95)
625818(109)
625826(86)
625864(86)
625867(85)
625706(94)
625708(75)
625754(78)
625773(100)
625800(116)
625942(74)
625963(59)
625967(75)
625969(61)
625973(70)
626052(73)
626054(65)
626057(70)
626023(59)
626029(90)
626039(87)
626041(59)
626044(75)
625979(58)
625987(100)
626001(54)
626009(86)
626020(82)
625935(93)
625938(105)
625945(110)
625946(119)
625948(119)
625912(108)
625918(97)
625925(108)
625927(114)
625933(137)
625866(123)
625876(127)
625881(128)
625883(132)
625888(132)
626053(162)
626015(122)
626025(114)
626036(144)
626040(134)
626045(136)
625980(128)
625981(125)
625984(135)
626012(129)
626013(117)
625801(148)
625804(140)
625850(110)
625852(128)
625856(151)
625725(146)
625726(99)
625732(116)
625733(136)
625745(123)
625701(144)
625703(117)
625704(137)
625705(115)
625717(122)
625763(103)
625769(117)
625770(98)
625787(170)
625788(142)
625747(156)
625749(137)
625751(140)
625755(100)
625762(147)
625781(195)
625784(174)
625786(196)
625789(175)
625790(214)
625791(196)
625796(179)
625797(183)
625799(138)
625802(169)
625815(165)
625816(221)
625817(164)
625822(182)
625823(177)
625746(163)
625750(177)
625756(200)
625758(134)
625774(209)
625707(161)
625714(159)
625718(167)
625719(202)
625720(170)
625721(165)
625723(181)
625724(180)
625727(135)
625728(166)
625735(168)
625736(165)
625738(159)
625740(144)
625741(177)
625825(180)
625833(181)
625843(169)
625847(198)
625855(184)
626008(180)
626011(194)
626017(159)
626024(148)
626027(175)
626031(200)
626032(179)
626034(162)
626046(143)
626055(191)
626056(183)
625950(162)
625953(160)
625962(178)
625986(182)
626002(158)
625861(223)
625865(182)
625872(179)
625873(181)
625884(168)
625887(184)
625892(211)
625902(205)
625905(154)
625914(156)
625916(138)
625917(148)
625931(170)
625939(154)
625944(195)
626007(256)
626018(218)
626019(270)
626047(271)
626049(265)
66
626758(101)
626760(116)
626767(96)
626780(131)
626781(146)
626782(116)
626783(123)
626784(108)
626789(102)
626790(111)
626723(112)
626725(113)
626731(102)
626738(150)
626739(111)
626740(144)
626747(120)
626750(176)
626754(115)
626757(92)
626836(123)
626837(111)
626843(151)
626846(125)
626851(93)
626857(116)
626859(157)
626862(105)
626791(116)
626805(107)
626810(111)
626812(98)
626813(111)
626814(95)
626820(103)
626833(112)
626834(143)
626835(128)
626794(147)
626799(168)
626806(165)
626809(184)
626811(174)
626746(181)
626763(177)
626770(190)
626772(140)
626774(157)
626726(166)
626730(144)
626734(177)
626737(171)
626743(230)
626853(135)
626856(157)
626863(159)
626825(151)
626838(161)
626841(163)
626849(181)
626852(186)
626815(187)
626816(155)
626817(150)
626819(137)
626824(149)
626729(222)
626745(230)
626748(276)
626759(252)
626762(238)
626779(232)
626785(216)
626788(191)
626792(235)
626793(213)
626798(270)
626800(264)
626801(233)
626802(250)
626807(262)
626795(340)
626797(324)
626831(309)
626847(344)
626848(381)
H.I Osmania Govt. Girls College
626337(41)
626338(23)
626348(56)
626352(43)
626302(90)
626308(72)
626322(65)
626331(91)
626339(81)
626341(105)
626343(89)
626345(83)
626347(86)
626350(92)
626353(90)
626354(75)
626301(135)
626304(113)
626305(140)
626312(131)
626321(128)
626323(127)
626326(135)
626335(139)
626342(132)
626344(150)
626351(117)
626306(199)
626310(152)
626311(162)
626314(157)
626315(155)
626319(184)
626325(193)
626327(158)
626333(210)
626334(194)
626336(182)
626349(178)
626309(262)
626313(248)
626316(230)
626317(221)
626318(212)
626324(228)
626328(220)
626329(261)
626330(235)
626332(263)
626355(258)
626307(263)
626346(356)
Govt. Girls Degree College KMC Park Liaquatabad
67
627201(59)
627202(65)
627212(69)
627217(96)
627229(69)
627238(75)
627243(64)
627245(64)
627246(72)
627247(69)
627152(91)
627153(93)
627156(87)
627159(88)
627167(59)
627168(70)
627169(62)
627171(59)
627180(53)
627181(60)
627279(82)
627282(95)
627283(95)
627289(77)
627292(97)
627253(93)
627263(84)
627264(83)
627265(77)
627268(52)
627269(58)
627275(52)
627276(70)
627277(77)
627278(76)
627228(128)
627230(117)
627233(113)
627236(136)
627239(114)
627196(135)
627199(141)
627207(105)
627208(107)
627227(120)
627154(111)
627178(124)
627183(121)
627192(123)
627195(101)
627300(132)
627301(122)
627271(122)
627274(149)
627280(110)
627281(138)
627290(132)
627241(121)
627249(115)
627252(113)
627261(119)
627267(99)
627220(191)
627221(138)
627222(144)
627223(184)
627224(186)
627191(191)
627205(202)
627211(152)
627213(161)
627214(177)
627234(158)
627237(184)
627242(218)
627251(146)
627254(149)
627291(157)
627256(171)
627266(148)
627272(164)
627273(196)
627284(159)
627173(176)
627174(187)
627176(152)
627177(168)
627190(181)
627158(175)
627160(146)
627161(168)
627163(161)
627172(148)
627175(195)
627182(262)
627184(216)
627185(177)
627187(217)
627151(243)
627155(215)
627157(284)
627164(201)
627166(214)
627188(296)
627189(232)
627193(181)
627197(226)
627198(254)
627255(213)
627270(221)
627209(253)
627215(259)
627216(238)
627232(219)
627240(260)
627200(382)
627204(350)
627218(283)
627219(220)
Riaz Govt. Girls College Liaquatabad No. 10
626736(29)
626741(45)
626764(18)
626765(23)
626766(34)
626775(23)
626776(25)
626787(22)
626818(17)
626821(26)
626829(17)
626845(21)
626756(85)
626769(74)
626771(71)
626773(70)
626778(59)
626749(80)
626751(93)
626752(90)
626753(82)
626755(80)
626724(65)
626732(72)
626733(66)
626735(54)
626744(82)
626860(71)
626861(53)
626827(79)
626830(57)
626840(68)
626842(67)
626850(62)
626803(58)
626804(67)
626808(67)
626823(61)
626826(80)
68
627879(286)
627886(369)
627887(380)
627889(318)
627893(272)
627871(393)
627872(360)
627875(358)
627876(394)
627878(354)
627895(377)
627901(378)
627903(377)
627905(379)
627907(396)
627920(431)
627921(308)
627922(267)
627930(370)
627936(365)
627908(369)
627910(371)
627913(310)
627918(311)
627919(363)
627843(309)
627844(341)
627845(311)
627851(328)
627863(306)
627803(276)
627805(346)
627806(290)
627807(409)
627809(303)
627811(306)
627812(357)
627816(362)
627817(379)
627820(365)
627835(423)
627836(342)
627837(315)
627840(410)
627841(422)
627824(312)
627825(404)
627827(345)
627828(291)
627829(282)
627937(352)
627944(367)
627945(366)
627956(390)
627965(377)
628103(298)
628105(298)
628109(323)
628110(355)
628131(340)
628092(356)
628093(399)
628098(310)
628101(348)
628102(266)
628135(267)
628159(343)
628161(264)
628166(324)
628168(278)
628085(318)
628086(336)
628088(305)
628090(261)
628091(307)
627984(380)
627987(294)
627990(333)
627994(303)
628022(412)
627967(348)
627971(361)
627972(371)
627973(358)
627980(337)
628026(369)
628029(351)
628037(348)
628040(396)
628041(302)
628060(311)
628062(388)
628076(365)
628080(285)
628082(302)
628045(307)
628046(295)
628048(300)
628053(387)
628057(347)
627640(348)
627642(329)
627643(341)
627645(324)
627647(372)
627612(255)
627614(320)
627628(322)
627636(282)
627638(308)
627664(223)
627676(342)
627686(315)
627691(298)
627696(325)
627648(296)
627655(409)
627657(276)
627660(382)
627662(284)
627506(268)
627508(380)
627515(277)
627521(260)
627526(385)
627791(307)
627796(332)
627798(376)
627799(369)
627801(402)
627553(305)
627582(315)
627583(355)
627604(329)
627606(356)
627531(435)
627539(352)
627543(368)
627549(351)
627551(298)
627757(282)
627758(318)
627768(297)
627769(394)
627770(313)
627752(338)
627753(388)
627754(299)
627755(419)
627756(298)
627780(451)
627782(375)
627783(349)
627784(388)
627787(295)
627774(322)
627776(353)
627777(429)
627778(353)
627779(344)
627708(259)
627710(335)
627712(353)
627727(396)
627729(299)
627698(255)
627700(342)
627702(386)
627703(268)
627705(330)
627743(298)
627745(447)
627747(383)
627750(390)
627751(277)
627730(251)
627732(284)
627740(390)
627741(344)
627742(385)
Sir Syed Govt. Girls College Nazimabad
627165(29)
627179(23)
627203(19)
627206(33)
627248(34)
627297(55)
627250(22)
627257(17)
627258(17)
627260(27)
627285(29)
627293(74)
627295(93)
627296(104)
627298(60)
627299(71)
69
627800(211)
627804(256)
627813(215)
627815(275)
627818(253)
627781(345)
627786(284)
627789(220)
627793(258)
627794(233)
627823(305)
627830(219)
627855(266)
627861(243)
627866(203)
627890(253)
627898(174)
627899(327)
627904(230)
627909(242)
627873(255)
627880(183)
627883(223)
627884(260)
627885(240)
627748(297)
627749(232)
627761(229)
627762(292)
627765(247)
627685(288)
627692(338)
627695(217)
627697(250)
627699(317)
627701(256)
627704(240)
627706(284)
627707(270)
627711(338)
627726(226)
627731(276)
627733(211)
627744(311)
627746(256)
627715(210)
627720(241)
627721(265)
627724(191)
627725(247)
627916(266)
627931(351)
627934(294)
627939(240)
627940(200)
628055(225)
628056(221)
628063(255)
628065(270)
628066(231)
628038(265)
628043(248)
628044(212)
628047(240)
628054(244)
628067(212)
628068(208)
628074(261)
628077(233)
628078(212)
628025(220)
628027(240)
628028(225)
628032(279)
628036(239)
627957(256)
627958(318)
627962(209)
627963(198)
627966(311)
627948(222)
627951(231)
627953(323)
627954(227)
627955(286)
627968(261)
627970(263)
627974(240)
627975(239)
627985(278)
628007(292)
628008(254)
628016(286)
628020(261)
628021(297)
627995(261)
627996(275)
628000(329)
628002(232)
628003(245)
627546(251)
627550(303)
627552(299)
627555(227)
627559(257)
627561(226)
627562(206)
627563(217)
627565(216)
627566(198)
627567(288)
627568(215)
627569(294)
627571(265)
627572(239)
627535(252)
627536(232)
627537(216)
627542(298)
627545(233)
627677(272)
627678(342)
627679(239)
627682(225)
627683(211)
627501(237)
627502(272)
627505(207)
627507(254)
627510(258)
627511(207)
627512(275)
627516(271)
627523(236)
627529(202)
627573(248)
627574(227)
627576(222)
627579(260)
627584(253)
627634(266)
627637(189)
627639(249)
627641(246)
627650(238)
627652(234)
627653(247)
627661(280)
627663(279)
627667(267)
627668(272)
627669(241)
627673(287)
627674(232)
627675(219)
627621(228)
627622(219)
627625(228)
627627(203)
627630(219)
627585(202)
627586(220)
627587(250)
627589(219)
627590(211)
627591(199)
627596(227)
627601(260)
627602(269)
627603(254)
627605(240)
627609(298)
627615(310)
627616(189)
627617(195)
628200(377)
628202(298)
628206(336)
628207(319)
628210(409)
628190(333)
628191(348)
628192(391)
628193(335)
628194(352)
628172(282)
628176(271)
628178(288)
628179(361)
628182(377)
628249(282)
628251(302)
628252(332)
628254(251)
628255(370)
628259(423)
628260(280)
628262(308)
628264(354)
628266(313)
628211(417)
628217(294)
628218(367)
628220(379)
628224(383)
628225(324)
628226(406)
628228(344)
628236(380)
628240(324)
70
627687(99)
627688(111)
627694(137)
627709(114)
627714(121)
627719(100)
627735(125)
627737(100)
627738(120)
627763(115)
627838(131)
627842(131)
627847(115)
627853(100)
627869(117)
627503(110)
627504(126)
627509(115)
627513(115)
627518(123)
627533(110)
627548(103)
627575(128)
627600(114)
627607(103)
627619(119)
627646(123)
627656(106)
627658(104)
627672(127)
627888(108)
627894(110)
627906(111)
627917(114)
627923(119)
627935(135)
627943(120)
627952(110)
627961(96)
627969(98)
627978(100)
627981(115)
627982(117)
627992(177)
627999(124)
628019(199)
628023(209)
628030(178)
628042(174)
628061(175)
628069(201)
628072(168)
628104(181)
628106(163)
628111(166)
627998(224)
628005(220)
628010(178)
628015(183)
628018(192)
627938(247)
627941(153)
627942(222)
627959(196)
627977(201)
627983(166)
627989(200)
627991(163)
627993(144)
627997(195)
628238(152)
628245(156)
628246(166)
628250(187)
628256(181)
628258(166)
628263(188)
628199(162)
628221(161)
628229(208)
628234(185)
628235(188)
628119(214)
628121(198)
628125(185)
628128(189)
628140(184)
628158(156)
628167(172)
628169(177)
628183(162)
628198(159)
627912(178)
627924(166)
627925(164)
627929(186)
627933(222)
627620(188)
627623(152)
627624(161)
627626(172)
627632(145)
627635(140)
627649(161)
627654(164)
627671(167)
627680(195)
627581(151)
627592(165)
627598(164)
627608(143)
627611(158)
627514(170)
627524(169)
627527(151)
627532(155)
627541(159)
627544(217)
627547(206)
627554(155)
627558(150)
627577(164)
627681(200)
627684(206)
627689(231)
627690(198)
627716(192)
627839(191)
627849(160)
627852(167)
627874(180)
627881(150)
627882(147)
627891(220)
627892(170)
627897(169)
627911(146)
627802(205)
627819(196)
627826(179)
627831(224)
627834(158)
627717(163)
627722(192)
627728(176)
627734(153)
627739(161)
627760(159)
627764(174)
627775(167)
627785(175)
627790(228)
628148(213)
628149(240)
628151(303)
628152(186)
628153(227)
628160(204)
628170(212)
628175(246)
628177(208)
628185(217)
628124(223)
628132(236)
628133(230)
628141(289)
628146(253)
628081(267)
628084(231)
628095(206)
628097(237)
628100(202)
628112(238)
628113(246)
628114(210)
628115(247)
628120(258)
628241(209)
628242(271)
628243(243)
628244(217)
628248(240)
628267(222)
628219(314)
628222(221)
628223(236)
628231(289)
628237(193)
628189(203)
628195(262)
628197(267)
628203(252)
628205(250)
628208(248)
628209(280)
628214(237)
628215(241)
628216(186)
71
628446(125)
628448(139)
628454(110)
628463(131)
628464(132)
628442(203)
628447(193)
628455(194)
628457(208)
628466(171)
628472(188)
628495(162)
628497(170)
628505(172)
628511(156)
628512(169)
628517(160)
628520(169)
628445(257)
628456(250)
628479(216)
628481(222)
628498(228)
628503(232)
628513(227)
628515(254)
628518(210)
628523(225)
628453(308)
628460(323)
628467(271)
628473(258)
628478(363)
628480(251)
628499(279)
628502(395)
628514(309)
628516(273)
APWA Govt. Girls Higher Secondary School Liaquatabad
627795(27)
627833(19)
627846(41)
627848(24)
627850(36)
627593(18)
627597(33)
627613(38)
627713(34)
627723(21)
627517(36)
627522(24)
627530(40)
627557(35)
627588(48)
627860(37)
627864(34)
627896(19)
627926(18)
627946(25)
628196(41)
628204(43)
628014(46)
628089(38)
628164(37)
628174(33)
628187(33)
627950(52)
627960(33)
627964(37)
627976(51)
627988(42)
627665(74)
627666(74)
627670(88)
627718(69)
627736(80)
627759(71)
627772(78)
627808(87)
627810(91)
627821(84)
627822(83)
627856(67)
627857(57)
627858(79)
627859(60)
627519(75)
627520(80)
627525(71)
627528(61)
627534(90)
627538(67)
627540(68)
627560(65)
627564(76)
627578(69)
627580(56)
627594(53)
627595(64)
627618(74)
627651(84)
627862(88)
627865(58)
627870(93)
627900(64)
627914(92)
628137(111)
628138(107)
628144(77)
628154(80)
628155(70)
628156(67)
628157(75)
628165(80)
628213(76)
628227(91)
628239(79)
628253(78)
628261(68)
628265(65)
627915(85)
627927(58)
627949(117)
627979(94)
628001(80)
628009(91)
628033(83)
628039(106)
628058(98)
628070(100)
628071(88)
628075(85)
628117(61)
628126(82)
628130(75)
628051(148)
628052(153)
628059(134)
628064(144)
628083(137)
628087(142)
628096(129)
628108(151)
628116(148)
628118(132)
628004(130)
628006(136)
628011(116)
628012(134)
628017(139)
628024(133)
628031(133)
628034(115)
628035(159)
628049(135)
628163(135)
628171(99)
628173(106)
628184(112)
628186(115)
628188(102)
628212(104)
628230(136)
628232(138)
628247(164)
628123(144)
628127(137)
628134(150)
628136(121)
628139(141)
628142(133)
628143(132)
628145(147)
628150(141)
628162(122)
72
628744(88)
628749(97)
628755(76)
628757(52)
628761(66)
628743(118)
628754(142)
628758(92)
628763(125)
628746(152)
628750(191)
628751(178)
628752(213)
628766(159)
628742(354)
628748(315)
Govt. Degree Girls College Pak. Colony
628654(48)
628669(33)
628604(91)
628606(65)
628608(64)
628631(66)
628640(91)
628653(75)
628656(90)
628660(88)
628664(63)
628673(61)
628614(104)
628616(142)
628619(139)
628621(100)
628627(120)
628629(131)
628632(126)
628648(128)
628650(132)
628659(143)
628670(141)
628671(135)
628658(199)
628662(167)
628667(179)
628603(147)
628605(206)
628607(173)
628611(215)
628613(209)
628615(184)
628625(181)
628636(150)
628637(221)
628639(175)
628620(271)
628622(249)
628626(220)
628628(227)
628634(225)
628602(190)
628610(216)
628612(267)
628617(220)
628618(258)
628635(266)
628641(274)
628642(238)
628643(279)
628645(298)
628666(232)
628672(237)
628646(251)
628647(262)
628649(206)
628661(250)
628665(243)
628624(355)
628633(294)
628638(329)
628651(327)
628657(236)
Govt. Girls Pilot Higher Secondary School Nazimabad
628443(21)
628444(20)
628451(30)
628471(35)
628482(44)
628484(35)
628496(24)
628449(57)
628450(70)
628461(86)
628468(77)
628475(88)
628477(68)
628483(88)
628487(68)
628488(81)
628490(84)
628491(101)
628494(77)
628510(66)
628521(80)
628524(78)
628469(128)
628470(147)
628474(146)
628476(124)
628485(124)
628486(134)
628489(145)
628492(140)
628493(120)
628500(127)
628507(116)
628519(123)
628522(101)
628525(97)
73
628893(72)
628894(68)
628899(68)
628901(109)
628902(74)
628877(86)
628881(86)
628884(104)
628885(102)
628889(75)
628861(106)
628863(89)
628864(78)
628865(84)
628875(79)
628903(53)
628904(90)
628908(79)
628910(59)
628912(69)
628888(152)
628891(136)
628892(105)
628900(123)
628905(115)
628868(126)
628869(131)
628874(128)
628883(102)
628887(136)
628925(101)
628932(124)
628935(135)
628945(121)
628949(166)
628971(125)
628974(120)
628984(103)
628954(135)
628956(113)
628962(144)
628963(115)
628970(152)
628918(166)
628919(187)
628921(159)
628922(142)
628923(151)
628880(181)
628895(184)
628897(197)
628898(197)
628906(212)
628862(182)
628866(180)
628870(205)
628876(154)
628878(172)
628966(166)
628972(209)
628977(179)
628980(203)
628985(198)
628937(166)
628938(175)
628939(149)
628957(211)
628959(200)
628926(159)
628929(214)
628930(170)
628931(203)
628934(193)
628942(242)
628944(223)
628947(248)
628948(233)
628950(242)
628951(280)
628952(237)
628960(306)
628961(239)
628872(224)
628879(230)
628882(251)
628886(231)
628916(247)
628867(263)
628913(322)
628915(309)
628920(301)
628927(300)
628943(370)
628964(250)
Shaheed Flying Officer Marium Mukhtar Govt. Girls College
628813(149)
628818(186)
628811(257)
628814(329)
628815(361)
628816(395)
628817(288)
628819(344)
628821(257)
628822(353)
628823(320)
Jinnah Intermediate College for Girls
628741(35)
628759(33)
628760(45)
628767(29)
628762(77)
628765(101)
74
629298(314)
629300(223)
629303(258)
629306(182)
629308(284)
629328(246)
629333(214)
629334(229)
629335(197)
629336(276)
629263(253)
629266(235)
629273(298)
629285(298)
629286(304)
629292(228)
629293(251)
629294(344)
629295(331)
629296(272)
629362(211)
629363(357)
629367(294)
629368(230)
629376(283)
629418(328)
629419(317)
629424(236)
629428(237)
629430(225)
629380(204)
629382(271)
629383(272)
629391(211)
629394(225)
629399(280)
629400(253)
629408(254)
629415(255)
629416(251)
629323(312)
629327(345)
629329(380)
629364(349)
629372(399)
629272(315)
629291(360)
629312(371)
629315(362)
629321(341)
629377(333)
629384(317)
629385(387)
629386(422)
629389(340)
629407(337)
629411(352)
629412(317)
629426(371)
629431(357)
629390(288)
629392(354)
629395(351)
629397(398)
629406(417)
Raunaq-e-Islam Govt. Girls College
629106(37)
629107(38)
629108(66)
629119(37)
629126(46)
629136(34)
629167(105)
629161(91)
629163(81)
629164(82)
629165(79)
629166(86)
629111(59)
629123(56)
629128(51)
629135(106)
629148(87)
629154(59)
629155(93)
629157(79)
629158(76)
629159(92)
629101(98)
629104(137)
629105(109)
629115(137)
629116(103)
629127(123)
629140(120)
629143(135)
629144(149)
629145(126)
629146(146)
629152(153)
629162(126)
629168(145)
629169(126)
629102(193)
629103(170)
629109(133)
629113(208)
629114(210)
629118(179)
629124(179)
629133(207)
629137(200)
629138(229)
629139(210)
629141(171)
629142(218)
629149(167)
629160(172)
629120(252)
629121(248)
629122(253)
629130(246)
629132(287)
629134(251)
629151(228)
629153(274)
629125(257)
629131(339)
629147(273)
629150(299)
629156(252)
Govt Girls Inter Sc./Arts College Moosa Lane, Lyari
628890(51)
628896(37)
628911(22)
628953(37)
628967(46)
628968(37)
628969(33)
628940(74)
628941(82)
628946(100)
628955(72)
628958(71)
628975(76)
628976(58)
628981(81)
628982(85)
628983(70)
75
629768(275)
629769(289)
629776(231)
629791(237)
629801(245)
629761(252)
629763(271)
629764(222)
629765(286)
629767(247)
629825(233)
629827(290)
629835(272)
629836(259)
629804(253)
629807(254)
629819(232)
629822(197)
629823(198)
629782(472)
629783(468)
629784(440)
629785(459)
629786(434)
629790(412)
629793(273)
629794(377)
629795(364)
629796(274)
629762(326)
629766(311)
629772(293)
629773(340)
629774(411)
629775(365)
629777(316)
629779(416)
629780(271)
629781(372)
629802(373)
629803(345)
629805(375)
629808(328)
629810(329)
629829(312)
629830(324)
629831(368)
629832(331)
629834(369)
629838(353)
629839(389)
629840(334)
629811(426)
629812(364)
629813(376)
629814(331)
629815(371)
629816(408)
629817(395)
629818(373)
629821(336)
629828(369)
K.M.A. Girls Degree College
629337(18)
629338(57)
629348(42)
629349(42)
629356(29)
629357(19)
629374(21)
629410(59)
629413(53)
629417(61)
629420(44)
629429(37)
629283(23)
629290(37)
629309(41)
629311(33)
629317(27)
629313(73)
629314(90)
629318(89)
629342(68)
629350(67)
629284(104)
629301(103)
629302(80)
629304(61)
629307(75)
629387(64)
629423(93)
629427(104)
629432(78)
629433(74)
629352(64)
629354(89)
629360(104)
629366(71)
629375(66)
629280(119)
629281(96)
629282(134)
629289(110)
629305(135)
629271(141)
629274(118)
629275(120)
629276(144)
629279(135)
629261(148)
629262(141)
629265(112)
629269(112)
629270(120)
629331(128)
629332(126)
629340(144)
629344(135)
629355(128)
629405(148)
629409(137)
629414(128)
629421(139)
629422(118)
629381(116)
629388(101)
629393(110)
629396(111)
629402(151)
629358(117)
629370(101)
629373(104)
629378(103)
629379(96)
629320(185)
629322(149)
629324(189)
629325(180)
629326(181)
629288(202)
629297(157)
629299(221)
629316(168)
629319(226)
629264(207)
629267(136)
629277(147)
629278(172)
629287(153)
629398(148)
629401(215)
629404(207)
629434(210)
629353(150)
629361(191)
629365(192)
629369(180)
629371(227)
629339(186)
629341(151)
629343(171)
629347(180)
629351(201)
629435(233)
76
630224(230)
630236(161)
630237(197)
630242(185)
630245(152)
630193(181)
630194(191)
630212(196)
630215(156)
630220(190)
630162(164)
630169(174)
630172(259)
630174(196)
630181(172)
630295(249)
630304(268)
630307(311)
630332(239)
630351(266)
630241(243)
630262(270)
630268(227)
630285(280)
630290(249)
630168(257)
630176(270)
630191(236)
630211(282)
630222(273)
630429(272)
630431(217)
630432(223)
630404(239)
630412(246)
630416(212)
630424(245)
630428(233)
630363(278)
630364(259)
630383(242)
630384(266)
630402(236)
630204(295)
630238(335)
630275(298)
630336(329)
630426(362)
630433(315)
Shaheed Benazir Bhutto Govt. Degree Girls College Lyari
630047(18)
630053(35)
630063(24)
630074(58)
630033(55)
630035(104)
630036(86)
630038(77)
630040(105)
630042(80)
630051(82)
630055(78)
630060(69)
630066(74)
630070(66)
630071(86)
630023(53)
630024(84)
630026(72)
630027(92)
630031(67)
630029(130)
630043(148)
630048(157)
630049(113)
630056(95)
630061(121)
630076(131)
630025(151)
630032(202)
630039(201)
630044(202)
630054(218)
630073(182)
630021(205)
630022(217)
630034(249)
630046(194)
630064(242)
630072(224)
630052(343)
630075(307)
Govt. Degree Girls College Punjabi Club, Kharadar
629824(35)
629789(92)
629800(83)
629770(117)
629788(119)
629833(132)
629841(132)
629842(158)
629771(177)
629778(186)
629792(179)
629797(180)
629798(154)
629799(215)
629809(285)
629826(169)
629837(204)
77
630183(22)
630199(47)
630206(34)
630221(33)
630226(63)
630256(66)
630259(80)
630263(73)
630265(55)
630271(84)
630249(67)
630250(56)
630251(77)
630252(106)
630255(88)
630287(64)
630289(73)
630293(69)
630299(84)
630300(95)
630276(94)
630277(72)
630278(73)
630280(85)
630281(96)
630230(77)
630243(79)
630244(83)
630246(62)
630247(73)
630192(67)
630195(96)
630198(75)
630200(72)
630202(92)
630184(92)
630185(77)
630187(73)
630188(93)
630190(83)
630219(69)
630223(76)
630225(63)
630227(62)
630228(59)
630205(70)
630209(87)
630216(121)
630217(54)
630218(93)
630403(76)
630406(68)
630407(66)
630410(63)
630419(79)
630372(82)
630376(64)
630378(85)
630385(52)
630390(62)
630441(64)
630422(63)
630425(84)
630430(63)
630435(76)
630440(53)
630357(69)
630358(77)
630360(73)
630368(73)
630369(85)
630319(108)
630320(109)
630325(81)
630328(81)
630329(87)
630301(91)
630302(91)
630308(102)
630309(109)
630311(84)
630341(71)
630343(80)
630344(76)
630349(55)
630350(87)
630330(73)
630331(74)
630335(103)
630339(92)
630340(61)
630166(76)
630171(82)
630177(86)
630180(87)
630182(88)
630264(150)
630267(146)
630273(145)
630274(155)
630282(140)
630291(148)
630297(129)
630298(118)
630305(107)
630310(143)
630316(124)
630321(137)
630326(126)
630327(127)
630333(164)
630235(116)
630240(120)
630253(122)
630257(124)
630258(100)
630161(127)
630163(112)
630165(100)
630167(160)
630170(135)
630173(150)
630175(117)
630178(108)
630179(102)
630186(146)
630207(120)
630229(88)
630231(133)
630232(146)
630233(120)
630394(126)
630398(104)
630400(110)
630401(119)
630409(112)
630417(114)
630418(98)
630420(103)
630423(108)
630437(114)
630438(125)
630442(103)
630380(103)
630382(94)
630387(96)
630389(100)
630392(108)
630334(166)
630345(120)
630346(113)
630347(111)
630353(123)
630355(119)
630356(151)
630365(125)
630366(110)
630367(133)
630373(109)
630374(136)
630375(130)
630377(113)
630379(113)
630315(203)
630322(206)
630323(169)
630324(213)
630337(202)
630286(192)
630303(162)
630306(183)
630312(203)
630314(226)
630248(172)
630261(155)
630272(195)
630283(195)
630284(220)
630411(212)
630413(185)
630414(171)
630421(156)
630427(160)
630391(178)
630393(158)
630395(178)
630397(137)
630405(194)
630348(181)
630352(179)
630354(165)
630359(180)
630371(197)
78
630960(180)
630963(172)
630974(150)
630976(166)
630978(170)
630981(141)
630988(136)
630991(155)
630996(212)
630999(161)
630941(159)
630945(162)
630946(145)
630949(158)
630950(165)
630865(161)
630877(154)
630881(169)
630885(163)
630890(154)
630910(163)
630923(166)
630925(195)
630926(152)
630929(150)
631001(187)
631003(169)
631005(222)
631013(210)
631016(187)
631062(157)
631075(165)
631076(186)
631077(228)
631078(195)
631017(157)
631019(208)
631020(207)
631029(144)
631032(168)
631037(168)
631046(174)
631049(152)
631051(212)
631054(203)
630956(211)
630957(228)
630958(203)
630964(225)
630967(218)
630968(209)
630969(218)
630970(246)
630983(196)
630990(207)
630909(220)
630914(206)
630943(272)
630944(285)
630954(247)
630863(271)
630870(233)
630875(196)
630879(230)
630887(275)
630893(247)
630898(260)
630899(248)
630902(303)
630903(311)
631065(320)
631086(206)
631089(308)
631094(291)
631110(262)
631112(248)
631028(278)
631030(282)
631033(204)
631048(243)
631061(255)
631000(278)
631002(300)
631004(256)
631009(247)
631010(277)
631012(207)
631015(245)
631025(249)
631026(253)
631027(240)
630907(345)
630911(354)
630913(261)
630966(295)
630982(401)
630989(277)
631006(378)
631007(271)
631008(309)
631050(264)
631059(287)
631093(238)
631115(362)
Govt. College For Women Saudabad
630711(24)
630714(17)
630702(55)
630704(69)
630708(136)
630710(100)
630709(205)
630713(169)
630716(170)
630706(208)
630715(285)
630705(431)
630707(353)
630712(428)
Govt. Girls Comm/Arts College, C-1 Area, Malir
630279(22)
630288(25)
630296(24)
630338(31)
630361(27)
630234(22)
630254(33)
630260(47)
630266(19)
630270(29)
630408(51)
630434(32)
630370(20)
630381(22)
630386(29)
630388(23)
630399(24)
79
631664(207)
631673(162)
631662(251)
631665(238)
631667(235)
631669(244)
631670(264)
631681(256)
631682(290)
631685(251)
631693(251)
631696(295)
631672(333)
631674(337)
631675(301)
631676(295)
631677(330)
631661(285)
631663(325)
631666(282)
631668(328)
631671(319)
631678(334)
631679(355)
631680(284)
631683(319)
631684(339)
631692(332)
631694(333)
631695(346)
631697(304)
631698(283)
631686(295)
631687(277)
631688(303)
631689(313)
631691(338)
Govt. Girls Degree College, Kathore
630931(32)
630932(19)
630934(35)
630938(28)
630939(24)
630886(42)
630892(24)
630918(23)
630919(26)
630920(18)
630868(17)
630873(18)
630874(55)
630882(22)
630884(29)
630940(27)
630952(26)
630973(31)
630975(32)
630979(36)
631098(37)
631105(25)
631106(25)
631108(54)
631063(27)
631067(19)
631080(44)
631083(71)
631084(50)
630985(23)
630987(21)
630997(23)
631052(36)
631058(21)
630915(78)
630916(81)
630924(68)
630933(87)
630935(65)
630936(76)
630948(78)
630959(93)
630977(82)
630986(66)
630861(75)
630862(96)
630864(66)
630867(61)
630869(75)
630883(66)
630891(60)
630894(81)
630901(72)
630906(78)
631087(61)
631096(69)
631097(63)
631099(103)
631103(65)
631107(67)
631118(85)
630992(67)
630995(62)
631023(79)
631042(71)
631055(80)
631057(93)
631066(98)
631068(74)
631073(55)
631074(84)
630953(132)
630955(129)
630962(160)
630972(113)
630980(99)
630984(112)
630993(91)
631011(112)
631018(105)
631021(138)
630922(133)
630927(108)
630928(99)
630937(110)
630947(152)
630866(119)
630880(114)
630895(111)
630896(108)
630897(117)
630900(128)
630904(112)
630905(117)
630908(152)
630921(114)
631024(143)
631031(144)
631034(122)
631035(110)
631036(108)
631101(136)
631109(142)
631113(127)
631114(135)
631116(107)
631119(115)
631120(132)
631121(106)
631122(140)
631070(142)
631071(150)
631072(115)
631088(108)
631100(106)
631038(157)
631040(119)
631043(100)
631045(122)
631047(126)
631053(159)
631056(136)
631060(114)
631064(137)
631069(173)
631079(190)
631081(208)
631082(176)
631090(189)
631091(159)
631092(193)
631095(169)
631102(190)
631104(167)
631117(166)
80
632094(62)
632100(52)
632106(75)
632109(62)
632114(81)
632063(94)
632068(58)
632074(87)
632080(72)
632090(65)
632108(119)
632110(119)
632136(95)
632143(131)
632150(97)
632156(124)
632162(100)
632166(118)
632174(129)
632179(102)
632061(118)
632062(110)
632066(126)
632073(135)
632077(126)
632087(159)
632089(114)
632092(104)
632101(94)
632107(101)
632188(118)
632193(108)
632198(117)
632204(93)
632209(130)
632259(144)
632260(101)
632268(106)
632272(152)
632275(155)
632276(130)
632210(133)
632212(111)
632222(126)
632223(106)
632230(88)
632236(108)
632237(146)
632244(121)
632245(112)
632250(106)
632151(174)
632158(192)
632168(153)
632170(126)
632183(217)
632122(143)
632123(207)
632126(161)
632128(172)
632137(194)
632102(155)
632104(150)
632105(168)
632118(175)
632121(146)
632185(174)
632190(164)
632191(139)
632199(167)
632202(157)
632270(140)
632271(159)
632273(160)
632231(149)
632232(128)
632248(162)
632263(147)
632265(172)
632207(152)
632214(171)
632219(192)
632220(184)
632221(176)
632071(186)
632072(151)
632075(223)
632081(242)
632085(162)
632140(189)
632154(225)
632155(217)
632157(208)
632161(277)
632127(265)
632129(206)
632130(187)
632135(212)
632139(283)
632082(287)
632088(267)
632103(198)
632112(239)
632124(280)
632164(241)
632175(233)
632177(261)
632181(227)
632187(262)
632257(277)
632258(205)
632216(204)
632226(254)
632243(200)
632247(220)
632249(201)
632194(230)
632195(209)
632203(249)
632206(204)
632213(226)
632159(328)
632160(383)
632167(273)
632172(312)
632173(293)
632069(338)
632091(312)
632142(310)
632146(258)
632153(342)
632176(219)
632178(244)
632180(295)
632184(285)
632218(349)
632267(347)
632274(417)
632234(345)
632239(308)
632251(333)
632252(353)
632256(267)
Liaquat Govt. College
81
632573(64)
632584(77)
632590(52)
632594(74)
632598(55)
632580(116)
632583(108)
632593(102)
632599(112)
632614(117)
632571(100)
632572(103)
632575(103)
632576(126)
632577(114)
632625(134)
632630(110)
632615(116)
632617(137)
632620(143)
632621(126)
632624(114)
632578(155)
632579(203)
632606(157)
632607(170)
632612(202)
632616(168)
632618(160)
632622(161)
632631(194)
632632(162)
632574(171)
632608(198)
632619(241)
632610(383)
Govt. Girls Higher Secondary School Bhiro Village, Malir
632420(39)
632448(23)
632459(17)
632466(17)
632469(32)
632434(88)
632440(61)
632446(70)
632453(58)
632460(74)
632470(142)
632415(128)
632416(118)
632419(122)
632422(126)
632424(127)
632425(110)
632433(91)
632438(128)
632441(102)
632442(120)
632443(101)
632444(98)
632451(127)
632455(88)
632468(122)
632417(147)
632423(169)
632426(149)
632427(168)
632432(170)
632435(178)
632447(138)
632449(134)
632450(162)
632457(173)
632458(129)
632462(170)
632465(154)
632411(222)
632418(224)
632421(206)
632428(257)
632429(228)
632456(221)
632461(201)
632436(358)
632437(345)
632439(271)
632467(311)
Govt. Girls Higher Secondary School Murad Memon Goth
632065(58)
632067(41)
632070(54)
632078(23)
632086(33)
632096(22)
632113(36)
632120(38)
632125(35)
632147(37)
632205(17)
632255(48)
632262(42)
632264(34)
632171(77)
632182(89)
632201(88)
632211(72)
632215(57)
632117(74)
632132(74)
632138(57)
632148(86)
632165(66)
632217(84)
632225(75)
632227(97)
632233(89)
632235(57)
632266(96)
632269(79)
632238(76)
632240(65)
632241(60)
632246(61)
632261(81)
82
632945(182)
632949(216)
632957(197)
632959(164)
632969(156)
632932(266)
632933(182)
632937(191)
632938(205)
632941(203)
632902(188)
632906(183)
632910(145)
632922(204)
632923(155)
632974(185)
632982(157)
632986(149)
632993(206)
632997(178)
632998(242)
633000(288)
633004(203)
633005(253)
633010(230)
633011(274)
633017(225)
633021(289)
633026(248)
633034(239)
632967(239)
632971(235)
632975(292)
632983(273)
632987(332)
632901(293)
632904(182)
632925(292)
632928(230)
632929(242)
632936(259)
632947(286)
632950(203)
632951(276)
632955(224)
633042(230)
633046(259)
633047(261)
633049(203)
633052(235)
633110(256)
633113(211)
633123(180)
633129(243)
633130(214)
633138(270)
633145(247)
633146(272)
633153(283)
633159(248)
633097(254)
633101(262)
633105(252)
633106(246)
633107(235)
633064(222)
633075(224)
633080(239)
633081(229)
633082(284)
633085(254)
633086(229)
633088(252)
633090(262)
633094(222)
633044(315)
633045(260)
633051(349)
633069(368)
633084(446)
633099(311)
633103(367)
633116(398)
633119(349)
633120(306)
633143(272)
633029(241)
633035(316)
633038(353)
633039(350)
633040(304)
632927(334)
632948(345)
632961(381)
632963(384)
632970(375)
632988(342)
633001(440)
633006(285)
633008(314)
633025(306)
Govt. College For Women New Karachi 11-F
632788(33)
632794(37)
632795(36)
632796(35)
632801(47)
632804(39)
632805(35)
632810(43)
632811(39)
632784(57)
632802(66)
632814(72)
632815(69)
632790(126)
632798(145)
632809(130)
632816(121)
632807(158)
632787(202)
632789(232)
Govt. Girls Degree College, Darsano Channo
632587(38)
632588(34)
632589(23)
632595(19)
632600(34)
632601(68)
632602(78)
632603(75)
632609(83)
632613(64)
632623(82)
632627(105)
632628(72)
632629(84)
83
633505(283)
633508(206)
633510(252)
633513(198)
633516(247)
633492(219)
633493(228)
633497(275)
633499(253)
633504(249)
633481(257)
633483(214)
633485(266)
633486(336)
633491(227)
633523(273)
633526(275)
633527(224)
633528(214)
633529(211)
633511(286)
633520(322)
633521(291)
633522(266)
633525(399)
633487(386)
633494(307)
633496(295)
633506(347)
633507(244)
633556(281)
633558(449)
633531(321)
633538(368)
633540(308)
633541(361)
633542(403)
Govt. Degree Girls College Sector 11-B North Karachi
632965(46)
632973(49)
632978(53)
632981(64)
632985(43)
632905(40)
632911(47)
632926(21)
632946(34)
632953(44)
633073(17)
633095(45)
633114(34)
633142(36)
633160(42)
632999(38)
633013(37)
633028(36)
633058(35)
633063(34)
633050(69)
633053(72)
633071(100)
633072(71)
633078(77)
633009(62)
633018(95)
633024(76)
633031(88)
633032(119)
633147(69)
633151(77)
633087(68)
633091(62)
633098(77)
633121(67)
633131(104)
632907(66)
632908(60)
632909(63)
632917(57)
632968(95)
632976(87)
632977(87)
632979(106)
632980(111)
632984(81)
632989(77)
632991(93)
632996(91)
633002(108)
633003(85)
632956(124)
632958(127)
632960(140)
632962(129)
632964(110)
632966(131)
632990(149)
632992(123)
632994(167)
632995(124)
632935(109)
632939(113)
632940(169)
632944(115)
632954(156)
632903(131)
632912(115)
632913(126)
632914(105)
632918(117)
632919(128)
632920(154)
632921(143)
632930(131)
632934(160)
633136(104)
633139(152)
633140(113)
633141(109)
633152(127)
633154(109)
633157(125)
633158(132)
633100(117)
633115(112)
633118(110)
633122(134)
633132(150)
633007(147)
633012(131)
633014(133)
633037(134)
633043(114)
633054(115)
633055(118)
633076(105)
633089(115)
633096(115)
633057(158)
633059(162)
633060(147)
633061(143)
633065(174)
633066(201)
633077(160)
633079(143)
633092(151)
633093(155)
633015(241)
633016(193)
633019(191)
633022(188)
633023(207)
633030(199)
633033(197)
633041(175)
633048(161)
633056(136)
633137(181)
633144(208)
633148(171)
633149(165)
633155(142)
633156(152)
633102(145)
633108(181)
633109(163)
633111(186)
633112(148)
633124(155)
633126(167)
633127(215)
633133(147)
633134(169)
84
634222(342)
634224(323)
634240(319)
634246(323)
634253(312)
634212(332)
634215(267)
634216(263)
634217(348)
634218(297)
Govt. Degree Girls College Buffer Zone
633882(97)
633888(97)
633897(55)
633913(78)
633921(87)
633927(56)
633935(53)
633941(60)
633874(116)
633880(131)
633898(91)
633903(105)
633906(119)
633907(123)
633918(100)
633932(99)
633933(113)
633939(113)
633950(104)
633890(209)
633894(189)
633895(205)
633899(233)
633900(179)
633871(191)
633872(184)
633877(153)
633885(160)
633886(155)
633912(175)
633920(134)
633922(186)
633948(187)
633902(168)
633904(137)
633905(199)
633908(192)
633911(174)
633923(224)
633926(266)
633934(226)
633944(203)
633945(213)
633946(189)
633947(186)
633951(233)
633893(256)
633909(204)
633910(300)
633915(302)
633917(259)
633873(211)
633876(250)
633879(256)
633884(251)
633889(219)
633901(258)
633916(358)
633919(438)
633924(353)
633925(430)
633878(359)
633881(297)
633883(350)
633887(253)
633891(375)
633943(335)
633949(291)
633929(312)
633931(273)
633937(263)
633938(339)
633940(290)
Nishtar Govt. Girls College 11-B, North Karachi.
633517(42)
633482(71)
633489(84)
633509(62)
633515(68)
633535(87)
633561(77)
633484(115)
633488(112)
633501(102)
633524(125)
633533(84)
633547(144)
633555(111)
633562(83)
633490(135)
633495(160)
633498(182)
633502(165)
633503(154)
633512(188)
633514(151)
633518(154)
633519(181)
633530(189)
633548(223)
633554(161)
633557(183)
633563(172)
633534(279)
633537(254)
633539(257)
633543(264)
633545(242)
633546(254)
633549(207)
633551(259)
633553(223)
633559(308)
85
634292(26)
634296(32)
634297(20)
634307(37)
634312(21)
634220(39)
634235(24)
634269(23)
634277(27)
634285(34)
634314(24)
634339(57)
634349(48)
634352(36)
634353(33)
634355(51)
634360(28)
634400(17)
634402(22)
634404(20)
634298(72)
634306(64)
634323(94)
634324(73)
634337(90)
634345(76)
634347(58)
634348(95)
634357(85)
634359(68)
634214(56)
634226(103)
634231(86)
634233(83)
634238(68)
634241(92)
634243(86)
634247(71)
634279(87)
634284(70)
634419(72)
634420(99)
634421(101)
634424(63)
634426(76)
634431(70)
634362(65)
634367(58)
634368(68)
634371(70)
634375(63)
634389(100)
634390(81)
634397(101)
634410(63)
634411(64)
634309(109)
634325(132)
634326(128)
634328(133)
634340(114)
634281(109)
634290(122)
634302(93)
634305(113)
634308(111)
634260(140)
634262(127)
634268(142)
634271(135)
634280(108)
634388(151)
634392(108)
634417(105)
634430(131)
634370(137)
634373(106)
634376(103)
634385(130)
634387(159)
634341(104)
634342(120)
634344(106)
634346(160)
634364(123)
634219(128)
634221(146)
634232(113)
634234(139)
634236(123)
634239(138)
634242(128)
634248(139)
634249(115)
634257(124)
634287(193)
634288(141)
634289(169)
634291(147)
634295(141)
634261(160)
634263(208)
634264(175)
634265(196)
634274(196)
634211(161)
634213(167)
634229(164)
634250(176)
634252(160)
634310(141)
634316(168)
634329(147)
634334(191)
634338(180)
634413(207)
634414(191)
634372(211)
634374(157)
634386(179)
634399(214)
634406(178)
634356(170)
634358(197)
634363(192)
634366(137)
634369(168)
634293(199)
634303(199)
634317(238)
634320(262)
634327(208)
634258(244)
634266(242)
634267(234)
634273(196)
634276(200)
634223(256)
634227(221)
634230(214)
634237(284)
634256(200)
634330(181)
634331(206)
634335(260)
634336(229)
634343(216)
634422(228)
634382(277)
634391(216)
634395(228)
634396(238)
634416(292)
634351(274)
634354(239)
634377(254)
634378(293)
634380(232)
634299(431)
634300(324)
634301(229)
634304(284)
634315(310)
634255(379)
634259(343)
634278(333)
634286(262)
634294(311)
634383(343)
634384(350)
634393(287)
634418(324)
634425(345)
634319(287)
634332(307)
634333(334)
634350(420)
634361(326)
86
634752(179)
634753(184)
634754(193)
634755(192)
634763(198)
634767(158)
634769(213)
634771(211)
634774(158)
634776(160)
634784(183)
634794(143)
634809(193)
634787(246)
634796(234)
634797(313)
634799(233)
634800(233)
634756(248)
634760(283)
634772(215)
634775(297)
634786(258)
634807(215)
634801(279)
634802(280)
634803(284)
634804(245)
634805(259)
634773(330)
Govt. Degree Girls College, Surjani Town
634592(64)
634597(47)
634624(41)
634689(36)
634593(93)
634598(63)
634605(79)
634620(93)
634632(70)
634635(80)
634636(83)
634654(92)
634686(82)
634690(80)
634582(159)
634587(100)
634607(133)
634611(134)
634664(124)
634667(113)
634672(118)
634680(118)
634681(133)
634691(106)
634617(141)
634623(149)
634626(234)
634634(198)
634640(208)
634583(165)
634594(187)
634602(200)
634606(204)
634610(173)
634682(180)
634684(145)
634651(177)
634653(214)
634657(233)
634666(197)
634670(196)
634630(311)
634631(231)
634633(335)
634637(359)
634638(254)
634639(250)
634641(321)
634642(327)
634643(296)
634644(362)
634585(276)
634595(296)
634596(284)
634600(262)
634604(323)
634609(246)
634612(307)
634622(279)
634625(332)
634628(232)
634645(309)
634646(270)
634647(257)
634649(262)
634650(218)
634673(287)
634674(204)
634675(188)
634676(261)
634679(289)
634687(241)
634652(257)
634655(273)
634656(200)
634658(273)
634659(292)
634660(189)
634662(172)
634663(336)
634665(239)
634671(218)
634599(358)
634608(402)
634613(283)
634614(251)
634615(421)
634584(354)
634588(399)
634589(346)
634590(354)
634591(328)
634648(420)
634668(453)
634677(326)
634616(368)
634618(420)
634619(242)
634627(323)
634629(298)
Jan Muhammad Brohi Govt. Degree Girls College, Gulshan-e-Maymar
634405(38)
634412(39)
634427(54)
634428(39)
634429(41)
87
634940(91)
634947(114)
634977(76)
634985(73)
634998(70)
634997(136)
635003(130)
635008(115)
635024(142)
635043(115)
634938(126)
634943(138)
634949(105)
634954(132)
634958(136)
635077(111)
635078(108)
635082(103)
635044(146)
635059(107)
635061(107)
635065(98)
635071(111)
635006(192)
635009(201)
635011(191)
635012(141)
635013(149)
634973(190)
634980(167)
634984(190)
635001(183)
635004(190)
634934(230)
634941(172)
634942(157)
634957(208)
634967(165)
635074(160)
635090(152)
635052(184)
635057(203)
635064(183)
635066(155)
635073(164)
635023(182)
635025(163)
635030(189)
635035(200)
635042(141)
635018(326)
635019(265)
635020(228)
635021(247)
635022(244)
634996(272)
634999(340)
635014(263)
635015(239)
635017(307)
634991(261)
634992(344)
634993(238)
634994(284)
634995(246)
635075(206)
635079(260)
635080(220)
635081(235)
635086(242)
635040(218)
635046(162)
635053(270)
635063(188)
635072(210)
635026(197)
635027(235)
635029(259)
635031(231)
635036(255)
634961(263)
634962(293)
634963(314)
634964(318)
634965(238)
634950(276)
634951(287)
634952(233)
634953(253)
634959(270)
634931(263)
634933(270)
634937(214)
634944(249)
634945(210)
634986(339)
634987(234)
634988(248)
634989(294)
634990(231)
634978(261)
634979(232)
634981(289)
634982(238)
634983(247)
634966(326)
634968(277)
634971(222)
634972(285)
634976(245)
635028(326)
635033(350)
635037(245)
635038(323)
635041(252)
634974(328)
635000(347)
635002(325)
635007(325)
635016(364)
635045(283)
635047(327)
635048(313)
635054(293)
635055(356)
635087(272)
635088(249)
635056(384)
635062(312)
635083(377)
635084(241)
635085(342)
Govt. Degree Girls College Sector 11-I, North Karachi
634770(37)
634789(21)
634762(89)
634778(62)
634779(81)
634782(85)
634783(82)
634785(92)
634788(58)
634790(88)
634793(60)
634758(98)
634759(117)
634764(134)
634765(161)
634768(126)
634777(114)
634791(109)
634792(115)
634795(132)
634798(94)
634806(142)
634808(137)
88
635523(355)
635524(293)
635525(270)
635526(277)
635527(269)
635516(289)
635517(259)
635519(401)
635520(341)
635522(291)
635529(300)
635531(304)
635533(392)
635534(389)
635536(321)
635547(264)
635548(237)
635550(296)
635551(331)
635552(248)
635537(282)
635538(259)
635539(280)
635543(357)
635546(288)
635502(345)
635504(356)
635508(350)
635513(228)
635515(267)
635417(367)
635426(313)
635427(331)
635431(284)
635440(372)
635441(340)
635451(351)
635459(335)
635463(255)
635464(222)
635488(270)
635490(261)
635491(339)
635492(339)
635498(250)
635466(308)
635469(336)
635478(249)
635480(315)
635482(337)
635553(294)
635554(261)
635555(290)
635557(227)
635558(365)
635651(247)
635652(294)
635653(349)
635659(294)
635663(308)
635634(314)
635639(232)
635642(364)
635645(353)
635649(310)
635664(246)
635665(370)
635666(269)
635668(318)
635669(294)
635619(368)
635621(267)
635622(301)
635625(317)
635633(363)
635569(279)
635570(285)
635574(279)
635575(260)
635580(285)
635560(395)
635561(273)
635562(245)
635567(338)
635568(308)
635589(298)
635591(278)
635592(278)
635595(245)
635599(356)
635608(326)
635609(356)
635612(320)
635613(302)
635618(281)
635602(365)
635603(351)
635604(237)
635605(306)
635607(286)
635395(347)
635399(314)
635400(392)
635402(408)
635412(327)
635354(353)
635355(337)
635363(281)
635366(296)
635368(325)
635381(320)
635384(295)
635385(241)
635386(240)
635390(355)
Abdullah Govt. College For Women North Nazimabad
635321(180)
Azeemi Public Higher Secondary School
634936(33)
634969(36)
634970(54)
635032(21)
635060(21)
635070(18)
635076(36)
635005(65)
635034(79)
635039(75)
635050(52)
635058(67)
635067(67)
635068(76)
89
635514(198)
635518(219)
635521(207)
635528(198)
635540(185)
635501(214)
635503(294)
635505(337)
635510(246)
635511(238)
635545(219)
635549(283)
635559(257)
635565(292)
635566(298)
635594(220)
635606(239)
635611(233)
635615(229)
635616(238)
635571(233)
635579(221)
635581(234)
635582(207)
635584(207)
635489(306)
635493(237)
635494(205)
635495(193)
635499(289)
635430(244)
635432(255)
635433(237)
635434(247)
635435(196)
635445(298)
635447(175)
635449(216)
635452(191)
635456(227)
635475(306)
635477(189)
635479(269)
635481(195)
635483(162)
635462(233)
635465(240)
635468(195)
635470(282)
635474(234)
635638(209)
635640(301)
635647(293)
635648(228)
635650(237)
635776(220)
635777(252)
635780(236)
635787(208)
635802(187)
635756(227)
635758(255)
635761(239)
635766(251)
635773(188)
635811(210)
635814(336)
635821(269)
635834(227)
635839(200)
635748(203)
635749(227)
635752(239)
635753(268)
635755(238)
635676(216)
635679(235)
635684(234)
635688(245)
635701(181)
635658(198)
635660(227)
635662(257)
635667(224)
635675(231)
635703(175)
635706(221)
635707(244)
635710(252)
635711(223)
635734(257)
635736(219)
635740(231)
635742(230)
635744(230)
635717(243)
635720(252)
635721(218)
635731(240)
635733(243)
635358(214)
635359(216)
635360(192)
635362(192)
635364(216)
635419(238)
635420(234)
635422(270)
635424(261)
635429(223)
635367(326)
635370(260)
635371(239)
635376(320)
635380(276)
635397(306)
635407(206)
635408(248)
635409(277)
635414(211)
635382(238)
635391(276)
635392(311)
635393(315)
635394(206)
635771(344)
635775(286)
635781(380)
635783(330)
635784(319)
635763(323)
635765(262)
635768(279)
635769(294)
635770(332)
635793(394)
635794(323)
635796(373)
635797(304)
635798(297)
635785(331)
635786(351)
635788(295)
635789(318)
635790(325)
635691(389)
635692(365)
635704(283)
635705(275)
635719(305)
635677(305)
635678(292)
635680(328)
635689(329)
635690(337)
635729(347)
635732(296)
635743(300)
635745(298)
635762(280)
635723(315)
635724(307)
635725(264)
635726(242)
635728(343)
635879(337)
635880(298)
635881(312)
635882(337)
635891(302)
635866(257)
635869(307)
635875(386)
635877(405)
635878(275)
635915(313)
635893(341)
635901(254)
635902(270)
635903(248)
635909(281)
635847(355)
635850(268)
635852(306)
635853(276)
635854(268)
635807(353)
635808(365)
635809(337)
635810(251)
635812(345)
635799(314)
635800(345)
635804(296)
635805(407)
635806(371)
635826(348)
635835(333)
635841(320)
635842(371)
635846(337)
635813(396)
635815(311)
635818(329)
635819(316)
635823(251)
90
635542(65)
635563(65)
635583(57)
635585(69)
635601(56)
635629(62)
635630(65)
635635(58)
635681(64)
635694(87)
635374(73)
635389(59)
635415(71)
635428(77)
635439(64)
635443(64)
635467(86)
635485(69)
635496(78)
635535(93)
635699(83)
635716(96)
635746(95)
635747(95)
635750(88)
635778(108)
635792(67)
635828(86)
635831(80)
635837(68)
635509(119)
635530(119)
635541(102)
635556(135)
635572(122)
635576(134)
635578(115)
635587(104)
635588(113)
635627(100)
635628(112)
635631(101)
635637(105)
635641(154)
635671(122)
635352(120)
635353(101)
635379(98)
635383(120)
635403(120)
635404(142)
635406(119)
635411(113)
635418(124)
635436(111)
635460(114)
635471(160)
635484(137)
635486(98)
635500(99)
635836(140)
635848(132)
635855(97)
635860(130)
635868(157)
635870(88)
635876(166)
635905(117)
635911(135)
635916(117)
635917(114)
635919(125)
635922(109)
635682(120)
635683(126)
635695(118)
635702(112)
635708(132)
635712(129)
635713(107)
635714(132)
635715(146)
635722(115)
635737(128)
635816(97)
635820(119)
635824(142)
635827(120)
635597(151)
635598(167)
635600(164)
635610(155)
635617(188)
635507(149)
635577(162)
635586(145)
635590(158)
635593(155)
635644(208)
635646(194)
635654(175)
635656(155)
635657(165)
635620(155)
635623(180)
635624(168)
635626(195)
635643(173)
635472(172)
635473(168)
635476(164)
635497(147)
635506(197)
635377(191)
635378(152)
635396(200)
635405(187)
635410(173)
635351(152)
635356(171)
635365(161)
635369(160)
635373(154)
635444(182)
635446(167)
635455(160)
635457(171)
635461(168)
635416(227)
635421(171)
635423(188)
635437(167)
635442(177)
635832(156)
635838(180)
635843(183)
635857(174)
635859(214)
635803(181)
635822(204)
635825(180)
635829(169)
635830(180)
635896(174)
635897(146)
635908(184)
635913(184)
635914(187)
635861(124)
635874(190)
635884(154)
635890(144)
635894(205)
635772(177)
635774(171)
635779(173)
635782(187)
635791(154)
635687(183)
635693(193)
635696(159)
635697(198)
635698(169)
635670(194)
635672(185)
635673(184)
635685(190)
635686(145)
635754(181)
635757(169)
635760(177)
635764(165)
635767(184)
635709(146)
635730(186)
635735(207)
635738(155)
635739(180)
635863(252)
635867(226)
635871(221)
635872(227)
635873(228)
635840(249)
635849(239)
635851(200)
635858(236)
635862(180)
635900(233)
635906(240)
635910(249)
635883(234)
635885(225)
635886(228)
635892(244)
635895(272)
91
636080(78)
636086(68)
636110(61)
636143(86)
636079(113)
636083(105)
636088(105)
636089(113)
636117(112)
636123(112)
636124(111)
636132(106)
636134(90)
636146(94)
636147(128)
636181(129)
636205(106)
636221(120)
636232(128)
636105(191)
636108(245)
636109(226)
636114(184)
636122(157)
636073(165)
636077(152)
636082(163)
636087(160)
636094(164)
636129(160)
636140(189)
636144(188)
636153(142)
636154(162)
636220(151)
636162(173)
636163(158)
636197(162)
636198(172)
636209(151)
636194(205)
636196(257)
636199(259)
636200(299)
636201(288)
636187(234)
636188(297)
636190(279)
636191(282)
636193(307)
636182(237)
636183(248)
636184(232)
636185(267)
636186(252)
636202(243)
636204(225)
636211(294)
636214(209)
636215(248)
636231(336)
636225(248)
636226(196)
636228(200)
636229(266)
636230(233)
636216(280)
636217(257)
636218(226)
636219(255)
636223(190)
636170(256)
636171(305)
636172(308)
636175(261)
636178(289)
636096(358)
636099(229)
636102(248)
636103(303)
636106(229)
636107(311)
636111(219)
636112(237)
636113(234)
636115(215)
636071(183)
636074(233)
636076(333)
636081(220)
636084(252)
636090(194)
636091(310)
636092(242)
636093(326)
636095(301)
636118(236)
636126(208)
636127(287)
636128(294)
636130(233)
636158(214)
636159(338)
636160(229)
636161(237)
636164(271)
636165(261)
636166(192)
636167(312)
636168(292)
636169(292)
636131(260)
636133(278)
636135(233)
636138(253)
636139(262)
636142(264)
636145(245)
636148(311)
636150(282)
636151(207)
636116(444)
636125(344)
636136(324)
636149(276)
636155(352)
636072(336)
636097(328)
636100(344)
636101(356)
636104(384)
636156(345)
636157(380)
636173(317)
636179(376)
636180(384)
636222(307)
636192(308)
636195(346)
636210(334)
636212(278)
636213(299)
Govt. Degree College For Women Block-M, North Nazimabad
635372(37)
635387(37)
635413(35)
635450(30)
635596(44)
635636(24)
635700(57)
635864(40)
635845(97)
635856(63)
635888(87)
635889(84)
635904(66)
635912(82)
635918(84)
635920(84)
635921(84)
92
636763(122)
636765(129)
636772(113)
636780(100)
636783(127)
636792(102)
636796(117)
636800(115)
636802(121)
636815(107)
636797(130)
636801(171)
636806(155)
636811(147)
636814(141)
636773(141)
636778(201)
636779(200)
636782(151)
636794(157)
636817(129)
636820(176)
636822(205)
636824(185)
636825(175)
636858(175)
636829(143)
636831(123)
636833(140)
636843(193)
636853(188)
636777(301)
636784(187)
636785(242)
636786(237)
636788(226)
636764(276)
636767(226)
636770(284)
636775(230)
636776(221)
636789(201)
636793(310)
636798(202)
636799(258)
636805(291)
636849(281)
636854(298)
636812(266)
636823(288)
636826(229)
636827(278)
636832(281)
636761(374)
636803(337)
636813(354)
636819(341)
636837(338)
636842(243)
636845(326)
Govt. Girls Comprehensive Higher Sec. School Block M, N. Nazimabad
636455(42)
636483(32)
636498(89)
636459(111)
636493(97)
636451(196)
636453(174)
636460(159)
636470(217)
636477(166)
636479(188)
636492(156)
636465(262)
636466(257)
636468(244)
636469(286)
636471(287)
636452(285)
636457(321)
636458(189)
636461(225)
636462(216)
636472(233)
636474(231)
636475(349)
636478(242)
636481(310)
636496(378)
636497(355)
636500(281)
636501(297)
636502(199)
636484(214)
636488(249)
636489(276)
636490(259)
636494(295)
636463(268)
636464(377)
636467(383)
636473(349)
636482(327)
636485(288)
636486(385)
636487(388)
636491(352)
636495(371)
636499(341)
636503(278)
Govt. Girls Sc./Comm. College Block K, North Nazimabad
636075(44)
636078(29)
636085(30)
636119(29)
636120(27)
636121(33)
636137(28)
636141(21)
636174(32)
636208(24)
636224(42)
636227(18)
93
Govt. Girls Degree College Sector 11, Orangi Town
637090(58)
637096(29)
637081(87)
637110(103)
637116(97)
637119(88)
637111(145)
637114(96)
637118(168)
637121(90)
637084(215)
637091(168)
637092(144)
637100(162)
637102(231)
637113(143)
637115(152)
637117(184)
637122(181)
637123(202)
637124(168)
637089(309)
637093(341)
637094(307)
637095(299)
637097(261)
637082(303)
637083(294)
637085(290)
637086(295)
637087(315)
637105(305)
637106(241)
637107(294)
637112(202)
637098(266)
637099(219)
637101(268)
637103(284)
637104(324)
Govt. Degree Girls College, 7-C, Orangi Town
637021(359)
637022(335)
637027(368)
637023(457)
637024(464)
637025(449)
637026(441)
Iqra Huffaz Girls Science College, Block B, North Nazimabad
636774(17)
636787(20)
636790(34)
636804(40)
636810(34)
636816(35)
636848(20)
636859(21)
636762(63)
636771(84)
636795(82)
636807(55)
636809(77)
636828(62)
636838(81)
636840(113)
636846(65)
636847(73)
636851(62)
636857(64)
636821(122)
636836(107)
94
637540(234)
637541(274)
637544(312)
637547(252)
637550(277)
637523(264)
637524(309)
637527(324)
637531(271)
637538(302)
637502(228)
637504(234)
637508(221)
637519(228)
637520(355)
637576(235)
637565(213)
637567(263)
637569(241)
637571(261)
637574(252)
637552(277)
637556(237)
637557(287)
637558(252)
637559(260)
637517(324)
637518(351)
637521(287)
637522(286)
637525(289)
637511(275)
637512(317)
637513(303)
637515(289)
637516(334)
637503(337)
637506(331)
637507(309)
637509(281)
637510(258)
637526(349)
637528(306)
637529(318)
637530(253)
637532(314)
637561(340)
637563(315)
637568(276)
637545(403)
637551(351)
637553(314)
637554(331)
637555(303)
637535(308)
637536(241)
637539(320)
637542(384)
637543(388)
Govt. Inter Sc./Arts/Comm. College Orangi Town Sector 15-C
637449(24)
637455(30)
637437(83)
637445(65)
637447(62)
637454(78)
637462(120)
637436(97)
637448(129)
637450(148)
637452(112)
637459(107)
637435(147)
637439(217)
637441(192)
637442(166)
637446(151)
637451(203)
637453(153)
637431(318)
637432(238)
637433(278)
637434(226)
637444(226)
637456(229)
637457(248)
637458(283)
637460(187)
637461(272)
637463(184)
Govt. Girls Degree College Qasba Colony
637321(164)
637324(209)
637325(191)
637326(183)
637323(230)
95
637938(286)
637940(251)
637943(289)
637948(234)
637949(274)
637925(285)
637926(257)
637928(268)
637932(265)
637933(302)
637903(282)
637904(248)
637905(284)
637913(258)
637922(271)
637950(282)
637956(291)
637957(315)
637960(235)
637962(215)
638035(285)
638046(288)
638047(308)
638048(325)
638052(334)
638053(330)
638054(300)
638072(270)
638078(288)
638085(280)
638086(336)
638087(337)
638089(321)
638092(272)
638093(318)
637906(362)
637919(355)
637939(387)
637958(351)
637967(340)
637972(369)
637988(330)
638000(314)
638004(395)
638009(354)
638010(313)
638012(307)
638017(341)
638028(320)
638029(278)
638095(263)
638096(293)
638098(342)
638102(292)
638106(277)
638158(317)
638164(311)
638165(429)
638179(290)
638183(334)
638188(238)
638191(300)
638193(328)
638196(326)
638199(229)
638202(243)
638108(272)
638110(273)
638114(344)
638117(305)
638118(305)
638124(334)
638125(333)
638129(372)
638141(347)
638145(379)
638146(384)
638149(360)
638150(251)
638154(340)
638155(306)
Govt. College For Women Shahrah-e-Liaquat
637832(95)
637838(150)
637840(141)
637842(147)
637844(153)
637833(205)
637837(186)
637845(182)
637848(219)
637853(182)
637834(267)
637839(250)
637843(288)
637846(305)
637849(266)
637850(241)
637851(270)
637852(229)
637835(387)
637836(356)
Govt. Girls Higher Secondary School Baba Willayat Ali Shah (Campus)
637573(52)
637514(82)
637537(76)
637564(68)
637548(134)
637575(139)
637577(112)
637501(188)
637505(185)
637533(187)
637546(199)
637560(216)
637562(223)
637566(188)
637570(164)
637578(183)
637581(204)
96
638051(69)
638064(111)
638065(77)
638069(62)
638073(66)
638007(57)
638016(60)
638026(82)
638040(63)
638045(87)
637911(106)
637924(74)
637946(113)
637987(70)
637989(98)
638163(66)
638170(84)
638176(70)
638177(64)
638205(74)
638074(68)
638116(66)
638133(84)
638135(68)
638137(90)
637959(104)
637961(110)
637968(148)
637973(120)
637974(122)
637976(118)
637977(152)
637980(128)
638001(124)
638006(93)
637937(164)
637942(119)
637945(151)
637947(144)
637952(121)
637902(151)
637909(95)
637916(147)
637917(141)
637918(148)
637921(160)
637929(127)
637931(95)
637934(154)
637935(186)
638162(103)
638172(118)
638180(125)
638184(105)
638187(97)
638208(114)
638101(114)
638107(103)
638127(126)
638152(140)
638157(153)
638018(148)
638021(133)
638034(155)
638049(133)
638057(145)
638063(101)
638075(110)
638079(107)
638083(121)
638088(107)
638105(162)
638112(133)
638120(191)
638132(189)
638134(180)
638143(168)
638151(153)
638156(163)
638166(140)
638167(157)
638168(179)
638169(146)
638192(183)
638198(183)
638207(179)
638068(188)
638080(147)
638082(136)
638099(148)
638100(167)
637951(185)
637953(152)
637955(196)
637969(152)
637970(180)
637923(212)
637927(163)
637936(230)
637941(162)
637944(196)
637901(186)
637908(182)
637912(193)
637914(202)
637915(196)
638025(147)
638044(193)
638050(171)
638059(171)
638062(166)
638003(185)
638005(184)
638011(156)
638023(184)
638024(168)
637982(167)
637985(184)
637986(178)
637992(164)
637996(157)
638020(269)
638022(256)
638027(247)
638031(272)
638032(221)
638033(247)
638037(273)
638038(288)
638041(204)
638042(242)
638043(274)
638056(221)
638058(216)
638061(253)
638066(288)
637999(253)
638002(205)
638013(226)
638014(194)
638019(238)
637963(235)
637964(230)
637965(251)
637966(264)
637971(311)
637979(258)
637981(258)
637983(286)
637984(247)
637990(207)
637991(227)
637994(215)
637995(242)
637997(234)
637998(252)
638067(237)
638070(295)
638071(234)
638084(207)
638090(230)
638173(273)
638174(225)
638175(225)
638181(186)
638182(264)
638186(251)
638190(275)
638194(214)
638195(261)
638200(272)
638201(207)
638209(253)
638144(278)
638147(342)
638148(275)
638160(238)
638161(255)
638094(206)
638097(224)
638103(213)
638109(235)
638111(199)
638115(284)
638121(338)
638122(212)
638123(215)
638126(238)
638128(236)
638131(290)
638136(168)
638138(301)
638142(239)
97
638724(57)
638714(77)
638715(69)
638721(64)
638752(96)
638763(62)
638662(96)
638679(77)
638683(94)
638712(76)
638713(86)
638799(90)
638811(58)
638764(63)
638789(67)
638795(94)
638797(81)
638798(74)
638727(128)
638733(120)
638734(138)
638737(136)
638738(108)
638669(125)
638685(110)
638698(136)
638718(132)
638720(133)
638780(143)
638781(110)
638803(138)
638808(150)
638746(160)
638754(146)
638774(131)
638775(105)
638778(124)
638711(175)
638716(169)
638723(176)
638725(168)
638728(207)
638691(153)
638694(184)
638700(162)
638705(166)
638708(183)
638661(167)
638670(164)
638675(181)
638684(194)
638687(184)
638794(206)
638796(181)
638801(160)
638804(197)
638805(219)
638758(156)
638783(183)
638784(164)
638787(208)
638790(156)
638730(219)
638732(178)
638735(265)
638736(252)
638757(216)
638786(261)
638791(256)
638806(288)
638807(208)
638809(222)
638762(275)
638770(242)
638776(197)
638777(245)
638779(253)
638690(260)
638699(250)
638703(235)
638707(198)
638709(206)
638673(230)
638676(275)
638680(191)
638681(285)
638686(291)
638663(265)
638666(282)
638667(242)
638668(278)
638671(228)
638710(244)
638726(230)
638729(289)
638731(252)
638739(266)
638753(255)
638755(283)
638756(266)
638759(202)
638760(329)
638745(282)
638747(305)
638748(282)
638749(257)
638750(235)
638740(275)
638741(278)
638742(289)
638743(294)
638744(255)
638695(298)
638696(345)
638697(341)
638704(280)
638706(292)
638678(316)
638688(256)
638689(250)
638692(263)
638693(274)
638664(301)
638665(374)
638672(299)
638674(340)
638677(272)
638717(267)
638719(336)
638751(341)
638761(349)
638765(248)
638800(328)
638802(290)
638773(429)
638782(303)
638785(391)
638788(367)
638793(260)
638766(337)
638767(418)
638768(289)
638771(326)
638772(277)
Govt. Girls Degree College, Gizri Clifton
637993(40)
638077(27)
638091(27)
638113(21)
638139(21)
638159(30)
638178(33)
638185(24)
638197(42)
638203(19)
638204(35)
638211(22)
638210(69)
98
639363(362)
639365(344)
639366(325)
639369(333)
639373(313)
639374(282)
639380(370)
639381(282)
639383(381)
639386(339)
639340(319)
639343(380)
639351(352)
639355(342)
639356(337)
639295(323)
639296(331)
639301(383)
639303(300)
639304(334)
639311(305)
639313(298)
639325(368)
639337(404)
639339(389)
639403(291)
639405(290)
639408(324)
639410(375)
639411(359)
639387(324)
639388(353)
639389(305)
639390(312)
639391(319)
639393(306)
639394(372)
639397(290)
639398(318)
639399(390)
S.M.B. Fatima Jinnah Govt. Girls Degree College Nishtar Road
639043(22)
639084(32)
639044(85)
639047(60)
639049(76)
639051(71)
639054(74)
638971(80)
638981(86)
638982(71)
638999(87)
639024(55)
639086(62)
639059(72)
639063(103)
639069(82)
639075(74)
639079(59)
639068(161)
639071(163)
639072(164)
639073(110)
639076(101)
639056(121)
639058(135)
639060(110)
639064(120)
639065(118)
639092(113)
639095(132)
639096(134)
639097(156)
639099(157)
639081(149)
639082(132)
639083(94)
639087(122)
639089(128)
638985(122)
638987(126)
638990(149)
638995(108)
639006(161)
639010(124)
639014(150)
639031(113)
639046(126)
639048(115)
639009(162)
639011(168)
639013(202)
639015(201)
639017(237)
638993(191)
638998(196)
639000(177)
639003(199)
639008(219)
638972(142)
638976(185)
638979(191)
638989(156)
638991(179)
639085(150)
639088(189)
639091(164)
639093(205)
639098(184)
639050(148)
639052(179)
639057(167)
639070(202)
639078(165)
639021(231)
639030(166)
639041(217)
639042(223)
639045(168)
639005(250)
639007(259)
639012(279)
639016(252)
639018(297)
638994(206)
638996(320)
639001(280)
639002(235)
639004(249)
638974(204)
638978(236)
638980(219)
638984(264)
638992(273)
639019(295)
639025(318)
639026(279)
639027(267)
639029(282)
639090(250)
639094(277)
639055(210)
639061(249)
639067(278)
639077(246)
639080(246)
639033(225)
639036(240)
639038(218)
639040(209)
639053(297)
638977(312)
638988(285)
638997(343)
639020(352)
639028(338)
639034(265)
639035(283)
639037(261)
639039(319)
639062(339)
639074(391)
Karachi Govt. College For Women Chand Bibi Road
99
639332(186)
639347(239)
639350(250)
639364(165)
639368(208)
639372(206)
639377(150)
639396(204)
639414(227)
639434(193)
639316(227)
639323(183)
639324(249)
639326(181)
639327(191)
639272(193)
639279(174)
639280(183)
639281(197)
639285(166)
639286(214)
639287(166)
639300(180)
639310(188)
639315(256)
639446(219)
639451(185)
639453(181)
639459(211)
639460(168)
639462(170)
639465(160)
639467(178)
639478(206)
639483(230)
639484(232)
639488(222)
639504(211)
639511(174)
639516(166)
639477(314)
639482(317)
639489(301)
639491(275)
639492(255)
639493(291)
639494(300)
639495(247)
639496(225)
639498(267)
639455(234)
639458(235)
639463(217)
639469(296)
639476(258)
639422(262)
639427(267)
639440(246)
639441(222)
639443(262)
639444(255)
639447(233)
639448(260)
639450(283)
639452(243)
639499(214)
639501(266)
639502(246)
639505(257)
639507(226)
639536(242)
639537(251)
639544(282)
639546(271)
639549(255)
639552(240)
639524(286)
639525(286)
639526(283)
639527(241)
639530(256)
639509(215)
639512(241)
639513(238)
639514(265)
639515(275)
639517(204)
639519(243)
639520(238)
639521(230)
639523(268)
639409(248)
639412(264)
639417(263)
639419(271)
639420(247)
639298(303)
639299(304)
639302(259)
639305(283)
639306(238)
639307(248)
639308(285)
639309(231)
639312(304)
639314(298)
639318(267)
639319(256)
639320(298)
639321(255)
639322(303)
639274(255)
639275(259)
639276(241)
639278(236)
639282(220)
639283(275)
639284(205)
639288(220)
639289(238)
639290(274)
639291(277)
639292(277)
639293(302)
639294(292)
639297(265)
639358(249)
639359(222)
639360(228)
639361(226)
639367(275)
639371(220)
639375(268)
639376(284)
639379(253)
639382(254)
639392(275)
639395(238)
639404(229)
639406(255)
639407(261)
639330(295)
639331(227)
639333(280)
639334(251)
639335(305)
639336(293)
639338(316)
639341(264)
639342(260)
639344(311)
639345(294)
639346(292)
639349(289)
639352(223)
639354(240)
639429(326)
639430(322)
639431(295)
639432(283)
639435(342)
639436(301)
639437(311)
639438(303)
639439(341)
639442(348)
639413(352)
639415(311)
639416(339)
639418(298)
639421(321)
639423(329)
639424(355)
639425(324)
639426(279)
639428(328)
639445(315)
639454(306)
639456(340)
639457(278)
639468(344)
639497(386)
639506(341)
639508(355)
639547(289)
639551(328)
639553(350)
639470(324)
639471(331)
639472(347)
639473(268)
639474(326)
639479(359)
639480(389)
639481(380)
639485(361)
639486(339)
100
640064(318)
640065(408)
640066(452)
640067(482)
640068(359)
640058(365)
640059(417)
640060(399)
640061(379)
640063(368)
640074(355)
640075(427)
640077(378)
640078(390)
640079(353)
640069(468)
640070(392)
640071(359)
640072(475)
640073(432)
640038(325)
640039(317)
640041(352)
640042(325)
640043(392)
640031(404)
640033(343)
640034(371)
640036(334)
640037(341)
640050(367)
640052(330)
640055(270)
640056(445)
640057(426)
640044(408)
640045(448)
640046(458)
640047(422)
640048(309)
640080(365)
640081(374)
640083(424)
640084(346)
640086(381)
640107(458)
640108(408)
640109(422)
640111(445)
640112(395)
640092(461)
640093(400)
640094(253)
640095(340)
640096(361)
640087(369)
640088(424)
640089(358)
640090(354)
640091(378)
640102(383)
640103(432)
640104(395)
640105(349)
640106(440)
640097(330)
640098(472)
640099(460)
640100(449)
640101(418)
DHACSS College for Women (Intermediate)
639959(200)
639960(215)
639953(210)
639965(248)
639970(288)
639972(262)
639975(290)
639957(326)
639958(334)
639961(403)
639962(353)
639963(405)
639951(431)
639952(401)
639954(343)
639955(352)
639956(311)
639971(338)
639973(374)
639974(375)
639976(336)
639964(365)
639966(404)
639967(316)
639968(276)
639969(356)
F.G. Girls Inter College, Askari-III
639328(52)
639271(76)
639402(95)
639534(56)
639538(91)
639329(156)
639353(136)
639357(166)
639362(125)
639370(119)
639378(118)
639385(122)
639400(146)
639401(155)
639464(119)
639466(127)
639487(152)
639500(125)
639510(102)
639550(148)
639522(150)
639528(181)
639529(138)
639531(201)
639532(203)
639533(177)
639535(133)
639540(224)
639541(206)
639542(194)
639545(222)
639548(193)
101
640395(230)
640376(433)
640377(428)
640378(406)
640379(409)
640380(355)
640371(289)
640372(306)
640373(353)
640374(392)
640375(333)
640381(363)
640382(377)
640383(397)
640384(368)
640385(378)
640391(363)
640392(353)
640393(382)
640386(364)
640387(368)
640388(380)
640389(308)
640390(307)
St. Joseph's College for Women
640323(283)
640324(231)
640327(242)
640321(313)
640322(368)
640325(322)
640326(261)
640328(395)
640329(326)
640330(292)
640331(343)
640332(366)
640333(348)
640334(318)
640335(320)
Trinity Methodist Girls Higher Secondary School
640143(38)
640110(176)
640129(117)
640133(124)
640135(105)
640136(116)
640035(202)
640051(130)
640062(233)
640121(151)
640132(242)
640144(170)
640146(173)
640114(277)
640116(235)
640120(283)
640122(212)
640126(245)
640053(237)
640054(262)
640076(342)
640082(308)
640085(251)
640141(204)
640142(175)
640128(189)
640130(200)
640137(298)
640138(289)
640139(285)
640113(469)
640115(310)
640117(298)
640118(360)
640119(304)
640123(457)
640124(315)
640125(279)
640127(406)
640131(305)
640134(284)
640140(326)
640145(346)
640147(308)
102
640758(238)
640764(175)
640768(273)
640772(200)
640775(208)
640749(272)
640751(305)
640752(243)
640753(226)
640754(275)
640723(232)
640733(210)
640734(215)
640738(249)
640744(241)
640814(281)
640828(254)
640836(234)
640798(251)
640804(194)
640811(188)
640812(262)
640813(282)
640784(274)
640786(223)
640789(244)
640793(296)
640794(294)
640732(339)
640735(286)
640747(276)
640756(356)
640792(318)
Govt. Girls Science & Arts Degree College Hijrat Colony
640664(84)
640662(104)
640656(258)
640658(314)
640659(401)
640660(307)
640661(397)
640663(343)
640652(346)
640653(372)
640654(406)
640655(393)
640657(302)
Muhammad Ismail Allah Wala Women College(Intermediate)
640628(57)
640621(129)
640627(173)
640622(305)
640623(254)
640624(318)
640625(252)
640626(258)
Aisha Bawany Girls College (Intermediate)
640394(38)
103
640933(17)
640935(40)
640948(45)
640969(17)
640983(22)
640986(20)
640932(62)
640947(66)
640949(56)
640950(67)
640952(67)
640955(68)
640957(83)
640958(94)
640959(59)
640966(69)
640987(59)
640992(57)
640994(67)
640940(115)
640943(142)
640964(133)
640967(126)
640973(122)
640975(115)
640977(130)
640984(131)
640954(156)
640956(187)
640961(180)
640965(149)
640968(179)
640937(170)
640939(150)
640942(167)
640946(176)
640953(139)
640982(193)
640989(173)
640993(185)
640995(178)
640972(144)
640974(142)
640976(142)
640980(168)
640981(163)
640934(278)
640936(242)
640960(175)
640962(218)
640963(305)
640970(229)
640971(218)
640978(258)
640991(274)
640951(296)
640979(432)
Allama Iqbal Govt. Girls Degree College, Shah Faisal Colony
640727(24)
640729(17)
640737(67)
640774(38)
640777(48)
640779(38)
640806(37)
640809(40)
640815(18)
640822(35)
640825(33)
640834(21)
640839(35)
640755(74)
640769(83)
640773(72)
640780(77)
640785(79)
640725(66)
640726(85)
640743(68)
640745(65)
640748(69)
640788(108)
640801(82)
640803(96)
640817(64)
640823(69)
640846(72)
640829(53)
640831(77)
640832(57)
640837(69)
640842(83)
640781(160)
640783(115)
640790(109)
640795(115)
640797(135)
640757(130)
640763(111)
640765(124)
640771(130)
640776(150)
640721(131)
640736(151)
640739(131)
640740(119)
640746(115)
640835(102)
640840(124)
640844(130)
640845(130)
640819(103)
640820(123)
640821(135)
640830(109)
640833(117)
640799(152)
640807(155)
640808(156)
640816(106)
640818(105)
640766(197)
640767(170)
640770(165)
640778(186)
640787(191)
640722(138)
640728(128)
640741(187)
640750(183)
640760(196)
640827(170)
640838(141)
640841(152)
640843(205)
640791(174)
640796(195)
640800(167)
640802(154)
640805(175)
104
641483(171)
641496(135)
641512(183)
641513(177)
641519(140)
641466(190)
641467(192)
641472(167)
641473(192)
641482(190)
641410(149)
641415(177)
641423(179)
641441(183)
641448(137)
641523(172)
641524(193)
641528(159)
641537(213)
641543(145)
641676(256)
641678(305)
641680(204)
641683(267)
641687(217)
641664(186)
641667(221)
641668(233)
641672(207)
641675(210)
641703(259)
641704(276)
641705(272)
641711(301)
641714(262)
641689(225)
641691(257)
641694(244)
641695(246)
641698(269)
641631(198)
641632(228)
641634(286)
641636(238)
641639(263)
641624(269)
641627(247)
641628(215)
641629(220)
641630(307)
641651(234)
641652(293)
641655(285)
641661(222)
641663(244)
641640(257)
641641(250)
641647(234)
641649(298)
641650(242)
641808(310)
641809(241)
641810(243)
641815(251)
641816(178)
641794(265)
641800(228)
641803(225)
641805(300)
641806(278)
641836(241)
641840(253)
641849(263)
641819(264)
641824(231)
641826(249)
641829(262)
641831(228)
641737(319)
641742(246)
641746(317)
641752(280)
641756(313)
641716(197)
641723(287)
641726(295)
641727(305)
641728(312)
641781(228)
641783(216)
641784(225)
641791(186)
641792(254)
641773(185)
641774(219)
641775(227)
641777(211)
641780(207)
641461(316)
641463(273)
641465(234)
641468(280)
641475(253)
641476(230)
641477(179)
641480(206)
641481(352)
641486(229)
641491(230)
641494(219)
641497(207)
641499(200)
641509(204)
641402(244)
641403(216)
641407(231)
641409(296)
641413(257)
641417(193)
641420(198)
641422(222)
641427(277)
641428(252)
641430(262)
641440(239)
641444(317)
641457(249)
641458(222)
641510(218)
641516(252)
641517(279)
641518(198)
641529(285)
641575(245)
641578(251)
641580(201)
641585(233)
641588(254)
641595(235)
641598(205)
641602(296)
641603(272)
641605(293)
641608(230)
641612(203)
641614(282)
641618(256)
641620(249)
641531(227)
641533(193)
641535(320)
641536(256)
641539(318)
641540(274)
641544(273)
641546(250)
641548(250)
641552(222)
641554(311)
641555(222)
641558(297)
641565(295)
641567(263)
641561(346)
641562(293)
641564(386)
641568(295)
641571(284)
641453(256)
641500(390)
641501(283)
641538(368)
641549(279)
641408(347)
641435(265)
641437(342)
641443(304)
641447(337)
641573(382)
641584(385)
641587(256)
641592(282)
641593(259)
641801(362)
641814(402)
641823(271)
641837(307)
641701(313)
641725(285)
641729(351)
641734(360)
641782(317)
641600(305)
641607(372)
641625(353)
641666(354)
641674(302)
Khursheed Govt. Girls College Shah Faisal Colony
105
641642(41)
641660(53)
641665(40)
641673(37)
641700(43)
641505(20)
641542(25)
641557(43)
641582(41)
641610(44)
641436(22)
641438(27)
641439(19)
641464(35)
641479(23)
641471(59)
641489(61)
641492(60)
641508(72)
641514(58)
641525(65)
641532(72)
641534(65)
641541(62)
641550(59)
641566(69)
641572(58)
641581(78)
641599(92)
641601(53)
641404(90)
641412(61)
641416(71)
641426(79)
641429(59)
641432(61)
641433(65)
641434(66)
641450(61)
641451(82)
641455(67)
641456(84)
641460(58)
641469(58)
641470(60)
641753(62)
641757(87)
641761(65)
641763(61)
641764(63)
641770(68)
641789(70)
641813(54)
641820(90)
641822(74)
641838(103)
641842(67)
641847(69)
641617(67)
641619(90)
641654(67)
641677(78)
641692(87)
641709(69)
641710(79)
641720(90)
641721(61)
641730(83)
641731(83)
641738(94)
641744(87)
641748(115)
641750(71)
641754(93)
641758(121)
641759(139)
641760(119)
641762(106)
641769(111)
641776(107)
641797(95)
641825(120)
641828(122)
641839(100)
641848(149)
641850(101)
641851(143)
641739(130)
641741(91)
641743(111)
641747(139)
641749(170)
641503(103)
641506(115)
641507(117)
641515(110)
641520(95)
641521(115)
641522(119)
641545(129)
641547(126)
641563(109)
641454(104)
641462(117)
641478(94)
641495(110)
641502(115)
641414(128)
641418(127)
641419(138)
641421(116)
641424(126)
641431(111)
641442(113)
641446(103)
641449(112)
641452(132)
641684(126)
641686(97)
641688(119)
641693(103)
641697(151)
641702(107)
641707(126)
641712(145)
641717(116)
641718(115)
641656(97)
641657(105)
641662(166)
641681(123)
641682(102)
641569(126)
641591(124)
641604(122)
641611(115)
641616(111)
641623(143)
641633(124)
641635(129)
641637(119)
641646(118)
641615(134)
641621(184)
641626(179)
641638(166)
641643(157)
641645(139)
641648(174)
641658(139)
641659(212)
641669(182)
641590(161)
641594(143)
641597(171)
641609(158)
641613(137)
641551(155)
641553(156)
641556(163)
641559(167)
641560(218)
641570(164)
641574(165)
641576(198)
641579(163)
641583(188)
641670(163)
641671(171)
641679(170)
641699(133)
641713(166)
641795(224)
641799(166)
641802(166)
641807(196)
641811(179)
641818(260)
641830(163)
641832(193)
641834(174)
641841(154)
641786(129)
641787(148)
641788(174)
641790(159)
641793(192)
641715(181)
641719(227)
641724(196)
641732(162)
641733(169)
641736(209)
641745(148)
641766(174)
641771(136)
641779(134)
106
Govt. Girls Science College Shah Faisal Colony
642442(178)
642444(194)
642441(225)
642443(278)
642445(307)
642446(287)
642448(275)
642449(319)
642447(395)
642451(412)
Mustfavi Shariah College Shah Faisal Colony
642305(22)
642327(35)
642261(70)
642270(58)
642279(56)
642291(73)
642307(64)
642315(88)
642328(76)
642329(75)
642267(117)
642283(96)
642294(180)
642298(110)
642299(103)
642304(148)
642306(94)
642308(121)
642262(131)
642271(176)
642274(190)
642285(166)
642287(147)
642288(159)
642289(138)
642292(204)
642300(203)
642301(145)
642316(159)
642319(175)
642323(158)
642278(262)
642280(293)
642282(250)
642284(234)
642286(295)
642272(229)
642273(199)
642275(258)
642276(290)
642277(251)
642263(249)
642264(179)
642265(196)
642268(251)
642269(282)
642317(291)
642321(243)
642322(228)
642302(216)
642309(330)
642310(273)
642311(287)
642312(226)
642290(234)
642293(234)
642295(230)
642296(299)
642297(233)
642281(287)
642313(402)
Govt. Girls Higher Secondary School P.A.F. Drigh Road
641706(31)
641708(28)
641735(43)
641740(33)
641755(37)
641765(20)
641767(18)
641768(40)
641772(23)
641778(26)
641817(34)
641821(39)
641843(38)
107
642502(37)
642509(51)
642516(39)
642519(53)
642536(44)
642545(37)
642562(26)
642564(18)
642565(33)
642566(33)
642568(25)
642523(67)
642527(80)
642528(68)
642530(75)
642539(68)
642504(64)
642507(80)
642512(80)
642514(86)
642515(61)
642558(74)
642559(55)
642563(79)
642567(55)
642569(84)
642546(54)
642547(57)
642549(66)
642552(63)
642555(64)
642556(97)
642560(107)
642505(163)
642506(132)
642521(135)
642522(93)
642526(126)
642533(96)
642535(128)
642537(134)
642543(117)
642544(112)
642503(171)
642510(158)
642513(202)
642529(162)
642548(157)
642553(161)
642557(199)
642508(197)
642511(287)
642518(266)
642524(202)
642525(246)
642532(269)
642538(252)
642540(250)
642550(277)
.
