Pre-Medical 
                  Part II
URL: https://www.biek.edu.pk/Result-2022/Part-II/SM/Result-Gazzette-SMR-Part-II-Annual-2022-Final.pdf
Source: https://www.biek.edu.pk/LastResults.asp

1
NOTE: MARKS OBTAINED BY ALL THE SUCCESSFUL CANDIDATES ARE INDICATED WITHIN
MARKS) TO RAISE THEIR GRADES IN HARDSHIP CASES ARE INDICATED WITH PLUS(+) SIGN AND
PARANTHESIS AGAINST THEIR ROLL NUMBER AND THE EXTRA MARKS GIVEN (MAXIMUM FIVE
CANDIDATES BEARING THE FOLLOWING ROLL NUMBERS ARE DECLARED TO HAVE
PASSED THE INTERMEDIATE SCIENCE (PRE-MEDICAL) GROUP PART - II (CLASS XII)
ANNUAL EXAMINATION 2022.
700132(836)
700133(817)
700145(860)
700151(846)
700156(781)
700173(846)
700179(779)
700181(772)
700183(853)
700187(818)
Grade : A
700134(905)
700166(934)
700174(892)
***********
Grade : A-1
Jinnah Govt. College Nazimabad
700094(436^ 1)
728079(439^ 1)
Grade : E
700095(488^ 3)
700104(525)
700105(452^ 1)
Grade : D
700081(546+ 4)
700082(596)
700086(585)
700088(560^ 3)
Grade : C
****NIL****
Grade : B
Govt. Degree Boys College, Surjani Town
700005(457^ 3)
700006(496)
700009(537^ 1)
700010(503^ 2)
700013(475^ 2)
700022(482)
700025(479)
700027(536)
700031(525)
700037(470)
700043(529)
728004(475)
700004(607)
700007(610)
700008(547+ 3)
700015(646)
700016(635)
700032(600)
700035(569)
700036(550)
700039(618)
700041(588)
700042(622)
700044(633)
728001(557)
700011(738)
700024(675)
700029(704)
700028(862)
Govt. Degree Boys Sc./Arts/Comm. College 5-L New Karachi
GRACE MARKS CASES ARE INDICATED WITH CARET(^) SIGN
2
700398(672)
700399(663)
700419(683)
700423(708)
700431(728)
700388(705)
700390(689)
700391(668)
700395(677)
700397(715)
700381(872)
700404(797)
700405(789)
700429(768+ 2)
700435(802)
700437(797)
700440(778)
700453(811)
700454(773)
700460(810)
700439(907)
Govt. Boys Degree College Buffer Zone
700284(523^ 3)
700285(483^ 2)
700288(510)
700289(489^ 1)
700293(529)
700270(539)
700278(507)
700281(515)
700282(480^ 1)
700283(523^ 4)
700329(514)
700331(458^ 2)
728276(501)
700295(505^ 3)
700306(508)
700307(493^ 3)
700312(515^ 1)
700328(544)
700267(569)
700273(605)
700280(588)
700287(634)
700299(608)
700301(616)
700310(601)
700330(611)
700297(693)
700298(763)
700302(750)
700308(711)
700279(794)
700286(819)
700305(814)
700317(789)
700327(784)
728275(767+ 3)
Pakistan Shipowner's Govt. College
700170(518)
700189(466^ 2)
700191(488)
700192(507)
700194(483)
700147(470^ 5)
700155(455)
700162(531^ 3)
700165(482)
700167(459)
700210(460)
700211(512^ 2)
700212(474)
700214(529)
700196(497)
700199(524)
700201(512)
700204(517)
700208(535)
700169(561)
700171(617)
700172(628)
700175(602)
700185(596)
700144(652)
700149(640)
700157(631)
700158(601)
700161(545+ 5)
700218(556)
700188(612)
700193(611)
700195(629)
700203(654)
700217(569)
700143(708)
700148(728)
700152(714)
700163(709)
700176(697)
700178(664)
700180(663)
700182(723)
700184(754)
700200(710)
700197(830)
700198(815)
700202(772)
700206(796)
3
700581(570)
700582(623)
707001(649)
707002(559^ 1)
707004(645)
728591(551)
707003(742)
741041(688)
707006(804)
707009(780)
707005(929)
707007(931)
707008(919)
741042(885)
Quaid-e-Azam Rangers Public School & College
728491(401)
728495(396)
700497(540)
700516(495^ 4)
700517(494^ 1)
700523(470^ 3)
700524(467)
700529(514)
700532(471^ 2)
700533(449)
700546(501^ 2)
728494(442)
728497(543)
768191(455)
700501(635)
700515(558)
700522(576^ 2)
700534(646)
700545(579)
Govt. Degree College for Boys 7-D/2, North Karachi
700403(496)
700408(493)
700410(528)
700414(498)
700425(524)
700433(474)
700444(532^ 2)
700450(518)
728382(484)
700415(626)
700417(624)
700422(595)
700424(594)
700430(619)
700394(585)
700400(591)
700402(632)
700406(602)
700407(562)
700384(649)
700386(609)
700387(572)
700389(602)
700393(585^ 1)
728386(559)
700452(650)
700457(627)
700462(573)
728381(605)
728383(636)
700432(634)
700434(584)
700445(603)
700447(591)
700449(567^ 3)
700436(710)
700441(663)
700442(726)
700448(744)
700451(693)
700455(720)
700456(679)
700458(738)
700461(725)
4
Govt. Deg. Science & Commerce College 11-A, North Karachi
700613(747)
700621(736)
700622(761)
700614(832)
700615(819)
700618(805)
700620(830)
700624(775)
700611(956)
700612(876+ 4)
700616(880)
700617(940)
700619(886)
700623(883)
700625(897)
700626(954)
700627(959)
700628(904)
700629(950)
700630(976)
700631(897)
Usman Public School Campus II
700602(543)
707023(646)
Public Higher Secondary School North Karachi
707011(601)
707017(620)
707018(571)
707019(577)
700591(750)
700592(728)
707012(750)
707015(659+ 1)
707016(735)
700593(791)
700594(862)
Al-Khair College of Higher Education
5
707076(854)
707084(830)
707085(854)
707104(854)
707107(778)
707111(812)
707123(859)
707130(801)
707098(938)
Crescent Public Higher Secondary School
707045(742)
707047(703)
707048(714)
707044(815)
Amina Public Higher Secondary School
700780(462^ 2)
700736(561)
700754(582)
700741(867)
Govt. Degree Science & Commerce College Orangi Town
700654(474^ 1)
700655(524)
700662(520)
700666(444)
700667(516)
700657(613)
700660(554)
700671(579)
700672(579)
700673(631)
728991(552)
700676(715)
700651(819)
700675(779)
6
707218(742)
707225(685)
707230(747)
707238(685)
707244(658+ 2)
707194(679)
707208(722)
707209(681)
707214(764)
707215(728)
700975(698)
700986(679)
700988(673)
707185(666)
707190(676)
707186(812)
707191(863)
707192(863)
707195(864)
707198(864)
700981(815)
700985(845)
700991(849)
700995(810)
707183(830)
707203(874)
707220(777)
707226(861)
707235(869)
707246(791)
707271(779)
707273(839)
741471(871)
707252(845)
707262(809)
707265(823)
707268(768+ 2)
707269(827)
700974(939)
700979(881)
700984(975)
707217(876+ 4)
707222(929)
707227(912)
707228(897)
707229(876+ 4)
707233(884)
707242(879+ 1)
707243(975)
707251(983)
707254(905)
Scholars Higher Secondary School, Saeedabad
700949(525^ 2)
700950(490^ 1)
707159(522)
707166(484)
707168(592)
707171(568)
707145(603)
707151(560)
707158(613)
707160(642)
707165(555)
700952(759)
707146(692)
707153(737)
707156(749)
707157(741)
707161(700)
707162(686)
707163(762)
700941(776)
700951(771)
707143(866)
707147(864)
707149(810)
707155(861)
707164(789)
707148(933)
707150(946)
707152(911)
707154(875+ 5)
Karachi Superior College Saeedabad, Baldia Town
700920(515^ 2)
700922(453)
700924(481)
707089(540)
707115(524)
700911(645)
700912(639)
700918(646)
700919(587^ 1)
707061(604)
707064(602)
707071(589^ 3)
707074(654)
707075(584)
707091(595)
707092(565)
707109(583^ 3)
707117(596^ 2)
707122(610)
707126(625)
707063(684)
707065(706)
707067(729)
707077(659+ 1)
707102(661)
707110(713)
707112(742)
707113(697)
707116(696)
707118(685)
707121(730)
707124(753)
7
701213(623)
707343(626)
707359(599)
707363(618^ 3)
707365(602)
707372(594)
707373(588)
707375(600)
707383(577)
707389(622)
707342(672)
707347(713)
707348(700)
707350(677)
707352(762)
707354(701)
707356(698)
707358(695)
707361(682)
707377(710)
707380(673)
707381(679)
707394(717)
707360(863)
707364(803)
707376(791)
707378(844)
707379(788)
701220(820)
701221(858)
701224(769+ 1)
707341(828)
707353(801)
707392(800)
707382(799)
707385(856)
707386(799)
707390(827)
707391(808)
707345(983)
707357(943)
707366(952)
707368(934)
707369(875+ 5)
707384(977)
707387(915)
707388(890)
707393(882)
The Pinnacle College
701015(483)
701042(542)
701115(540)
701122(460)
701128(574)
701022(560^ 2)
701024(628)
701080(646)
701120(594)
701121(653)
701040(699)
701045(698)
701119(792)
Govt. Degree Boys College Baldia Town
700972(451^ 4)
700973(498^ 3)
700977(490^ 3)
700980(494^ 3)
700982(530)
700983(472)
700996(531^ 3)
707187(509^ 2)
707231(526)
707234(532)
707257(536)
707259(537)
707263(505^ 4)
700976(554)
700987(614)
700989(577^ 1)
707201(643)
707205(611)
707207(627)
707211(562^ 3)
707224(649)
707232(604)
707239(549+ 1)
707249(634)
707250(606)
707267(591)
741472(585)
773351(616)
707245(761)
707247(658+ 2)
707248(670)
707255(721)
707256(757)
707260(753)
707261(714)
707266(711)
707272(701)
707274(677)
707275(698)
8
701293(528)
701294(546^ 3)
701307(443)
701323(483^ 3)
701325(524)
701298(549+ 1)
701302(604)
701305(618)
701313(585)
701324(633)
701336(605)
701337(572^ 1)
Govt. Degree Science & Commerce College Asifabad
701253(566)
Govt. Degree Boys College 9-E, Baldia Town
707403(516)
HOPE Inter College
701216(503)
701217(539)
701218(534^ 1)
701222(494)
707371(532)
741541(524)
741542(497)
9
701431(651)
701438(628)
701458(580)
701459(647)
701486(565)
701487(598)
701493(613)
701513(605)
701517(623)
701442(756)
701466(676)
701467(764)
701468(700)
701478(726)
701433(692)
701434(699)
701435(677)
701437(757)
701440(751)
701523(670)
701526(713)
730201(659+ 1)
701479(750)
701480(718)
701499(753)
701508(729)
701522(719)
701465(780)
701471(865)
701472(853)
701490(867)
701492(868)
701447(843)
701448(828)
701451(812)
701454(778)
701461(866)
701432(796)
701441(864)
701443(803)
701444(778)
701445(813)
701529(801)
701530(852)
701511(864)
701520(862)
701521(808)
701524(791)
701527(778)
701500(797)
701504(804)
701505(856)
701506(792)
701509(862)
701502(916)
701503(982)
701507(921)
701510(1030)
701512(967)
701495(945)
701496(937)
701497(961)
701498(883)
701501(946)
701525(916)
701528(977)
701514(933)
701515(1005)
701516(920)
701518(966)
701519(932)
701484(930)
701485(915)
701488(1012)
701489(885)
701494(967)
701452(904)
701453(947)
701455(942)
701456(986)
701457(916)
701436(986)
701439(945)
701446(929)
701449(949)
701450(880)
701473(911)
701474(947)
701477(949)
701481(904)
701483(977)
701460(916)
701462(949)
701463(921)
701464(961)
701469(919)
Dehli Govt. College
701377(534)
701378(672)
Govt. Boys Higher Secondary School SITE Model
701291(437^ 1)
701326(508^ 1)
10
707431(960)
707432(916)
707433(953)
707434(948)
707435(959)
707436(955)
707437(911)
707438(1012)
707440(1012)
707441(970)
707424(955)
707426(946)
707427(907)
707428(927)
707430(969)
701711(988)
701712(979)
701713(1021)
701714(997)
701715(927)
701716(928)
701717(902)
701718(967)
701719(969)
707423(893)
707442(986)
707444(925)
707445(904)
707446(884)
707447(979)
707448(998)
707449(963)
707451(893)
707452(1011)
707453(969)
Aga Khan Higher Secondary School
701672(497)
701676(512)
701677(522)
701684(511^ 1)
701687(540)
701688(499)
701689(531)
701690(540)
701692(529)
701693(497)
701694(485)
730402(488)
730404(462)
701674(573)
701675(612)
701679(600)
701680(560)
701683(641)
701685(564^ 3)
701696(642)
701697(627)
730403(606)
730406(648)
701691(730)
Govt. Boys Comprehensive H.S.School Azizabad F.B.Area
701548(478^ 6)
701584(499)
701598(453^ 3)
701545(576)
701553(579)
701557(645)
701564(593)
701568(618)
701569(552)
701570(551)
701582(615)
701594(626)
701600(567)
701541(693)
701573(662)
701580(712)
Govt. City College (Morning)
11
701721(636)
701726(631)
701732(647)
707505(572^ 2)
707515(582)
707531(666)
707534(678)
707538(738)
707539(678)
707547(682)
707497(759)
707507(693)
707514(717)
707518(678)
707525(717)
701724(732)
701731(720)
701736(702)
701740(753)
707492(707)
707585(760)
707587(742)
707594(717)
707571(735)
707575(725)
707578(697)
707583(764)
707584(702)
707548(743)
707550(760)
707551(759)
707553(703)
707566(763)
707506(839)
707517(839)
707519(792)
707520(780)
707521(771)
701738(834)
701739(800)
707491(804)
707495(845)
707503(845)
701725(862)
701727(800)
701729(772)
701730(795)
701733(802)
707532(874)
707537(836)
707541(858)
707549(823)
707552(780)
707590(855)
707591(865)
707580(843)
707581(863)
707582(863)
707586(824)
707588(846)
707559(847)
707560(847)
707561(868)
707577(838)
707579(843)
707554(936)
707557(904)
707558(954)
707562(895)
707563(985)
707565(999)
707572(985)
707573(981)
707574(881)
707589(934)
707593(910)
707524(910)
707526(909)
707527(890)
707542(880)
707543(920)
701737(934)
707493(1006)
707494(885)
707496(958)
707500(1021)
701722(908)
701723(901)
701728(884)
701734(970)
701735(953)
707510(906)
707512(918)
707513(917)
707522(913)
707523(897)
707501(991)
707502(961)
707504(904)
707508(927)
707509(885)
Aga Khan Higher Secondary School (Evening)
707425(636^ 1)
707422(670)
707429(752)
707439(871)
707443(864)
707450(822)
707476(858)
707482(859)
707464(949)
707465(943)
707466(875+ 5)
707467(907)
707468(949)
707459(981)
707460(953)
707461(939)
707462(887)
707463(916)
707454(891)
707455(944)
707456(998)
707457(949)
707458(1012)
707480(974)
707481(932)
707483(954)
707484(969)
707485(961)
707474(991)
707475(898)
707477(971)
707478(906)
707479(983)
707469(909)
707470(996)
707471(966)
707472(882)
707473(901)
12
701772(573)
701773(634)
701775(597)
701776(577)
701777(646)
701771(698)
701778(788)
701779(840)
Dehli Science & Commerce College, Karimabad
741718(537)
701758(644)
707609(580)
707620(603)
707622(587)
707624(629)
707641(582)
707649(654)
707652(642)
741715(607)
741722(622)
707644(758)
707645(754)
707648(707)
707655(746)
707658(709)
707628(745)
707633(747)
707634(697)
707635(737)
707637(700)
741714(660)
741717(717)
741720(737)
741721(756)
707660(743)
707662(655+ 5)
707664(740)
730501(671)
741713(672)
701752(668)
701753(711)
701754(732)
701755(738)
701762(746)
707601(655+ 5)
707603(731)
707604(682)
707607(677)
707608(668)
707614(719)
707615(659+ 1)
707621(747)
707623(752)
707625(711)
707610(820)
707611(775)
707613(832)
707616(846)
707618(789)
701757(858)
701759(851)
701760(819)
707602(790)
707605(873)
707630(774)
707631(813)
707638(793)
707639(830)
707643(791)
707663(790)
707647(773)
707650(842)
707654(790)
707656(814)
707659(873)
707626(964)
707627(955)
707632(990)
707636(922)
707640(921)
701751(931)
701756(921)
701761(976)
707612(953)
707617(957)
741711(901)
741716(925)
741719(890)
707642(898)
707646(915)
707653(955)
707657(981)
707661(1002)
Sir Adamjee Institute
707516(493^ 1)
707544(477^ 1)
707570(504)
707528(596)
707529(638)
707535(635)
707536(635)
707540(621)
707545(603)
707546(641)
707555(612)
707567(633)
707568(556)
707569(580)
707592(639)
13
701891(690)
701893(697)
701894(679)
707730(703)
701892(765+ 5)
Mehran Degree College
701872(548^ 3)
701875(518)
707693(507)
707695(524)
707696(524)
707700(526)
701878(630)
701879(651)
701881(632)
701882(617)
701883(596)
707697(553)
707704(613)
707711(574)
701873(693)
701877(686)
701880(703)
707701(686)
707703(672)
707706(756)
707707(656+ 4)
707712(717)
707714(714)
707691(844)
707694(797)
707698(853)
707699(781)
707709(854)
707710(874)
701876(878+ 2)
707692(954)
707708(884)
707713(877+ 3)
College for Advanced Studies
701787(529^ 1)
701796(460^ 4)
701818(526)
701826(533)
701827(506)
701828(503)
701829(505)
701831(500)
701837(513^ 2)
730561(496)
730567(445^ 4)
701793(600)
701811(561)
701814(590)
701849(570)
Allama Iqbal Govt. Boys Higher Secondary School, Sohrab Goth
707681(547^ 1)
14
701946(601)
701954(553)
701955(651)
701959(568)
701963(572)
701913(633)
701920(607)
701923(571^ 2)
701926(598^ 2)
701945(590)
730903(572)
730904(578)
701984(615)
701985(617^ 2)
701987(654)
701993(624)
701997(557)
701932(684)
701933(728)
701948(714)
701949(715)
701952(673)
701914(721)
701917(691)
701921(679)
701925(763)
701927(723)
701956(745)
701957(738)
701958(756)
701960(670)
701966(756)
701981(656+ 4)
701971(691)
701972(663)
701974(671)
701978(764)
701980(723)
701937(856)
701938(768+ 2)
701939(837)
701940(850)
701941(851)
701915(840)
701916(846)
701929(842)
701930(766+ 4)
701935(790)
701943(813)
701947(810)
701964(859)
701965(869)
701967(799)
701986(845)
701990(783)
701992(861)
701994(777)
701995(827)
701969(849)
701970(863)
701975(821)
701982(844)
701983(874)
701951(998)
701961(889)
701968(922)
701973(902)
701989(897)
701991(884)
701912(998)
701919(933)
701928(881)
701934(886)
701950(1027)
Govt. College For Men Nazimabad
701901(648)
707741(556)
707743(598)
707750(632)
707751(589)
707754(633)
707758(568)
707748(672)
707753(655+ 5)
707756(705)
707759(718)
707747(821)
707752(819)
707755(827)
730741(776)
707749(914)
707757(893)
The Caspian College
707723(503)
707727(447^ 2)
707729(486)
707731(520)
701895(639)
707722(570)
707725(601)
707732(586)
15
702132(537)
702143(526)
702144(544)
702146(493^ 3)
702148(532^ 1)
702119(533)
702122(460)
702125(538)
702127(529)
702131(494^ 3)
702111(497^ 1)
702113(489^ 3)
702116(535)
702117(502^ 3)
702118(504^ 1)
702152(529)
702153(527)
702154(541)
702157(528)
702159(484^ 3)
731121(537)
769151(489)
702179(504)
702182(477)
702183(512)
702185(538)
702187(539)
702163(525)
702169(513)
702171(526)
702174(521^ 2)
702176(521)
702149(560)
702151(618)
702155(558^ 1)
702156(601)
702158(556^ 1)
702136(649)
702137(649)
702140(614)
702145(593)
702147(556)
702112(589)
702114(654)
702115(626^ 2)
702128(654)
702129(552)
702181(590)
702170(635)
702172(564)
702175(560)
702177(636)
702180(654)
702161(601)
702162(568)
702165(636)
702166(558)
702168(587)
702134(707)
702139(731)
702164(668)
702167(686)
702173(698)
702178(711)
702184(728)
702130(797)
702138(827)
Govt. Degree Science College Liaquatabad
731021(384)
702022(461)
702026(487)
702030(489)
702035(469)
702037(470)
702038(485)
702041(541^ 2)
702045(474)
702046(473)
702062(520)
702066(459^ 3)
702070(517)
702072(541)
702079(536^ 3)
731012(533^ 2)
702029(577)
702044(603)
702056(549+ 1)
702057(589)
702065(573)
702071(600)
702074(572)
702075(655+ 5)
731019(694)
702025(831)
702036(769+ 1)
702060(862)
Sirajuddaullah Govt. College (Morning)
730901(528)
16
702315(969)
702316(966)
702317(971)
702319(910)
702321(1010)
702310(970)
702311(952)
702312(996)
702313(954)
702314(980)
702328(981)
702329(985)
702330(977)
702331(956)
702332(992)
702323(993)
702324(988)
702325(958)
702326(951)
702327(920)
702289(895)
702291(897)
702292(951)
702293(954)
702294(1018)
702281(940)
702282(981)
702285(970)
702286(1002)
702288(916)
702302(994)
702304(1000)
702305(921)
702307(958)
702309(1034)
702295(1023)
702296(941)
702298(1030)
702299(1011)
702300(996)
702358(991)
702359(946)
702360(915)
702361(991)
702362(1030)
702339(956)
702341(910)
702342(934)
702343(932)
702346(982)
702333(966)
702334(984)
702335(950)
702336(955)
702338(927)
702353(1040)
702354(973)
702355(929)
702356(991)
702357(980)
702347(922)
702349(938)
702350(982)
702351(959)
702352(1025)
Adamjee Govt. Science College
702244(548+ 2)
702239(693)
702241(659+ 1)
702249(676)
Hussaini Government Boys Higher Secondary School
769181(472)
702220(562)
707782(549+ 1)
707783(612)
702211(683)
741941(692)
702216(799)
Bahria Foundation College (Nazimabad Campus)
17
702524(890)
702559(955)
702564(897)
Aisha Bawany Govt. College (Morning)
702392(503)
702393(444^ 1)
702424(496)
702441(531)
702443(505)
731562(542)
702420(626)
702425(567)
702426(609)
702433(606)
702450(627)
702403(593)
702406(586)
702414(613)
702416(559)
702419(589^ 1)
702452(578)
702453(563)
702454(579^ 2)
702457(590)
702459(546+ 4)
702477(593)
731565(629)
731567(572)
702466(582)
702468(595)
702469(626)
702474(599)
702475(641)
702410(730)
702417(710)
702418(688)
702421(702)
702439(699)
702398(675)
702400(662)
702405(733)
702407(747)
702409(730)
702465(731)
702472(661)
702473(734)
702476(748)
702478(699)
702442(745)
702444(764)
702446(722)
702447(662)
702455(700)
702394(813)
702396(780)
702408(860)
702428(810)
702429(768+ 2)
702430(790)
702431(780)
702436(869)
702437(781)
702445(864)
702449(846)
702451(799)
702456(799)
702463(798)
702467(814)
702402(918)
702413(891)
702427(896)
702432(924)
702438(911)
702461(925)
702462(901)
Govt. National College (Morning)
702283(656+ 4)
702301(718)
702318(703)
702322(701)
702284(865)
702287(811)
702290(826)
702297(805)
702303(795)
702306(858)
702308(774)
702320(845)
702340(862)
702344(873)
702345(871)
702348(839)
702363(860)
702369(870)
702370(799)
702364(918)
702365(958)
702366(999)
702367(1003)
702371(980)
702372(990)
702373(912)
702374(993)
702375(902)
702376(914)
702377(999)
702378(972)
702379(912)
18
702687(772)
702717(789)
702748(817)
Govt. Degree Boys College, KMC Store Nishter Road
702653(530^ 1)
702595(632)
702597(599^ 1)
702612(636)
702619(654)
702631(603)
702634(570)
702637(562^ 2)
702658(622)
702670(568)
702608(695)
702613(680)
702616(675)
702617(720)
702618(717)
702593(682)
702600(720)
702601(718)
702603(689)
702606(712)
702640(667)
702644(669)
702649(660)
702655(718)
702665(694)
702621(746)
702623(699)
702625(746)
702630(682)
702639(680)
702656(782)
702657(766+ 4)
702659(833)
702661(849)
702662(852)
702664(782)
702666(766+ 4)
702667(807)
702669(864)
702633(862)
702638(864)
702646(815)
702648(767+ 3)
702651(767+ 3)
702592(773)
702596(833)
702598(780)
702602(785)
702604(820)
702605(790)
702610(783)
702615(856)
702620(780)
702632(836)
702591(875+ 5)
702614(896)
702622(914)
702624(939)
702628(903)
702635(944)
702636(897)
702645(969)
702647(924)
702660(951)
PECHS Education Foundation Govt. Degree Science College
702514(534)
702528(478)
702544(543^ 3)
769351(525)
702523(637)
702530(574)
702535(652)
702541(559^ 1)
702545(581)
702546(634)
702547(609)
702548(603)
702554(632)
702557(599)
702558(598)
702560(575)
702563(591)
731721(572)
731722(630)
702511(737)
702515(754)
702517(695)
702521(719)
702522(724)
702540(748)
702549(676)
702552(734)
702553(697)
702556(725)
702569(702)
702513(769+ 1)
702516(767+ 3)
702518(771)
702529(858)
702533(773)
702537(826)
702538(830)
702542(771)
702550(767+ 3)
702571(767+ 3)
19
732181(719)
702932(784)
Fatimiyah College Boys Campus
702912(541^ 2)
707820(508^ 3)
707824(531^ 1)
702909(574)
702915(589^ 1)
702921(596^ 1)
702923(630)
707800(579)
702901(584^ 3)
702905(589)
702906(647)
702907(594)
702908(619)
707844(632)
707845(573^ 3)
707851(554)
707854(614)
707822(628)
707832(618)
707834(577)
707836(651)
707837(612)
707808(708)
707810(689)
707816(701)
707823(731)
707838(755)
707839(716)
707843(704)
707852(734)
707853(730)
732141(739)
702903(705)
702904(706)
702917(730)
707796(658+ 2)
707807(735)
707801(831)
707802(789)
707805(790)
707806(848)
707809(847)
702902(806)
702910(845)
702914(807)
707795(808)
707797(813)
707841(853)
707842(859)
707846(801)
707856(772)
707811(781)
707817(795)
707821(818)
707828(819)
707840(856)
707798(913)
707799(922)
707812(877+ 3)
707815(946)
707818(916)
702911(950)
702916(928)
707791(951)
707793(968)
707794(986)
707850(890)
732142(922)
707829(885)
707830(884)
707833(910)
707835(879+ 1)
707848(924)
Meritorious Science College
702689(506^ 3)
702714(527)
702715(467^ 2)
702778(533^ 1)
731942(520^ 2)
731960(481)
702697(552)
702710(564)
702712(591)
702753(586)
702754(596)
702755(598)
702798(565)
702812(641)
702713(660)
702780(691)
702799(731)
702800(703)
20
702977(513^ 2)
702971(610)
702976(631)
707933(632^ 2)
707942(645)
732262(579)
702972(705)
707932(728)
707934(676)
707943(655+ 5)
707936(767+ 3)
707938(808)
702975(914)
707935(920)
707937(927)
707940(917)
Askari Inter College, Bahadurabad
707889(573)
707892(568)
707896(625)
707901(650)
732224(551^ 2)
702943(644)
702957(559)
707872(638)
707878(564)
707887(611)
707871(720)
707876(690)
707883(676^ 1)
707884(698)
707890(718)
702941(704)
702942(748)
702946(715)
702947(665)
702949(701)
707909(733)
707911(752)
707913(680)
732226(688)
707891(700)
707895(702)
707898(762)
707899(702)
707905(758)
702956(869)
702958(783)
702959(835)
702960(858)
707873(854)
702945(784)
702948(798)
702951(772)
702952(847)
702953(860)
707877(777)
707881(792)
707882(827)
707885(846)
707886(817)
707907(863)
707917(774)
732221(846)
732222(832)
732223(794)
707893(798)
707894(857)
707897(860)
707900(787)
707903(824)
707874(901)
707879(922)
707880(929)
707888(990)
707902(945)
702944(888)
702950(885)
702954(937)
702955(967)
702961(970)
707914(1022)
707915(900)
707904(927)
707906(886)
707908(921)
707910(899)
707912(889)
College of Emerging Technologies
21
C.M.S Govt. Higher Secondary (Campus School) Boys & Girls, Nishter Road
South City Institute of Management & Technology
702991(587)
702992(596)
702993(628)
707980(642)
702996(710)
707972(747)
707974(754)
707976(761)
707978(708)
707979(725)
707983(673)
742181(695)
702995(861)
702997(794)
702998(826)
707971(789)
707975(813)
707977(818)
707984(787)
707973(933)
707981(934)
707982(960)
707985(894)
Tabani's College
702982(604)
702985(611)
702986(629)
702983(761)
702984(675)
702988(739)
702989(666)
702981(785)
702987(780)
Army Public College, Faisal, S.M.C.H.S.
22
703084(749)
703086(668)
703092(695)
703096(698)
703097(726)
703103(744)
703108(721)
703109(673)
703113(718)
703116(668)
703044(705)
703045(723)
703046(734)
703052(758)
703053(712)
703056(657+ 3)
703062(724)
703063(689)
703074(702)
703078(690)
703175(666)
703177(667)
703179(734)
703185(687)
703195(724)
703118(660)
703125(721)
703126(715)
703131(733)
703136(754)
703144(726)
703146(714)
703149(702)
703165(686)
703174(724)
703110(873)
703112(847)
703114(801)
703119(790)
703128(769+ 1)
703095(858)
703098(785)
703099(810)
703104(821)
703106(873)
703049(854)
703064(826)
703069(828)
703080(841)
703090(833)
703139(834)
703147(781)
703158(813)
703162(847)
703172(849)
732851(837)
703197(812)
703202(776)
703209(864)
703216(807)
703217(797)
703173(874)
703178(778)
703181(856)
703182(848)
703183(789)
703196(920)
703198(947)
703199(968)
703201(970)
703204(890)
703187(899)
703190(954)
703191(941)
703193(982)
703194(1018)
703219(917)
703205(914)
703206(958)
703207(959)
703212(964)
703218(897)
703170(953)
703171(941)
703180(875+ 5)
703184(896)
703186(894)
703075(942)
703076(958)
703077(965)
703082(964)
703083(991)
703087(957)
703088(883)
703091(1007)
703094(936)
703100(921)
703067(949)
703068(953)
703070(919)
703071(927)
703072(909)
703042(979)
703043(882)
703047(982)
703048(976)
703050(990)
703051(988)
703055(878+ 2)
703059(928)
703061(996)
703066(979)
703145(942)
703151(881)
703152(912)
703153(901)
703155(899)
703156(885)
703159(941)
703160(909)
703163(893)
703169(942)
703138(947)
703140(892)
703141(877+ 3)
703142(982)
703143(907)
703102(888)
703107(1013)
703111(933)
703121(948)
703123(984)
703124(953)
703130(962)
703132(902)
703133(932)
703134(896)
D.J. Sindh Govt. Science College
703025(488)
703031(495)
703032(441^ 6)
742271(476)
703024(589)
708022(741)
23
703346(546+ 4)
703347(642)
703359(624)
703367(553)
703368(576)
703386(584)
703387(585)
703388(652)
703390(629)
703392(621)
703394(607)
703396(599)
733052(580)
703350(696)
703358(690)
703360(750)
703363(726)
703373(712)
703374(756)
703377(658+ 2)
703382(743)
703384(688)
703393(710)
703398(734)
733053(718)
703376(799)
703383(807)
703349(976)
Islamia Govt. Science College
703248(542)
703265(481)
703308(529^ 2)
703271(553^ 2)
703275(625)
703276(581)
703283(596)
703284(651)
703287(628)
703289(643)
703294(548+ 2)
703297(558)
703303(558)
703320(612)
703321(612)
703322(569)
732941(604)
703252(562)
703253(595)
703259(576)
703260(547+ 3)
703269(614)
703242(686)
703245(668)
703273(659+ 1)
703292(663)
703298(708)
703306(736)
703309(719)
703312(688)
703319(745)
703243(800)
703247(787)
703263(859)
703278(789)
703290(772)
703295(821)
703296(798)
703299(780)
703302(853)
703304(770)
703313(770)
703314(805)
703244(880)
703246(880)
703261(962)
703267(1009)
703274(965)
703279(917)
703301(905)
703318(902)
703323(883)
S.M. Govt. Science College
703054(524)
703065(509)
703135(491)
703188(522^ 1)
703122(550)
703129(591^ 3)
703148(623)
703157(647)
703164(645)
703041(637)
703057(637)
703060(571)
703073(566)
703120(596)
703215(594)
703223(579)
732853(620)
703189(635)
703192(588)
703203(645)
703210(605)
703211(552^ 2)
703200(723)
703208(682)
703213(730)
24
703507(889)
703520(884)
703525(928)
703529(956)
703540(968)
F.G Boys Inter College, Dr. Daud Pota Road
703426(482^ 2)
703466(540)
703476(524)
703480(533)
708098(527)
708138(549^ 1)
742313(479^ 3)
742314(481^ 2)
742317(474^ 1)
703467(569)
703468(566)
703469(628)
703470(636)
703471(597)
703472(642)
703478(641)
703479(631)
703481(632)
703482(595)
703421(623)
703422(593)
703432(576^ 1)
703436(652)
703437(645)
703444(624)
703453(587)
703457(556)
703464(600)
703465(625)
708126(627)
708132(592)
708135(602^ 3)
708137(581)
733161(586)
733164(565)
703483(651)
708043(648)
708044(648)
708056(602^ 2)
708064(615)
708073(646^ 1)
708080(627)
708095(564)
708101(591)
708115(600)
708089(670)
708090(726)
708093(682)
708103(677)
708106(711)
708111(701)
708113(760)
708116(736)
708123(680)
708124(758)
708125(693)
708128(672)
708130(715)
708133(719)
742315(675)
708079(754)
708082(753)
708083(683)
708084(695)
708088(724)
703459(673)
703461(675)
703462(720)
703475(748)
703477(709)
703441(747)
703443(749)
703445(686)
703451(707)
703458(701)
703423(668)
703424(711)
703427(704)
703435(702)
703439(669)
708065(688)
708069(733)
708074(708)
708075(674)
708077(696)
708057(762)
708058(662)
708059(761)
708061(694)
708062(658+ 2)
708049(717)
708050(758)
708053(711)
708054(708)
708055(728)
708051(821)
708060(795)
708071(856)
708078(820)
708081(788)
703429(831)
703430(795)
703454(803)
703455(770)
703474(775)
708086(789)
708094(766+ 4)
708096(766+ 4)
708099(798)
708102(845)
708122(800)
708131(811)
708140(835)
742312(789)
708105(809)
708108(791)
708109(812)
708117(835)
708120(815)
703442(938)
703456(891)
703473(900)
708041(916)
708085(972)
708097(970)
708107(900)
708112(899)
708127(946)
708129(992)
St. Patrick's College (Morning)
703341(509)
703348(443)
703361(522)
703366(508)
703381(537)
769851(480)
25
703591(989)
703592(981)
703594(900)
703596(941)
703597(987)
703581(908)
703586(926)
703587(986)
703588(939)
703590(966)
708211(875+ 5)
708213(933)
708215(894)
708217(973)
703598(998)
703599(1005)
703601(916)
708208(924)
708209(896)
N.J.V. Govt. Higher Secondary School (Campus), Saeed Manzil
703570(473^ 4)
742363(532)
703553(642)
703561(587)
703571(557)
708175(647)
708178(650)
708189(586)
733332(603)
733334(577^ 3)
733335(654)
733343(631)
703566(662)
703572(708)
703574(759)
708161(715)
708162(740)
703559(725)
703562(717)
703563(740)
703564(659+ 1)
703565(732)
703551(727)
703552(672)
703555(751)
703556(723)
703558(671)
742362(688)
708177(741)
708181(755)
708187(711)
733333(740)
733344(671)
708164(737)
708167(740)
708168(696)
708170(713)
708171(751)
733340(788)
733342(811)
703554(867)
703573(801)
708169(794)
708174(784)
708179(863)
708182(771)
708185(873)
733331(856)
733336(850)
733339(771)
703557(964)
703560(875+ 5)
703567(889)
703569(944)
708172(944)
708173(958)
708176(953)
708180(979)
708183(902)
708184(1000)
733338(894)
733341(887)
DHACSS Degree College (Intermediate)
703502(639)
703505(618)
703509(565^ 3)
703514(571)
703518(572)
703522(557)
703528(590)
703533(608)
703535(648)
703536(637)
703503(662)
703504(740)
703511(740)
703515(737)
703516(721)
703521(677)
703523(726)
703524(713)
703527(670)
703530(731)
703532(655+ 5)
703534(721)
703506(858)
703508(834)
703510(778)
703512(782)
703537(821)
703538(833)
703539(804)
26
708287(925)
708289(890)
708290(875+ 5)
708292(969)
708293(892)
703658(924)
708282(1021)
708283(1035)
708284(947)
708286(980)
703643(920)
703646(961)
703648(969)
703654(996)
703655(974)
708297(965)
708301(911)
708302(912)
708303(892)
708306(914)
Bahria College (M.T. Khan Road)
708232(653)
708255(545+ 5)
708258(564^ 1)
703624(674)
703626(741)
703628(750)
708225(702)
708227(715)
703616(758)
703617(721)
703620(721)
703621(669)
703622(695)
708231(720)
708239(717)
708241(682)
708242(711)
708245(707)
708263(713)
708264(656+ 4)
708272(690)
708273(714)
708246(674)
708247(753)
708249(749)
708254(655+ 5)
708261(748)
708250(855)
708251(772)
708252(861)
708253(777)
708262(784)
708266(852)
708269(840)
708270(794)
708271(816)
708237(857)
708238(827)
708240(841)
708244(834)
708248(818)
703623(859)
703625(832)
703627(848)
703629(822)
703630(809)
703613(832)
703614(849)
703615(811)
703618(795)
703619(806)
708229(790)
708230(772)
708233(839)
708234(787)
708235(859)
708222(807)
708223(778)
708224(788)
708226(857)
708228(823)
703611(901)
703612(890)
703631(918)
703632(914)
708221(974)
708236(990)
708243(981)
708256(1021)
708257(932)
708259(979)
708265(887)
708267(961)
708274(902)
Army Public College, Saddar
742391(534^ 1)
708201(649)
708218(621)
703584(748)
708210(663)
708212(764)
703582(868)
703583(823)
703585(832)
703589(842)
703593(849)
703595(841)
703600(826)
708203(850)
708204(775)
708206(852)
708214(853)
708216(815)
27
703683(519)
703686(575)
733661(590)
703684(694)
703687(683)
703681(768+ 2)
703682(770)
703685(858)
733662(782)
703688(908)
Pak-Turk Maarif International School & College (Higher Secondary) Clifton
703653(574)
703656(609^ 2)
708304(648)
708322(635)
708323(611)
708333(595)
708376(644)
708381(654)
708382(651)
703652(747)
708281(695)
708285(716)
708295(748)
708298(687)
703642(704)
703645(762)
703647(712)
703649(668)
703650(709)
708299(738)
708300(763)
708305(741)
708307(759)
708313(685)
708374(695)
708375(735)
708314(730)
708327(694)
708348(696)
708353(662)
708358(673)
708320(780)
708321(813)
708324(806)
708325(850)
708326(851)
708331(799)
708332(826)
708336(858)
708338(786)
708341(798)
703641(828)
703644(825)
708288(791)
708291(844)
708294(833)
708296(799)
708309(808)
708311(788)
708317(871)
708319(834)
708345(788)
708349(777)
708351(780)
708354(796)
708355(770)
708370(830)
708371(860)
708373(777)
708377(855)
708380(800)
708384(860)
708386(819)
708356(819)
708357(813)
708359(768+ 2)
708361(855)
708362(840)
708363(844)
708365(832)
708366(771)
708368(794)
708369(808)
708335(959)
708337(980)
708339(964)
708340(995)
708342(985)
708318(928)
708328(901)
708329(896)
708330(989)
708334(940)
708308(923)
708310(959)
708312(934)
708315(924)
708316(887)
708378(900)
708379(924)
708383(895)
708385(927)
708352(955)
708360(888)
708364(895)
708367(895)
708372(903)
708343(901)
708344(920)
708346(887)
708347(944)
708350(882)
28
703767(811)
708480(913)
The Nation's College of Science Arts & Commerce DHA-I, Karachi
703745(653)
703748(614)
703749(638)
708421(573^ 2)
708433(615)
708434(626)
708437(591)
708438(629)
708441(640)
708442(560)
708450(642)
708422(711)
708423(749)
708424(667)
708429(679)
708431(666)
703741(761)
703742(725)
703743(659+ 1)
703744(699)
703746(717)
708451(683)
708454(684)
708458(673)
708462(677)
708463(762)
708439(734)
708444(762)
708446(712)
708447(743)
708448(659+ 1)
708456(843)
708457(790)
708459(767+ 3)
708461(772)
708435(831)
708436(867)
708440(840)
708449(871)
708452(786)
703747(858)
708425(828)
708426(794)
708428(802)
708430(843)
708427(915)
708432(927)
708445(879+ 1)
Bahria College DHA Campus
708401(526^ 2)
742481(525^ 2)
703704(639)
703719(615)
708400(650)
708407(602)
708408(647)
708409(585^ 1)
703701(732)
703707(699)
703708(660)
703709(755)
703713(731)
703717(748)
708391(733)
708394(688)
708396(674)
708398(764)
708399(704)
708403(749)
708404(673)
703702(842)
703703(851)
703705(786)
703710(808)
703711(840)
703714(863)
703715(825)
703718(795)
708393(817)
708395(821)
708397(777)
708402(835)
708405(856)
703706(889)
703712(906)
703716(950)
708406(936)
Guard Public Higher Secondary School
29
703875(548^ 2)
703888(492)
703898(527)
703906(534)
703907(521)
703924(441^ 2)
703897(597)
Haji Abdullah Haroon Govt. College (Morning)
703821(518)
703822(492)
703825(490)
703826(473)
703828(501)
703808(526)
703809(509^ 3)
703814(502)
703819(491^ 1)
703820(457^ 2)
703830(511)
703831(521)
703832(531)
703833(515)
703834(513)
734005(543)
734006(542)
734009(517)
734012(458^ 3)
703835(503)
703842(473^ 1)
734002(443)
734003(486)
734004(488)
703779(517)
703787(497)
703789(541)
703791(495)
703793(479)
703794(524)
703797(499)
703800(523)
703803(543^ 1)
703805(526)
703783(559)
703788(567)
703790(597)
703795(591)
703801(564)
703772(555)
703775(627)
703776(569)
703778(653)
703782(619)
734010(589)
703802(553)
703810(575^ 3)
703837(562)
734001(614)
734007(587)
703816(791)
703813(875+ 5)
Govt. Degree Science & Commerce College Lyari
703765(534)
703761(580)
703764(612)
708475(618)
708477(572)
708482(589)
703766(728)
708471(725)
30
704001(561)
704008(558)
704009(628)
704011(614)
704029(555)
703984(625)
703991(624^ 1)
703994(557)
703995(553)
703999(594)
703985(740)
703996(708)
703998(657+ 3)
704054(657+ 3)
703986(767+ 3)
704004(777)
Nusrat Bhutto Govt. Degree Boys College Lyari
703971(508)
Ghazi Muhammad Bin Qasim Govt. Boys Higher Secondary School
703961(596)
703965(649)
708492(585)
708493(581)
708494(643)
708497(651)
708502(576^ 1)
708516(632)
703963(724)
703964(726)
703966(707)
703967(750)
708496(741)
708498(750)
708501(747)
708503(713)
708504(713)
708505(716)
708507(743)
708510(673)
708512(660)
708521(749)
708525(720)
703962(851)
703968(785)
708500(768+ 2)
708509(841)
708511(858)
708515(794^ 3)
708520(789)
708499(881)
708506(950)
708508(895)
708514(886)
708517(911)
708518(927)
708519(896)
708522(924)
708523(944)
Bahria Model College Karim NCRE
703899(424^ 3)
734119(396)
31
708664(788)
PAF Intermediate College, PAF Base Masroor
734502(408)
704149(508)
704151(519)
704175(509)
770401(455)
704142(642)
704153(618)
704161(578)
704165(644)
704141(719)
704162(704)
704131(774)
704132(766+ 4)
704163(871)
Govt. Degree College Jungle Shah, Keamari
704112(530)
734401(508)
734402(481^ 2)
704101(578)
704104(559)
704110(552)
708533(653)
708535(630)
708538(626)
708539(647)
708542(592)
708548(553)
704103(677)
704105(746)
708544(704)
708545(675)
708546(685)
742611(671)
Memon Degree College (Intermediate)
704050(428^ 3)
703993(460)
703997(441)
704010(523)
704016(484^ 2)
704018(488^ 3)
703981(484)
703982(499)
703983(454^ 1)
703987(535)
703992(509)
704019(490^ 2)
704024(532)
704025(480^ 1)
704028(482)
704030(485)
734343(488)
704032(478)
704035(522)
704036(508)
704055(485^ 1)
734341(523)
704034(567)
704043(603)
704045(610)
704051(597)
704059(572)
734342(547+ 3)
32
708780(917)
708785(909)
708789(947)
708790(887)
708793(883)
708767(891)
708771(965)
708772(919)
708774(987)
708778(981)
708798(979)
708803(961)
708808(885)
708816(914)
708822(915)
708855(894)
708858(888)
708860(899)
708864(955)
708870(942)
708824(887)
708840(906)
708842(925)
708846(886)
708851(895)
704320(925)
704335(877+ 3)
704339(888)
708713(918)
708715(894)
704263(935)
704278(904)
704281(892)
704291(875+ 5)
704308(944)
708720(972)
708733(936)
708734(879+ 1)
708738(893)
708743(972)
708753(919)
708755(881)
708759(933)
708762(883)
708766(924)
708744(963)
708746(902)
708747(878+ 2)
708748(875+ 5)
708750(920)
708875(959)
708876(884)
708878(926)
708880(878+ 2)
708883(878+ 2)
708987(892)
708989(967)
708991(896)
708997(900)
708998(923)
708967(920)
708968(936)
708973(948)
708975(892)
708976(884)
709004(964)
709010(961)
709014(901)
709018(920)
709020(957)
709022(913)
709025(879+ 1)
709026(899)
709030(876+ 4)
709034(886)
708894(898)
708895(1001)
708897(929)
708906(896)
708908(887)
708884(881)
708885(957)
708886(949)
708888(972)
708890(989)
708909(928)
708911(915)
708914(884)
708921(1001)
708933(877+ 3)
708947(877+ 3)
708949(956)
708953(916)
708964(912)
708966(893)
708934(942)
708935(974)
708937(894)
708940(944)
708946(893)
Govt. Deg. Sc./Commerce College Block 7, Gulshan-e-Iqbal
704224(508^ 3)
704227(540^ 2)
704228(540^ 3)
704231(469^ 1)
704232(464^ 1)
704237(552)
708679(814)
Govt. Boys & Girls Higher Secondary School, Younusabad
734661(545^ 1)
742731(497^ 5)
742732(522)
708663(701)
33
704275(670)
704276(757)
704282(720)
704295(729)
704296(703)
704299(658+ 2)
704301(744)
704303(697)
704305(749)
704307(684)
704248(737)
704251(656+ 4)
704253(759)
704255(747)
704256(733)
704258(754)
704259(664)
704260(679)
704266(708)
704270(673)
704309(703)
704310(656+ 4)
704312(686)
704318(658+ 2)
704322(758)
704324(685)
708716(672)
708717(669)
708719(713)
708725(740)
708950(824)
708951(848)
708954(858)
708955(869)
708958(770)
708959(813)
708962(831)
708963(873)
708979(790)
708980(768+ 2)
708981(867)
708983(864)
708984(827)
708985(794)
708988(851)
708915(782)
708917(854)
708922(842)
708926(771)
708927(862)
708928(865)
708930(814)
708931(849)
708932(794)
708936(847)
708938(774)
708939(823)
708941(849)
708943(799)
708945(866)
708990(797)
708992(804)
708993(853)
708994(868)
708995(861)
709032(860)
709033(829)
709037(858)
709038(801)
709042(787)
709045(772)
709046(794)
709047(809)
709049(793)
709051(802)
709053(779)
742802(785)
708999(823)
709001(864)
709002(831)
709006(847)
709008(853)
709009(843)
709011(825)
709012(777)
709013(773)
709015(856)
709016(817)
709019(769+ 1)
709024(862)
709029(783)
709031(837)
708900(792)
708901(868)
708902(793)
708907(767+ 3)
708910(775)
704336(845)
704337(784)
704340(780)
708711(855)
708712(851)
704319(845)
704321(873)
704323(807)
704333(793)
704334(798)
708714(872)
708718(842)
708721(871)
708722(858)
708723(839)
708740(847)
708749(832)
708754(842)
708756(858)
708757(820)
708724(802)
708727(861)
708728(845)
708730(829)
708735(873)
704257(870)
704261(872)
704265(769+ 1)
704267(869)
704268(864)
704241(816)
704242(829)
704243(866)
704244(815)
704245(816)
704269(825)
704271(874)
704273(847)
704277(800)
704279(852)
704302(800)
704304(852)
704306(786)
704316(807)
704317(834)
704284(794)
704285(825)
704288(780)
704290(802)
704300(806)
708831(842)
708837(770)
708838(847)
708839(849)
708853(835)
708821(853)
708823(799)
708825(819)
708826(782)
708830(783)
708866(808)
708868(789)
708871(833)
708872(844)
708873(771)
708891(837)
708892(806)
708893(851)
708896(873)
708898(858)
708877(777)
708879(776)
708881(818)
708882(823)
708889(860)
708770(790)
708773(827)
708783(831)
708786(813)
708787(791)
708758(779)
708760(837)
708765(842)
708768(850)
708769(862)
708788(833)
708795(828)
708796(784)
708797(863)
708800(863)
708814(874)
708815(777)
708818(820)
708819(770)
708820(794)
708805(839)
708806(851)
708807(870)
708809(795)
708813(863)
709036(929)
709044(940)
709055(902)
34
704394(743)
704398(681)
704400(725)
704403(679)
704404(713)
704368(702)
704377(746)
704386(681)
704390(745)
704391(686)
704430(758)
704431(682)
704442(656+ 4)
704443(761)
704445(655+ 5)
704408(670)
704419(728)
704427(659+ 1)
704428(659+ 1)
704429(718)
704363(854)
704385(859)
704402(768+ 2)
704410(774)
704414(856)
704435(824)
704437(796)
734933(782)
704388(915)
Govt. Degree Boys College No. 1 Gulistan-e-Jauhar
704249(497^ 2)
704298(526^ 2)
704311(544)
704315(530)
704338(532^ 1)
708832(540^ 1)
708965(526^ 6)
708972(627)
708974(650)
708996(587)
709000(586)
709005(643)
709017(631)
709027(617)
734806(578)
742801(635)
742803(589)
742805(564)
742806(578)
742811(559)
708865(581)
708874(607)
708916(645)
708924(629)
708925(653)
704292(575)
704314(623)
704327(598)
704328(653)
704330(623)
704264(597)
704274(616)
704280(636)
704286(549+ 1)
704289(643)
704247(643)
704250(622)
704252(605)
704254(611)
704262(553^ 1)
704331(575^ 2)
708729(604)
708739(562)
708742(640)
708751(646)
708827(595)
708845(650)
708849(580)
708852(644)
708863(615)
708791(631)
708792(653)
708802(547+ 3)
708810(571)
708817(643)
708761(618)
708775(577)
708776(571)
708777(613)
708779(644)
708844(682)
708847(756)
708848(689)
708850(709)
708854(708)
708856(742)
708857(728)
708859(718)
708861(717)
708867(682)
708887(671)
708899(746)
708903(756)
708905(701)
708919(660)
708812(718)
708828(682)
708834(754)
708836(691)
708843(705)
708726(743)
708731(764)
708732(676)
708736(691)
708737(740)
708741(660)
708745(754)
708752(688)
708781(701)
708782(675)
708784(697)
708794(761)
708799(669)
708801(729)
708811(742)
709040(721)
709041(721)
709043(661)
709048(682)
709050(707)
709052(747)
734804(742)
734805(703)
742808(730)
742809(662)
742810(739)
709007(659+ 1)
709021(701)
709023(686)
709028(764)
709035(657+ 3)
708920(723)
708923(762)
708942(668)
708944(662)
708952(745)
708956(658+ 2)
708957(694)
708960(756)
708969(720)
708970(711)
708971(687)
708978(764)
708982(699)
708986(690)
709003(762)
35
704472(585)
704478(617)
709358(638)
709375(645)
709404(604)
709426(609)
709435(591)
709442(565^ 2)
709365(687)
709371(719)
709372(737)
709373(705)
709381(679)
704474(674)
704482(744)
709351(660)
709354(754)
709360(678)
709428(759)
709441(701)
735171(661)
735172(704)
735173(722)
709386(658+ 2)
709412(752)
709415(707)
709418(721)
709427(758)
709390(854)
709391(778)
709392(840)
709394(805)
709396(856)
709363(836)
709379(765+ 5)
709380(860)
709383(843)
709387(826)
704476(765+ 5)
704483(781)
709352(838)
709359(826)
709361(794)
709400(841)
709403(852)
709405(814)
709411(792)
709414(866)
709439(765+ 5)
709440(770)
709430(794)
709431(874)
709434(782)
709436(793)
709437(785)
709416(847)
709421(823)
709422(793)
709423(870)
709429(847)
709409(962)
709413(979)
709417(946)
709419(976)
709420(879+ 1)
709424(908)
709425(989)
709432(999)
709433(887)
709438(937)
709443(952)
709401(966)
709402(892)
709406(911)
709407(943)
709408(969)
704487(885)
709353(960)
709355(971)
709356(997)
709357(885)
704480(967)
704481(940)
704484(913)
704485(969)
704486(1000)
704471(919)
704473(899)
704475(894)
704477(970)
704479(914)
709362(968)
709364(983)
709367(969)
709368(1013)
709369(934)
709393(919)
709395(905)
709397(931)
709398(926)
709399(886)
709382(949)
709384(971)
709385(1019)
709388(986)
709389(992)
709370(975)
709374(985)
709376(924)
709377(917)
709378(944)
Commecs College
704361(529)
704375(482)
704389(537)
704392(532)
704397(500^ 1)
704412(481^ 1)
704416(542^ 3)
704421(501)
704423(523)
704426(477)
704450(538)
704384(570)
704393(629)
704396(555)
704405(595)
704406(595)
704371(591)
704372(633)
704376(635)
704378(642)
704381(594)
704362(569)
704365(653)
704366(650)
704367(566^ 1)
704369(595)
734934(551)
704440(591)
704444(583)
704448(550)
704449(598)
734931(563)
704409(646)
704413(578^ 1)
704415(645)
704417(579)
704433(548+ 2)
36
743221(587)
743222(609)
704551(696)
Shaheen Public College, Gulistan-e-Jauhar
704525(468^ 2)
704528(467)
709481(527)
709482(479^ 1)
709483(569^ 1)
709484(588)
709486(653)
709487(566)
Ghazi Foundation College, Gulshan-e-Iqbal
704505(590)
704506(550^ 3)
709451(590)
709467(551)
709452(665)
709454(722)
709457(757)
709461(746)
709462(679)
709463(658+ 2)
709465(674)
709453(766+ 4)
709455(795)
709458(871)
709459(810)
709460(806)
Bahria Foundation College (Gulshan-e-Iqbal Campus)
37
709569(539)
709584(546^ 1)
709590(538^ 2)
709523(653)
709525(609)
709536(593)
709538(608)
709560(642)
709561(642)
709570(644)
709572(651)
709585(622)
709586(602)
709589(627)
709537(742)
709540(694)
709543(721)
709544(672)
709546(671)
704571(731)
704572(736)
709528(723)
709534(740)
709535(720)
709588(701)
709557(718)
709564(722)
709576(742)
709579(746)
709580(693)
709556(830)
709558(871)
709559(798)
709563(783)
709565(865)
709550(810)
709552(767+ 3)
709553(830)
709554(793)
709555(800)
709566(773)
709567(801)
709568(770)
709571(823)
709575(768+ 2)
709592(838)
709593(798)
709577(872)
709578(866)
709581(791)
709582(847)
709591(806)
709521(820)
709522(769+ 1)
709524(873)
709526(841)
709527(808)
709529(824)
709532(843)
709533(768+ 2)
709539(801)
709541(787)
709542(799)
709545(852)
709547(810)
709548(769+ 1)
709549(767+ 3)
709530(883)
709531(891)
709551(883)
709562(910)
709573(944)
709574(972)
709583(907)
Bahria College EAB-I Majeed Campus
704561(593)
709511(591^ 2)
743241(591)
Metropolitan Intermediate College, Gulistan-e-Jauhar
38
704601(506)
709634(571)
709636(590)
709638(631)
709639(548+ 2)
709632(749)
Adler College
Ideal Degree College, Gulshan-e-Iqbal
709602(616)
704581(711)
704582(716)
709603(714)
709604(750)
709605(699)
709607(737)
709612(749)
709613(736)
704583(797)
704586(775)
704587(782)
709606(822)
709610(811)
709611(826)
704584(1027)
704585(991)
709601(891)
709608(977)
709609(972)
709614(882)
Chiniot Islamia College
39
New Grammer Govt. Boys & Girls H.S.S
704641(566)
704642(613^ 3)
Pak-Turk Maarif International School & College, Gulistan-e-Jauhar
704623(501^ 3)
709651(543)
704626(554)
709653(638)
709665(597^ 1)
735923(649)
704630(729)
709655(669)
709656(747)
704629(809)
The Smart College, University Road
704611(497^ 2)
704613(484)
704612(579^ 1)
704615(760)
709641(745)
709642(710)
704616(771)
Rowan College
40
704750(853)
704781(788)
704808(836)
704813(826)
704820(805)
704823(810)
704743(970)
704804(930)
704839(912)
Govt. Superior Science/Commerce College, Shah Faisal Colony
704685(521^ 4)
704711(531^ 1)
704675(580^ 2)
704681(566)
704689(564)
704702(571)
704708(641)
Govt. Degree Boys College Sachal Goth at Ghazi Goth
704661(852)
704663(874)
704666(786)
709683(768+ 2)
709684(801)
709685(801)
709686(840)
704662(988)
704664(912)
704665(933)
704667(946)
704668(916)
709681(933)
709682(884)
709687(901)
709688(978)
709689(905)
709690(900)
709691(960)
709692(969)
Army Public College, COD (Intermediate)
704651(720)
41
709718(942)
709719(966)
709720(888)
709723(923)
709724(973)
709712(947)
709713(906)
709715(919)
709716(923)
709717(937)
709725(956)
709726(972)
709727(992)
709728(988)
709730(914)
709753(907)
709754(992)
709755(999)
709757(942)
709758(1026)
709735(986)
709736(1029)
709744(1005)
709747(941)
709750(942)
704903(984)
704904(964)
704905(976)
704908(947)
704909(1001)
704888(1004)
704890(914)
704897(896)
704898(904)
704901(877+ 3)
704910(942)
704911(946)
704912(987)
704913(936)
704914(881)
709707(982)
709708(954)
709709(974)
709710(939)
709711(1019)
704918(1021)
704919(932)
704921(951)
704922(939)
709702(969)
709760(983)
709761(970)
709762(926)
709765(905)
709767(922)
709823(979)
709824(921)
709826(916)
709832(947)
709834(1020)
709816(955)
709817(965)
709818(903)
709821(922)
709822(966)
709774(947)
709775(984)
709776(1022)
709777(958)
709778(935)
709768(971)
709769(908)
709770(992)
709772(962)
709773(1034)
709779(910)
709780(946)
709786(958)
709791(980)
709792(915)
709804(877+ 3)
709808(1014)
709809(965)
709811(1016)
709815(991)
709798(906)
709799(937)
709800(1030)
709801(976)
709803(903)
Bahria College (Karsaz)
704746(483^ 3)
704759(534)
704762(532)
704763(540)
704767(523)
704768(541)
704803(538)
704814(520^ 3)
704816(528^ 3)
704831(517)
704834(520)
704837(479^ 1)
736211(538)
736216(536)
704766(590)
704769(585)
704770(645)
704771(582)
704776(550)
704777(602)
704778(579)
704779(615)
704783(645)
704785(601)
704745(565)
704751(562)
704752(616)
704753(650)
704755(636)
704756(568)
704757(577)
704758(556^ 1)
704760(580)
704764(572)
704821(577)
704824(588)
704832(628)
704833(545+ 5)
704838(646)
736204(576)
736206(619)
736207(579)
736213(572)
736214(643)
704786(593)
704789(556)
704795(592)
704800(644)
704801(609)
704802(615)
704806(563)
704817(617)
704818(588)
704819(636)
704780(665)
704782(690)
704784(661)
704787(716)
704788(738)
704765(738)
704772(748)
704773(688)
704774(662)
704775(705)
704742(735)
704744(709)
704747(730)
704754(701)
704761(667)
704790(711)
704791(689)
704792(670)
704793(695)
704794(662)
704840(743)
736205(703)
704810(659+ 1)
704812(736)
704828(678)
704835(701)
704836(680)
704796(747)
704797(729)
704798(668)
704799(705)
704809(715)
42
709733(667)
709738(751)
709740(760)
709763(658+ 2)
709764(754)
709766(697)
709771(732)
709783(691)
709784(717)
709789(754)
704885(666)
704887(730)
704891(715)
704896(718)
704899(691)
704900(744)
704917(727)
704920(688)
709701(712)
709704(685)
709794(715)
709795(706)
709796(725)
709802(720)
709812(659+ 1)
709893(655+ 5)
709904(680)
709910(750)
709916(705)
709927(686)
709931(697)
709934(669)
709937(727)
709942(673)
709945(742)
709825(659+ 1)
709830(703)
709845(752)
709848(710)
709851(750)
709857(744)
709869(749)
709872(705)
709879(694)
709880(735)
709842(850)
709846(779)
709849(825)
709850(816)
709853(873)
709855(856)
709856(784)
709858(799)
709859(846)
709868(819)
709807(787)
709810(824)
709813(780)
709819(819)
709820(825)
709827(794)
709828(858)
709829(867)
709831(839)
709833(838)
709870(873)
709878(860)
709884(864)
709887(820)
709889(865)
709922(837)
709930(840)
709932(777)
709938(871)
709940(798)
709944(798)
709947(869)
709890(869)
709891(781)
709900(866)
709901(821)
709905(793)
709911(825)
709912(837)
709914(869)
709917(822)
709919(867)
709790(871)
709793(871)
709797(790)
709805(786)
709806(798)
704915(849)
704916(825)
704923(858)
709703(803)
709705(844)
709706(823)
709714(848)
709721(833)
709722(842)
709729(823)
704881(815)
704883(787)
704884(796)
704886(851)
704889(817)
704892(767+ 3)
704893(869)
704894(843)
704895(793)
704902(814)
709749(864)
709751(853)
709752(855)
709756(863)
709759(796)
709781(818)
709782(798)
709785(812)
709787(786)
709788(854)
709731(857)
709732(783)
709734(803)
709737(827)
709741(772)
709742(783)
709743(859)
709745(806)
709746(802)
709748(815)
709865(908)
709866(929)
709867(988)
709871(875+ 5)
709873(881)
709874(963)
709875(948)
709876(943)
709877(880)
709881(932)
709882(980)
709883(949)
709885(875+ 5)
709886(1008)
709888(951)
709835(1026)
709836(953)
709837(918)
709838(1030)
709839(983)
709840(920)
709841(986)
709843(910)
709844(1005)
709852(960)
709854(899)
709860(942)
709861(1031)
709862(973)
709863(962)
709892(1006)
709894(998)
709895(921)
709896(997)
709897(981)
709925(952)
709926(899)
709928(1022)
709929(886)
709933(1009)
709935(893)
709936(962)
709939(1018)
709941(996)
709943(890)
709946(929)
709948(983)
709898(997)
709899(990)
709902(1019)
709903(1002)
709906(1000)
709907(908)
709908(924)
709909(996)
709913(989)
709915(1022)
709918(966)
709920(905)
709921(886)
709923(889)
709924(1010)
43
704972(819)
704974(860)
704975(850)
710013(850)
710023(773)
710025(950)
710031(904)
KBV CAA Model School & College
736481(535^ 2)
704963(551^ 1)
704964(625)
Iqra Intermediate College for Boys & Girls, Shah Faisal Colony
704946(626)
709981(584)
709992(650)
709995(616^ 3)
704943(747)
709966(716)
709967(756)
709980(727)
709983(737)
709988(679)
709997(718)
710001(721)
710002(725)
704942(821)
704945(858)
704948(776)
709964(862)
709971(863)
709972(765+ 5)
709974(765+ 5)
709975(791)
709976(833)
709985(871)
709986(792)
709990(774)
709993(864)
709998(868)
709999(820)
709965(884)
709969(943)
709970(934)
709973(895)
709977(911)
704941(878+ 2)
704944(884)
704947(914)
704949(966)
709963(947)
709991(888)
709994(878+ 2)
709996(958)
710000(900)
710003(892)
709978(942)
709979(1021)
709984(993)
709987(955)
709989(889)
New Fazaia Intermediate College, Shahrah-e-Faisal
704882(608)
709739(643)
709847(628)
709864(632)
44
Bright Success College
704995(519)
710052(540)
710055(534^ 3)
704992(649)
704994(635)
704991(760)
710051(723)
704993(807)
710053(872)
710054(813)
710056(849)
710057(860)
A.S.F. Intermediate College
704983(554)
704984(565)
710041(641)
736593(552^ 1)
736591(793)
736595(810)
Ali Intermediate College
710015(632)
710016(564)
710017(625)
710027(628)
710028(654)
710030(628)
710032(645)
704971(696)
704973(713)
710011(676)
710014(691)
710018(741)
710019(742)
710020(660)
710021(658+ 2)
710024(728)
710026(693)
710029(712)
710033(661)
710034(714)
743741(713)
743742(687)
45
705031(834)
705033(843)
705035(830)
705039(805)
705043(769+ 1)
705015(866)
705017(799)
705021(769+ 1)
705022(821)
705028(856)
710181(940)
710183(882)
710188(903)
710189(982)
710190(906)
710173(992)
710174(930)
710176(905)
710177(941)
710178(968)
710200(955)
710201(935)
710202(925)
710204(986)
710209(979)
710193(930)
710194(930)
710196(971)
710198(913)
710199(977)
710135(929)
710136(952)
710139(977)
710140(878+ 2)
710144(893)
710126(910)
710128(967)
710129(970)
710130(899)
710134(969)
710151(998)
710152(875+ 5)
710161(933)
710166(966)
710168(945)
710145(919)
710147(898)
710148(999)
710149(990)
710150(989)
710211(972)
710212(946)
710213(941)
710214(945)
710215(986)
710267(957)
710268(960)
710271(911)
710275(945)
710281(986)
710251(967)
710254(905)
710255(934)
710263(997)
710264(889)
710289(966)
710290(910)
710291(977)
710293(936)
710294(920)
710282(971)
710283(989)
710284(989)
710285(882)
710288(887)
710222(960)
710223(907)
710225(924)
710230(969)
710232(961)
710216(993)
710217(907)
710218(961)
710219(963)
710220(989)
710243(980)
710244(975)
710246(959)
710247(933)
710249(886)
710234(975)
710235(924)
710236(897)
710241(992)
710242(877+ 3)
710115(904)
710118(927)
710122(938)
710123(928)
710124(972)
705061(986)
705062(998)
705066(882)
705070(905)
705071(900)
705073(943)
705077(895)
705078(891)
705079(960)
705082(890)
705084(904)
705085(916)
705088(877+ 3)
705089(921)
705090(948)
705012(895)
705013(997)
705016(884)
705018(893)
705023(880)
705024(888)
705025(902)
705027(931)
705032(987)
705036(987)
705040(1021)
705041(887)
705050(946)
705051(897)
705058(939)
710091(941)
710093(906)
710095(955)
710096(908)
710099(965)
710100(935)
710101(1004)
710102(930)
710103(901)
710105(947)
710106(891)
710108(893)
710110(976)
710112(979)
710113(944)
705091(981)
705097(1002)
705098(935)
705099(967)
710071(933)
710075(918)
710076(974)
710078(908)
710080(897)
710082(911)
710083(904)
710084(966)
710085(947)
710089(918)
710090(959)
Govt. Degree Science/Commerce College Malir Cantt.
710062(531^ 1)
710063(526)
743812(608)
46
705128(816)
Govt. Degree Science/Commerce College Malir at Saudabad
705074(538)
710114(496)
710119(493^ 2)
743901(471)
710098(556^ 3)
710121(647)
710133(615)
710164(582)
710170(643)
705014(639)
705019(611)
705049(618)
705076(622)
710094(561)
710292(621^ 1)
736802(604)
736803(654)
710191(639)
710240(608)
710248(586)
710265(621)
710270(564)
710163(748)
710165(662)
710186(735)
710187(754)
710192(662)
710127(669)
710141(665)
710155(732)
710157(746)
710158(686)
710072(710)
710077(690)
710097(697)
710107(672)
710111(759)
710277(704)
736801(686)
710252(728)
710256(745)
710259(660)
710269(757)
710276(732)
710203(752)
710227(757)
710229(750)
710238(697)
710250(701)
705034(670)
705037(709)
705038(736)
705042(683)
705044(731)
705011(682)
705020(674)
705026(691)
705029(710)
705030(675)
705096(673)
705101(656+ 4)
705102(657+ 3)
705104(675)
705106(764)
705048(758)
705053(725)
705055(752)
705067(669)
705072(749)
710092(848)
710104(871)
710109(809)
710116(847)
710117(863)
710079(824)
710081(810)
710086(806)
710087(804)
710088(784)
710138(808)
710142(779)
710143(801)
710146(777)
710153(835)
710120(780)
710125(776)
710131(790)
710132(792)
710137(783)
705094(814)
705095(870)
705100(846)
710073(859)
710074(776)
705057(843)
705059(819)
705060(829)
705063(828)
705064(842)
705045(794)
705047(779)
705052(767+ 3)
705054(813)
705056(804)
705083(841)
705086(849)
705087(856)
705092(793)
705093(845)
705065(804)
705068(800)
705069(869)
705075(843)
705081(868)
710253(864)
710257(767+ 3)
710258(821)
710260(822)
710261(821)
710231(802)
710233(802)
710237(782)
710239(821)
710245(871)
710279(819)
710280(835)
710286(849)
710287(862)
743903(847)
710262(798)
710266(835)
710272(772)
710274(847)
710278(796)
710210(827)
710221(787)
710224(841)
710226(836)
710228(766+ 4)
710167(823)
710169(835)
710171(863)
710172(860)
710175(788)
710154(801)
710156(821)
710159(793)
710160(805)
710162(802)
710197(867)
710205(801)
710206(797)
710207(772)
710208(859)
710179(809)
710180(834)
710182(804)
710184(815)
710185(795)
47
771541(475)
705333(619)
705321(728)
Govt. Degree Sc., Arts & Comm. College Murad Memon Goth
705248(441^ 3)
705251(531^ 2)
705253(492^ 2)
705255(473^ 2)
705263(505^ 3)
705227(504)
705231(475^ 2)
705232(531^ 2)
705243(522)
705244(485^ 3)
705206(542^ 1)
705207(472^ 6)
705214(537)
705216(500^ 2)
705225(466^ 4)
737081(517^ 1)
705276(473^ 2)
705280(538)
737071(492^ 3)
737072(489^ 6)
737080(506)
705264(486)
705266(506)
705267(516^ 2)
705269(517^ 2)
705271(539^ 2)
705192(532^ 2)
705194(538)
705198(493^ 1)
705199(517)
705203(528)
705217(590)
705218(579^ 2)
705221(579)
705233(586^ 3)
705234(617)
705193(561)
705205(559)
705210(610)
705213(595^ 3)
705215(642)
705238(584)
705240(619)
705241(647)
705242(575)
705245(564^ 3)
705275(642)
705278(574)
771511(565)
705246(545+ 5)
705257(563^ 3)
705258(647)
705265(626)
705270(624^ 3)
705230(692)
705274(719)
705277(658+ 2)
705282(678)
Jamia Millia Govt. College (Morning)
705139(544)
705132(566)
705156(562)
705129(706)
48
710340(536)
771621(498)
710312(641)
710339(740)
Govt. Boys & Girls H.Sec.School Haji Nathoo, Malir
705475(540)
705482(480^ 3)
705486(541)
705488(521)
705490(528)
705495(510)
705499(538^ 2)
705504(469^ 2)
705516(489^ 1)
705462(560)
705474(585)
705491(624)
705507(626)
737453(573)
705468(752)
705471(702)
705503(660)
705508(656+ 4)
705521(673)
705505(830)
Allama Iqbal Govt. Science Boys College No. 1, Model Colony
705391(483)
705412(624)
705399(720)
Abdul Razzak Gabol Govt. Degree Boys & Girls, Razzakabad, Bin Qasim
49
710432(533)
710438(544)
710425(553)
710430(619)
705621(700)
710421(735)
710434(684)
710435(722)
710436(747)
710422(770)
710423(785)
710431(794)
710437(830)
710428(912)
Qamar-e-Bani Hashim Higher Secondary School
705601(540)
710386(506)
705607(593)
705608(633)
710382(609)
710396(556)
744152(577^ 3)
705606(706)
710391(744)
710393(659+ 1)
710405(694)
710407(756)
744151(714)
705605(801)
710383(828)
710400(824)
744153(848)
Kent College of Science & Commerce
705592(641)
710363(639)
710367(624)
710371(563)
710376(613)
705591(718)
705593(690)
710361(702)
710368(709)
710377(734)
710378(762)
744122(718)
710362(815)
710364(823)
710365(778)
710366(778)
710374(774)
710375(815)
710369(953)
710370(933)
710372(896)
710373(942)
New Fazaia Intermediate College, Malir Cantt.
50
705763(444^ 2)
705764(504^ 3)
705765(448^ 1)
705778(495^ 3)
705780(491)
705777(565)
705782(555)
738262(699)
Govt. Boys Higher Secondary School No. 2 'K' Area Korangi
705664(427^ 3)
738108(421)
738109(391)
705662(500^ 2)
705665(458)
705673(539)
705681(465^ 1)
705685(526)
705643(462)
705648(498)
705649(491)
705657(482^ 1)
705658(528)
705698(522)
705704(485)
705710(454^ 3)
705719(474^ 4)
705720(518)
738107(468^ 3)
738110(496^ 1)
705722(520)
705723(494)
705726(543)
705728(521^ 2)
738102(453^ 3)
705724(628)
705725(555)
705727(634)
705729(594)
705730(616)
705688(568)
705691(549+ 1)
705699(588)
705706(555^ 2)
705708(551)
705641(565)
705642(553)
705651(561)
705652(624)
705655(581)
705661(653)
705668(608)
705670(563)
705683(557)
705684(570)
705647(668)
705689(656+ 4)
705705(760)
738101(656+ 4)
Govt. Degree Boys College Korangi 2-1/2
Govt. Boys Higher Sec.School Ahmed Dawood Darsano Channo
51
705892(696)
705895(714)
705897(722)
705902(742)
710509(675)
710506(793)
710507(769+ 1)
710508(857)
710514(793)
710516(801)
705896(766+ 4)
705899(817)
705903(838)
710501(821)
710504(833)
710525(800)
710536(775)
710541(864)
710545(871)
710547(847)
710561(824)
710564(794)
710573(793)
710548(832)
710550(831)
710552(846)
710557(835)
710558(786)
710505(931)
710511(948)
710513(935)
710518(918)
710521(978)
710526(942)
710529(933)
710535(927)
710555(940)
710565(882)
710571(911)
710578(919)
SSAT Degree College
705881(647)
710492(642)
710491(864)
710493(838)
710494(794)
New Fazaia Intermediate College, Korangi Creek
705834(436^ 1)
705828(509)
705837(453)
705838(473)
705842(498^ 4)
705844(517)
705847(505)
705848(487^ 1)
738375(493)
738380(520)
705830(608)
705850(595)
705851(614)
705849(851)
Govt. Comprehensive Boys Higher Sec. School Korangi 3
705795(521)
738263(536)
52
705970(459)
705973(476)
705974(462^ 3)
705977(464)
705990(480^ 1)
705943(467^ 2)
705947(503)
705949(448^ 1)
705953(468)
705969(487^ 3)
706003(499^ 2)
706025(484^ 2)
706028(493^ 3)
706036(481)
706038(486)
705971(558)
706004(621)
706009(623)
706014(572)
706037(557)
706043(608)
706045(622)
706053(841)
Govt. Degree Boys College Ibrahim Hyderi
705924(535)
710597(533^ 1)
705931(635)
705932(591)
705934(646)
705935(557)
705937(644)
710592(605)
710595(611)
710596(654)
710605(631)
710607(625)
705913(580)
705915(646)
705916(609)
705920(629)
705921(599)
705922(610)
705923(626)
705925(589)
705928(638)
705929(584)
705911(692)
705912(678)
705914(725)
705917(728)
705919(672)
705933(704)
705938(659+ 1)
710591(702)
710598(668)
710600(679)
710602(673)
705918(823)
705926(782)
705930(823)
705936(779)
710608(837)
Pak Askari Intermediate College
705893(543^ 2)
710528(540^ 2)
710546(532^ 2)
710559(532)
710560(517)
710503(653)
710519(652)
710524(606)
710530(588)
710533(553^ 2)
705898(641)
705904(613)
705905(621)
705906(560)
710502(613)
710553(632)
710562(626)
710563(557)
710566(626)
710576(553)
710534(633)
710537(641)
710543(596)
710544(635)
710549(572^ 1)
710520(746)
710527(764)
710540(746)
710542(673)
710551(670)
710554(673)
710567(742)
710577(730)
53
Govt. Degree Boys College, 36-B Landhi 4
772102(424^ 1)
706165(497^ 2)
706167(475^ 2)
706170(493)
706173(540)
706174(445)
706133(504)
706144(516^ 2)
706151(500)
706153(514)
706162(513)
706175(525)
706177(499)
706181(475^ 6)
706191(459^ 2)
706203(547^ 5)
739011(463^ 3)
739012(534)
739013(476^ 2)
739025(518)
772103(495)
706204(513)
706206(541)
706209(490)
706210(482)
706217(509)
706192(620)
706195(597^ 2)
706201(628)
706202(584)
706205(564)
706145(644)
706158(602)
706163(565)
706169(574)
706189(626)
739002(616)
739026(600)
772101(572)
706214(583^ 1)
706216(576)
706218(579)
706220(548+ 2)
706222(605)
706132(688)
706139(745)
706154(734)
706156(699)
706188(759)
706194(674)
706199(661)
706221(677)
706157(770)
Govt. Degree Science & Commerce College Landhi/Korangi
710628(528)
710612(650)
710613(561)
710616(554)
710630(590)
706121(755)
706122(710)
710611(674)
710615(691)
710617(671)
710619(676)
710622(746)
710623(659+ 1)
710624(755)
710625(730)
710626(712)
710629(687)
744541(718)
710618(827)
710620(813)
710621(787)
710614(899)
Guard Public College Korangi No. 2 1/2
705976(420^ 3)
738865(424)
706040(464^ 3)
706044(484)
706046(480)
706050(539)
738848(495)
738853(517)
738861(507)
738862(517)
738863(485)
54
706414(530)
706415(447^ 2)
706416(499)
706423(515)
706424(524)
706425(505)
706427(487)
706413(548+ 2)
772161(587)
Mumtaz Govt. Boys Higher Secondary School
706366(496^ 1)
706368(478^ 1)
706371(470^ 3)
706372(497)
706373(517^ 2)
706375(519)
739251(497)
739255(521)
739259(464)
706351(478)
706355(461)
706358(487^ 2)
706361(449^ 1)
706362(440^ 2)
706385(602)
Govt. Degree Boys College Quaidabad
706289(543^ 2)
706311(461^ 2)
706313(502^ 3)
706315(500)
706316(452^ 2)
706317(533)
706318(523)
706319(541)
706322(546^ 1)
739142(485)
739144(502^ 5)
739145(544)
739148(480)
706282(618^ 3)
706307(546+ 4)
706309(634)
706291(722)
706310(664)
706312(794)
706320(794)
55
710677(537)
706493(640)
710661(615)
710672(654)
710674(607^ 3)
710679(593)
710685(595)
710686(623)
775151(645)
710667(686)
710668(752)
710669(720)
710670(715)
710675(737)
710680(749)
710681(707)
706492(839)
710664(778)
710665(766+ 4)
710682(785)
710684(827)
710662(930)
710671(875+ 5)
710678(916)
710683(971)
E-Complex College of Arts & Science
706454(633)
706460(644)
706461(617)
706462(590)
706455(735)
706456(738)
706457(752)
706459(750)
706464(731)
706466(701)
706472(694)
706476(662)
706477(711)
706465(802)
706467(828)
706468(826)
706469(828)
706470(765+ 5)
706451(812)
706452(833)
706453(769+ 1)
706458(834)
706463(766+ 4)
706480(766+ 4)
706471(784)
706473(870)
706474(803)
706478(853)
706479(799)
706475(936)
Pakistan Steel Cadet College
706441(596^ 1)
710652(583^ 1)
710655(629)
710657(599)
744661(550)
710654(673)
710656(778)
710651(887)
R.J Memorial Higher Secondary School
56
706544(649)
706555(547+ 3)
706562(598)
706563(587)
706569(628)
706570(556^ 1)
706571(588)
706575(631)
706578(652)
706579(607)
740001(578)
Govt. Degree Boys College Gulzar-e-Hijri
710751(568^ 3)
710753(652)
706531(761)
710752(691)
710755(794)
710756(820)
710754(884)
The Master's College of Science & Commerce
710727(522)
710740(503)
744741(524)
706511(652)
710704(562)
710717(598^ 3)
710724(646)
710729(556^ 3)
710735(615)
710737(596)
744743(580^ 1)
710705(712)
710708(753)
710711(698)
710713(688)
710728(677)
710734(757)
710702(779)
710703(837)
710707(863)
710709(828)
710714(765+ 5)
710716(860)
710718(860)
710720(819)
710721(863)
710706(892)
710712(993)
710715(963)
710725(878+ 2)
710726(981)
710730(982)
710733(947)
710736(973)
710738(908)
Bel College for Modern Sciences
57
710832(566)
710833(576)
710835(552)
744943(893)
Govt. Boys & Girls Higher Secondary School Konkar Village, Gadap Road
706663(451^ 2)
706666(507^ 2)
706667(480^ 1)
Govt. Degree Boys College, Mangopir, Karachi
710782(423^ 5)
706617(444)
706627(509)
706636(479)
706637(531)
706638(509)
706642(495)
710795(453^ 3)
710796(486)
710798(505)
710805(483^ 3)
710810(460)
710811(480^ 2)
772452(526)
772453(488^ 3)
706635(545+ 5)
706645(622)
710793(556)
710790(747)
Govt. Degree College, Konkar Village, Gadap
740009(433)
706547(537^ 2)
706551(536)
706559(440^ 2)
706568(526)
706572(491^ 2)
706573(530)
706582(543^ 3)
706584(521)
740008(498)
58
S.M.B. Quaid-e-Azam Public Higher Secondary School
706692(726)
706693(688)
706694(743)
706691(810)
706695(770)
706696(815)
706697(796)
Baqai Cadet College
706685(486^ 2)
Govt. Boys Higher Secondary School, Konkar Village
710834(501)
710836(518)
710837(500)
744942(470)
59
706751(573)
706753(579)
706755(629)
706752(774)
706754(878+ 2)
Al-Beroni Intermediate College, Ahsanabad
706734(519)
706735(472)
706744(530)
706732(594)
706733(584)
706736(568)
706737(547+ 3)
706739(619)
706740(646)
706741(583)
706742(632)
706746(634)
710872(629)
710879(642)
710880(617)
710882(575)
706738(667)
710871(717)
710874(703)
710875(737)
710876(659+ 1)
710884(729)
710873(795)
710877(831)
710878(775)
710881(830)
710883(768+ 2)
710885(803)
Quaid-e-Azam Rangers School & College, Super Highway
710863(532)
706713(652)
706714(631)
706716(639)
706722(629)
706725(586)
710860(640)
706711(729)
706712(701)
706715(690)
706718(698)
706720(700)
706723(678)
706724(684)
710854(672)
710864(672)
710865(663)
706721(780)
Public Higher Secondary School Gadap
60
707294(533)
707295(530^ 2)
707305(567)
707306(592)
707314(560^ 2)
707320(576^ 1)
707322(645)
707324(564)
768581(547+ 3)
707300(729)
707302(694)
707307(718)
707316(764)
707318(672)
707328(763)
707301(773)
707303(786)
707304(822)
707312(843)
707313(791)
707326(794)
707327(823)
707292(946)
707297(958)
707299(972)
The Graceful Higher Secondary School
741311(777)
707031(943)
Tabani's College, North Nazimabad Campus
706763(772)
706765(789)
740641(792)
740642(836)
706761(875+ 5)
706762(929)
706764(978)
Cadet College Gadap
61
Al-Hamd College of Professional Education
Mariam Higher Secondary School, Azam Town
707772(684)
707771(772)
The Smart College, F.B. Area
62
708576(544)
708581(529^ 3)
708607(536^ 2)
708634(543)
708569(598)
708577(603)
708584(573)
708587(551^ 3)
708589(638)
708593(604)
708602(614)
708604(617)
708606(610)
708613(643)
708561(671)
708568(744)
708582(665)
708597(693)
708611(676)
708621(744)
708623(696)
708632(749)
708637(662)
708641(695)
708563(771)
708564(787)
708573(791)
708579(843)
708583(815)
708585(825)
708600(834)
708612(784)
708633(788)
708635(793)
708570(956)
708578(893)
708586(911)
708591(971)
708599(961)
708616(973)
708619(975)
708620(934)
708624(974)
Haroon Bahria Intermediate College for Boys & Girls
733741(647)
708412(740)
708411(852)
The American College, Clifton
708031(837)
Park House Grammer H.S.S.
63
709113(757)
709117(753)
709136(664)
709143(717)
709144(678)
709095(751)
709096(763)
709105(670)
709106(687)
709109(703)
709071(740)
709072(676)
709081(709)
709083(761)
709088(723)
709149(760)
709151(708)
709152(721)
709154(740)
709161(659+ 1)
709170(763)
709171(724)
709182(726)
709184(753)
709190(724)
709132(843)
709133(863)
709135(874)
709138(838)
709147(824)
709148(783)
709157(861)
709162(818)
709163(860)
709169(830)
709173(817)
709174(836)
709175(873)
709176(855)
709178(824)
709125(771)
709126(802)
709127(861)
709129(765+ 5)
709131(842)
709084(873)
709085(829)
709086(831)
709089(859)
709090(814)
709093(773)
709094(870)
709099(863)
709101(781)
709103(768+ 2)
709104(782)
709114(865)
709115(872)
709116(819)
709118(830)
709179(861)
709187(812)
709193(863)
709194(830)
709202(868)
709281(779)
709284(813)
709291(787)
709297(841)
709312(862)
709313(794)
709319(854)
709321(797)
709324(807)
709326(817)
709327(795)
709328(812)
709330(795)
742951(871)
709271(863)
709274(812)
709275(832)
709277(821)
709280(784)
709203(837)
709215(862)
709217(872)
709219(835)
709223(824)
709225(850)
709239(801)
709240(798)
709243(828)
709247(783)
709252(789)
709255(863)
709264(825)
709265(812)
709270(775)
709074(770)
709075(846)
709076(779)
709079(852)
709082(770)
709177(973)
709192(974)
709197(960)
709198(988)
709200(958)
709159(995)
709164(919)
709165(939)
709167(891)
709172(944)
709209(903)
709210(967)
709212(950)
709213(883)
709216(888)
709201(919)
709204(953)
709206(970)
709207(882)
709208(982)
709142(886)
709150(919)
709153(988)
709156(905)
709158(885)
709091(1013)
709092(916)
709097(878+ 2)
709098(975)
709100(884)
709073(951)
709077(916)
709078(947)
709080(899)
709087(903)
709134(878+ 2)
709137(883)
709139(888)
709140(944)
709141(979)
709102(908)
709123(887)
709124(942)
709128(892)
709130(969)
709221(920)
709226(935)
709227(1004)
709229(947)
709230(1005)
709298(944)
709300(931)
709309(883)
709310(966)
709311(923)
709292(893)
709293(903)
709294(917)
709295(959)
709296(924)
709323(942)
709325(879+ 1)
709314(903)
709316(877+ 3)
709317(893)
709318(949)
709322(911)
709286(980)
709287(899)
709288(978)
709289(936)
709290(929)
709256(896)
709257(982)
709258(928)
709260(970)
709261(942)
709231(910)
709244(964)
709245(978)
709248(888)
709249(883)
709276(929)
709279(952)
709282(913)
709283(990)
709285(904)
709262(906)
709266(957)
709267(995)
709268(958)
709272(950)
Govt. Degree Boys & Girls College SRE-III, Majeed, Stadium Road
64
Govt. Higher Secondary School Ahmed Dawood Darsano Channo
710412(624)
710411(893)
Green House Higher Secondary School
709491(757)
743201(667)
The Smart College, Gulshan-e-Iqbal Block-6
709111(529)
709112(538)
709119(483)
709315(487^ 4)
709145(555)
709146(616)
709186(619)
709188(624)
709191(585)
709107(590)
709108(625)
709120(548+ 2)
709121(621)
709122(598)
709305(589)
709320(611)
709329(637)
742952(610)
709236(598^ 2)
709237(635)
709278(572)
709299(581)
709301(648)
709214(655+ 5)
709218(750)
709224(733)
709232(727)
709233(755)
709195(755)
709196(725)
709199(679^ 1)
709205(753)
709211(764)
709234(669)
709246(711)
709250(719)
709251(729)
709253(748)
709302(748)
709304(749)
709307(657+ 3)
709331(752)
742957(655+ 5)
709254(732)
709259(670)
709263(691)
709269(675)
709273(760)
65
Govt. Degree Girls College, Surjani Town
711107(439^ 1)
711031(543)
711051(544)
711074(481^ 2)
711078(514)
711108(479)
711006(554)
711040(555^ 1)
711048(625)
711087(559)
711099(566)
711058(705)
711063(721)
711075(734)
711076(660)
711083(667)
711069(795)
Govt. College For Women New Karachi 11-F
Medico Higher Secondary School, Majeed Colony, Landhi
710471(524^ 2)
710474(548^ 1)
710466(619)
710469(603)
710470(561)
66
711255(747)
711257(736)
711259(716)
711261(754)
711262(682)
711243(672)
711246(663)
711247(686)
711248(722)
711251(675)
711297(742)
711302(677)
711304(691)
711312(718)
711317(744)
711277(663)
711284(675)
711287(715)
711290(663)
711295(682)
711197(724)
711204(750)
711210(687)
711211(698)
711214(680)
711184(753)
711187(751)
711191(755)
711192(712)
711196(686)
711238(670)
711239(728)
711240(744)
711241(665)
711242(710)
711217(690)
711223(707)
711226(678)
711229(704)
711233(669)
711326(660)
711329(666)
711330(737)
711338(670)
711343(690)
711400(763)
711403(660)
711406(728)
711407(738)
711409(739)
711363(704)
711367(720)
711372(746)
711373(755)
711376(664)
711348(746)
711354(727)
711356(694)
711360(715)
711361(661)
711388(691)
711391(675)
711392(687)
711397(739)
711398(671)
711377(672)
711381(679)
711382(705)
711384(739)
711386(734)
711503(773)
711505(775)
711506(829)
711510(856)
711512(788)
711480(851)
711494(829)
711497(825)
711499(777)
711501(853)
711515(835)
711522(769+ 1)
711537(767+ 3)
711553(781)
711558(788)
711608(788)
711610(802)
746134(776)
711567(793)
711576(807)
711584(835)
711588(797)
711592(816)
711436(867)
711441(785)
711454(835)
711461(766+ 4)
711464(829)
711260(863)
711282(840)
711296(771)
711301(795)
711303(824)
711309(803)
711320(775)
711328(773)
711331(810)
711341(789)
711186(836)
711188(809)
711193(794)
711194(815)
711198(773)
711219(787)
711224(808)
711228(807)
711234(789)
711258(816)
711385(805)
711387(801)
711389(866)
711393(801)
711394(813)
711399(852)
711404(863)
711405(796)
711428(810)
711434(807)
711352(770)
711353(853)
711355(798)
711359(806)
711362(790)
711365(775)
711366(804)
711370(869)
711375(786)
711379(872)
711332(890)
711351(921)
711369(875+ 5)
711408(906)
711417(888)
711182(894)
711203(916)
711216(877+ 3)
711236(942)
711325(945)
711420(885)
711426(925)
711458(897)
711466(932)
711469(902)
711580(889)
711585(898)
711611(904)
711490(883)
711492(877+ 3)
711498(927)
711529(965)
711577(897)
Govt. Degree College For Women Block-M, North Nazimabad
711147(534^ 1)
67
711232(490)
711254(520^ 3)
711263(471^ 1)
711264(542)
711268(526^ 3)
711199(514^ 1)
711200(526)
711202(508)
711212(487^ 2)
711231(458)
711269(507)
711357(523^ 2)
711368(519)
711374(478^ 2)
711449(513)
711549(480)
711604(544^ 4)
746136(455)
746149(537^ 2)
711463(464^ 1)
711472(530^ 2)
711500(528)
711524(544^ 3)
711541(514^ 2)
711483(633)
711485(587)
711488(615)
711489(573)
711491(581)
711502(564)
711504(612)
711513(586)
711514(648)
711517(610)
711519(600)
711523(568)
711525(550)
711533(607)
711535(589)
711429(591)
711430(596)
711431(602)
711433(650)
711442(592)
711443(624)
711450(650)
711456(582)
711459(596)
711465(612)
711467(649)
711468(564)
711475(636)
711476(630)
711482(635)
711593(624)
711595(612)
711596(607)
711597(577^ 1)
711598(609)
711600(647)
711603(641)
711605(547+ 3)
711606(642)
711609(641)
746138(606)
746139(563)
776072(601)
776073(575)
711538(575)
711540(549+ 1)
711542(619)
711547(627)
711548(591)
711551(633)
711554(636)
711563(613)
711568(608)
711570(645)
711572(642)
711582(631)
711586(606)
711587(646)
711590(553)
711413(560)
711418(651)
711423(583)
711425(583)
711427(575)
711252(646)
711253(634)
711256(621)
711267(567)
711272(551)
711274(593)
711275(619)
711278(568)
711279(594)
711281(549+ 1)
711221(585)
711225(607)
711237(606)
711245(550)
711250(585)
711181(572^ 2)
711195(553)
711201(546+ 4)
711205(652)
711206(609)
711207(588)
711208(576)
711209(564^ 2)
711215(595)
711218(571)
711283(613)
711286(589)
711288(605)
711289(604)
711291(573)
711336(603)
711337(628)
711345(649)
711346(626^ 1)
711350(594)
711378(609)
711383(610)
711395(654)
711396(647)
711402(652)
711318(629)
711323(635)
711327(571)
711333(603)
711334(555)
711292(555)
711293(600)
711294(548+ 2)
711298(589)
711305(562)
711307(639)
711310(649)
711311(637)
711314(594)
711316(652)
711487(760)
711493(738)
711495(751)
711496(736)
711508(711)
711509(667)
711511(701)
711516(667)
711518(679)
711520(683)
711457(726)
711470(720)
711477(730)
711479(764)
711486(744)
711412(717)
711414(732)
711419(679)
711424(678)
711437(748)
711439(673)
711445(680)
711451(724)
711452(705)
711453(712)
711573(675)
711574(662)
711578(733)
711579(710)
711583(688)
711599(752)
711602(691)
746135(657+ 3)
746137(664)
746141(687)
711559(717)
711560(691)
711562(655+ 5)
711566(734)
711569(715)
711521(667)
711526(680)
711527(664)
711530(697)
711531(703)
711534(685)
711539(731)
711544(713)
711546(691)
711557(681)
68
712042(891)
Govt. Girls Sc./Comm. College Block K, North Nazimabad
711784(533)
711786(479^ 3)
711788(520^ 1)
711792(508)
711819(523)
711682(516)
711697(475)
711699(486^ 1)
711755(471)
711772(534)
711662(526)
711667(520)
711668(542^ 1)
711669(510)
711670(490)
711913(465^ 5)
711882(539^ 2)
711897(470^ 2)
711900(484)
711908(546^ 3)
711911(500^ 3)
711827(480^ 3)
711840(526)
711841(511^ 1)
711849(492)
711880(497)
711804(602^ 2)
711812(591)
711815(609)
711816(647)
711825(546+ 4)
711826(611)
711834(602)
711842(575)
711851(557)
711856(603)
711754(562)
711756(636)
711759(653)
711762(596)
711765(566)
711767(561)
711769(618)
711770(618)
711783(594)
711791(594)
711923(597)
711928(591)
711933(581)
746352(564)
746358(547+ 3)
776127(550)
776128(578)
711868(612)
711873(648)
711886(599)
711889(589)
711894(593)
711901(592)
711902(616)
711907(613)
711910(607^ 1)
711918(636)
711698(582)
711703(559)
711705(608^ 3)
711713(643)
711719(558)
711661(584)
711671(621)
711674(582)
711680(617)
711688(555)
711739(582^ 1)
711740(605)
711743(634)
711744(594)
711747(571)
711720(632)
711731(572^ 2)
711733(577)
711735(582)
711738(616)
711702(669)
711706(715)
711710(674)
711725(704)
711726(686)
711730(706)
711745(726)
711768(759)
711771(669)
711775(716)
711652(692)
711654(707)
711657(721)
711659(668)
711660(656+ 4)
711665(740)
711676(691)
711687(708)
711691(657+ 3)
711695(719)
711776(702)
711778(698)
711824(738)
711838(734)
711854(729)
711896(660)
711906(662)
711909(762)
711916(660)
711917(675)
711920(700)
711922(686)
711926(718)
711855(659+ 1)
711861(719)
711862(713)
711863(727)
711875(685)
711881(660)
711883(689)
711885(666)
711888(731)
711890(721)
711734(827)
711751(779)
711758(809)
711760(807)
711766(773)
711656(818)
711666(808)
711677(771)
711716(770)
711721(827)
711912(809)
711914(821)
711930(781)
711931(828)
711773(819)
711782(853)
711805(805)
711813(799)
711823(824)
711919(879+ 1)
711921(942)
Abdullah Govt. College For Women North Nazimabad
69
712095(543)
712111(528)
712133(537)
712144(525)
712151(501)
712063(532)
712076(498^ 3)
712082(480)
712083(542)
712089(528^ 2)
711998(531)
712000(540)
712006(547^ 3)
712034(537)
712044(489^ 3)
712194(458^ 1)
712198(514)
712201(508)
712213(537)
712229(472^ 3)
712185(599)
712187(613)
712188(625)
712190(574)
712195(597)
712197(577)
712200(633)
712203(579)
712206(648)
712207(640)
712208(638)
712209(651)
712221(638)
712222(594)
712224(593)
712168(629)
712171(548+ 2)
712178(644)
712179(588)
712183(594)
712090(586)
712093(614)
712097(547+ 3)
712107(571)
712109(600)
712127(625)
712136(639)
712141(596)
712142(605)
712156(583^ 1)
712157(571)
712158(582)
712160(651)
712161(550)
712166(626)
712231(548+ 2)
712236(651)
712245(566^ 2)
712250(617)
712251(640)
712319(636)
712321(576)
712329(607)
712332(591)
712334(636)
712336(609)
712339(548+ 2)
712343(599)
712345(611)
746552(558)
746580(553^ 1)
712301(632)
712304(583)
712309(645)
712310(605)
712311(608)
712255(599)
712256(617)
712257(618)
712269(596)
712271(564)
712277(550)
712279(554)
712281(590)
712288(608)
712292(593^ 3)
712293(590)
712295(653)
712297(567)
712299(584)
712300(601)
712070(640)
712071(590)
712074(558)
712078(562^ 1)
712086(651)
711996(611)
711999(572)
712007(575)
712010(549+ 1)
712016(632)
712020(585)
712024(588)
712031(610)
712032(546+ 4)
712039(591)
712055(591)
712058(563)
712061(626)
712064(552)
712068(648)
712104(715)
712105(706)
712112(659+ 1)
712114(687)
712115(699)
712120(763)
712121(712)
712137(688)
712154(656+ 4)
712155(683)
712073(717)
712087(663)
712094(658+ 2)
712096(659+ 1)
712103(743)
711995(705)
712001(666)
712005(673)
712013(712)
712015(756)
712023(669)
712025(740)
712030(707)
712057(726)
712065(721)
712283(751)
712306(717)
712335(701)
712341(724)
712346(748)
712347(700)
746555(680)
712246(737)
712248(655+ 5)
712263(670)
712278(710)
712280(719)
712176(720)
712189(679)
712193(715)
712199(763)
712212(667)
712214(760)
712216(739)
712227(678)
712228(674)
712232(661)
712110(804)
712113(844)
712119(808)
712128(772)
712131(786)
712049(841)
712053(832)
712066(855)
712067(772)
712099(776)
712002(797)
712014(799)
712029(766+ 4)
712037(833)
712038(820)
712361(768+ 2)
712261(771)
712268(769+ 1)
712320(807)
712337(834)
712344(855)
712132(801)
712165(841)
712167(772)
712191(767+ 3)
712218(801)
70
712695(787)
712740(780)
712743(798)
712752(836)
712801(815)
712829(794)
712837(770)
712879(871)
712889(798)
712689(885)
712699(927)
Govt. Degree Girls College Buffer Zone
712488(475)
712493(494)
712499(542)
712506(533)
712532(484^ 4)
712466(537)
712469(538)
712483(519)
712484(507)
712487(537)
712449(533)
712451(506)
712452(493)
712453(505)
712464(505)
712533(493)
712541(532)
712557(530^ 1)
712560(521^ 3)
712565(507)
712628(521^ 1)
746751(467)
712601(517)
712616(535^ 2)
712618(543)
712620(487)
712627(456)
712571(482)
712575(465^ 3)
712586(489^ 2)
712597(489^ 2)
712598(505^ 3)
712577(576)
712580(581)
712581(554)
712582(629)
712583(620)
712585(607)
712592(618)
712595(614)
712600(568)
712604(603)
712605(622)
712607(574)
712613(615)
712619(614)
712551(572)
712552(627)
712556(552)
712559(552)
712562(565)
712456(589)
712468(651)
712476(558)
712479(628)
712480(624)
712441(558)
712442(592)
712448(576)
712454(627)
712455(579)
712522(610)
712529(596)
712534(608)
712535(563)
712546(624)
712486(618)
712489(559)
712498(605)
712504(605)
712516(631)
712527(664)
712531(689)
712539(702)
712549(716)
712578(713)
712478(752)
712481(683)
712502(667)
712510(706)
712519(682)
712612(744)
712614(688)
712615(740)
712621(737)
712626(743)
712589(678)
712591(734)
712593(667)
712596(747)
712611(700)
712477(797)
712512(779)
712568(770)
712594(808)
712622(767+ 3)
Govt. Degree Girls College Sector 11-I, North Karachi
746551(389)
776177(426^ 6)
712282(507)
712285(509)
712287(464^ 1)
712305(540)
712307(470)
712244(536^ 1)
712254(511)
712258(540)
712260(513)
712264(532^ 1)
712313(532^ 5)
712314(545^ 3)
712318(534)
712324(472)
712326(493^ 3)
746565(537)
746567(539)
746569(522)
746579(497)
776175(520)
712331(505^ 3)
712333(528)
712353(542^ 1)
712363(534)
746553(477)
71
712990(565^ 3)
712999(567)
713002(607)
713006(653)
713012(583)
712945(650)
712955(549+ 1)
712965(614)
712981(568)
712988(548+ 2)
713015(590)
713023(621)
713035(602)
713036(605)
713040(613)
713071(626)
713078(593)
747051(585)
747052(550)
713056(562)
713058(647)
713059(549+ 1)
713065(565)
713066(587)
712966(655+ 5)
712967(764)
712971(695)
712984(741)
712993(742)
712994(727)
713013(674)
713016(704)
713017(736)
713051(671)
713090(709)
712953(811)
712963(832)
712996(868)
713001(778)
713018(868)
713050(809)
747053(766+ 4)
747055(832)
712950(930)
712970(987)
Govt. Degree Girls College Sector 11-B North Karachi
746902(421)
712849(541)
712855(533^ 2)
712862(484^ 2)
712875(543^ 1)
746905(512^ 1)
746912(481)
712822(471^ 3)
712835(536)
712838(526^ 1)
712841(471)
712844(529)
712664(497)
712679(496^ 2)
712683(468)
712690(515)
712694(531^ 2)
712700(504)
712706(504)
712709(510^ 3)
712720(530)
712725(537^ 5)
712735(542^ 2)
712764(523^ 3)
712798(543)
712802(531)
712821(492)
712734(583)
712739(584)
712751(587)
712758(552)
712762(575)
712770(566)
712771(556)
712774(609)
712779(567)
712781(569)
712704(641)
712707(592^ 3)
712708(620)
712722(545+ 5)
712732(626)
712661(635)
712662(603)
712666(553)
712673(615)
712674(604)
712677(595)
712680(653)
712682(615)
712698(628)
712703(642)
712896(643)
712900(567)
712901(628)
712902(595)
712903(614)
712904(605)
712905(624)
746904(558^ 2)
712860(601)
712870(555)
712877(625)
712881(552)
712887(567)
712791(606)
712793(598)
712796(580)
712806(585)
712816(552)
712827(608)
712828(556^ 1)
712853(631)
712854(572)
712856(626)
712760(709)
712766(764)
712778(693)
712780(719)
712785(667)
712741(755)
712742(737)
712750(692)
712753(661)
712757(676)
712668(668)
712702(663)
712712(709)
712727(715)
712733(667)
712893(684)
712895(751)
712906(750)
712843(704)
712857(731)
712864(701)
712891(739)
712892(656+ 4)
712787(737)
712800(688)
712804(711)
712811(667)
712817(733)
72
713233(600)
713239(584)
713240(584)
713236(731)
713249(656+ 4)
713258(677)
713231(796)
713237(869)
713238(821)
713242(793)
713245(803)
713250(870)
713256(865)
713261(863)
713244(881)
713246(945)
713247(983)
713248(989)
713251(881)
713232(1016)
713234(883)
713235(981)
713241(925)
713243(1007)
713260(904)
713253(946)
713254(898)
713255(912)
713257(965)
713259(996)
Iqra Huffaz Girls Science College, Block B, North Nazimabad
713111(518)
713130(542)
713169(540)
713174(509)
713176(488^ 5)
713177(544)
713120(590)
713132(550)
713139(603)
713150(564)
713152(565)
713158(635)
713159(564)
713165(638)
713173(617)
713180(622)
747167(558)
713136(682)
713144(735)
713145(723)
713149(747)
713157(745)
713161(690)
713189(665)
747154(764)
747162(708)
713175(800)
747153(765+ 5)
Govt. Girls Comprehensive Higher Sec. School Block M, N. Nazimabad
713022(536)
713027(543)
713030(549^ 2)
713052(530)
713061(536^ 3)
712974(529^ 3)
712991(542)
713019(505^ 2)
713020(533^ 3)
713021(462^ 3)
713089(523)
713069(521)
713073(524)
713077(459)
713080(529)
713086(506^ 5)
73
Govt. Degree Girls College, 7-C, Orangi Town
Govt. Girls Degree College, Block-N, North Nazimabad
713273(637)
713278(626)
713286(613)
713298(649)
713314(653)
713335(640)
713312(723)
713318(733)
713320(733)
713334(760)
713336(738)
713337(655+ 5)
713340(764)
713341(737)
713292(805)
713295(814)
713297(785)
713302(805)
713303(779)
713271(791)
713275(862)
713283(774)
713284(794)
713289(803)
713310(807)
713317(838)
713319(821)
713322(810)
713331(849)
713348(801)
713333(802)
713339(856)
713342(790)
713344(828)
713346(773)
713288(990)
713290(937)
713291(996)
713293(913)
713294(918)
713296(884)
713299(998)
713300(878+ 2)
713301(996)
713304(995)
713272(949)
713274(931)
713276(882)
713277(922)
713279(1005)
713280(935)
713281(977)
713282(880)
713285(932)
713287(1000)
713305(884)
713306(913)
713307(960)
713308(916)
713309(880)
713329(934)
713330(879+ 1)
713332(903)
713338(895)
713343(945)
713345(890)
713347(982)
713311(878+ 2)
713313(910)
713315(1003)
713316(970)
713323(888)
713324(1021)
713325(971)
713326(973)
713327(1000)
713328(883)
Usman Public School Campus I
74
Govt. Girls Degree College Sector 11, Orangi Town
Govt. Girls Degree Sc./Arts College Orangi Town Sector 11-1/2
713509(625^ 3)
713495(684)
713497(715)
713503(810)
713505(807)
Govt. Inter Sc./Arts/Comm. College Orangi Town Sector 15-C
713379(522)
713383(454^ 2)
713410(459^ 2)
713415(477^ 2)
713426(514)
776431(506)
713395(563)
713399(549+ 1)
713400(584)
713402(606^ 2)
713411(577)
713417(574^ 3)
713441(545+ 5)
747401(585)
713393(760)
713419(696)
713432(671)
75
714026(697)
714045(744)
714114(759)
714117(684)
714029(799)
714036(832)
714046(768+ 2)
Govt. Degree Girls College, Metrovill, S.I.T.E.
747601(407^ 2)
747613(389)
747636(399)
713695(532^ 1)
713696(445^ 1)
713721(495)
713734(494^ 3)
713751(544)
713609(525)
713661(540)
713672(532^ 3)
713678(472)
713683(507^ 2)
713767(544)
713811(498)
713817(525)
713830(539)
713832(535^ 1)
776605(467)
713849(453^ 2)
713868(487)
713882(502)
747616(499)
747623(533)
713841(643)
713859(625)
713862(639)
713875(606)
713884(577)
713823(558^ 3)
713824(631)
713827(619)
713829(636)
713838(605)
713905(616)
747627(649)
747629(584)
713885(598)
713889(589)
713890(587)
713894(555)
713900(576)
713608(599)
713619(636)
713620(635)
713630(638)
713637(552^ 3)
713646(596)
713648(618)
713652(650)
713654(630)
713675(604)
713702(556^ 3)
713724(597)
713731(601)
713766(610)
713793(628)
713676(686)
713677(686)
713701(702)
713716(708)
713722(755)
713612(753)
713615(729)
713628(705)
713629(707)
713665(721)
713922(699)
713815(728)
713818(710)
713833(728)
713870(764)
713878(710)
713593(804)
713645(809)
713664(777)
713697(768+ 2)
713755(835)
713777(779)
713786(802)
713796(766+ 4)
713834(836)
713886(856)
713611(966)
713806(934)
Govt. Degree Science & Arts College For Women Baldia Town
713561(485^ 3)
713556(563)
76
714283(843)
714285(765+ 5)
714288(806)
714290(778)
714293(822)
714294(851)
714295(863)
714296(859)
714298(788)
714300(826)
714302(777)
714305(771)
714306(804)
714308(852)
714314(798)
714261(777)
714269(851)
714273(842)
714278(798)
714279(823)
714211(859)
714215(812)
714218(844)
714221(836)
714223(817)
714224(834)
714229(817)
714241(852)
714243(809)
714246(783)
714248(863)
714251(832)
714252(770)
714253(828)
714260(795)
714319(833)
714327(782)
714331(872)
714337(869)
714340(836)
714400(805)
714403(805)
714405(847)
714407(803)
714410(803)
714342(824)
714349(777)
714355(791)
714361(790)
714362(814)
714363(810)
714365(803)
714369(820)
714376(768+ 2)
714379(855)
714380(824)
714383(788)
714384(792)
714385(869)
714391(824)
714318(930)
714338(876+ 4)
714339(966)
714346(920)
714352(904)
714257(880)
714282(893)
714291(982)
714297(886)
714312(974)
714212(897)
714220(930)
714240(877+ 3)
714247(912)
714256(966)
714373(923)
714392(885)
714393(911)
714397(985)
714404(875+ 5)
714485(894)
714491(926)
748009(954)
714440(901)
714443(971)
714444(875+ 5)
714469(891)
714483(902)
714408(878+ 2)
714411(946)
714419(879+ 1)
714424(905)
714425(924)
Shaheed-e-Millat Govt. Degree College for Women Azizabad
714174(536^ 1)
714176(639)
714182(594)
714171(708)
714172(725)
714190(664)
747902(730)
Govt. Degree Girls College Pak. Colony
714090(439^ 5)
714023(529)
714027(497^ 3)
714028(520)
714044(460^ 4)
714066(502)
714091(474)
714037(551)
714043(572)
714068(575)
714072(654)
714074(547+ 3)
714083(647)
714096(573)
77
714321(524)
714423(527^ 2)
714430(528)
714464(543^ 3)
714473(519^ 3)
748007(511)
714301(624)
714316(601)
714320(616)
714323(596)
714329(623)
714330(643)
714343(637)
714344(572)
714345(619)
714350(644)
714216(641)
714222(613)
714239(583)
714244(633)
714259(617)
714264(634)
714271(618)
714277(640)
714284(630)
714289(600)
714357(648^ 1)
714367(597)
714378(607)
714381(552^ 2)
714387(571^ 2)
714471(647)
714472(633)
714474(637)
714482(627)
714484(571)
714495(634)
714499(601)
714500(624)
748002(613)
748006(646)
714389(613)
714390(650)
714396(623)
714399(551)
714421(593)
714433(649)
714445(568)
714447(621)
714457(625)
714458(641)
714481(657+ 3)
714486(660)
714493(668)
714494(757)
714496(763)
714470(661)
714477(690)
714478(737)
714479(672)
714480(704)
748008(755)
714497(716)
714498(688)
714502(667)
748003(725)
748004(739)
714452(658+ 2)
714455(723)
714456(696)
714459(744)
714465(754)
714275(746)
714276(730)
714280(674)
714281(696)
714287(721)
714266(727)
714268(698)
714270(718)
714272(722)
714274(692)
714315(723)
714317(677)
714324(744)
714325(752)
714328(692)
714292(722)
714299(750)
714304(667)
714310(677)
714311(684)
714228(698)
714230(666)
714234(742)
714236(712)
714238(671)
714213(724)
714214(736)
714217(723)
714219(744)
714225(685)
714255(677)
714258(737)
714262(701)
714263(679)
714265(677)
714242(696)
714245(731)
714249(746)
714250(697)
714254(671)
714414(723)
714415(728)
714420(665)
714427(762)
714431(708)
714401(738)
714402(732)
714406(751)
714409(666)
714413(685)
714442(726)
714446(687)
714448(684)
714449(669)
714450(676)
714432(681)
714434(742)
714435(745)
714438(748)
714439(748)
714359(726)
714360(751)
714364(711)
714368(744)
714370(705)
714333(735)
714334(751)
714335(701)
714341(720)
714358(676)
714382(673)
714386(747)
714394(676)
714395(705)
714398(730)
714371(704)
714372(686)
714374(741)
714375(664)
714377(672)
714453(788)
714454(874)
714460(850)
714461(874)
714462(853)
714416(860)
714417(775)
714426(868)
714436(835)
714437(798)
714463(770)
714466(863)
714467(772)
714468(845)
714476(859)
714504(772)
714506(846)
748001(770)
714488(773)
714489(802)
714492(799)
714501(766+ 4)
714503(801)
78
714558(492^ 2)
714561(531)
714578(535)
714580(501)
714583(529)
714538(512)
714539(476^ 2)
714544(527)
714550(454^ 3)
714555(541^ 2)
714664(621)
714668(583)
714673(619)
714674(588)
714680(556)
714644(617)
714649(549+ 1)
714650(596)
714651(606)
714659(549+ 1)
714705(607)
714711(609)
714713(618)
714725(570)
714729(573)
714686(559)
714691(553)
714693(552)
714700(651)
714703(561)
714621(617)
714627(616)
714631(546+ 4)
714634(578)
714636(584)
714577(641)
714588(596)
714589(609)
714591(616)
714600(569)
714564(554^ 2)
714567(562)
714568(645)
714570(613^ 2)
714574(584^ 2)
714613(572)
714614(627)
714617(630)
714618(574)
714619(553)
714604(572)
714605(653)
714609(615)
714611(647)
714612(629)
714853(581)
714854(618)
714857(582)
714859(570)
714862(602)
714828(552)
714832(629)
714837(625)
714845(621)
714849(630)
714895(581)
748174(566)
776851(591)
714866(592)
714876(632)
714878(561)
714892(549+ 1)
714894(629)
714814(558)
714817(563)
714818(562)
714819(553)
714820(626)
714746(629)
714747(584)
714748(560)
714749(573)
714751(596)
714732(572)
714736(583)
714738(576)
714739(631)
714741(617)
714803(553)
714805(545+ 5)
714807(601)
714808(596)
714811(607)
714752(592)
714765(595)
714771(620)
714772(598)
714801(650)
714546(654)
714551(557)
714553(639)
714557(551)
714560(551)
714629(708)
714642(702)
714652(741)
714662(678)
714681(760)
714682(699)
714684(709)
714697(718)
714702(740)
714704(693)
714601(683)
714606(688)
714607(726)
714624(688)
714626(702)
714531(755)
714532(757)
714535(664)
714563(661)
714566(692)
714569(744)
714571(682)
714584(717)
714586(702)
714587(681)
714710(715)
714720(664)
714723(693)
714727(716)
714728(670)
714855(655+ 5)
714860(749)
714869(748)
714882(692)
714887(704)
748155(679)
748171(692)
714821(699)
714827(697)
714829(675)
714839(690)
714841(656+ 4)
714730(749)
714733(736)
714734(688)
714737(672)
714753(670)
714769(716)
714777(754)
714790(684)
714795(677)
714809(737)
714628(801)
714630(806)
714639(820)
714670(773)
714676(766+ 4)
714533(785)
714559(846)
714562(775)
714590(771)
714620(796)
714858(859)
714868(769+ 1)
714694(832)
714744(841)
714799(809)
714843(775)
714850(808)
714575(905)
714701(931)
714743(991)
714770(880)
714792(887)
714890(927)
Govt. Science & Commerce College for Women, Block 16 F.B.Area
79
714954(477^ 1)
714967(510)
714968(538)
714989(517^ 1)
715002(518)
715009(574)
715015(559)
715021(569)
715022(652)
715024(633)
715025(642)
715026(592)
715036(642)
715047(553)
715054(618)
714991(620)
714992(646)
714994(594)
715000(636)
715008(611)
714952(642)
714953(562)
714958(553)
714963(607)
714971(554)
714978(600)
714979(609^ 1)
714981(610)
714982(615)
714988(606)
715055(607)
715058(628)
715059(645)
715062(611)
715063(596)
715143(628)
715144(631)
715145(583)
715155(640)
715156(549+ 1)
748353(601)
748355(577)
748356(582)
748359(563)
776903(567)
715113(622)
715122(644)
715132(571)
715135(624)
715140(645)
715066(622)
715073(547+ 3)
715076(592)
715082(596)
715085(637)
715093(606)
715094(614)
715095(553)
715099(636)
715102(618)
715089(688)
715097(666)
715108(681)
715112(735)
715115(729)
715061(709)
715064(678)
715069(656+ 4)
715072(673)
715087(662)
715032(707)
715038(721)
715040(671)
715049(693)
715051(659+ 1)
715158(668)
715163(676)
748357(730)
748360(664)
715130(741)
715139(699)
715141(725)
715151(673)
715153(671)
715116(736)
715117(750)
715120(721)
715126(716)
715127(709)
714951(709)
714956(707)
714962(685)
714965(736)
714966(711)
714975(658+ 2)
714976(671)
714984(725)
714987(764)
714990(686)
714993(718)
714997(759)
715007(698)
715019(727)
715031(706)
715017(785)
715029(856)
715046(797)
715057(767+ 3)
715060(831)
714959(828)
714970(826)
714998(794)
715003(816)
715014(768+ 2)
715065(774)
715091(848)
715092(781)
715123(801)
715136(824)
715160(833)
715161(775)
748352(790)
715142(787)
715152(785)
715154(777)
715157(808)
715159(818)
715044(877+ 3)
715048(946)
715081(883)
715105(957)
APWA Govt. College for Women Karimabad
748151(398)
776854(433)
714695(514)
714696(481^ 2)
714707(520^ 3)
714712(520)
714721(478)
714722(509)
714726(516)
714735(484)
714779(504)
714785(482^ 1)
714595(506)
714598(447^ 4)
714610(486^ 5)
714622(515)
714632(545^ 2)
714633(476)
714641(526)
714643(542)
714648(538^ 2)
714671(463)
714877(535^ 1)
714880(537^ 1)
714885(529)
714888(501)
748157(496)
748162(530)
748166(459)
748167(480)
748176(521)
776853(522^ 3)
714788(512)
714798(466)
714810(466^ 1)
714813(511^ 3)
714824(485^ 1)
714834(533)
714842(540)
714848(504^ 3)
714864(480^ 2)
714870(487^ 1)
80
715335(714)
715338(715)
715349(661)
715353(695)
715354(707)
715359(753)
715367(737)
715372(703)
715375(680)
715378(721)
715383(746)
715387(711)
715347(800)
715350(859)
715360(822)
715361(823)
715363(846)
715332(867)
715341(840)
715342(777)
715345(785)
715346(862)
715381(829)
715384(772)
715385(836)
715364(871)
715373(803)
715376(835)
715379(863)
715380(774)
715340(1019)
715343(923)
715344(955)
715348(935)
715351(954)
715331(991)
715333(995)
715334(968)
715336(968)
715337(980)
715352(974)
715355(961)
715356(906)
715357(875+ 5)
715358(913)
715370(996)
715374(892)
715377(879+ 1)
715382(959)
715386(890)
715362(909)
715365(891)
715366(909)
715368(1035)
715369(932)
Metropolis Intermediate College for Girls
715200(507^ 2)
715203(487^ 1)
715218(510^ 3)
715222(524)
715232(442)
715264(524^ 3)
715282(451^ 3)
715302(519^ 2)
748502(482)
715229(593)
715233(601)
715245(627)
715252(622)
715263(595)
715198(548+ 2)
715204(567)
715208(636)
715216(583)
715217(592)
715300(561^ 3)
715303(554)
715265(615^ 3)
715274(569)
715280(569)
715295(569)
715299(575)
715191(685)
715192(724)
715193(662)
715197(659+ 1)
715199(706)
715212(707)
715215(677)
715235(700)
715241(658+ 2)
715255(692)
715262(685)
715286(708)
715289(661)
715294(756)
715244(796)
715293(886)
Govt. Girls Degree College Al-Noor F.B. Area
748351(431)
776907(412)
715035(534^ 3)
715056(540)
715079(544^ 3)
715129(546^ 2)
715134(514^ 2)
748358(487^ 2)
776906(452)
81
715507(927)
715510(934)
715514(911)
715516(876+ 4)
715525(884)
715480(969)
715489(894)
715491(923)
715492(917)
715498(920)
715569(910)
715577(959)
715582(942)
715583(894)
715584(898)
715534(921)
715552(901)
715556(891)
715558(937)
715566(943)
715446(950)
715449(882)
715450(944)
715452(901)
715458(896)
715436(894)
715440(938)
715441(968)
715442(944)
715443(1020)
715470(945)
715471(897)
715474(882)
715475(901)
715477(977)
715464(958)
715465(896)
715466(930)
715467(940)
715468(907)
715688(963)
715689(968)
715691(969)
715696(923)
715698(976)
715626(911)
715627(950)
715636(941)
715637(1001)
715643(943)
715591(920)
715595(1000)
715601(880)
715610(976)
715625(943)
715665(948)
715671(958)
715672(912)
715676(885)
715681(971)
715645(951)
715648(925)
715658(950)
715661(963)
715662(940)
Sir Syed Govt. Girls College Nazimabad
715401(651)
715402(651)
715404(630)
715410(554)
748681(590)
715412(751)
715403(797)
715406(860)
715411(773)
715405(898)
715407(890)
715409(918)
Metropolitan Girls College, F.B. Area
715393(556)
Memon Girls College, Block-3, F.B. Area
82
715535(864)
715539(845)
715542(871)
715545(842)
715546(796)
715520(810)
715522(867)
715523(869)
715524(868)
715527(827)
715555(802)
715557(840)
715560(803)
715564(827)
715567(766+ 4)
715547(829)
715548(870)
715549(837)
715551(806)
715554(767+ 3)
715508(790)
715509(848)
715512(769+ 1)
715513(793)
715519(825)
715472(821)
715473(797)
715476(846)
715482(767+ 3)
715483(845)
715433(862)
715439(793)
715453(766+ 4)
715457(773)
715469(824)
715497(765+ 5)
715502(808)
715504(854)
715505(846)
715506(806)
715485(842)
715486(817)
715487(804)
715488(838)
715495(811)
715655(805)
715656(860)
715659(830)
715660(836)
715666(791)
715647(855)
715650(778)
715651(767+ 3)
715653(811)
715654(776)
715593(796)
715598(777)
715607(768+ 2)
715611(790)
715614(823)
715568(860)
715570(866)
715573(811)
715580(766+ 4)
715592(821)
715624(838)
715630(842)
715639(801)
715641(870)
715642(847)
715615(819)
715617(809)
715618(833)
715621(827)
715622(766+ 4)
716095(898)
716103(877+ 3)
716104(937)
716112(928)
716113(939)
716082(916)
716083(973)
716084(951)
716089(977)
716092(931)
716130(934)
716132(895)
716136(957)
716137(1018)
716120(966)
716124(939)
716125(982)
716126(912)
716129(987)
716070(877+ 3)
716071(957)
716074(977)
716076(908)
716077(981)
715800(970)
715801(1006)
715805(986)
715810(910)
715815(990)
715793(901)
715794(978)
715796(886)
715797(990)
715799(977)
715820(915)
715821(902)
715822(930)
715823(910)
715824(960)
715863(988)
715864(899)
715865(918)
715869(893)
715871(896)
715830(945)
715843(938)
715846(911)
715848(892)
715851(921)
715775(905)
715777(958)
715784(913)
715786(903)
715787(902)
715716(908)
715720(971)
715721(944)
715722(979)
715724(964)
715699(910)
715702(911)
715711(962)
715712(892)
715715(968)
715736(1003)
715737(897)
715741(900)
715743(941)
715744(905)
715767(962)
715768(914)
715769(972)
715770(956)
715771(942)
715746(906)
715751(899)
715752(956)
715764(890)
715765(926)
715983(957)
715985(896)
715994(876+ 4)
715998(879+ 1)
716013(915)
715962(926)
715968(914)
715976(903)
715979(977)
715981(931)
716014(951)
716018(991)
716022(941)
716025(971)
716028(880)
716042(900)
716051(909)
716053(908)
716054(967)
716058(959)
716029(939)
716030(972)
716031(954)
716032(1027)
716033(962)
715949(930)
715951(904)
715953(900)
715957(964)
715961(1010)
715886(950)
715889(939)
715895(875+ 5)
715897(903)
715901(887)
715872(890)
715874(999)
715878(885)
715883(1010)
715885(885)
715905(900)
715912(1007)
715914(909)
715915(906)
715917(921)
715932(901)
715938(926)
715942(947)
715943(917)
715945(922)
715921(879+ 1)
715926(916)
715927(958)
715928(887)
715929(929)
83
715576(709)
715578(719)
715581(755)
715585(740)
715587(657+ 3)
715543(681)
715553(755)
715559(762)
715571(684)
715574(714)
715606(710)
715613(690)
715616(660)
715631(745)
715635(753)
715594(742)
715596(686)
715597(745)
715602(741)
715604(701)
715530(737)
715531(702)
715532(674)
715537(678)
715541(753)
715447(724)
715451(713)
715459(723)
715460(746)
715463(755)
715431(667)
715432(674)
715437(724)
715438(681)
715444(756)
715518(673)
715521(680)
715526(661)
715528(700)
715529(736)
715479(712)
715490(755)
715503(684)
715511(747)
715517(752)
715644(679)
715668(738)
715677(701)
715678(667)
715684(693)
715875(680)
715877(720)
715880(759)
715882(707)
715894(718)
715831(746)
715845(714)
715853(761)
715859(748)
715873(746)
715728(705)
715734(678)
715747(736)
715748(687)
715761(738)
715686(732)
715690(729)
715697(687)
715701(682)
715727(680)
715790(656+ 4)
715806(729)
715818(717)
715827(655+ 5)
715828(737)
715766(683)
715776(741)
715781(708)
715782(656+ 4)
715783(725)
716096(846)
716105(770)
716108(845)
716109(848)
716110(866)
716115(867)
716117(792)
716121(853)
716131(780)
716139(837)
748811(795)
716086(865)
716087(842)
716090(787)
716093(783)
716094(814)
715803(797)
715804(780)
715807(867)
715808(769+ 1)
715809(800)
715791(807)
715792(767+ 3)
715795(810)
715798(870)
715802(872)
715811(801)
715813(799)
715819(769+ 1)
715825(823)
715832(832)
715842(832)
715844(838)
715847(768+ 2)
715849(775)
715850(806)
715834(840)
715836(871)
715838(767+ 3)
715839(797)
715840(809)
715772(845)
715774(834)
715778(834)
715779(859)
715780(874)
715693(847)
715694(846)
715700(847)
715704(860)
715706(797)
715679(788)
715680(859)
715682(819)
715683(850)
715687(850)
715709(813)
715710(830)
715713(787)
715717(782)
715718(820)
715735(832)
715740(870)
715749(791)
715755(790)
715760(842)
715719(839)
715725(788)
715726(873)
715731(857)
715732(782)
716004(870)
716005(870)
716009(869)
716011(841)
716012(821)
715988(827)
715990(848)
715991(857)
716000(873)
716002(874)
716020(772)
716034(767+ 3)
716038(822)
716039(845)
716043(772)
716068(847)
716073(821)
716075(846)
716080(825)
716081(865)
716047(781)
716048(848)
716055(850)
716059(822)
716062(804)
715965(797)
715969(839)
715974(843)
715986(874)
715987(866)
715868(849)
715870(820)
715876(814)
715879(798)
715881(838)
715854(874)
715856(824)
715857(853)
715866(819)
715867(810)
715888(835)
715899(835)
715906(777)
715909(782)
715911(868)
715936(811)
715939(859)
715946(821)
715952(837)
715954(783)
715913(816)
715916(794)
715920(861)
715933(766+ 4)
715935(778)
84
716285(884)
716288(887)
716301(905)
716302(936)
716307(911)
716310(892)
716316(907)
716324(920)
716335(925)
716340(898)
716191(884)
716198(965)
716240(941)
716248(942)
716249(896)
716254(913)
716255(931)
716267(876+ 4)
716273(1008)
716277(895)
716348(935)
716350(878+ 2)
716354(888)
716355(926)
716356(953)
716389(960)
716392(914)
716404(947)
716417(980)
716436(937)
Govt. Degree College for Women Nazimabad
748807(439^ 1)
715536(512)
715538(539)
715603(536^ 4)
715640(495^ 2)
715649(497)
715692(539)
715730(500^ 1)
715739(535)
715785(537^ 1)
715789(497^ 2)
715860(524)
715898(543)
716050(538)
716100(524)
715996(569)
715997(630)
716007(580^ 3)
716008(641)
716046(591)
715975(643)
715980(628)
715982(627)
715984(622)
715989(566)
715956(636)
715958(638)
715963(619)
715971(617)
715973(591)
716138(582)
748805(588)
748808(556)
748812(549+ 1)
716101(614)
716118(604)
716128(595)
716133(602)
716134(646)
716060(571)
716065(605)
716066(595)
716067(595)
716091(644)
715903(597)
715907(600)
715910(616)
715925(650)
715947(586)
715575(575)
715586(600)
715599(587)
715628(603)
715646(600)
715652(577)
715657(632)
715667(601)
715670(625)
715673(598)
715533(633)
715550(630)
715563(606)
715565(625)
715572(633)
715445(622)
715454(639)
715455(618)
715462(634)
715481(580)
715493(569)
715496(581)
715499(576)
715501(555)
715515(576)
715826(613)
715829(603)
715837(551)
715852(618)
715858(609)
715887(632)
715890(612)
715891(603)
715892(551)
715893(570)
715756(626)
715773(610)
715788(624)
715812(604)
715817(621)
715674(630)
715685(648^ 1)
715695(642)
715703(588^ 3)
715705(583)
715714(629)
715729(591)
715738(578^ 2)
715742(568)
715753(610)
715959(745)
715960(756)
715964(660)
715967(757)
715978(719)
715993(669)
715995(761)
716001(740)
716003(749)
716006(736)
715940(730)
715941(728)
715944(761)
715950(753)
715955(743)
715896(692)
715902(674)
715908(729)
715918(724)
715919(659+ 1)
715922(721)
715930(735)
715931(742)
715934(712)
715937(750)
716010(688)
716015(737)
716019(673)
716021(712)
716023(740)
716106(703)
716107(744)
716111(745)
716116(733)
716123(762)
716127(714)
716135(734)
748804(710)
748809(707)
716078(758)
716085(723)
716088(759)
716097(657+ 3)
716102(738)
716026(667)
716035(758)
716036(743)
716037(742)
716045(662)
716049(656+ 4)
716052(704)
716057(700)
716069(763)
716072(669)
85
716238(731)
716239(712)
716242(723)
716246(717)
716251(759)
716258(693)
716265(726)
716269(736)
716276(656+ 4)
716279(673)
716281(695)
716282(679)
716287(755)
716312(658+ 2)
716313(716)
716181(670)
716186(659+ 1)
716189(706)
716190(695)
716197(697)
716201(667)
716205(680)
716210(725)
716211(675)
716213(731)
716215(739)
716219(735)
716221(672)
716227(715)
716233(655+ 5)
716315(694)
716317(666)
716320(702)
716326(706)
716332(760)
716336(704)
716337(763)
716345(715)
716346(760)
716351(692)
716352(737)
716358(682)
716364(746)
716370(668)
716377(727)
716378(661)
716379(681)
716385(737)
716390(666)
716391(740)
716526(820)
716527(798)
716535(816)
716538(774)
716549(799)
716551(786)
716552(788)
716556(852)
716557(858)
716561(804)
716479(820)
716492(866)
716497(818)
716502(795)
716505(811)
716506(846)
716508(798)
716510(811)
716524(776)
716525(821)
716562(803)
716563(773)
716567(836)
716574(872)
716576(784)
716632(769+ 1)
716633(853)
716634(860)
716641(845)
716644(864)
716653(806)
716654(807)
716659(806)
749051(826)
716577(805)
716591(847)
716598(860)
716601(788)
716606(865)
716616(841)
716619(868)
716625(796)
716628(852)
716630(766+ 4)
716435(804)
716452(809)
716463(803)
716465(772)
716468(787)
716257(766+ 4)
716263(825)
716264(835)
716266(870)
716268(790)
716280(792)
716289(809)
716290(817)
716291(844)
716292(848)
716295(871)
716299(833)
716309(819)
716314(767+ 3)
716318(818)
716237(766+ 4)
716241(830)
716244(767+ 3)
716245(845)
716250(798)
716183(790)
716185(827)
716192(817)
716193(825)
716199(823)
716212(858)
716214(809)
716218(783)
716223(844)
716224(795)
716225(802)
716226(836)
716232(867)
716235(773)
716236(858)
716388(803)
716395(804)
716397(803)
716400(810)
716402(808)
716409(874)
716411(809)
716412(833)
716413(855)
716414(820)
716420(775)
716421(792)
716422(871)
716432(857)
716434(839)
716365(856)
716369(796)
716375(830)
716382(850)
716384(816)
716319(824)
716321(828)
716325(777)
716328(835)
716331(840)
716334(830)
716338(805)
716339(783)
716341(843)
716342(848)
716343(861)
716347(854)
716359(845)
716360(816)
716361(777)
716489(921)
716503(907)
716507(966)
716514(908)
716516(879+ 1)
716467(875+ 5)
716470(901)
716471(894)
716481(903)
716482(912)
716441(978)
716447(903)
716449(888)
716457(906)
716458(953)
716517(895)
716521(932)
716528(921)
716529(894)
716534(946)
716637(944)
716640(882)
716646(918)
716582(955)
716592(912)
716595(879+ 1)
716599(896)
716631(923)
716544(941)
716564(921)
716566(892)
716573(982)
716579(876+ 4)
86
716769(833)
Riaz Govt. Girls College Liaquatabad No. 10
716222(427^ 3)
716383(511)
716386(527)
716393(500^ 4)
716408(528)
716427(519^ 1)
716275(513)
716284(538)
716311(441^ 4)
716372(525)
716376(510^ 1)
716187(515)
716195(479^ 3)
716216(524^ 3)
716228(541)
716252(542)
716621(471)
716624(546^ 2)
716626(466)
716638(522^ 1)
716652(501)
716570(492^ 3)
716578(512^ 1)
716585(544)
716603(523)
716610(506^ 3)
716431(528)
716445(543)
716451(529)
716543(522)
716546(523)
716597(561)
716600(641)
716604(648)
716607(551)
716608(546+ 4)
716568(561)
716569(643)
716580(619)
716589(645)
716596(601^ 1)
716611(546+ 4)
716615(562^ 3)
716617(591)
716618(607)
716627(623)
749052(590)
716636(590)
716642(569)
716647(647)
716655(575^ 3)
716657(638)
716306(616)
716308(647)
716322(639)
716330(628)
716362(610)
716363(640)
716366(548+ 2)
716367(649)
716368(633)
716380(586)
716293(638)
716294(592)
716296(560)
716298(636)
716303(572)
716184(573)
716188(591)
716196(619)
716247(605)
716256(653)
716259(598)
716261(582)
716262(615)
716270(640)
716283(639)
716487(584)
716501(618)
716509(614)
716512(596)
716515(611)
716532(652)
716537(595)
716539(629)
716550(594)
716554(643)
716453(637)
716456(632)
716469(553)
716476(608)
716486(568)
716381(652)
716396(602)
716403(580^ 1)
716415(626)
716418(625)
716424(616)
716429(550^ 1)
716437(584)
716440(548+ 2)
716448(625)
716455(733)
716459(742)
716460(722)
716462(697)
716477(693)
716478(760)
716480(682)
716485(707)
716495(702)
716496(716)
716498(669)
716499(716)
716511(702)
716518(718)
716520(730)
716394(725)
716399(735)
716405(697)
716407(729)
716410(681)
716419(762)
716423(689)
716425(764)
716430(740)
716433(743)
716438(717)
716439(747)
716442(683)
716443(734)
716444(682)
716612(664)
716622(711)
716629(721)
716635(740)
716639(667)
716645(698)
716648(740)
716649(719)
716650(750)
716651(761)
716656(724)
716658(674)
749053(697)
716523(686)
716530(714)
716531(663)
716536(678)
716540(749)
716541(684)
716542(697)
716545(664)
716553(671)
716565(664)
716572(730)
716575(762)
716588(697)
716602(758)
716605(667)
87
717030(691)
717036(702)
717041(721)
717070(719)
717091(658+ 2)
717119(678)
717157(764)
717139(838)
717152(804)
749521(796)
717106(899)
Shaheed Flying Officer Marium Mukhtar Govt. Girls College
716990(455^ 2)
716973(565)
716993(546+ 4)
716975(766+ 4)
APWA Govt. Girls Higher Secondary School Liaquatabad
716738(439^ 4)
716774(437^ 2)
716803(423^ 2)
716838(429^ 3)
749301(420)
716791(504)
716797(480)
716802(499)
716805(459^ 3)
716810(489)
716817(539)
716820(523)
716822(527)
716823(442^ 4)
716827(508)
716696(488^ 2)
716702(481^ 2)
716705(482^ 1)
716710(465)
716715(467^ 3)
716726(507^ 3)
716732(508)
716736(520)
716740(468^ 4)
716784(470^ 3)
716830(449)
716832(451)
716837(507)
716839(445^ 2)
716840(504^ 1)
716884(531)
716886(536)
716889(531^ 3)
716891(515)
716894(454^ 2)
716895(454^ 4)
716900(442^ 1)
777201(537)
777204(476)
716841(441^ 4)
716843(492)
716844(541)
716852(461)
716854(540)
716856(490)
716869(541)
716874(508)
716875(499)
716879(465^ 1)
716712(618)
716719(619)
716724(545+ 5)
716727(636)
716730(582)
716691(608)
716693(610)
716695(625)
716701(590)
716709(618)
716792(575)
716793(573)
716801(588)
716806(568)
716809(584)
716833(556)
716836(639)
716842(561)
716896(568)
716812(606)
716813(607)
716814(590)
716821(621)
716825(548+ 2)
716698(683)
716717(660)
716750(681)
716768(660)
716826(659+ 1)
716853(692)
716870(760)
716890(752)
88
717245(492^ 2)
717251(482^ 4)
717257(516)
717259(525)
717265(506^ 4)
717242(645)
717243(633)
717253(640)
717256(606)
717263(613)
717264(624)
717270(591)
717272(586)
717274(576)
717276(600)
717247(739)
717250(661)
717252(663)
717268(689)
717269(656+ 4)
717244(796)
717266(776)
717271(815)
717273(781)
717275(768+ 2)
717248(888)
717254(931)
717255(910)
Jinnah Intermediate College for Girls
717210(545^ 2)
717215(521^ 2)
717221(536^ 6)
717223(593)
717224(629)
717225(611)
717203(651)
717204(553^ 3)
717209(546+ 4)
717213(549+ 1)
717218(579)
717214(659+ 1)
Govt. Girls Pilot Higher Secondary School Nazimabad
717020(489^ 2)
717026(533)
717039(538)
717040(541)
717054(541)
717075(528^ 2)
717093(537)
717104(533^ 3)
717118(529)
717126(488^ 3)
717146(515^ 2)
749518(443)
717100(580)
717101(603)
717103(578)
717105(556)
717108(595)
717067(650)
717084(614)
717087(548+ 2)
717092(575)
717098(631)
717015(639)
717019(642)
717029(586)
717032(580)
717056(625^ 3)
749515(645)
749523(549+ 1)
717132(598)
717135(580)
717136(560)
717138(609)
749512(636)
717110(620)
717120(629)
717122(601)
717124(580)
717130(564)
89
717468(955)
717469(988)
717470(993)
717471(973)
717472(1019)
717460(942)
717461(915)
717464(927)
717465(929)
717466(1028)
717473(967)
717474(918)
717475(1013)
717477(999)
717478(995)
717485(947)
717487(925)
717488(882)
717490(988)
717491(933)
717479(993)
717480(1005)
717482(950)
717483(885)
717484(1000)
717453(919)
717456(938)
717457(972)
717458(935)
717459(1024)
717430(1003)
717431(991)
717432(1009)
717433(996)
717434(945)
717424(968)
717426(926)
717427(1015)
717428(887)
717429(900)
717435(989)
717436(880)
717439(916)
717440(952)
717442(988)
717448(959)
717449(891)
717450(904)
717451(1000)
717452(1000)
717443(930)
717444(911)
717445(958)
717446(1006)
717447(980)
717537(878+ 2)
717538(978)
717539(909)
717540(924)
717541(889)
717531(941)
717532(1025)
717533(904)
717535(889)
717536(987)
717542(994)
717543(962)
717544(981)
717545(930)
717547(948)
717548(989)
717549(878+ 2)
717550(1002)
717551(913)
717552(964)
717521(937)
717522(984)
717524(965)
717525(964)
717529(1008)
717498(900)
717499(1004)
717501(896)
717502(1030)
717503(1025)
717492(927)
717493(894)
717494(973)
717495(951)
717497(892)
717504(1015)
717505(960)
717506(941)
717507(949)
717508(920)
717514(923)
717515(993)
717517(959)
717519(888)
717520(972)
717509(976)
717510(1000)
717511(984)
717512(925)
717513(971)
717330(965)
717331(995)
717334(929)
717335(917)
717336(1005)
717324(928)
717325(983)
717326(1010)
717327(909)
717329(987)
717338(1009)
717339(1008)
717341(991)
717342(963)
717343(1009)
717349(930)
717350(880)
717353(970)
717354(1003)
717355(901)
717344(1021)
717345(980)
717346(882)
717347(944)
717348(1019)
717301(902)
717303(1002)
717304(962)
717305(955)
717306(927)
717419(983)
717420(998)
717421(1004)
717422(1015)
717423(944)
717307(931)
717308(995)
717309(984)
717310(954)
717312(986)
717319(970)
717320(935)
717321(882)
717322(993)
717323(954)
717313(1007)
717314(918)
717316(1023)
717317(908)
717318(991)
717356(960)
717357(958)
717358(1024)
717359(920)
717360(997)
717394(942)
717395(985)
717396(1010)
717398(1006)
717399(988)
717389(986)
717390(964)
717391(962)
717392(965)
717393(988)
717400(939)
717401(875+ 5)
717402(995)
717403(1009)
717404(973)
717410(984)
717412(982)
717413(986)
717415(882)
717418(952)
717405(995)
717406(995)
717407(966)
717408(974)
717409(905)
717366(1015)
717367(963)
717368(971)
717369(1003)
717370(918)
717361(987)
717362(934)
717363(937)
717364(981)
717365(959)
717372(889)
717374(965)
717375(951)
717376(977)
717377(930)
717384(979)
717385(963)
717386(979)
717387(885)
717388(958)
717378(951)
717379(1023)
717380(933)
717381(1003)
717383(997)
BAMM P.E.C.H.S. Govt. College For Women
90
717311(710)
717352(734)
717438(759)
717574(698)
717584(755)
717602(669)
717677(741)
717679(750)
717686(671)
717706(687)
749742(665)
717454(832)
717455(779)
717462(870)
717463(865)
717467(828)
717476(831)
717486(847)
717489(834)
717496(860)
717516(823)
717523(802)
717526(853)
717527(817)
717528(842)
717534(789)
717315(847)
717328(848)
717332(847)
717337(792)
717340(768+ 2)
717351(769+ 1)
717371(768+ 2)
717373(824)
717382(838)
717397(786)
717411(832)
717414(867)
717417(864)
717425(835)
717441(870)
717646(840)
717647(825)
717655(779)
717675(861)
717683(806)
717688(836)
717689(866)
717692(797)
717695(817)
717707(795)
717711(814)
717712(867)
717718(784)
717546(868)
717553(850)
717558(839)
717572(827)
717578(799)
717587(830)
717589(869)
717593(864)
717595(819)
717596(798)
717598(800)
717603(838)
717609(855)
717622(864)
717628(866)
717699(937)
717701(1002)
717702(998)
717703(976)
717705(934)
717708(938)
717709(991)
717710(908)
717713(940)
717714(929)
717715(923)
717716(992)
717717(979)
749741(957)
717693(909)
717694(922)
717696(983)
717697(971)
717698(1005)
717604(1022)
717605(965)
717606(980)
717607(931)
717608(884)
717592(968)
717594(952)
717597(932)
717599(1006)
717601(930)
717610(999)
717611(910)
717612(978)
717613(914)
717614(907)
717620(950)
717621(1004)
717623(978)
717624(1004)
717625(907)
717615(884)
717616(881)
717617(990)
717618(975)
717619(1014)
717585(935)
717586(962)
717588(991)
717590(922)
717591(983)
717560(989)
717561(956)
717562(950)
717563(934)
717564(959)
717554(878+ 2)
717555(1004)
717556(1007)
717557(1016)
717559(1008)
717565(1013)
717566(932)
717567(970)
717568(954)
717569(987)
717579(969)
717580(927)
717581(962)
717582(964)
717583(952)
717570(921)
717571(922)
717573(952)
717575(961)
717577(886)
717665(1003)
717666(976)
717667(1015)
717668(984)
717669(979)
717660(976)
717661(990)
717662(991)
717663(982)
717664(930)
717670(963)
717671(998)
717672(884)
717673(973)
717674(948)
717684(1012)
717685(989)
717687(987)
717690(945)
717691(1029)
717676(976)
717678(1001)
717680(980)
717681(960)
717682(961)
717654(988)
717656(974)
717657(1021)
717658(884)
717659(948)
717632(970)
717633(987)
717634(1001)
717635(909)
717636(965)
717626(1028)
717627(966)
717629(906)
717630(1013)
717631(899)
717637(911)
717638(940)
717639(953)
717640(959)
717641(1001)
717649(980)
717650(902)
717651(990)
717652(971)
717653(918)
717642(991)
717643(946)
717644(1000)
717645(914)
717648(989)
91
717772(596)
717774(561)
717782(634)
717794(621)
717804(573)
717806(560)
717808(604)
717815(584)
717817(606)
717818(599)
717741(566)
717745(545+ 5)
717747(570^ 2)
717750(586)
717753(574)
717757(622)
717760(563)
717766(632)
717768(651)
717770(596)
717828(594)
717832(652)
717833(578)
717837(573)
717840(654)
717842(631)
717849(553^ 3)
717850(594)
717851(609)
717855(603)
717835(665)
717836(668)
717841(738)
717853(682)
717856(708)
717858(673)
717859(689)
717861(663)
717864(755)
717870(742)
717874(712)
717876(697)
717878(672)
717883(695)
717885(728)
717762(691)
717763(727)
717777(704)
717778(761)
717779(699)
717792(724)
717793(755)
717795(706)
717801(758)
717802(657+ 3)
717803(659+ 1)
717821(688)
717822(701)
717824(667)
717825(725)
717888(719)
717892(655+ 5)
717897(660)
717905(695)
717911(678)
717990(680)
717991(718)
718000(735)
718009(724)
718022(748)
718036(712)
718038(752)
718040(730)
718060(681)
718066(656+ 4)
718069(664)
718071(708)
717913(680)
717926(665)
717929(699)
717941(736)
717942(665)
717943(690)
717952(657+ 3)
717957(762)
717958(717)
717966(695)
717972(670)
717980(688)
717981(663)
717982(759)
717987(740)
717746(667)
717748(753)
717749(705)
717751(745)
717761(681)
717847(781)
717854(825)
717857(806)
717862(786)
717872(804)
717873(766+ 4)
717881(820)
717891(807)
717895(844)
717901(776)
717754(805)
717759(858)
717769(799)
717783(773)
717784(808)
717811(776)
717831(793)
717838(803)
717843(779)
717845(781)
717986(782)
718001(813)
718010(782)
718014(812)
718026(780)
718033(816)
718039(830)
718045(871)
718063(775)
717904(861)
717918(782)
717919(794)
717927(793)
717930(860)
717931(849)
717937(866)
717962(785)
717963(838)
717968(803)
717743(879+ 1)
717771(930)
717805(931)
717830(885)
717865(896)
717915(890)
717935(907)
717956(975)
717967(923)
718018(888)
718019(968)
S.M.B. Fatima Jinnah Govt. Girls Degree College Nishtar Road
717302(613)
717416(638)
717437(627)
717500(575)
717530(601)
717700(631)
717704(597)
92
718150(524)
718162(485^ 1)
718175(526^ 1)
718177(531)
718178(506)
718112(521)
718117(511)
718124(484^ 1)
718133(525)
718145(443^ 6)
718155(636)
718159(617)
718163(558)
718164(557)
718168(572)
718129(557)
718134(581)
718135(598)
718148(586)
718152(553)
718113(646)
718114(601^ 1)
718118(652)
718121(570)
718125(644)
718171(618)
718179(633^ 1)
718191(614)
718193(592)
718208(645)
718254(626)
718228(651)
718230(556)
718232(615)
718234(619)
718241(545+ 5)
718210(566)
718211(584)
718216(565)
718218(556)
718225(632)
718166(670)
718167(713)
718172(754)
718174(682)
718183(739)
718116(681)
718136(704)
718140(744)
718146(712)
718160(679)
718245(752)
718253(711)
718255(719)
718256(687)
718185(680)
718190(695)
718207(750)
718209(686)
718240(691)
718126(840)
718144(871)
718176(800)
718189(807)
718238(776)
750042(827)
Govt. Girls Degree College, Mehmoodabad Block 6, P.E.C.H.S.
717810(520^ 1)
717820(521)
717834(506)
717844(531^ 2)
717852(544^ 1)
717756(544)
717764(509)
717788(543^ 3)
717790(503)
717799(532)
717871(511)
717882(503)
717916(478^ 3)
717922(504^ 2)
717950(495)
777481(475^ 3)
717964(513)
718037(513^ 1)
718046(495^ 2)
718052(535)
718057(509)
717909(620)
717910(597)
717917(586)
717921(575)
717928(613)
717932(612)
717933(618)
717934(652)
717936(605)
717939(630)
717940(574)
717944(581)
717951(589)
717955(553^ 3)
717960(634)
717863(554)
717866(548+ 2)
717868(603)
717869(571)
717875(623)
717880(608)
717884(559)
717886(552)
717889(583)
717898(569)
717900(551)
717902(578^ 3)
717906(595)
717907(586)
717908(640)
717965(579)
717970(612)
717973(563^ 2)
717978(617)
717979(570)
718050(633)
718053(634)
718054(626)
718056(648)
718058(643)
718062(600)
718064(646)
718068(590)
718070(560)
749844(566)
749845(586^ 1)
777482(568)
717997(627)
718002(606)
718006(564)
718007(557)
718011(572)
718013(645)
718016(609)
718020(571)
718021(644)
718025(635)
718031(553)
718042(579)
718043(635)
718044(549+ 1)
718047(568)
93
718416(543)
718428(536)
718431(472^ 2)
718452(548^ 1)
718457(484)
718411(559)
718414(577)
718429(613^ 3)
718436(602)
718442(605)
718443(596)
718459(580)
718466(633)
718469(624)
718472(628)
718417(681)
718421(760)
718427(696)
718440(695)
718446(712)
718449(735)
718450(698)
718463(697)
718464(669)
718471(760)
718426(844)
718430(809)
718433(836)
718434(780)
718435(829)
718419(816)
718422(779)
718423(784)
718424(779)
718425(866)
718438(810)
718439(797)
718445(859)
718447(846)
718453(768+ 2)
718476(866)
718465(852)
718467(798)
718470(780)
718474(800)
718475(846)
718441(882)
718444(966)
718448(980)
718451(917)
718454(908)
718413(881)
718418(930)
718420(922)
718432(948)
718437(905)
718468(948)
718473(902)
718455(927)
718456(994)
718460(972)
718461(938)
718462(891)
Fatimiyah College Girls Campus
718281(469^ 2)
718282(515)
718294(455^ 3)
718296(485^ 2)
718298(504^ 4)
718302(537)
718312(493)
718341(539)
718350(477^ 2)
718364(503^ 3)
718366(528)
718367(467^ 2)
718368(504^ 2)
718375(479^ 3)
750143(526)
718330(592)
718333(595)
718336(584)
718349(634)
718357(604)
718300(615)
718301(554)
718325(593)
718326(587)
718329(615)
718385(610)
718362(607)
718365(564^ 2)
718372(551)
718380(639)
718381(581)
718306(682)
718317(667)
718320(661)
718324(722)
718334(664)
718337(763)
718353(664)
718373(672)
718292(840)
718299(774)
718307(772)
718352(790)
718382(850)
718338(891)
718370(959)
Govt. Girls College P.I.B. Colony
750046(439^ 1)
718188(497)
718192(533)
718202(531^ 2)
718205(539)
718219(505)
718220(543)
718252(541)
718258(544)
750045(521)
94
718662(837)
718663(850)
718666(819)
718668(873)
718675(786)
718652(816)
718653(835)
718655(865)
718656(833)
718659(773)
718690(827)
718679(786)
718682(837)
718683(813)
718687(770)
718689(801)
718654(1009)
718660(894)
718661(877+ 3)
718664(900)
718671(890)
718672(921)
718676(940)
718677(990)
718678(912)
718685(888)
718686(885)
718691(910)
Al-Badar Higher Secondary School (Girls)
718613(513^ 5)
718611(617)
718614(561^ 1)
718615(549+ 1)
718617(613)
718618(554)
718624(574)
718628(568)
718634(600)
718612(716)
718620(702)
718623(662)
718625(724)
718630(754)
718632(723)
718633(749)
718636(736)
718619(772)
718622(831)
718627(768+ 2)
718631(854)
750312(819)
750313(775)
718621(918)
Gulistan Shah Abdul Latif Girls Higher Secondary School
718509(519^ 3)
718520(504^ 1)
718539(507^ 3)
750252(534^ 2)
718501(566)
718502(603)
718521(561)
718531(676)
750261(758)
718518(806)
Govt. Girls H.Sec.School Green Belt Mehmoodabad
750201(478)
95
718835(849)
718836(801)
718767(931)
Shaheed Mohtarma Benazir Bhutto Govt. Degree Girls College
718747(606)
718748(642)
750421(604)
718742(749)
718743(673)
718744(811)
718745(769+ 1)
Mama Girls Intermediate College, P.E.C.H.S. Karachi
718714(542)
718706(579)
718707(597)
718715(630)
718718(588^ 1)
718722(648)
718701(713)
718703(720)
718704(680)
718710(711)
718712(742)
718713(738)
718719(680)
718720(755)
718721(724)
718724(683)
718727(752)
718702(860)
718708(841)
718711(848)
718717(861)
718725(790)
Green Flag Intermediate College
718657(542)
718680(629)
718684(648)
718688(591)
718651(728)
718665(761)
718667(666)
718669(757)
718670(731)
718673(666)
718674(719)
718681(741)
96
719046(695)
719049(686)
719051(671)
719067(685)
719069(735)
719077(712)
719082(718)
719083(660)
719085(659+ 1)
719086(702)
719089(706)
719095(671)
719098(683)
719104(707)
719106(689)
719009(672)
719020(708)
719025(667)
719038(764^ 1)
719041(659+ 1)
718896(732)
718915(738)
718917(660)
718929(761)
718933(692)
718942(737)
718954(655+ 5)
718955(753)
718958(760)
718965(682)
718966(671)
718985(712)
718990(697)
718992(744)
718996(715)
719197(670)
719199(749)
719200(675)
719205(663)
719206(663)
719116(709)
719120(679)
719128(692)
719131(706)
719135(737)
719148(712)
719162(751)
719169(677)
719171(733)
719177(695)
719178(729)
719181(695)
719187(713)
719194(712)
719195(735)
719142(770)
719180(788)
719184(798)
719192(766+ 4)
719196(786)
719201(800)
719225(766+ 4)
719231(846)
719240(780)
719282(804)
719075(776)
719084(861)
719087(855)
719094(779)
719101(787)
719102(809)
719103(802)
719122(852)
719125(862)
719133(806)
719414(769+ 1)
719444(797)
719449(836)
719459(846)
719468(831)
719471(814)
719500(805)
719504(799)
719521(849)
750568(799)
719283(835)
719307(851)
719309(807)
719330(767+ 3)
719370(799)
719371(773)
719378(779)
719393(793)
719398(818)
719401(841)
719045(765+ 5)
719050(842)
719057(796)
719058(802)
719073(782)
718895(767+ 3)
718898(827)
718910(778)
718911(766+ 4)
718913(804)
718914(767+ 3)
718916(768+ 2)
718918(859)
718943(873)
718953(767+ 3)
718986(839)
718991(835)
718997(849)
719027(831)
719037(851)
719071(880)
719097(923)
719109(895)
719117(875+ 5)
719144(999)
719000(936)
719006(925)
719007(887)
719053(926)
719059(893)
718893(900)
718897(897)
718994(907)
718995(922)
718998(951)
719526(877+ 3)
719534(920)
719394(958)
719400(875+ 5)
719454(891)
719481(926)
719522(906)
719227(984)
719239(931)
719241(934)
719299(951)
719322(940)
Govt. College For Women Shahrah-e-Liaquat
718796(430)
718788(540)
718801(499^ 2)
718809(455^ 2)
718816(536)
718822(487^ 1)
718761(572^ 3)
718766(557)
718772(614)
718777(592^ 1)
718807(651)
718823(579)
718826(635)
718830(584)
718833(553)
718837(574)
718839(563)
718770(764)
718773(660)
718813(655+ 5)
718827(686)
97
719253(607)
719258(586)
719260(638)
719267(646)
719268(586)
719233(572)
719238(625)
719245(633)
719247(590)
719249(598)
719271(590)
719272(645)
719278(573)
719280(573)
719281(546+ 4)
719306(600)
719314(633)
719315(574)
719324(582)
719325(560)
719285(633)
719292(559)
719297(586)
719298(575)
719301(602)
719217(651)
719218(651)
719221(619)
719230(601)
719232(637)
719110(551^ 2)
719114(580^ 1)
719118(586)
719119(572)
719129(554)
719074(638)
719079(591)
719090(591)
719099(608^ 1)
719105(654)
719132(573)
719134(653)
719136(574)
719138(611)
719152(622)
719167(629)
719175(607)
719179(564)
719198(606)
719209(632)
719153(582)
719161(638)
719163(553)
719164(641)
719166(560^ 1)
719493(612)
719494(610)
719497(577)
719498(616)
719512(654)
719455(557)
719463(640)
719466(654)
719479(563)
719485(614)
719514(611)
719517(643)
719527(612)
719531(625)
750553(553)
719433(630)
719434(577)
719442(605)
719445(560)
719448(615)
719357(569)
719358(652)
719360(646)
719363(640)
719364(572)
719327(549+ 1)
719333(617)
719334(654)
719344(545+ 5)
719349(623)
719365(565)
719366(648)
719373(624)
719375(553)
719385(601)
719406(640)
719411(575)
719413(616)
719426(638)
719429(612)
719387(605)
719388(635)
719392(562^ 3)
719399(558)
719405(602)
718932(628)
718940(554)
718941(550)
718947(609)
718948(582)
718949(637)
718952(588)
718962(581)
718964(564)
718968(577)
718892(555^ 1)
718894(642)
718899(649)
718902(627)
718903(587)
718905(645)
718908(622)
718920(601)
718926(578)
718931(586)
719019(577)
719028(608)
719030(618)
719036(606)
719040(633)
719042(652)
719043(652)
719060(623)
719061(554)
719066(621)
718970(651)
718971(608)
718972(582)
718975(647)
718978(571)
718981(565)
718987(613)
719002(596)
719004(602)
719013(548+ 2)
719286(660)
719303(657+ 3)
719304(667)
719308(712)
719312(681)
719313(745)
719320(736)
719321(679)
719326(664)
719332(711)
719336(728)
719339(761)
719347(698)
719348(707)
719367(760)
719269(680)
719274(745)
719275(656+ 4)
719276(746)
719284(713)
719208(710)
719210(672)
719214(722)
719222(707)
719223(723)
719228(736)
719235(709)
719237(731)
719243(714)
719246(674)
719248(757)
719250(675)
719259(758)
719262(660)
719263(669)
719482(660)
719483(676)
719501(734)
719503(696)
719505(675)
719507(673)
719508(685)
719519(744)
719525(715)
750565(729)
750566(689)
750570(713)
750571(720)
777860(741)
719450(730)
719458(678)
719469(695)
719472(667)
719476(753)
719372(751)
719374(762)
719376(709)
719377(672)
719380(762)
719382(711)
719386(722)
719389(660)
719390(678)
719396(682)
719402(683)
719419(684)
719420(695)
719430(703)
719438(695)
98
719638(792)
719639(847)
719647(813)
719652(826)
719653(784)
719623(781)
719625(837)
719626(825)
719627(776)
719636(789)
719612(848)
719614(867)
719615(776)
719616(801)
719621(798)
719657(960)
719659(896)
719660(895)
719663(876+ 4)
719666(932)
719667(968)
719670(953)
719671(995)
719672(954)
719680(885)
719682(952)
719683(993)
719684(882)
719685(893)
719694(942)
719644(881)
719646(908)
719649(970)
719654(931)
719655(980)
719611(917)
719613(883)
719617(875+ 5)
719619(906)
719620(907)
719622(913)
719624(945)
719629(923)
719630(978)
719631(983)
719632(1009)
719633(1020)
719634(884)
719637(972)
719640(911)
719698(895)
719699(898)
719707(952)
719709(875+ 5)
719714(876+ 4)
719786(979)
719787(875+ 5)
719788(907)
719792(900)
719797(943)
719805(983)
719808(972)
719813(927)
719818(1012)
719820(999)
719824(889)
719825(981)
719837(949)
719768(885)
719773(906)
719774(905)
719777(993)
719781(971)
719718(961)
719720(890)
719722(880)
719724(944)
719733(877+ 3)
719736(964)
719737(982)
719739(883)
719752(890)
719755(876+ 4)
719759(905)
719761(964)
719762(969)
719764(934)
719766(948)
DHACSS College for Women (Intermediate)
719328(432^ 1)
719457(438^ 5)
719150(541)
719151(473^ 4)
719154(531^ 2)
719168(490^ 5)
719173(534^ 1)
719080(503)
719081(524)
719112(541)
719127(510^ 1)
719147(537)
719211(520)
719244(487)
719255(485^ 5)
719277(536^ 2)
719302(540^ 5)
719182(502)
719190(538)
719191(504^ 3)
719193(486^ 4)
719203(529^ 1)
718944(524)
718961(542^ 3)
718967(541)
718969(477^ 3)
718976(495^ 3)
718891(544^ 2)
718925(543^ 1)
718934(539)
718935(532)
718936(534)
719024(539)
719026(541^ 2)
719033(541)
719044(483)
719070(508)
718999(529)
719003(501)
719008(531)
719012(493)
719015(520^ 3)
719316(524)
719317(455^ 2)
719318(532)
719319(475)
719337(522)
719491(437+ 3)
719492(529)
719502(530^ 1)
719511(534)
719515(518)
719452(517^ 2)
719464(465)
719470(541)
719487(516)
719489(531)
750584(465)
719523(494)
719524(509)
719533(533)
750562(529)
750582(455^ 3)
719355(495)
719369(453^ 2)
719379(528)
719381(449^ 3)
719403(468^ 1)
719341(462^ 1)
719342(471)
719351(470)
719352(488)
719354(455^ 1)
719424(503^ 3)
719427(528)
719435(522)
719439(510)
719446(527)
719404(495)
719407(488)
719417(537)
719421(511)
719423(535^ 3)
750554(627)
750557(589^ 3)
750577(584)
750580(599)
750583(650)
750587(555^ 2)
750589(574^ 2)
777855(606)
99
719887(688)
719893(698)
719897(720)
719909(721)
719919(693)
719868(749)
719879(689)
719882(686)
719885(698)
719886(738)
719876(787)
719904(826)
719911(769+ 1)
719934(783)
719935(824)
719975(816)
719980(812)
720008(782)
720049(807)
750971(788)
750976(856)
719987(970)
720048(883)
Govt. Girls Degree College, Gizri Clifton
719704(491^ 2)
719793(490)
719716(646)
719741(651)
719753(560)
719779(547+ 3)
719794(651)
719651(619)
719669(581)
719676(632)
719678(566^ 1)
719691(651)
719829(573^ 3)
719835(550)
719836(632)
750804(650)
719800(607)
719819(648)
719821(640)
719823(576)
719828(576)
719838(739)
750802(664)
750803(736)
750805(716)
750807(689)
719799(740)
719810(740)
719814(745)
719822(754)
719832(758)
719688(671)
719690(674)
719696(725)
719697(731)
719702(661)
719703(658+ 2)
719708(748)
719710(703)
719715(667)
719717(710)
719665(729)
719668(716)
719677(702)
719686(739)
719687(721)
719618(764)
719635(684)
719641(724)
719642(734)
719643(704)
719645(693)
719650(750)
719656(764)
719658(737)
719662(748)
719771(664)
719772(720)
719775(681)
719776(699)
719778(667)
719782(663)
719785(684)
719790(763)
719795(665)
719796(727)
719750(755)
719756(753)
719757(698)
719767(717)
719770(741)
719725(700)
719726(715)
719727(657+ 3)
719729(712)
719731(680)
719734(703)
719738(678)
719740(699)
719745(748)
719749(713)
719712(825)
719713(816)
719721(839)
719723(782)
719728(820)
719730(824)
719732(776)
719735(874)
719742(803)
719743(867)
719695(825)
719701(775)
719705(835)
719706(795)
719711(774)
719661(816)
719664(801)
719673(828)
719674(847)
719675(834)
719679(806)
719681(786)
719689(857)
719692(833)
719693(859)
719744(836)
719746(853)
719747(851)
719748(802)
719751(786)
719809(825)
719811(862)
719812(770)
719815(795)
719816(765+ 5)
719817(869)
719826(787)
719827(874)
750806(788)
750808(783)
719798(796)
719801(767+ 3)
719804(801)
719806(830)
719807(823)
719754(812)
719758(838)
719760(791)
719763(853)
719765(871)
719769(811)
719783(829)
719784(832)
719789(775)
719791(836)
100
720399(963)
720400(948)
720401(913)
720404(1014)
720405(948)
720392(1011)
720394(962)
720395(973)
720396(979)
720397(982)
720384(986)
720385(920)
720386(1000)
720389(943)
720390(967)
St. Lawrance's Govt. Girls Degree College
720302(437^ 3)
720304(421^ 1)
720306(434)
720171(496)
720179(538^ 2)
720186(523)
720203(466^ 2)
720214(497)
720135(454^ 4)
720136(449)
720157(490^ 3)
720165(476)
720169(508)
720222(454^ 2)
720233(515)
720235(506)
720240(496^ 3)
720249(530)
720315(489^ 3)
720316(459^ 4)
720324(509)
778021(471)
720266(517^ 1)
720280(470)
720282(454)
720289(533)
720307(516)
720137(645)
720146(636^ 3)
720160(647)
720177(548+ 2)
720188(625)
720198(582)
720205(601)
720224(594)
720236(567)
720253(637)
720283(617)
720294(580)
720317(550)
720138(690)
720227(725)
720274(808)
720272(952)
Karachi Govt. College For Women Chand Bibi Road
719916(526)
719927(524)
719932(463)
719942(504^ 3)
719953(533)
719863(486)
719872(515^ 3)
719890(527^ 2)
719892(457^ 3)
719910(538)
719971(529)
719996(488)
720006(524)
720011(511)
720013(533)
720060(535)
750964(539)
750966(521)
720020(521)
720032(507)
720034(526)
720038(473)
720055(486^ 2)
719933(609)
719951(649)
719954(559)
719955(609)
719957(559)
719914(580)
719915(652)
719921(628)
719922(572)
719928(640)
719865(576)
719866(573)
719867(621)
719870(580)
719896(598)
720041(624)
720059(583)
720010(624)
720021(603)
720028(624)
720031(560)
720037(563)
719960(557)
719965(621)
719966(600)
719968(571)
719985(578)
719992(689)
719995(697)
720000(668)
720003(674)
720004(704)
719925(694)
719931(701)
719945(708)
719946(664)
719974(740)
750970(703)
720019(763)
720022(709)
720035(657+ 3)
720047(741)
720058(713)
101
720426(534^ 1)
720471(545^ 1)
751251(531)
720445(629)
720448(647)
720461(609)
720511(590)
720512(640)
720435(754)
720446(726)
720453(737)
720454(732)
720473(699)
720383(754)
720393(686)
720398(737)
720428(719)
720434(682)
720478(708)
720487(672)
720489(718)
720505(671)
720506(673)
720569(727)
720513(729)
720515(694)
720541(764)
720543(725)
720566(722)
720433(807)
720437(868)
720438(814)
720444(798)
720452(809)
720456(871)
720459(850)
720463(840)
720464(865)
720472(820)
720381(828)
720382(851)
720388(869)
720391(792)
720402(845)
720403(860)
720416(800)
720424(867)
720425(870)
720430(829)
720474(820)
720479(873)
720481(774)
720483(863)
720485(865)
720547(778)
720553(805)
720558(808)
720574(854)
720576(824)
751252(830)
720486(852)
720490(873)
720493(791)
720504(872)
720507(829)
720519(809)
720524(850)
720540(848)
720542(788)
720546(812)
720462(977)
720465(956)
720466(931)
720467(936)
720468(941)
720451(960)
720455(971)
720457(963)
720458(914)
720460(914)
720469(957)
720470(980)
720475(899)
720476(953)
720477(993)
720494(988)
720495(917)
720497(966)
720498(960)
720500(945)
720480(890)
720482(960)
720484(934)
720488(971)
720492(957)
720442(963)
720443(945)
720447(918)
720449(985)
720450(943)
720411(970)
720412(975)
720413(931)
720414(953)
720415(939)
720406(967)
720407(890)
720408(997)
720409(963)
720410(973)
720417(991)
720418(939)
720419(944)
720420(931)
720421(915)
720432(937)
720436(963)
720439(945)
720440(899)
720441(930)
720422(920)
720423(961)
720427(994)
720429(965)
720431(956)
720554(909)
720555(892)
720556(1009)
720557(926)
720559(1011)
720548(942)
720549(944)
720550(977)
720551(942)
720552(905)
720560(920)
720561(989)
720562(964)
720563(947)
720564(896)
720572(956)
720573(998)
720575(875+ 5)
720577(998)
720565(939)
720567(949)
720568(885)
720570(998)
720571(915)
720537(989)
720538(922)
720539(967)
720544(1003)
720545(937)
720510(1002)
720514(928)
720516(898)
720517(953)
720518(965)
720501(927)
720502(952)
720503(989)
720508(943)
720509(943)
720520(890)
720521(946)
720522(919)
720523(906)
720525(1001)
720531(958)
720532(882)
720534(1005)
720535(976)
720536(991)
720526(931)
720527(957)
720528(939)
720529(961)
720530(952)
102
720833(807)
720837(819)
720838(835)
720840(801)
720845(839)
720851(874)
720853(791)
720854(826)
720860(807)
720863(774)
720793(850)
720794(802)
720796(794)
720800(873)
720802(855)
720807(793)
720810(868)
720812(862)
720819(831)
720820(794)
720866(858)
720869(765+ 5)
720870(780)
720873(850)
720876(830)
720877(869)
720878(857)
720879(845)
720880(804)
720882(802)
720859(878+ 2)
720861(900)
720865(875+ 5)
720872(955)
720874(938)
720893(924)
720894(1015)
720900(879+ 1)
720901(985)
720904(941)
720830(904)
720841(891)
720844(947)
720850(891)
720857(907)
720791(949)
720792(886)
720795(989)
720797(926)
720806(942)
720811(908)
720813(884)
720815(932)
720824(969)
720825(941)
720963(904)
720964(942)
720966(983)
720973(911)
720974(892)
720975(900)
720988(911)
720990(970)
720993(971)
720998(1002)
720949(923)
720955(910)
720956(977)
720958(881)
720962(956)
720905(931)
720906(983)
720915(921)
720920(994)
720921(934)
720924(942)
720926(898)
720935(960)
720936(887)
720944(895)
St. Joseph's College for Women
751301(422)
720617(522)
720636(485)
720644(542)
720657(474)
720692(493^ 1)
720593(445^ 3)
720596(535)
720598(498)
720601(518)
720610(447)
751306(456^ 3)
778081(521)
778083(500^ 3)
720698(493)
720723(503^ 1)
720729(498)
751302(527)
751303(444^ 1)
720652(632)
720658(621)
720667(590)
720669(628)
720688(558)
720594(570)
720605(566)
720608(546+ 4)
720619(590)
720642(556)
720700(633)
720703(614)
720710(558)
720711(588)
720719(608)
751309(596)
720720(563)
720730(572)
720736(567)
720745(586)
751304(568)
720602(683)
720640(707)
720643(751)
720654(682)
720664(714)
720727(684)
720733(758)
720741(716)
720743(731)
720592(866)
720609(862)
720611(774)
720653(863)
720663(864)
720677(772)
720697(786)
720705(771)
720726(765+ 5)
720714(935)
Govt. Degree Science College for Women Lines Area
103
721041(803)
721058(770)
721061(834)
721062(840)
721067(834)
721035(828)
721036(773)
721038(850)
721039(824)
721040(814)
721024(791)
721026(869)
721029(803)
721032(871)
721034(850)
721068(820)
721073(850)
721077(852)
721079(770)
721080(809)
721099(857)
721089(816)
721091(866)
721095(855)
721096(836)
721097(771)
721081(832)
721082(835)
721084(768+ 2)
721085(768+ 2)
721087(782)
721031(893)
721049(889)
721051(961)
721060(960)
721070(893)
721071(914)
721072(947)
721086(931)
721098(978)
F.G. Girls Inter College, Askari-III
720938(626)
720947(594)
720950(638)
720960(654)
720968(576)
720895(654)
720923(653)
720929(600)
720930(639)
720933(591)
720982(632)
720992(553)
720970(545+ 5)
720971(636)
720976(588)
720979(614)
720981(648)
720836(612)
720839(637)
720856(588^ 2)
720862(622)
720886(572)
720801(613)
720804(641)
720805(636)
720823(651)
720826(650)
720829(650)
720831(649)
720832(606^ 3)
720834(589)
720835(643)
720847(658+ 2)
720849(709^ 2)
720852(681)
720855(701)
720858(721)
720864(747)
720867(748)
720868(711)
720871(727)
720875(664)
720881(701)
720887(762)
720888(658+ 2)
720889(720)
720891(752)
720798(700)
720799(760)
720803(729)
720808(711)
720809(662)
720814(676)
720816(677)
720817(723)
720821(702)
720822(719)
720827(757)
720828(655+ 5)
720842(764)
720843(699)
720846(762)
720943(684)
720951(682)
720953(736)
720954(659+ 1)
720961(686)
720969(707)
720978(688)
720984(687)
720989(753)
720997(735)
720999(696)
751421(689)
751426(724)
720896(681)
720899(718)
720903(710)
720909(736)
720910(696)
720916(710)
720917(736)
720922(749)
720927(694)
720931(679)
720932(685)
720934(760)
720937(725)
720940(745)
720941(731)
720914(785)
720918(857)
720939(794)
720942(873)
720948(793)
720897(799)
720898(842)
720902(772)
720907(864)
720908(829)
720883(838)
720884(799)
720885(868)
720890(767+ 3)
720892(819)
720991(784)
720994(805)
720995(837)
720996(860)
720972(873)
720977(810)
720980(873)
720986(831)
720987(824)
720952(837)
720957(767+ 3)
720959(822)
720965(826)
720967(792)
104
721162(641)
721164(621)
721166(640)
721169(550)
721174(591)
721142(640)
721146(571)
721150(574)
721153(633)
721159(609)
721175(648)
721184(615)
721186(573)
721187(640)
721191(553)
721155(743)
721156(688)
721157(721)
721158(657+ 3)
721170(677)
721143(743)
721147(686)
721149(757)
721152(689)
721154(689)
721171(730)
721172(659+ 1)
721173(764)
721178(712)
721179(756)
721189(665)
721192(685)
721194(658+ 2)
721199(718)
751582(710)
721180(657+ 3)
721181(688)
721182(691)
721185(718)
721188(700)
721144(849)
721148(805)
721151(806)
721161(786)
721163(768+ 2)
721167(815)
721168(797)
721193(859)
721195(800)
721201(813)
721141(960)
721177(877+ 3)
721200(915)
Trinity Methodist Girls Higher Secondary School
721121(631)
721124(613)
721127(549+ 1)
721131(622)
721122(697)
Nasra Girls College
721042(527^ 3)
721022(549+ 1)
721023(607)
721033(652)
721037(598)
721045(645)
721046(583)
721047(639)
721050(627)
721052(550^ 1)
721056(649)
721063(638)
721074(647)
721078(585^ 3)
721092(630)
721094(629)
721043(728)
721044(697)
721053(722)
721054(752)
721055(757)
721021(659+ 1)
721025(675)
721027(741)
721028(716)
721030(674)
721057(741)
721064(739)
721065(744)
721066(749)
721069(757)
721103(749)
721104(694)
721075(763)
721083(704)
721093(761)
721100(695)
721101(698)
105
721285(701)
721281(924)
721282(950)
721283(903)
721284(970)
Muhammad Ismail Allah Wala Women College(Intermediate)
721241(561^ 1)
721244(557)
721245(616)
721250(648)
721251(576)
721264(600)
721267(616)
721270(587)
721242(722)
721247(669)
721248(722)
721249(679)
721255(658+ 2)
721257(727)
721263(723)
721268(723)
721269(704)
721246(798)
721252(773)
721258(857)
721259(857)
721260(793)
721261(846)
721265(874)
721266(801)
721271(795)
721272(852)
721243(943)
721253(875+ 5)
721256(905)
721262(968)
Behbood Girls Higher Secondary School
721230(514)
721214(625)
721215(652)
721221(613)
721225(563)
721228(597)
721212(667)
721216(710)
721218(713)
721219(721)
721220(701)
721222(697)
721223(683)
721224(692)
721231(759)
721211(823)
721227(827)
721226(878+ 2)
Aisha Bawany Girls College (Intermediate)
721160(489^ 2)
721198(526^ 2)
778252(499)
721197(568)
751581(601)
778251(610)
106
721415(664)
721419(686)
721430(798)
721412(878+ 2)
Govt Girls Inter Sc./Arts College Moosa Lane, Lyari
721350(541)
721354(496)
721332(630)
721348(728)
Govt. Girls Science & Arts Degree College Hijrat Colony
721293(585)
721298(620)
721299(620)
721305(628)
721307(597)
721308(635)
721291(658+ 2)
721294(715)
721295(693)
721296(696)
721300(674)
721301(742)
721303(762)
721304(710)
721310(656+ 4)
721311(728)
721312(717)
721313(759)
721315(679)
721292(771)
721297(784)
721302(838)
721306(851)
721309(807)
721316(891)
Sindh Madressah-Tul-Islam Higher Secondary School
721286(626)
721287(641)
107
721609(490^ 2)
721616(531^ 1)
721628(480^ 1)
721648(459)
721665(536^ 3)
721680(514)
752072(445)
721592(632)
721602(569)
721611(643)
721679(639)
721686(619)
721590(675)
721654(739)
721682(684)
721689(701)
721577(801)
721601(778)
721639(837)
721678(807)
Shaheed Benazir Bhutto Govt. Degree Girls College Lyari
721489(485^ 5)
721494(548^ 2)
721522(523^ 2)
721545(528^ 2)
721523(648)
721528(585^ 3)
721530(616)
721533(641)
721534(597)
721535(593)
721543(635)
721544(631)
721549(644)
721508(625)
721510(652)
721512(654)
721515(616)
721517(606)
721470(648)
721476(616)
721485(578)
721486(614^ 1)
721507(599)
721481(734)
721484(662)
721490(679)
721491(673)
721492(675)
721461(726)
721477(736)
721478(716)
721479(682)
721480(684)
721499(750)
721500(709)
721501(678)
721505(680)
721511(711)
721538(687)
721541(675)
751954(656+ 4)
721513(683)
721516(689)
721521(727)
721532(739)
721536(715)
721472(846)
721474(845)
721483(825)
721487(772)
721497(808)
721503(844)
721509(840)
721518(812)
721519(863)
721524(850)
721525(874)
721540(791)
721462(888)
721466(916)
721469(912)
721475(999)
721482(1002)
721506(927)
721514(928)
721531(900)
K.M.A. Girls Degree College
751851(395)
721417(513)
721432(493)
721393(557)
721397(550)
721420(580)
721426(581)
721427(612)
108
721803(859)
721804(784)
721808(800)
721813(793)
721814(806)
721817(826)
721820(873)
721822(818)
721832(851)
721835(816)
721785(804)
721788(836)
721798(835)
721800(802)
721801(838)
721761(787)
721762(803)
721764(837)
721768(836)
721771(837)
721773(816)
721774(801)
721775(823)
721776(863)
721783(826)
721864(841)
721868(808)
721869(824)
721871(814)
721874(827)
721840(832)
721842(866)
721844(834)
721846(791)
721848(774)
721850(795)
721859(828)
721860(800)
721861(837)
721862(776)
722118(902)
722120(922)
722124(937)
722126(954)
722129(891)
722131(902)
722134(899)
722138(878+ 2)
722139(892)
722140(908)
722141(886)
722146(974)
722148(893)
722149(934)
722150(918)
722064(915)
722066(991)
722069(878+ 2)
722079(887)
722081(961)
722082(889)
722085(930)
722089(896)
722090(957)
722096(969)
722107(912)
722108(928)
722110(931)
722112(940)
722115(955)
722193(931)
722194(1004)
722195(918)
722196(916)
722197(914)
722198(907)
722199(948)
722202(895)
722205(952)
722206(921)
752273(891)
722154(930)
722155(903)
722164(943)
722170(887)
722172(906)
722174(915)
722175(977)
722179(957)
722180(921)
722181(911)
722183(877+ 3)
722185(947)
722188(922)
722189(931)
722192(976)
721833(921)
721837(970)
721845(938)
721847(905)
721849(875+ 5)
721824(894)
721825(926)
721826(892)
721827(893)
721828(890)
721851(910)
721856(926)
721873(930)
721876(907)
721881(949)
721899(917)
721903(928)
721909(966)
721910(885)
721913(986)
721885(900)
721890(881)
721891(970)
721892(958)
721894(978)
721778(922)
721779(921)
721780(1000)
721781(885)
721782(970)
721763(908)
721765(925)
721766(904)
721769(886)
721777(913)
721784(996)
721790(944)
721794(875+ 5)
721795(964)
721796(932)
721810(966)
721812(907)
721815(898)
721816(893)
721818(1000)
721797(913)
721802(941)
721805(906)
721806(923)
721809(928)
721915(891)
721916(875+ 5)
721919(978)
721920(936)
721921(948)
722015(882)
722017(912)
722019(978)
722024(935)
722026(923)
722010(897)
722011(938)
722012(994)
722013(922)
722014(913)
722028(932)
722033(934)
722034(930)
722041(954)
722042(994)
722052(953)
722055(977)
722057(922)
722059(897)
722061(896)
722043(980)
722044(970)
722045(915)
722048(898)
722051(911)
721939(1006)
721940(962)
721954(986)
721958(957)
721966(927)
721927(909)
721928(934)
721931(927)
721933(940)
721935(879+ 1)
721967(925)
721969(908)
721978(918)
721980(928)
721981(906)
721999(878+ 2)
722000(908)
722001(946)
722002(957)
722008(996)
721982(1005)
721986(943)
721989(877+ 3)
721995(877+ 3)
721997(919)
Khatoon-e-Pakistan Govt.Deg. College For Women Stadium Road
109
721770(605)
721843(595)
721882(641^ 1)
721886(649)
721906(572)
721866(731)
721878(728)
721884(750)
721887(699)
721889(758)
721893(732)
721895(740)
721902(745)
721905(709)
721922(675)
721925(689)
721936(670)
721938(723)
721945(755)
721946(729)
721853(660)
721855(721)
721857(749)
721863(692^ 3)
721865(732)
721786(660)
721789(729)
721791(661)
721807(735)
721811(755)
721819(728)
721821(713)
721829(714)
721830(723)
721831(700)
721834(762)
721836(713)
721838(698)
721841(762)
721852(671)
721948(747)
721949(743)
721956(761)
721957(738)
721962(708)
722113(692)
722119(716)
722121(696)
722127(759)
722133(688)
722136(709)
722144(707)
722158(686)
722173(726)
722176(745)
722204(752)
752274(690)
722076(667)
722078(729)
722080(666)
722087(706)
722104(691)
721970(663)
721975(658+ 2)
721984(726)
721991(759)
722004(684)
722021(716)
722027(732)
722029(671)
722031(739)
722036(704)
722050(666)
722054(688)
722065(729)
722067(751)
722074(754)
722190(770)
722191(810)
722200(818)
722201(873)
722207(843)
722208(816)
752271(771)
722178(786)
722182(864)
722184(832)
722186(866)
722187(867)
721965(820)
721968(826)
721973(817)
721976(858)
721977(846)
721959(770)
721960(872)
721961(768+ 2)
721963(803)
721964(796)
721983(826)
721985(769+ 1)
721987(802)
721988(804)
721998(803)
722020(862)
722022(836)
722023(872)
722025(808)
722030(833)
722006(837)
722007(854)
722009(827)
722016(826)
722018(814)
721947(825)
721950(824)
721951(856)
721952(857)
721953(768+ 2)
721896(810)
721897(791)
721898(860)
721904(839)
721907(773)
721877(833)
721879(854)
721880(806)
721883(776)
721888(859)
721908(852)
721912(770)
721917(852)
721923(860)
721924(863)
721937(855)
721941(815)
721942(769+ 1)
721943(797)
721944(852)
721926(864)
721929(871)
721930(859)
721932(849)
721934(785)
722125(811)
722128(810)
722132(833)
722135(863)
722142(857)
722111(867)
722114(765+ 5)
722116(859)
722122(806)
722123(857)
722143(787)
722145(836)
722147(773)
722151(775)
722152(844)
722163(805)
722165(825)
722167(858)
722168(794)
722169(840)
722153(822)
722156(821)
722159(793)
722161(861)
722162(856)
722101(776)
722103(843)
722105(812)
722106(837)
722109(862)
722046(776)
722047(800)
722049(838)
722056(770)
722062(770)
722032(803)
722035(845)
722037(844)
722038(837)
722040(839)
722063(808)
722070(775)
722073(840)
722075(786)
722077(790)
722094(823)
722095(777)
722097(792)
722099(814)
722100(813)
722083(827)
722084(860)
722088(807)
722092(867)
722093(869)
110
722308(667)
722309(734)
722310(681)
722317(728)
722323(668)
722326(712)
722327(665)
722329(676)
722330(743)
722331(743)
722299(668)
722301(723)
722303(760)
722305(675)
722306(724)
722243(736)
722251(660)
722252(709)
722254(678)
722259(665)
722260(660)
722262(679)
722266(740)
722291(753)
722296(733)
722334(702)
722339(759)
722343(746)
722346(733)
722351(713)
722353(724)
722355(686)
722356(707)
722361(684)
722363(705)
722366(737)
722367(722)
722373(722)
722374(673)
722375(690)
722429(824)
722430(800)
722432(811)
722436(799)
722445(796)
722452(861)
722476(869)
722477(766+ 4)
722487(863)
722497(852)
722411(828)
722413(846)
722418(781)
722423(770)
722427(866)
722371(780)
722372(802)
722377(811)
722380(773)
722383(834)
722384(823)
722390(857)
722404(775)
722406(766+ 4)
722409(778)
722498(803)
722502(855)
722505(836)
722506(769+ 1)
722507(771)
722585(835)
722586(808)
722592(823)
722598(808)
722602(781)
722603(802)
722607(859)
752437(792)
722567(800)
722571(811)
722575(779)
722578(821)
722584(799)
722514(800)
722520(794)
722528(765+ 5)
722536(817)
722537(774)
722539(766+ 4)
722545(800)
722550(849)
722551(806)
722562(836)
722328(796)
722335(847)
722337(799)
722348(776)
722369(848)
722271(777)
722273(873)
722275(817)
722278(765+ 5)
722279(773)
722244(842)
722245(802)
722246(779)
722261(785)
722269(806)
722295(771)
722298(767+ 3)
722314(783)
722315(784)
722324(778)
722280(785)
722281(856)
722285(841)
722288(799)
722290(780)
722300(958)
722307(882)
722316(875+ 5)
722332(943)
722394(895)
722250(877+ 3)
722253(904)
722256(881)
722274(907)
722276(945)
722398(952)
722414(894)
722443(930)
722461(877+ 3)
722475(902)
722589(901)
722590(901)
722596(914)
722606(923)
722608(904)
722504(909)
722553(878+ 2)
722570(896)
722573(929)
722582(885)
Govt. Deg. Girls College Shaikh Zaid Centre Gulshan-e-Iqbal
721990(539)
722071(501^ 3)
722072(530)
722130(497)
722160(542)
722203(512^ 3)
721979(653)
721992(609)
721993(652)
721994(593)
721996(580)
721911(611)
721914(572)
721955(556^ 1)
721972(643)
721974(562)
722003(639)
722039(588)
722053(588)
722058(639)
722086(581)
722166(620)
722171(625)
722177(597)
722091(606)
722098(573)
722102(572)
722117(575)
722157(642)
111
722242(539)
722247(516)
722264(521)
722302(544)
722304(542^ 1)
722311(505)
722340(512)
722350(508)
722362(523)
722391(537)
722410(451^ 3)
722467(536)
722494(519)
722530(506)
752427(507^ 1)
722431(644)
722433(595)
722447(562)
722448(645)
722455(651)
722456(649)
722460(562)
722462(566^ 3)
722468(603)
722470(589^ 2)
722480(564)
722483(581)
722484(621)
722485(648)
722489(601)
722407(567)
722412(644)
722416(596)
722417(633)
722421(614)
722365(588)
722370(568)
722376(613)
722378(547+ 3)
722381(586)
722382(606)
722385(582)
722386(610)
722387(611)
722388(620)
722389(613)
722396(630)
722399(610)
722400(579)
722402(623)
722558(597)
722579(603)
722593(571)
722599(630)
722601(601)
722609(627)
722610(632)
722611(567)
752426(560)
752431(582)
752435(575)
752439(631)
752441(630)
722531(606)
722533(607)
722543(565)
722549(638)
722555(552)
722492(554^ 1)
722495(610)
722496(569)
722499(608)
722503(564)
722511(576)
722513(617)
722515(588)
722517(582)
722521(633)
722523(644)
722524(562^ 2)
722526(624)
722527(652)
722529(637)
722352(584)
722354(632)
722357(647)
722360(599)
722364(573)
722265(640)
722267(604)
722272(554)
722277(633)
722283(651)
722241(622)
722248(634)
722255(611)
722257(645)
722258(622)
722284(626)
722287(570)
722292(615)
722293(645)
722294(638)
722333(552)
722336(552)
722338(637)
722341(608)
722344(578)
722312(639)
722313(566)
722318(562)
722319(640)
722325(597)
722454(733)
722459(722)
722465(737)
722466(711)
722469(705)
722444(715)
722446(761)
722449(745)
722450(676)
722453(718)
722488(675)
722491(716)
722493(727)
722500(707)
722508(704)
722471(667)
722472(662)
722478(716)
722479(741)
722481(748)
722403(761)
722405(690)
722408(756)
722419(716)
722420(737)
722379(756)
722393(764)
722395(684)
722397(659+ 1)
722401(752)
722435(739)
722437(669)
722438(683)
722441(674)
722442(692)
722422(673)
722424(741)
722425(695)
722428(699)
722434(696)
722588(730)
722591(751)
722594(699)
722597(669)
722600(741)
722574(715)
722577(660)
722580(760)
722581(716)
722587(703)
752428(699)
752430(682)
722604(758)
722605(751)
752421(764)
752423(696)
752425(672)
722525(678)
722534(661)
722540(658+ 2)
722542(712)
722546(757)
722510(658+ 2)
722516(675)
722518(743)
722519(667)
722522(745)
722563(703)
722565(675)
722568(675)
722569(737)
722572(670)
722547(737)
722548(712)
722552(667)
722554(661)
722557(713)
112
722740(566)
722744(605)
722747(602)
722750(614)
722759(647)
722760(578)
722761(575)
722764(628)
722765(601)
722769(580)
722722(562^ 1)
722726(630)
722731(648)
722732(609)
722739(632)
722662(613)
722669(575^ 2)
722671(624)
722673(615)
722674(628)
722678(566)
722691(641)
722696(549+ 1)
722710(618)
722712(570^ 1)
722820(595)
722823(654)
722831(637)
722832(637)
722833(581)
722775(562)
722777(600)
722779(563)
722780(560)
722785(596)
722787(612)
722800(575)
722811(654)
722813(569)
722819(584)
722859(739)
722860(735)
722865(749)
722870(756)
722872(760)
722874(692)
722881(708)
722886(667)
722887(712)
722891(709)
722892(715)
722893(711)
722894(710)
722897(678)
722901(716)
722783(728)
722786(688)
722793(667)
722806(718)
722810(721)
722816(668)
722824(655+ 5)
722828(691)
722829(707)
722830(702)
722834(723)
722838(664)
722844(754)
722855(662)
722858(714)
722950(664)
722955(713)
722958(711)
722962(763)
722963(708)
722964(676)
722967(743)
722972(726)
722978(716)
722984(674)
722985(749)
722986(663)
722995(708)
752626(738)
752634(727)
722906(679)
722907(739)
722908(761)
722909(692)
722910(762)
722911(655+ 5)
722912(681)
722914(687)
722916(739)
722917(746)
722923(679)
722937(673)
722940(682)
722943(716)
722945(686)
722686(744)
722687(700)
722695(720)
722697(676)
722699(761)
722667(696)
722675(754)
722676(679)
722680(671)
722681(705)
722701(744)
722717(661)
722719(681)
722721(744)
722729(667)
722763(724)
722768(655+ 5)
722770(733)
722771(756)
722774(744)
722745(752)
722748(758)
722751(658+ 2)
722755(754)
722756(660)
722772(830)
722773(866)
722794(834)
722796(825)
722808(767+ 3)
722815(852)
722827(767+ 3)
722836(848)
722843(765+ 5)
722845(790)
722736(775)
722737(836)
722743(874)
722753(843)
722758(768+ 2)
722664(806)
722665(765+ 5)
722688(784)
722689(850)
722692(798)
722694(779)
722708(820)
722709(828)
722713(772)
722727(775)
722930(765+ 5)
722931(825)
722935(831)
722944(805)
722947(836)
722953(824)
722899(846)
722905(871)
722918(794)
722920(792)
722928(776)
722850(802)
722851(828)
722867(818)
722876(845)
722879(782)
722884(851)
722888(805)
722890(814)
722896(772)
722898(871)
722804(876+ 4)
722826(923)
722847(940)
722866(890)
722873(901)
722661(919)
722703(935)
722791(909)
722792(916)
722802(908)
722976(891)
722875(876+ 4)
722903(957)
722934(936)
722936(883)
722948(896)
Govt. Degree Girls College Block 13, Gulistan-e-Jauhar
113
723084(630)
723086(576^ 1)
723090(550)
723091(586)
723099(577^ 2)
723118(570^ 1)
723122(605)
723124(614)
723133(648)
723135(559)
723065(594)
723068(652)
723075(558)
723077(561)
723083(636)
723031(650)
723033(643)
723034(626)
723038(648)
723041(620)
723046(573)
723047(648)
723053(630)
723056(581^ 3)
723061(612)
723249(589)
723252(571)
723259(642)
723261(595)
723265(609)
752825(650)
723235(650)
723239(593)
723244(545+ 5)
723245(634)
723247(632)
723142(550)
723143(606)
723147(596)
723156(578)
723157(631)
723162(591)
723165(572^ 1)
723180(654)
723202(616)
723222(624)
723098(727)
723115(663)
723117(685)
723154(668)
723173(675)
723050(698)
723057(739)
723066(675)
723087(694)
723097(685)
723032(710)
723035(725)
723045(718)
723048(660)
723049(736)
723179(676)
723181(703)
723183(764)
723189(688)
723194(719)
723263(695)
752829(759)
752835(710)
723218(663)
723219(655+ 5)
723240(741)
723242(704)
723257(678)
723198(690)
723203(677)
723206(736)
723215(737)
723217(737)
723163(816)
723204(836)
752838(771)
723039(846)
723072(779)
723127(798)
723137(786)
723160(768+ 2)
723080(957)
723141(891)
Govt. Degree Girls College Block 12, Safoora Goath
722778(535)
722817(524)
722848(515)
722856(544)
722880(522)
722679(516^ 1)
722682(478)
722690(531^ 3)
722705(543)
722733(503)
722993(490)
752622(521^ 2)
752625(493)
752627(493^ 1)
752633(493)
722883(523^ 2)
722889(532)
722922(547^ 3)
722929(529)
722965(501)
722904(639)
722915(616)
722921(568)
722925(628)
722926(547+ 3)
722927(652)
722938(574)
722939(624)
722942(614)
722951(639^ 2)
722871(627)
722882(570)
722885(641)
722895(553)
722900(617)
722835(558^ 3)
722839(615)
722846(570)
722849(634)
722853(651)
722854(589)
722857(606)
722861(632)
722868(649)
722869(560)
722983(578)
722988(654)
722990(606)
722991(650)
722992(637)
752621(554)
752623(562)
752629(604)
752630(612)
722974(545+ 5)
722977(592)
722979(591)
722980(577)
722981(620)
722952(576)
722957(554)
722959(654)
722960(619)
722961(580)
722966(650)
722969(635)
722970(582)
722971(625)
722973(561)
114
Govt. Girls Higher Secondary School University Road
723366(572)
723371(638)
723354(699)
723367(727)
723369(763)
723373(677)
723377(749)
723378(718)
723353(817)
723355(819)
723356(798)
723357(782)
723358(845)
723359(872)
723360(856)
723361(791)
723362(820)
723363(813)
723364(797)
723365(805)
723370(797)
723375(834)
723352(979)
723368(971)
723372(941)
723374(902)
723376(917)
Pak-Turk Maarif International School & College, Gulsahn-e-Iqbal
723316(519^ 2)
723330(629)
723333(641)
723312(696)
723321(682)
723322(704)
723323(701)
723329(661)
723334(727)
778721(676)
723311(805)
723317(812)
723320(771)
723324(773)
723327(793)
723328(765+ 5)
723326(918)
723331(915)
723332(956)
723335(885)
Hayat Ul Islam Girls College
723059(427^ 2)
778692(397)
723073(535)
723079(533^ 3)
723094(497^ 3)
723102(462^ 4)
723103(535)
723040(497)
723060(473^ 4)
723063(515)
723064(506^ 1)
723067(496^ 1)
723130(457^ 2)
723134(514)
723138(526)
723140(507)
723166(527)
723243(537)
752821(445)
752822(442)
752834(547^ 1)
723167(502^ 2)
723169(533^ 1)
723184(503^ 2)
723191(527^ 1)
723214(540)
115
723594(808)
723598(842)
723606(831)
723615(848)
723616(792)
723623(765+ 5)
723624(842)
723646(857)
723669(870)
723687(810)
723701(777)
723703(825)
723705(771)
723712(787)
723723(774)
723491(815)
723496(773)
723497(787)
723511(809)
723512(824)
723513(833)
723531(799)
723562(810)
723563(809)
723570(789)
723577(825)
723584(774)
723585(788)
723590(857)
723592(797)
723724(815)
723725(771)
723727(803)
723728(871)
723729(780)
723730(791)
723741(797)
723753(809)
723757(812)
723763(837)
723766(787)
723768(869)
723783(866)
723789(849)
723799(850)
723802(838)
723817(810)
723821(843)
723824(767+ 3)
723825(797)
723658(889)
723670(903)
723706(918)
723720(968)
723726(876+ 4)
723604(878+ 2)
723617(922)
723637(896)
723643(880)
723645(905)
723503(947)
723504(877+ 3)
723518(889)
723524(1000)
723553(884)
723738(940)
723759(888)
723808(927)
723819(957)
723850(903)
723927(925)
723942(892)
723961(910)
723886(884)
723890(896)
723891(916)
723894(906)
723901(883)
723858(882)
723859(885)
723862(977)
723871(916)
723885(900)
Khursheed Govt. Girls College Shah Faisal Colony
723426(497^ 3)
723428(529^ 3)
723450(473)
723437(552)
723444(613)
723449(578)
723430(707)
723438(682)
Govt. Degree Girls College, Shahnawaz Shar Goath
723391(619)
723393(591)
116
723681(639)
723682(633)
723683(645)
723686(583)
723690(648)
723654(652)
723668(600)
723672(572)
723674(633)
723675(590)
723735(601)
723739(600)
723743(604)
723746(613)
723752(621)
723691(626)
723693(618)
723707(645)
723716(644)
723732(573)
723608(636)
723609(554^ 1)
723630(624)
723638(553^ 3)
723640(610)
723517(566)
723520(611)
723526(565)
723533(618)
723536(626)
723498(604)
723502(642)
723505(611)
723509(641)
723515(632)
723567(644)
723568(606)
723576(547+ 3)
723580(651)
723591(590)
723550(568)
723552(635)
723554(626)
723557(581)
723561(610^ 2)
723765(614)
723771(601)
723773(548+ 2)
723777(587)
723780(609)
723928(609)
723930(649)
723934(589)
723947(611)
723959(555)
723911(653)
723914(623)
723916(635)
723920(604)
723923(555)
723966(620)
753235(652)
753245(576)
753247(604)
778902(626)
723900(596)
723903(586)
723905(598)
723909(592)
723910(645)
723818(624)
723822(641)
723837(600)
723840(561)
723845(552^ 3)
723784(623)
723790(628)
723796(573)
723797(545+ 5)
723815(605)
723866(644)
723867(599)
723879(636)
723881(612)
723888(558)
723847(633)
723851(590)
723857(577)
723861(604)
723863(598)
723960(752)
723969(684)
753237(724)
753240(679)
723948(665)
723949(691)
723952(747)
723956(752)
723957(702)
723678(670)
723688(691)
723695(724)
723699(689)
723700(763)
723652(675)
723659(701)
723663(742)
723664(699)
723671(665)
723733(694)
723750(684)
723751(670)
723754(747)
723755(763)
723704(745)
723708(748)
723709(760)
723711(678)
723722(668)
723551(668)
723555(690)
723556(741)
723558(679^ 3)
723559(713)
723500(733)
723510(737)
723534(712)
723542(730)
723549(756)
723611(704)
723618(729)
723635(754)
723648(716)
723650(707)
723566(745)
723581(675)
723587(703)
723603(669)
723605(710)
723870(743)
723875(754)
723883(699)
723897(704)
723906(733)
723843(719)
723846(728)
723849(701)
723860(727)
723869(660)
723929(736)
723931(671)
723936(670)
723945(685)
723946(702)
723908(754)
723913(743)
723918(701)
723921(683)
723925(677)
723785(732)
723787(695)
723792(707)
723793(741)
723794(743)
723760(720)
723770(721)
723778(710)
723779(734)
723782(745)
723823(750)
723828(698)
723829(658+ 2)
723832(696)
723842(673)
723800(743)
723803(731)
723804(705)
723805(680)
723809(726)
723868(830)
723872(865)
723893(816)
723904(850)
723907(782)
723827(845)
723844(796)
723848(873)
723853(846)
723864(841)
723912(827)
723915(869)
723919(768+ 2)
723922(794)
723933(859)
723965(822)
723967(792)
753241(792)
753243(790)
723940(851)
723941(820)
723953(804)
723954(870)
723964(847)
117
724328(661)
724329(717)
724349(723)
Govt. Girls Science College Shah Faisal Colony
724150(521)
724163(525^ 1)
724164(531)
724175(540^ 2)
724176(490^ 1)
724038(488)
724058(536)
724076(511^ 2)
724093(541)
724105(535)
724255(485^ 2)
724257(478)
724183(525)
724198(532^ 1)
724202(532)
724211(523)
724254(479^ 2)
724133(554)
724136(620)
724156(595^ 1)
724157(637)
724186(623)
724088(560)
724097(559)
724110(561)
724130(607)
724131(640)
724189(575)
724216(573)
724221(616)
724223(651)
724237(560)
724260(619)
724262(570)
753440(600)
753447(624)
724240(611)
724241(551)
724243(594)
724245(616)
724251(590)
724036(563)
724043(608)
724068(631)
724075(625)
724085(551)
724044(704)
724063(725)
724077(741)
724104(690)
724154(727)
724171(696)
724197(744)
724231(671)
724266(675)
724269(668)
724271(655+ 5)
753443(730)
724122(766+ 4)
724162(813)
724264(844)
724061(885)
724102(879+ 1)
Allama Iqbal Govt. Girls Degree College, Shah Faisal Colony
723747(504^ 2)
723756(511^ 3)
723758(512^ 1)
723767(525)
723769(524^ 1)
723772(539^ 3)
723786(517^ 1)
723791(498^ 3)
723814(487^ 1)
723826(539^ 2)
723519(543)
723522(506^ 5)
723535(539^ 3)
723539(533)
723547(544^ 5)
723583(493)
723619(522)
723685(519^ 2)
723696(505)
723717(529)
753236(544)
753242(493)
753244(517)
778901(541)
778905(531)
778907(450^ 2)
723835(486^ 4)
723878(543)
723880(477^ 3)
723882(494^ 2)
723887(517)
723924(532^ 2)
723943(499)
723955(538)
723962(511^ 3)
753231(437+ 3)
778903(561)
118
724596(810)
724689(842)
724654(946)
Govt. College For Women Saudabad
724501(501)
724511(533)
724505(607^ 3)
724507(560)
724503(794)
724510(797)
PIA Model H.S.S. Airport
724403(438^ 6)
724465(526^ 2)
724470(537)
753651(491)
724414(574)
724425(572)
724429(587)
724431(566)
724432(586)
724397(591)
724398(607)
724404(633)
724406(633^ 2)
724412(554)
724453(607)
724456(620)
724459(627)
724467(605)
724434(562)
724438(615^ 2)
724440(636)
724443(612)
724451(595)
724394(726)
724417(670)
724428(663)
724430(686)
724435(720)
724444(700)
724445(718)
779051(728)
724391(823)
724392(825)
724415(782)
724422(796)
724452(870)
724460(843)
724471(792)
Govt. Girls Higher Secondary School P.A.F. Drigh Road
753552(377^ 1)
779002(387)
724331(477^ 3)
724339(518)
724343(520)
724358(460)
724362(492)
779001(496)
724333(623)
724336(562)
724338(602)
724350(653)
724355(613)
119
724870(526)
724872(484^ 3)
724900(544)
724902(545^ 2)
724913(542)
724828(483^ 2)
724835(498)
724846(453^ 4)
724849(474^ 2)
724867(506)
724951(496)
724964(538)
754001(491)
724929(523)
724934(537)
724938(458^ 3)
724940(517)
724947(528)
724823(599)
724841(592)
724843(644)
724847(654)
724855(599)
724866(615)
724883(583)
724885(570)
724895(627)
724896(586)
724898(628)
724924(552^ 2)
724930(589^ 2)
724948(599)
724952(576)
724829(655+ 5)
724834(668)
724844(664)
724837(831)
724851(789)
724868(776)
724939(775)
724957(781)
754004(881)
Liaquat Govt. College
724757(438^ 4)
724647(543^ 3)
724661(452^ 3)
724665(506)
724667(498^ 1)
724671(541)
724606(518)
724612(533)
724617(490)
724626(487^ 1)
724633(538^ 3)
724561(544^ 2)
724568(534)
724582(502)
724587(521)
724595(492)
724772(485^ 2)
753852(488)
779132(477^ 1)
724731(538^ 1)
724752(531)
724754(450^ 2)
724764(503^ 1)
724769(478)
724692(530)
724703(496^ 2)
724723(453)
724725(476)
724726(508)
724644(571)
724648(575)
724651(550)
724653(572)
724655(566^ 4)
724660(645)
724662(602)
724670(606)
724672(585)
724673(555)
724557(561)
724558(618)
724563(583)
724566(577^ 2)
724580(558^ 1)
724583(649)
724586(637)
724610(563)
724618(553^ 2)
724619(575)
724735(568)
724749(547+ 3)
724751(613)
724753(570)
724759(602)
724761(589)
724767(630)
779134(580)
724674(614)
724676(573)
724683(609)
724686(596)
724696(568)
724704(624)
724706(604)
724716(581)
724718(555)
724722(581)
724597(693)
724628(709)
724641(749)
724649(716)
724652(716)
724534(677)
724539(701)
724567(759)
724578(695)
724581(680)
724770(655+ 5)
724687(760)
724695(678)
724697(659+ 1)
724727(659+ 1)
724728(755)
120
725095(507)
725104(537)
725117(527^ 4)
725097(588)
725106(583)
725109(586^ 3)
725111(624)
725114(655^ 3)
725119(568^ 3)
725123(644)
725096(744)
725098(655+ 5)
725099(683)
725100(751)
725102(749)
725105(717)
725107(753)
725121(712)
725122(733)
725092(861)
725093(790)
725120(837)
725091(942)
Cantt Public PG College for Women, Malir Cantt
725079(507)
Govt. Girls Higher Secondary School Bhiro Village, Malir
725011(628)
725012(631)
725015(586)
725016(627)
725018(565)
725020(564^ 2)
725022(644)
725013(738)
725019(743)
725014(842)
725017(821)
725023(795)
725024(823)
Shamsi Society Model Girls Secondary School
121
725636(698)
725644(716)
725649(702)
725654(656+ 4)
725662(657+ 3)
725608(662)
725616(679)
725620(742)
725625(664)
725628(699)
725583(695)
725584(664)
725587(664)
725596(719)
725597(743)
725663(659+ 1)
725669(681)
725671(701)
725672(703)
725680(666)
725687(826)
725689(779)
725699(872)
725707(778)
725709(829)
725638(799)
725655(810)
725656(824)
725660(850)
725683(791)
725603(781)
725612(798)
725619(785)
725622(823)
725623(820)
725743(858)
725744(765+ 5)
725754(766+ 4)
725764(765+ 5)
725771(872)
725868(870)
725903(826)
725904(787)
754606(787)
725838(817)
725841(830)
725846(772)
725855(802)
725866(834)
725777(795)
725785(769+ 1)
725804(785)
725830(814)
725836(855)
725601(925)
725607(900)
725626(937)
725643(921)
725746(936)
725863(1002)
725865(884)
725881(941)
725883(879+ 1)
725899(912)
Govt. College For Women Korangi No. 4
725435(407^ 3)
754409(417^ 1)
754412(416)
725414(500^ 2)
725430(494)
725445(493)
725472(485)
725481(489^ 1)
725487(517)
754414(480)
779343(462^ 3)
779349(493)
725253(532)
725270(462^ 4)
725275(490^ 2)
725276(447)
725287(517)
725194(530^ 3)
725204(533)
725233(495^ 1)
725236(529^ 3)
725238(540)
725370(540)
725375(500^ 1)
725395(477^ 3)
725400(486^ 1)
725413(542^ 1)
725292(502^ 5)
725298(472)
725299(465^ 2)
725303(536)
725366(517^ 1)
725289(571)
725290(550)
725291(551)
725294(566^ 2)
725296(586)
725243(616)
725258(560)
725259(547+ 3)
725267(566)
725283(653^ 2)
725188(617)
725198(635)
725216(616)
725230(564^ 2)
725234(589)
725301(649)
725302(616)
725306(617)
725330(545+ 5)
725349(650)
725478(555)
725480(556)
725488(563)
725489(616)
725407(568)
725439(548+ 2)
725441(572)
725443(571)
725453(556)
725350(546+ 4)
725361(592)
725372(583)
725374(548+ 2)
725403(642)
725297(759)
725320(676)
725360(715)
725367(694)
725373(688)
725182(663)
725214(689)
725215(660)
725237(704)
725246(656+ 4)
725455(721)
725476(666)
725477(753)
725486(726)
725491(695)
725393(761)
725394(666)
725417(712)
725433(721)
725448(673)
725257(855)
725288(781)
725358(794)
725484(934)
725492(880)
Govt. College For Women Korangi No. 6
122
725975(498)
726008(519)
726050(486)
726103(473^ 4)
779443(484^ 2)
725986(622)
725991(560)
726010(628)
726031(549+ 1)
726096(646)
726101(596)
725953(714)
725996(683)
726003(725)
Govt. Degree Girls College Sector 42, Korangi 2-1/2
754601(433)
725751(518^ 3)
725753(506)
725760(504)
725770(543)
725779(524^ 1)
725676(535^ 1)
725697(466^ 5)
725705(530)
725715(524^ 3)
725723(544)
725789(533^ 2)
725797(532)
725802(499)
725845(506)
725861(516^ 2)
754604(532)
754607(507)
779391(489)
725884(489^ 3)
725886(507)
725901(523^ 2)
725906(522)
754602(450)
725594(482)
725613(525)
725631(537^ 2)
725637(499)
725650(508^ 2)
725629(562)
725632(612)
725634(639)
725635(555)
725640(604)
725653(634)
725665(592)
725666(547+ 3)
725670(566^ 2)
725677(635)
725681(624)
725686(568)
725688(586)
725690(579)
725694(624)
725582(625)
725586(580)
725589(614)
725592(551)
725593(608)
725600(598)
725602(643)
725604(590)
725606(635)
725609(638)
725611(649)
725614(557)
725621(645)
725624(623)
725627(553)
725827(559)
725829(616)
725835(610)
725837(621)
725842(590)
725848(634)
725857(552^ 1)
725862(630)
725875(621)
725887(611)
725905(652)
725907(653)
754605(632)
779396(575)
725696(565)
725706(569^ 2)
725719(593)
725740(578)
725752(580)
725761(590)
725762(569^ 2)
725769(647)
725774(555^ 2)
725783(547+ 3)
725784(599)
725786(623)
725794(595)
725814(593)
725822(632)
725747(726)
725748(727)
725749(695)
725756(664)
725767(755)
725768(674)
725773(762)
725775(733)
725776(745)
725778(764)
725682(675)
725691(686)
725701(697)
725713(666)
725714(706)
725716(678)
725728(671)
725730(703)
725739(681)
725742(715)
725781(754)
725806(709)
725808(732)
725813(681)
725831(661)
725890(717)
725891(700)
725892(665)
725893(762)
725895(699)
725900(683)
725902(662)
725909(680)
725913(719)
725914(685)
725849(745)
725852(676)
725853(753)
725860(741)
725867(683)
725872(699)
725876(680)
725878(695)
725882(723)
725889(746)
123
726323(648)
726327(556^ 3)
726330(641)
726339(639)
726342(598)
726343(566)
726344(571)
726349(617)
726350(624)
726324(723)
726325(687)
726329(680)
726331(685)
726332(711)
726336(679)
726337(750)
726340(709)
726341(662)
726345(744)
726346(660)
726347(703)
726351(666)
726326(777)
726333(784)
726338(847)
726321(927)
Firoza Khatoon Women College(Intermediate)
726295(527)
726300(534)
726282(561)
726285(647)
726288(585)
726289(632)
726298(612)
726301(638)
726304(617)
726306(578)
726308(637)
726309(702)
755051(737)
726281(761)
726283(695)
726284(723)
726286(722)
726290(690)
726291(711)
726296(712)
726302(685)
726303(760)
726305(657+ 3)
726292(768+ 2)
726294(784)
726299(768+ 2)
726287(914)
726293(927)
726307(943)
726310(932)
C.D.S.S. Intermediate Girls College, Korangi
726236(485^ 1)
726232(650)
726234(587)
726260(606)
Govt. Degree Girls College Ibrahim Hyderi
124
726681(935)
Govt. Degree Girls College Landhi 3-1/2
726420(544^ 3)
726424(501^ 1)
726425(515^ 1)
726433(641)
726438(578)
726441(589)
726446(617)
726447(639)
726412(640)
726416(654)
726419(643)
726422(623)
726428(547+ 3)
755358(564^ 1)
726448(583)
726449(646)
726451(641)
755353(545+ 5)
755357(634)
726418(731)
726423(709)
726426(758)
726427(739)
726439(740)
726440(688)
726443(668)
726444(724)
726445(746)
726450(693)
726452(698)
726413(809)
726414(771)
726415(779)
726417(792)
726421(828)
726429(859)
726430(826)
Khadija Girls College (Intermediate)
755251(523)
755254(446^ 5)
726362(621)
726368(565)
726374(610)
726375(560)
726379(633)
726381(652)
726385(653)
726387(590)
726390(550^ 2)
726365(747)
726366(705)
726371(711)
726378(745)
726382(732)
726392(759)
726393(726)
755253(725)
726361(811)
726363(858)
726364(797)
726369(821)
726376(777)
726377(776)
726380(814)
726384(870)
726386(791)
726394(838)
726370(890)
Hawwa Jee Girls Colleges (Intermediate)
726335(512^ 2)
125
726849(529)
Govt. Girls Degree College Sharafi Goth
Govt. Girls Higher Secondary School, Landhi No. 1
726573(430^ 4)
726718(437^ 1)
726502(528^ 1)
726544(544)
726562(489)
726564(460^ 6)
726581(517)
726606(446)
726622(499^ 2)
726631(489)
726645(523)
726646(482^ 2)
726650(452^ 2)
726658(461)
726666(491)
726667(461)
726730(531)
726554(550)
726567(565)
726579(576)
726600(627)
726607(559)
726504(575^ 3)
726521(647)
726534(550)
726537(594)
726540(588)
726633(566)
726636(547+ 3)
726649(570)
726659(647)
726668(628)
726715(615)
726716(547+ 3)
726717(570)
726682(648)
726689(579)
726690(546+ 4)
726701(574)
726705(570)
726506(723)
726532(716)
726654(675)
726708(657+ 3)
755514(657+ 3)
726565(870)
726594(782)
726595(807)
126
726991(938)
Govt. Girls Degree College, Gulshan-e-Hadeed, Bin Qasim
Pakistan Steel Madar-e-Millat Girls Degree College, Steel Town
726912(545^ 3)
726915(493^ 3)
726891(506^ 3)
726893(488)
726894(508)
726905(534)
726911(472^ 3)
726898(554)
726903(594)
726906(753)
726904(769+ 1)
Bibi Asifa Bhutto Govt. Girls Degree College, Muzafarabad, Landhi
775076(507)
726875(593)
726871(725)
726873(658+ 2)
726874(716)
The Horizon Higher Secondary School
127
727151(499^ 6)
727161(480^ 3)
727168(525)
727171(532^ 3)
727177(528^ 3)
727178(527)
727175(565^ 2)
727182(612)
727189(565^ 3)
727199(551^ 1)
727200(623)
727202(602)
727206(571)
727209(597)
727213(611)
727218(596)
727222(580)
727228(599)
756203(632)
727167(670)
727195(761)
727197(727)
727205(681)
756204(764)
756201(820)
756202(868)
Jan Muhammad Brohi Govt. Degree Girls College, Gulshan-e-Maymar
Tayyaba Fellowship H.S.S.
726977(512^ 3)
726980(475^ 2)
727001(513)
727002(537)
727006(491^ 3)
727029(504^ 3)
727069(548^ 3)
726983(647)
726996(650)
727011(593)
727015(648)
727017(582)
727018(588)
727033(608)
727034(582)
727036(574)
727054(601)
726982(668)
727007(659+ 1)
727016(750)
727019(702)
727068(743)
756024(705)
726994(785)
727012(817)
727063(833)
128
Govt. Degree Boys College Shams Peer Baba Bith
727420(422^ 1)
727333(470)
727334(541^ 3)
727366(516^ 5)
727377(454^ 1)
727379(534)
727401(533)
727408(549^ 1)
727416(488^ 1)
727417(480)
727423(448^ 5)
727390(563)
727392(590)
727397(584)
727398(545+ 5)
727407(630)
727409(545+ 5)
727371(653)
727378(594)
727380(555)
727381(587)
727386(566)
727335(602)
727339(616)
727343(626)
727361(552)
727363(594)
727337(685)
727347(694)
727348(698)
727351(756)
727352(720)
727355(736)
727383(734)
727389(682)
727406(747)
756385(714)
727342(863)
727354(866)
727405(792)
727421(847)
727422(882)
Govt. Degree Girls College Gulzar-e-Hijri
Govt. Girls Higher Secondary School Murad Memon Goth
129
757112(930)
758223(898)
758456(923)
758517(977)
758518(887)
758564(894)
758741(924)
758746(926)
759042(879+ 1)
760001(916)
760217(888)
<< PRIVATE MALE >>
Khatoon e Jannat Fellowship H.S.S.
Danish Faraz Intermediate College, Malir
743132(993)
Ideal Grammer Higher Secondary School, Suparco Road
130
762541(889)
762558(920)
762807(877+ 3)
762981(935)
762989(888)
761581(916)
761611(881)
762019(915)
762411(882)
762534(908)
<< PRIVATE FEMALE>>
758516(434^ 3)
758127(524)
758128(489^ 2)
758129(456^ 2)
758132(501)
758422(499^ 1)
758423(467)
758426(519^ 2)
758428(538)
758429(493)
758430(461)
757022(511)
757222(498)
757231(514^ 1)
757348(504)
757354(538)
757701(526)
757727(499^ 3)
757991(528^ 3)
758125(500)
758126(518)
758738(523)
758751(508)
758901(547^ 1)
758923(490^ 3)
758924(532)
760341(527)
760418(458^ 2)
760511(450)
760513(502)
760515(525^ 1)
760516(485)
760517(513)
760601(528)
760603(523)
758927(496^ 1)
759221(508)
759626(519)
760122(462^ 3)
760128(478)
760311(534)
760314(467)
760315(511)
760318(521^ 1)
760319(535^ 1)
759223(578)
759629(591)
760132(573)
760313(618)
760316(598)
758922(586)
758926(631)
758928(561)
758957(623)
759222(574)
760535(561)
761001(599)
760411(556)
760412(582)
760531(611)
760532(640)
760533(626)
758624(583)
758626(618)
758732(605)
758742(589)
758921(600)
757113(562)
757230(590^ 2)
757234(627)
757251(569)
757341(580)
757352(567)
757741(605)
758123(634)
758130(574)
758152(608)
758225(557)
758421(653)
758451(559)
758454(636)
758601(565)
758453(669)
758563(655+ 5)
758621(687)
758632(676)
758663(702)
758731(677)
758733(762)
758740(753)
758747(688)
758925(708)
757111(659+ 1)
757221(708)
757227(706)
757255(655+ 5)
757343(682)
757350(719)
757722(663)
757724(733)
757725(730)
757816(680)
758954(658+ 2)
758956(659+ 1)
758958(740)
759031(712^ 2)
759033(655+ 5)
760155(722)
760211(708)
760219(746)
760346(702)
760416(738)
760923(760)
760935(660)
759036(716)
759040(676)
759053(746)
759058(722)
759224(698)
759624(696)
759654(675)
759731(704)
759732(672)
759922(705)
758514(857)
758515(765+ 5)
758734(838)
758736(839)
758737(827)
757812(835)
758221(771)
758222(835)
758224(771)
758226(811)
757041(816)
757342(813)
757345(804)
757353(856)
757811(808)
758743(784)
758745(854)
759032(778)
759034(836)
759035(809)
760214(776)
760344(766+ 4)
759049(795)
759050(770)
759052(870)
759055(804)
760002(829)
759041(841)
759043(792)
759046(831)
759047(848)
759048(791)
131
762461(669)
762467(714)
762468(746)
762536(748)
762549(729)
762553(676)
762555(753)
762563(753)
762824(699)
762826(676)
762836(679)
762848(725)
762851(724)
762881(665)
762886(670)
761409(671)
761586(687^ 1)
761587(732)
761590(721^ 3)
761593(700)
761595(712)
761614(732)
761902(736)
761931(715)
761932(720)
762018(694)
762405(744)
762410(716)
762425(678)
762432(709)
763002(666)
763009(694)
763021(764)
763235(724)
763245(717)
763251(659+ 1)
763602(684)
763604(684)
763606(678)
763614(727)
763653(734)
763655(680)
763683(663)
763699(731)
763743(726)
765116(847)
765119(822)
765123(852)
765124(822)
765127(788)
765134(797)
765136(768+ 2)
765138(772)
765142(824)
765143(842)
765110(778)
765111(810)
765112(805)
765113(811)
765114(867)
764334(846)
764941(813)
765007(773)
765010(769+ 1)
765018(809)
765021(773)
765023(868)
765025(791)
765105(833)
765109(864)
765921(765+ 5)
766086(874)
766087(786)
766301(792)
766349(820)
766463(807)
767243(769+ 1)
765675(767+ 3)
765677(769+ 1)
765679(816)
765685(777)
765687(856)
765146(836)
765147(861)
765148(843)
765155(836)
765157(832)
765172(825)
765174(806)
765665(799)
765668(829)
765671(838)
763898(806)
763899(778)
763914(784)
763916(860)
764201(811)
762440(862)
762538(769+ 1)
762543(794)
762545(827)
762547(849)
762548(841)
762551(802)
762552(776)
762557(811)
762560(847)
762565(844)
762802(860)
762805(844)
762806(838)
762832(838)
761417(811)
761420(847)
761465(772)
761475(781)
761479(805)
761484(780)
761501(795)
761518(822)
761591(837)
761599(786)
761600(798)
761607(839)
761612(861)
761617(851)
762403(767+ 3)
763359(819)
763361(830)
763362(780)
763364(812)
763367(825)
763370(874)
763601(871)
763612(828)
763617(810)
763618(800)
763708(783)
763766(799)
763887(815)
763891(765+ 5)
763895(789)
762853(791)
762854(820)
762892(774)
762982(826)
762984(848)
762986(788)
762991(830)
762993(849)
762995(797)
762997(857)
763005(858)
763011(775)
763016(807)
763018(810)
763351(853)
763360(930)
763363(918)
763365(889)
763603(882)
763752(893)
763775(990)
763870(889)
763884(938)
763885(900)
763890(945)
762996(883)
763001(877+ 3)
763004(929)
763010(1030)
763014(903)
763203(936)
763261(898)
763353(923)
763354(897)
763355(924)
763897(900)
763909(898)
764952(944)
765017(899)
765101(938)
765164(938)
765166(883)
765167(892)
765168(897)
765583(958)
765663(906)
765667(897)
766303(875+ 5)
765104(927)
765108(914)
765115(892)
765125(933)
765129(963)
765132(899)
765133(938)
765144(996)
765145(888)
765156(1010)
132
763707(615)
763713(548+ 2)
763722(558)
763735(616)
763758(624)
763682(623)
763686(636)
763689(558^ 1)
763695(565)
763705(551)
763877(581)
763904(573)
763913(639^ 2)
763917(587)
763920(610)
764901(583)
764904(548+ 2)
764932(627)
764934(556)
764936(599)
763921(600)
764212(579)
764213(597)
764219(549+ 1)
764220(602)
762864(616)
762887(643)
762992(588)
763008(633)
763017(590)
762809(627^ 2)
762823(653)
762837(568)
762842(573^ 2)
762843(590)
763224(649)
763231(654)
763232(605)
763236(615)
763237(639)
763651(600)
763652(602)
763673(612)
763675(611)
763677(637)
763609(557)
763610(598)
763619(617)
763641(557)
763650(550)
764937(583)
764944(644)
764947(555)
764953(546+ 4)
764956(558)
765922(589)
765928(616)
765929(601)
765930(556)
765933(600)
765680(620)
765682(585)
765686(580)
765688(645)
765905(606)
765942(607)
766325(614)
766326(632)
766328(556)
766330(545+ 5)
766348(642)
766350(613)
766624(568^ 1)
766627(606)
766628(566)
764979(577^ 2)
764982(590)
764984(581)
765006(603)
765026(572)
764957(548+ 2)
764959(622)
764971(582)
764976(613)
764977(606)
765121(549+ 1)
765141(586)
765160(646)
765502(605)
765532(553^ 3)
765576(570^ 3)
765578(652)
765664(594)
765669(616^ 2)
765678(650)
765534(596)
765537(610)
765541(558)
765542(558)
765574(587)
762550(651)
762556(557)
762561(592)
762566(623)
762803(650^ 1)
761514(571^ 1)
761521(639)
761597(548+ 2)
761608(596)
761715(654)
761444(619^ 1)
761445(556)
761461(636)
761463(567)
761507(640)
761405(580)
761412(601)
761413(635)
761418(631)
761432(557^ 2)
761903(547+ 3)
761929(572)
761930(645)
761952(647)
761955(615)
762444(583)
762462(644)
762463(632^ 3)
762464(583^ 4)
762544(549+ 1)
762423(593)
762436(620)
762441(588)
762442(572)
762443(618)
762014(564)
762016(556)
762201(547+ 3)
762407(597)
762421(588)
764907(664)
764908(698)
764911(684)
764938(657+ 3)
764951(726)
764958(667)
764960(686)
764963(657+ 3)
764964(702)
764966(749)
764967(743)
764970(686)
764974(742)
764975(701)
765002(755)
763915(729)
763922(677)
763923(690)
764331(657+ 3)
764902(719)
763762(758)
763763(716)
763765(680)
763768(744)
763772(721)
763778(734)
763780(702)
763864(675)
763866(735)
763869(728)
763874(691)
763879(672)
763886(740)
763907(719)
763912(747)
765672(684)
765674(760)
766084(750)
766089(756)
766329(726)
766333(687)
766344(730)
766465(701)
766601(669)
766921(672)
767204(674)
765170(751)
765501(717)
765548(741)
765573(680)
765579(741)
765003(700)
765004(663)
765009(752)
765012(722)
765016(725)
765019(749)
765020(722)
765117(690)
765120(683)
765122(760)
765126(746)
765131(686)
765158(677)
765165(708)
765169(758)
133
M.W. Inter College
761455(430^ 2)
761506(408^ 2)
761736(408^ 3)
762401(414^ 5)
762852(437^ 1)
763013(398^ 3)
766331(428^ 3)
765684(528)
765902(506)
765904(510)
765925(536)
765932(483)
765535(493)
765536(464^ 2)
765549(476^ 4)
765551(471^ 3)
765681(535)
766343(518^ 2)
766367(528)
766464(495^ 3)
766322(516)
766327(525)
766332(508)
766336(483)
766342(474^ 2)
765171(519)
765503(475^ 3)
765504(480^ 2)
765531(533^ 3)
765533(508)
761928(476)
762017(531)
762302(526)
762402(495)
762422(520^ 1)
761499(488)
761596(475^ 2)
761598(503)
761601(531)
761613(489)
762424(519^ 1)
762434(470)
762435(478)
762446(481^ 1)
762539(439+ 1)
762844(461)
762846(449^ 2)
762850(499^ 3)
762862(518)
762863(470)
762554(522^ 2)
762559(437+ 3)
762833(488)
762834(521)
762840(485)
761438(505)
761440(496)
761441(506)
761443(534)
761447(446^ 1)
761403(533)
761415(520)
761416(454)
761433(473^ 1)
761435(477)
761449(490)
761452(479^ 1)
761453(436+ 4)
761454(499)
761458(534)
761477(514)
761481(472^ 2)
761487(508^ 1)
761489(457^ 3)
761490(523)
761459(522^ 3)
761462(527)
761469(542)
761474(515)
761476(517)
763865(500)
763896(524)
763910(503)
764216(458^ 4)
764335(525)
763704(533^ 3)
763711(503)
763716(524)
763719(471^ 1)
763738(488^ 2)
764933(496)
764939(511)
764955(495)
764961(534)
764965(526^ 1)
765103(542)
765106(542)
765152(543)
765162(469)
765163(485)
764969(490^ 1)
764972(490)
764983(493)
764987(514)
765022(537)
763226(537)
763229(459^ 3)
763239(532^ 3)
763240(540)
763246(519)
762987(457)
762994(529)
763020(502)
763221(486^ 2)
763225(517)
763368(490)
763608(516)
763643(505^ 3)
763649(543)
763657(542)
763690(440^ 1)
763693(494)
763701(497)
763702(495^ 2)
763703(497^ 1)
763666(530)
763668(486)
763670(526)
763671(519)
763685(474^ 1)
767201(547+ 3)
767202(651)
767221(569)
767224(576)
134
BODMAS Model School and College
Govt. Degree Boys College Razzakabad
N.J.V. Govt. Boys Higher Sec. School (Sindhi Medium)
769611(444)
Pak Grammar Intermediate College
135
777911(514)
DA Degree College For Women, Phase VII
Hamdard College of Science & Commerce
760961(135/200)
760985(113/200)
760181(118/200)
760191(262/600)
760381(96/200)
760382(72/200)
760391(269/600)
760393(329/600)
760395(299/600)
760572(121/200)
760573(129/200)
760582(309/600)
759481(142/200)
759691(103/200)
759692(97/200)
759971(134/200)
759972(94/200)
757091(286/600)
757271(157/200)
757302(89/200)
757601(113/200)
757703(331/600)
757971(107/200)
758204(402/600)
758503(79/200)
758992(92/200)
758993(126/200)
PASS (Male)
136
.
762921(172/200)
762943(182/400)
762944(203/400)
763302(91/200)
763801(111/200)
764291(105/200)
764611(125/200)
765050(160/200)
767301(295/600)
761251(103/200)
761784(354/600)
762502(114/200)
762512(222/400)
762516(272/600)
PASS (Female)
