Humanities 
                  Regular Part II
URL: https://www.biek.edu.pk/Result-2022/Part-II/HTR/RESULT-GAZETTE-HTR-PART-II-ANNUAL-2022-FINAL.pdf
Source: https://www.biek.edu.pk/LastResults.asp

1
NOTE: MARKS OBTAINED BY ALL THE SUCCESSFUL CANDIDATES ARE INDICATED WITHIN
MARKS) TO RAISE THEIR GRADES IN HARDSHIP CASES ARE INDICATED WITH PLUS(+) SIGN AND
PARANTHESIS AGAINST THEIR ROLL NUMBER AND THE EXTRA MARKS GIVEN (MAXIMUM FIVE
CANDIDATES BEARING THE FOLLOWING ROLL NUMBERS ARE DECLARED TO HAVE
PASSED THE INTERMEDIATE HUMANITIES (REGULAR) GROUP PART - II (CLASS XII)
ANNUAL EXAMINATION 2022.
***********
****NIL****
Grade : A
Grade : A-1
Govt. Degree Boys College Shams Peer Baba Bith
645029(431)
645033(404^ 1)
645035(395^ 3)
645074(425^ 3)
645113(436^ 2)
Grade : E
645101(526)
645103(469^ 2)
645108(466)
645110(471)
645115(464)
645078(465)
645079(530)
645087(487)
645088(504)
645093(459)
645118(503)
645120(521)
645124(531)
645129(510)
645143(467)
645160(530)
645144(454^ 2)
645145(490)
645146(493)
645149(484)
645159(537)
645064(480)
645066(474)
645070(481)
645073(515)
645077(467)
645011(511)
645012(504^ 3)
645015(498)
645022(538)
645024(480^ 2)
645001(537)
645004(536^ 2)
645008(521)
645009(523)
645010(501)
645025(495)
645026(526)
645030(464)
645032(464)
645036(477^ 1)
645057(532)
645058(488)
645061(437+ 3)
645062(451)
645063(528)
645040(517)
645041(506)
645043(508^ 2)
645048(523)
645050(477^ 5)
Grade : D
645045(578)
645052(588)
645054(560)
645056(634)
645065(563)
645018(606)
645020(633)
645021(575)
645027(643)
645042(551)
645003(642)
645005(606)
645007(572)
645013(571)
645014(548+ 2)
645071(547+ 3)
645080(547+ 3)
645081(573)
645082(572)
645084(596)
645140(631)
645142(588)
645147(551)
645162(605)
645163(621)
645123(552)
645127(618)
645128(568)
645133(557)
645135(583)
645085(581)
645107(587)
645119(601)
645121(608)
645122(562)
Grade : C
645051(662)
645053(725)
645086(663)
645130(706)
645131(699)
645134(657+ 3)
645136(735)
645138(741)
645158(690)
Grade : B
645002(792)
645132(814)
645137(836)
645139(802)
645141(793)
645152(871)
Govt. Degree Boys College Baldia Town
GRACE MARKS CASES ARE INDICATED WITH CARET(^) SIGN
2
645428(764)
645424(817)
645427(772)
645431(777)
645421(925)
654181(926)
654182(898)
654184(918)
Binoria Intermediate College, S.I.T.E.
645305(496)
645306(479)
645307(523)
645310(544)
645311(518)
645287(512)
645288(513)
645290(505)
645291(495)
645293(478^ 2)
645273(524)
645279(538)
645284(522)
645285(539)
645286(529)
645369(494)
645370(526)
645371(466)
675131(466)
645332(515)
645347(533)
645356(509)
645363(500)
645367(511)
645312(502^ 3)
645314(466)
645318(535)
645319(531)
645323(482^ 2)
645334(610)
645337(639)
645338(588)
645340(556)
645341(551)
645343(617)
645349(644)
645360(617)
645366(596)
645368(569)
645379(556)
645326(589)
645327(555)
645328(633)
645329(593)
645333(641)
645274(578)
645280(641)
645283(645)
645289(634)
645292(599)
645297(565)
645298(607)
645301(630)
645304(570)
645308(558)
645315(589)
645316(652)
645317(610)
645320(552)
645325(551)
645271(694)
645282(669)
645348(658+ 2)
645350(730)
645351(683)
645352(691)
645353(737)
645354(703)
645364(693)
645365(710)
645376(669)
645377(671)
645345(769+ 1)
645346(783)
645355(770)
645358(858)
645359(784)
645362(841)
Govt. Degree Boys College, Metrovill, S.I.T.E.
645221(437^ 2)
645227(528)
3
645533(729)
645534(694)
645535(739)
645536(679)
645537(718)
645493(723)
645510(701)
645523(669)
645530(733)
645532(707)
645538(747)
645539(693)
645540(731)
645541(746)
645542(705)
645557(719)
645558(656+ 4)
675354(659+ 1)
675355(672)
645546(703)
645548(731)
645551(667)
645552(672)
645555(726)
645492(794)
645545(782)
645547(773)
645559(785)
Govt. Boys Higher Secondary School SITE Model
645473(558)
654241(729)
The Pinnacle College
645452(539)
654201(723)
Jamiat Tul Mustafa Al-Razavia Scholars Academy Higher Secondary School
645429(651)
645430(618)
4
Govt. Degree Boys College Quaidabad
645601(448)
645606(443)
645618(523)
645625(531)
645633(533)
645638(453)
645656(461)
654261(501)
654262(511)
654265(505)
654266(500)
654263(635)
Abdul Razzak Gabol Govt. Degree Boys & Girls, Razzakabad, Bin Qasim
645583(553)
645587(635)
645582(696)
Govt. Degree Boys College 9-E, Baldia Town
645495(482^ 2)
645499(508)
645503(488^ 1)
645519(529)
645506(579)
645511(606)
645512(629)
645513(621)
645514(627)
645515(570)
645516(563)
645517(588)
645518(600)
645521(624)
645543(619)
645549(619)
645554(620)
645556(566)
675351(579)
5
645922(601)
645923(594)
645924(583)
645925(631)
645930(636)
645879(609)
645899(653)
645905(629)
645911(617)
645917(553^ 1)
645861(573)
645865(592)
645871(579)
645874(628)
645878(554)
645862(688)
645886(671)
645932(659+ 1)
645940(749)
645953(695)
645958(681)
654448(743)
654458(712)
654465(669)
654471(705)
654473(733)
654474(673)
645948(775)
Govt. Degree College, Konkar Village, Gadap
645785(654)
645796(637)
645799(642)
645822(756)
645801(715)
645805(754)
645806(746)
645815(726)
645820(723)
645781(686)
645782(749)
645784(703)
645787(712)
645790(756)
645791(753)
645792(686)
645795(709)
645797(753)
645800(674)
645811(816)
645813(830)
645814(864)
645816(850)
645817(766+ 4)
645804(825)
645807(827)
645808(820)
645809(782)
645810(789)
645783(864)
645789(816)
645798(785)
645802(782)
645803(835)
645834(788)
645835(790)
645828(832)
645829(804)
645830(772)
645831(785)
645832(842)
645819(826)
645821(833)
645823(845)
645826(838)
645827(804)
645786(907)
645793(907)
645812(918)
645818(929)
645824(898)
645825(897)
645833(922)
645836(886)
Jamia Baitussalam College (Intermediate)
645707(487^ 1)
645715(472)
645716(478^ 1)
645718(469)
645719(506)
645723(466)
645728(529)
645730(499^ 3)
645735(489)
645739(456^ 2)
645708(580)
645711(574)
645713(629)
645714(620)
645720(630)
645721(620)
645722(548+ 2)
645726(595)
645740(567)
645749(612)
6
646084(665)
646107(762)
646113(706)
646143(665)
646147(708)
646154(753)
646159(740)
646160(672)
646162(717)
646163(743)
646164(674)
646166(696)
646168(669)
646152(775)
646153(821)
646156(776)
Govt. City College (Evening)
646031(533)
646034(451)
646035(480^ 2)
646038(533)
646044(466^ 2)
646047(508^ 2)
646048(540^ 2)
654511(496)
654513(524)
654515(508)
646040(592)
646053(551)
646054(616)
654502(591)
654505(618)
646024(550)
646027(604)
646028(607)
646029(591)
646032(550)
654514(618)
654516(579)
654507(598)
654508(576^ 2)
654509(599)
654510(645)
654512(569)
654501(693)
654504(690)
Govt. Boys & Girls Higher Secondary School Konkar Village, Gadap Road
645888(433^ 2)
680613(412)
645906(533)
645908(493)
645909(505)
645910(526)
645913(516)
645920(494^ 3)
645921(527^ 2)
645935(477)
645939(526)
645943(523)
645864(484)
645869(538^ 2)
645876(517)
645880(529)
645885(528)
645887(473)
645894(486)
645896(543)
645897(535)
645904(518^ 1)
654460(530)
654470(534)
654472(537)
654481(486)
654483(526)
675601(468^ 2)
691702(521)
645944(530)
645956(489)
645961(473)
645966(490)
645967(482^ 1)
654442(531^ 3)
654449(543)
654452(525)
654454(530)
654459(539)
645965(615^ 2)
645970(604)
654441(609)
654445(652)
654451(561)
645946(628)
645947(614)
645954(637)
645959(602)
645960(557^ 3)
645936(571)
645938(562)
645941(624)
645942(603)
645945(647)
680612(618^ 1)
654466(645)
654467(644)
654478(554)
654480(569)
675602(597)
654453(580)
654455(612)
654456(606)
654457(566)
654464(567)
7
646387(454)
646402(477^ 3)
646417(538)
646385(597)
646403(553)
646415(593)
646414(669)
Govt. Boys Comprehensive H.S.School Azizabad F.B.Area
675801(397^ 2)
646292(484)
646301(507)
646302(508)
646304(451)
646307(455)
646276(496)
646277(439+ 1)
646283(532)
646289(483)
646290(487)
646261(495)
646262(516)
646265(459)
646266(508)
646267(473)
646330(525)
646331(450)
646334(477)
646338(494)
646318(477)
646319(489)
646320(497)
646327(512)
646328(479)
646310(544)
646313(486)
646314(481)
646316(483)
646317(508)
646244(495)
646245(485)
646250(470)
646256(453)
646260(462^ 3)
646251(556)
646253(588)
646254(550)
646255(555)
646270(595)
646241(643)
646242(568)
646243(630)
646247(640)
646249(603)
646271(556)
646272(603)
646284(602)
646285(567)
646287(644)
646322(631)
646337(630)
646297(560)
646298(605)
646300(617)
646312(549+ 1)
646321(608)
646246(738)
646268(668)
646299(677)
646323(701)
Govt. City College (Morning)
646128(427^ 1)
646172(399)
646176(435^ 1)
646081(491^ 4)
646122(471)
646123(521)
646126(508)
646137(494)
646139(455)
646150(495)
646187(448)
646188(459^ 2)
646199(466^ 1)
646111(571^ 3)
646112(623)
646114(648)
646136(556)
646142(552)
646144(584)
646145(583)
646146(597)
646148(552)
646158(609)
646161(555)
646165(652)
646169(602)
646170(616)
646196(639)
8
646657(805)
646743(768+ 2)
646752(782)
Govt. National College (Evening)
646535(410^ 3)
646539(429^ 2)
646557(418^ 1)
646533(482)
646534(442)
646541(531)
646542(492^ 2)
646543(487)
646546(532)
646548(505)
646553(493)
646554(451)
646561(527)
646577(484)
646578(501^ 2)
646540(619)
646544(574)
646545(588)
646549(601)
646555(637)
646559(596)
646565(633)
646567(551)
646568(552)
646579(625)
646580(559)
646581(588)
646551(676)
646560(755)
646562(697)
646563(690)
646573(735)
646575(700)
646582(711)
646586(666)
646550(817)
646552(766+ 4)
646564(815)
646569(767+ 3)
646576(804)
646566(884)
Govt. National College (Morning)
646455(430)
646460(422)
646490(409^ 1)
646467(497)
646471(478)
646472(519)
646476(519)
646478(519)
646453(541)
646457(442^ 1)
646459(446)
646461(445)
646462(456^ 3)
646505(441)
646506(454)
646507(544)
646486(523)
646488(534)
646489(453)
646493(440)
646497(471)
646468(626)
646469(645)
646470(563)
646477(564)
646485(600)
646494(547+ 3)
646495(562)
646498(558)
646499(649)
646502(596)
646508(552)
646512(592)
646466(691)
646496(666)
646509(757)
646510(785)
Allama Iqbal Govt. Boys Higher Secondary School, Sohrab Goth
646398(404^ 2)
646408(425^ 4)
9
646867(807)
646868(793)
646869(782)
646870(766+ 4)
646871(863)
646862(796)
646863(871)
646864(797)
646865(775)
646866(767+ 3)
646852(812)
646857(808)
646858(826)
646859(793)
646861(772)
646903(793)
646904(812)
676152(827)
646895(808)
646896(792)
646898(827)
646899(844)
646900(801)
646872(870)
646876(857)
646880(784)
646884(790)
646890(784)
646885(876+ 4)
Al-Beroni Intermediate College, Ahsanabad
Ghazi Foundation College, Gulshan-e-Iqbal
646645(439^ 2)
646660(427^ 5)
646693(433^ 1)
646711(439^ 1)
646758(425^ 3)
646658(445^ 2)
646662(436+ 4)
646665(515)
646677(450^ 1)
646682(499)
646642(470)
646643(479)
646646(473)
646647(477)
646653(499)
646615(529)
646617(444)
646619(477)
646623(486)
646630(544)
646685(491)
646689(452^ 4)
646694(492)
646704(494)
646705(442)
646748(549^ 3)
646764(460^ 2)
646770(477)
646776(542)
646723(505)
646733(468^ 1)
646735(506)
646736(543)
646739(540)
646710(513)
646717(525)
646718(519)
646720(496)
646722(516)
646655(642)
646656(617)
646670(629)
646678(593)
646679(587)
646622(548+ 2)
646644(551)
646648(572)
646650(564^ 2)
646652(559)
646698(562)
646716(568)
646721(569)
646727(548+ 2)
646728(563)
646759(606)
646771(567)
646737(603)
646738(603)
646745(636)
646747(580)
646755(589)
646671(719)
646719(688)
646734(666)
646751(663)
646777(657+ 3)
676001(708)
10
646969(439^ 3)
646970(418)
646979(414^ 3)
646993(418^ 4)
646999(419^ 1)
647022(417^ 5)
647084(437^ 1)
647095(418^ 1)
647098(426^ 1)
646985(488^ 1)
646990(469^ 1)
646997(483)
646998(478^ 1)
647001(484)
647002(488)
647004(542)
647006(441^ 1)
647007(446)
647008(435+ 5)
646947(498)
646948(492)
646959(443)
646960(542)
646966(519)
646971(461^ 1)
646972(543)
646976(474)
646978(498)
646982(436+ 4)
647010(479^ 2)
647021(498)
647028(491)
647046(493)
647049(522)
647109(454^ 2)
647110(503)
647111(448^ 2)
647113(482)
647127(463)
647133(521)
647147(499)
690411(524^ 2)
647051(477)
647058(507)
647071(514)
647073(506^ 1)
647075(537)
647077(502)
647087(469)
647089(528)
647090(494)
647093(533)
647013(584)
647014(589)
647048(550)
647059(559)
647074(633)
646977(580)
646989(620)
646994(583)
646995(588)
647012(589)
647078(592^ 2)
647085(641)
647092(550)
647103(614)
647107(583)
647154(577)
647114(616)
647116(588)
647125(583)
647135(549+ 1)
647153(609)
646937(550)
646938(564)
646962(592)
646965(565)
646973(616)
646956(751)
646983(739)
646991(663)
646992(755)
647047(755)
647060(693)
647067(713)
647080(741)
647088(715)
647097(667)
647134(748)
647137(660)
647138(670)
647079(784)
Govt. Degree Boys College No. 2 Gulistan-e-Jauhar
646888(503)
646905(451)
646907(527)
676153(504)
646878(574)
646882(638)
646892(649)
646894(615)
646902(578)
646909(569)
646875(747)
646877(745)
646879(697)
646881(759)
646883(736)
646851(732)
646854(748)
646855(658+ 2)
646856(764)
646873(708)
646901(682)
646911(711)
646912(681)
646886(659+ 1)
646889(690)
646891(723)
646893(660)
646897(752)
11
647473(465)
647474(447^ 3)
647475(440^ 1)
647477(529)
647479(444)
647548(635)
647559(552)
647568(615)
647579(644)
647592(557^ 2)
647597(582)
647598(640)
647599(545+ 5)
647600(583)
647609(552)
647500(630)
647514(584)
647518(569)
647523(621)
647525(555)
647529(564)
647533(637)
647539(559)
647543(585)
647544(620)
647671(604)
647675(555)
647676(545+ 5)
647679(607)
647688(612)
647691(588)
647694(647)
647711(565)
647720(545+ 5)
647735(640)
647614(592)
647629(559)
647636(610)
647647(601)
647650(551)
647651(597)
647656(563)
647658(563)
647659(571)
647670(554)
647541(681)
647542(689)
647545(716)
647550(686)
647585(687)
647517(722)
647528(666)
647530(745)
647532(658+ 2)
647536(703)
647692(731)
647693(708)
647709(663)
647603(749)
647622(694)
647623(683)
647689(746)
647690(724)
647526(767+ 3)
647527(842)
647540(855)
647546(775)
647557(855)
647732(866)
Islamia Govt. Arts & Commerce College (Morning)
647289(426^ 3)
647336(405^ 2)
647365(381)
647369(430^ 4)
647392(432)
647396(420)
647397(429)
647404(430^ 1)
647309(467)
647313(469^ 1)
647314(504)
647319(509)
647320(463^ 3)
647237(475)
647257(519^ 1)
647259(505)
647271(513^ 1)
647279(544)
647325(522)
647327(515)
647329(539^ 3)
647335(526^ 1)
647340(468)
647384(458^ 2)
647385(474)
647395(480)
647407(441^ 3)
647363(498^ 1)
647364(480^ 2)
647379(452)
647380(470)
647383(491)
647321(564)
647322(595)
647326(595)
647328(583)
647331(605)
647249(586)
647274(590)
647306(570)
647308(652)
647311(636)
647387(637)
647358(617)
647367(583)
647371(558)
647372(614)
647386(571)
647304(664)
647305(693)
647307(708)
647312(721)
647316(744)
647323(716)
647324(680)
647353(685)
647388(667)
Islamia Govt. Arts & Commerce College (Evening)
12
659191(729)
659196(692)
659201(716)
659202(669)
659206(709)
Govt. Boys & Girls Higher Secondary School, Younusabad
647878(423)
647904(425^ 2)
647849(476^ 3)
647865(513)
647874(501)
647876(501)
647894(457)
647901(528)
647908(477^ 1)
647916(515)
647931(460^ 3)
647937(456^ 1)
647941(523)
647854(599)
647864(616)
647872(582)
647883(630)
647898(556)
647905(590)
647942(734)
647881(861)
647891(795)
647893(789)
Govt. Degree College Jungle Shah, Keamari
647496(423)
647567(429)
647573(405^ 1)
647612(415)
647699(433^ 5)
647708(429^ 1)
647717(423^ 4)
690464(432)
647562(445^ 3)
647569(478)
647571(466)
647572(451^ 3)
647574(462^ 3)
647552(502)
647553(520)
647555(529)
647556(489)
647561(447^ 1)
647595(529)
647596(541)
647605(510)
647606(502)
647608(486)
647575(468^ 3)
647578(513)
647580(460)
647582(528^ 3)
647586(474^ 3)
647490(460)
647492(542)
647498(528)
647499(496)
647502(442^ 2)
647480(479)
647483(526)
647484(502)
647485(437+ 3)
647486(525)
647534(512)
647535(510)
647538(513)
647547(509)
647549(543)
647505(462)
647515(497)
647516(524)
647522(442^ 1)
647531(483)
647687(513)
647697(544)
647700(468)
647701(516)
647704(495)
647681(457)
647682(489)
647683(543)
647684(511)
647686(455^ 1)
647736(451^ 1)
676371(440)
647705(527)
647706(469^ 2)
647714(455^ 5)
647722(462^ 3)
647723(522^ 1)
647621(485)
647628(508)
647634(514)
647635(443)
647638(539)
647610(540)
647611(540)
647613(527)
647615(536)
647618(526)
647660(530)
647663(481)
647673(488)
647674(510^ 2)
647678(468)
647639(490)
647641(460)
647646(504)
647648(526)
647649(541)
13
648341(720)
648251(946)
Govt. Degree Boys College Korangi 2-1/2
648012(437^ 3)
648054(420)
648058(416^ 1)
648063(432)
648112(434^ 2)
648150(388^ 2)
648158(432)
648171(403)
648088(457)
648091(510)
648111(510)
648113(542)
648114(492^ 1)
648065(516)
648070(463)
648073(512)
648080(504)
648081(543)
648019(517^ 2)
648048(462^ 3)
648050(481)
648057(481)
648059(452)
648181(473)
648182(515)
648184(510^ 3)
648185(452)
676501(522)
648161(496^ 2)
648170(484)
648172(500)
648173(484^ 2)
648174(506)
648116(542)
648124(540^ 1)
648125(526)
648148(532)
648151(511^ 2)
648169(602)
648175(568)
648177(593)
648178(590)
648183(566)
648186(567^ 3)
676502(579)
676504(552)
648142(574)
648143(576)
648145(608)
648147(563)
648162(599)
648076(651)
648082(552)
648083(563)
648084(573)
648096(646)
648021(604)
648066(589)
648069(636)
648072(643)
648075(569)
648123(619)
648128(618)
648137(640)
648140(622)
648141(571)
648097(641)
648107(548+ 2)
648118(627)
648119(591)
648122(562^ 1)
648117(674)
648130(685)
648131(666)
648132(710)
648133(710)
648067(758)
648071(688)
648098(682)
648100(709)
648105(665)
648149(688)
648154(691)
648160(704)
648179(673)
648134(689)
648136(710)
648138(698)
648139(709)
648144(743)
648068(824)
648079(855)
648104(780)
648106(814)
648121(778)
648180(781)
Govt. Deg. Arts & Comm. College for Men (Evening) Korangi 6
659195(447)
659199(501^ 1)
659204(468)
659205(525)
659208(531)
648000(618)
659192(567)
659207(607)
14
648503(570)
648521(566)
648526(551)
648530(626)
648549(551^ 1)
648582(632)
648583(549+ 1)
648510(695)
648579(740)
648536(875+ 5)
Govt. Comprehensive Boys Higher Sec. School Korangi 3
648410(429)
648421(437^ 3)
648431(426)
648433(425^ 2)
648439(428^ 1)
676652(392)
676655(390)
648401(469)
648408(487)
648409(507)
648422(514)
648432(499)
648434(499)
648437(536)
648456(540)
648465(484^ 1)
648416(566)
648417(592)
648418(584)
648419(607)
648420(607)
648427(611)
648441(586)
648448(600)
648452(650)
648459(550^ 1)
648470(582)
648471(584)
648403(703)
648424(659+ 1)
648438(746)
648445(748)
648447(732)
648446(785)
648451(767+ 3)
648463(812)
676651(787)
Govt. Boys Higher Secondary School No. 2 'K' Area Korangi
648269(400^ 2)
648280(433^ 5)
648317(435^ 2)
648283(463)
648284(531)
648286(494)
648296(463^ 4)
648297(516)
648300(486^ 1)
648302(486^ 2)
648303(509)
648305(533^ 1)
648306(524)
648263(514)
648265(539)
648266(480)
648267(522)
648270(460)
648272(523)
648273(436+ 4)
648274(513)
648281(493)
648282(456)
648331(526)
648333(541)
648334(504^ 1)
648336(447^ 1)
648337(538)
648348(489)
648350(454^ 2)
648352(521)
676571(509)
648307(536)
648309(482)
648312(473^ 2)
648314(538)
648315(524)
648321(503)
648325(514)
648326(519)
648329(530)
648330(485^ 2)
648262(553)
648268(568)
648279(644)
648285(587)
648298(642)
648301(601)
648310(561)
648316(592)
648320(546+ 4)
648322(547+ 3)
648323(582)
648324(577)
648344(570)
15
648842(628)
648852(567)
648858(623)
648860(593)
648862(565)
648823(556)
648824(577)
648828(561^ 1)
648834(594)
648835(634)
648864(572)
648866(651)
648868(592)
648870(611)
676942(548+ 2)
648826(721)
648840(662)
648869(667)
Mumtaz Govt. Boys Higher Secondary School
648649(393^ 2)
648681(533^ 2)
648687(542)
648691(519)
648697(457)
648704(540)
648638(447)
648659(489)
648664(487)
648674(439+ 1)
648675(503^ 2)
648621(464)
648623(469)
648629(446^ 1)
648630(493^ 2)
648633(479^ 1)
648772(455)
676863(474)
648750(494)
648751(438+ 2)
648755(512)
648760(492)
648767(464^ 2)
648716(459)
648734(472)
648735(476)
648742(463^ 1)
648747(520)
648769(564)
648770(546+ 4)
648775(550)
648686(603)
648688(617)
648692(622)
648693(583)
648696(571)
648632(595)
648642(615)
648676(653)
648684(568)
648685(644)
648726(559)
648727(617)
648749(575)
648753(599)
648757(569)
648702(569)
648706(587)
648715(592)
648718(654)
648722(601)
648663(730)
648683(670)
648717(701)
648719(704)
648720(677)
648721(668)
648723(700)
648724(720)
648725(734)
648728(761)
648705(782)
Govt. Degree Boys College Ibrahim Hyderi
648509(421)
648512(395^ 1)
648517(420)
648557(422^ 2)
648561(434)
648525(518)
648528(499)
648529(467)
648531(479)
648532(473)
648518(489)
648519(474)
648522(463)
648523(442^ 1)
648524(455^ 1)
648504(486)
648506(446^ 1)
648507(502)
648513(467)
648514(530)
676721(541)
648559(534)
648572(477^ 3)
648575(499)
648578(536)
648590(491)
648534(458^ 3)
648540(522)
648541(464)
648553(477)
648554(504)
16
649089(753)
649091(705)
649092(722)
649093(700)
649094(713)
649080(684)
649081(656+ 4)
649083(715)
649085(683)
649088(715)
649095(663)
649096(707)
649098(724)
649100(668)
649101(750)
649128(752)
649148(748)
649102(673)
649105(660)
649109(691)
649122(657+ 3)
649126(670)
649121(810)
649145(779)
Quaid-e-Millat Govt. College (Evening)
648940(432^ 3)
648987(434)
690752(434)
648949(497)
648953(519^ 1)
648955(518)
648956(493^ 1)
648965(498^ 3)
648908(533)
648913(518^ 2)
648917(477^ 1)
648929(539)
648941(515)
648989(470)
677071(519)
677072(482)
648970(525)
648971(526)
648972(535)
648984(503)
648986(454)
648981(587)
648985(577)
648990(559)
648992(593^ 1)
648998(604)
648952(611)
648954(644)
648958(618)
648964(618)
648967(639)
648916(640)
648918(594)
648920(616)
648922(610)
648926(644)
648903(630)
648904(555)
648905(612)
648912(547+ 3)
648914(583)
648946(651)
648947(552)
648948(585)
648950(643)
648951(643)
648933(576)
648934(633)
648935(626)
648939(607)
648945(576)
648921(680)
648925(667)
648942(704)
648943(658+ 2)
648944(706)
648961(737)
648974(764)
648978(713)
648983(720)
648957(802)
648959(806)
648960(789)
648963(850)
648969(809)
648976(837)
648994(841)
648962(903)
Jinnah Govt. College Nazimabad
648836(501)
648839(530)
648841(540)
648844(542)
648845(541)
648821(489^ 2)
648827(471)
648831(436+ 4)
648832(454)
648833(513)
648853(532)
648854(528^ 3)
648855(518)
648861(538)
648846(497)
648847(479)
648848(526)
648849(544)
648850(541^ 3)
690672(554)
17
649414(775)
649493(777)
649502(778)
Sirajuddaullah Govt. College (Evening)
649207(423^ 3)
649252(438^ 1)
649288(413)
649314(426)
649317(427)
649318(425^ 2)
649335(415^ 2)
649221(448)
649223(513)
649225(526)
649227(503)
649233(530)
649234(511)
649236(544)
649237(515)
649240(472^ 1)
649242(463)
649191(473^ 3)
649192(478)
649202(450^ 1)
649205(498)
649209(506)
649211(486)
649212(450^ 1)
649214(496)
649217(445)
649218(466)
649278(508)
649283(447)
649298(478)
649304(457)
649307(501)
649310(500)
649325(539)
649326(485)
649334(473)
649244(536)
649245(474)
649246(543)
649247(508)
649255(498)
649260(459)
649267(522)
649271(474)
649273(544)
649277(531)
649274(578)
649275(595)
649280(592)
649281(591)
649282(625)
649284(621)
649289(603)
649301(631)
649305(577)
649306(587)
677192(642)
649197(585)
649199(553)
649206(612)
649213(557)
649219(580)
649257(552)
649261(644)
649262(629)
649268(599)
649272(561)
649210(732)
649226(681)
649253(764)
649254(668)
649258(660)
649259(724)
649264(673)
649270(668)
649279(665)
649293(720)
649296(738)
649297(732)
649265(821)
649276(781)
Sirajuddaullah Govt. College (Morning)
649138(431)
649149(417^ 3)
649069(544)
649071(501)
649072(462)
649074(451)
649082(480^ 3)
649111(541)
649116(472^ 1)
649133(522^ 2)
677142(460)
649086(606)
649097(600)
649103(624)
649104(650)
649106(631)
649058(625)
649060(637)
649064(626)
649076(582)
649079(594)
649108(617)
649110(609)
649112(651)
649114(565)
649115(554)
649125(641)
649127(645)
649131(588)
649143(583)
649152(622)
649117(582)
649118(622)
649119(603)
649120(631)
649123(652)
18
649768(491^ 1)
649770(479)
649783(449^ 5)
649786(543)
649788(543)
649719(454)
649730(498^ 3)
649740(436+ 4)
649741(534)
649742(518)
649822(496)
649825(498)
649829(509)
649850(499)
649855(511)
649789(435+ 5)
649792(490^ 3)
649804(449)
649806(465^ 2)
649807(520)
649762(549+ 1)
649763(553)
649790(577)
649821(550)
649826(652)
649832(584)
649841(552)
649862(651)
649760(755)
649827(673)
649854(684)
649863(739)
Haji Abdullah Haroon Govt. College (Evening)
649562(429^ 5)
649563(439^ 2)
649635(515)
649644(534)
649646(473^ 3)
649650(444)
649652(442)
649654(500^ 2)
677342(461)
649578(466^ 4)
649582(522)
649583(436+ 4)
649585(508^ 2)
649634(489)
649592(574)
649602(560)
649618(561)
649636(638^ 3)
677341(619)
Haji Abdullah Haroon Govt. College (Morning)
649457(521)
649458(518)
649459(495)
649469(500)
649473(506)
649416(500)
649425(499)
649436(515^ 2)
649441(531^ 1)
649454(510)
649499(496^ 1)
649501(502^ 2)
649474(523)
649476(484^ 3)
649478(519)
649487(539)
649498(529)
649415(557)
649419(571)
649423(572)
649424(607)
649430(582)
649449(594)
649456(641)
649468(631)
649485(572)
649496(579)
649447(754)
649483(685)
649484(662)
19
650155(490)
650158(497)
650161(540)
650162(455)
650165(466^ 3)
650151(572)
650153(619)
650163(589)
650166(618)
650183(559)
650280(591)
650311(583)
650329(577)
650355(650)
650358(621)
693121(599^ 3)
650154(734)
650167(668)
Govt. Degree Sc., Arts & Comm. College Murad Memon Goth
649980(437^ 1)
650014(438^ 2)
650036(433)
650044(418)
649976(476)
649979(496)
649984(448)
649993(514^ 1)
650005(449)
650029(443)
650031(496)
650033(539)
650038(443)
650039(491)
650049(524)
650068(439+ 1)
650072(512)
650007(646)
650040(557)
650052(678)
650071(657+ 3)
650027(833)
Nusrat Bhutto Govt. Degree Boys College Lyari
649904(490)
649909(486)
649916(470^ 3)
649922(460)
649913(660)
Ghazi Muhammad Bin Qasim Govt. Boys Higher Secondary School
649739(434)
649755(405^ 3)
677403(399)
20
Govt. Boys & Girls H.Sec.School Haji Nathoo, Malir
650687(423)
650661(506)
650663(532)
650666(525)
650670(516)
650672(530)
650696(488^ 1)
677811(504)
650664(626)
650677(552)
650686(614)
650641(744)
650653(659+ 1)
650657(720)
650659(664)
650680(761)
650676(805)
Liaquat Govt. College (Evening) Malir
677752(413)
650584(481)
650586(477)
650590(503)
650591(486^ 2)
650596(502)
650507(508)
650518(447)
650522(542)
650529(479^ 3)
650535(481^ 1)
650539(474^ 2)
650542(517^ 2)
650546(528)
650549(476^ 3)
650550(467)
650572(472)
650578(492)
650579(527)
650580(527)
650583(501)
650516(558)
650528(547+ 3)
650530(582)
650538(627)
650543(566)
650501(554)
650505(591)
650506(598)
650509(593)
650511(618)
650574(615)
650577(550)
650585(561)
650548(602)
650556(556)
650557(573)
650560(549+ 1)
650563(578)
650502(678)
650503(696)
650504(700)
650545(707)
650547(759)
650551(670)
650569(662)
650571(708)
650573(697)
650575(696)
650598(750)
650553(779)
650588(773)
Jamia Millia Govt. College (Morning)
650164(418)
650190(421^ 3)
650238(414^ 3)
650243(403^ 5)
650173(448)
650174(443)
650182(476)
650199(444^ 1)
650222(483)
650223(526)
650226(543)
650232(466)
650261(459^ 1)
650270(503)
650309(473)
650353(533)
650356(487^ 1)
650385(485)
21
665960(527)
Govt. Higher Secondary School Ahmed Dawood Darsano Channo
650954(510)
650958(523)
650965(519)
650966(525^ 1)
650970(539)
650971(510)
650972(517)
650978(529)
650979(511)
650980(532)
650993(453^ 3)
650951(555)
650957(577)
650961(552)
650977(606)
650983(590)
650984(572)
650988(568)
650991(545+ 5)
650968(722)
650975(763)
Govt. Boys & Girls Higher Secondary School Kamal Khan Jokhio
650767(428^ 4)
650828(428^ 5)
665844(421^ 3)
684921(411)
650881(475)
650895(524)
650897(532)
665822(443^ 2)
665825(535)
650752(519)
650756(492)
650766(487^ 1)
650769(524)
650818(449^ 3)
665851(486)
665872(500)
665878(505^ 2)
665882(508)
665826(448^ 2)
665834(502)
665836(482^ 1)
665842(498)
665848(521)
650890(586)
650891(558)
665827(548+ 2)
665843(625)
665849(575)
650758(552)
650763(624)
650842(638)
650883(559)
650886(595)
665877(638)
665863(595)
665864(641)
665868(636)
665873(569)
665875(575)
650892(742)
650894(700)
665846(696)
650817(800)
665871(765+ 5)
22
651402(732)
651403(699)
651405(701)
651414(667)
651399(785)
S.M. Govt. Arts & Commerce College (Evening)
651166(439^ 2)
651169(428)
651172(417^ 3)
651154(511)
651155(520)
651159(484^ 2)
651162(460)
651168(479)
651171(473)
651173(510^ 3)
651174(533)
651186(494)
651197(492)
651198(473^ 3)
651199(439+ 1)
651156(637)
651164(562)
651192(617)
651175(759)
651177(677)
651178(686)
651179(691)
651180(692)
651181(732)
651182(677)
651183(696)
651184(749)
651185(751)
651187(712)
651190(665)
651191(702)
651194(736)
651195(694)
651176(782)
651189(769+ 1)
Shaheed Zulfiqar Ali Bhutto Govt. Boys Degree College
651109(542)
651120(470)
651123(519)
651117(585)
651119(651)
651122(558)
651125(628)
651126(573^ 1)
651127(636)
651128(604^ 1)
651130(654)
651106(680)
651107(764)
651108(686)
651110(696)
651111(669)
651101(708)
651102(685)
651103(699)
651104(660)
651105(727)
651124(683)
651129(706)
651131(755)
651112(691)
651113(680)
651114(677)
651116(657+ 3)
651118(695)
Aleemyah Institute of Islamic Studies, North Nazimabad
23
651609(508)
651619(476)
651621(467)
651622(474)
651624(530)
651591(442)
651594(536)
651598(460^ 3)
651601(483)
651602(469)
651686(594)
651687(576)
651688(644)
651691(566)
651699(561)
651700(566)
651704(578)
651720(562)
651722(584)
651727(568)
651595(569)
651596(558)
651597(627)
651616(545+ 5)
651650(635)
651656(587)
651657(611)
651665(562)
651675(561)
651679(555)
651731(637)
651736(577)
651737(579)
651756(601)
651766(615)
651851(550)
651854(573)
651860(563)
651868(568)
651877(634^ 1)
651878(594)
651895(557)
651897(554)
651911(627)
691224(633)
651767(608)
651769(557)
651773(554)
651781(562)
651782(624)
651790(616)
651817(620)
651824(629)
651836(583)
651841(613)
651793(721)
651795(723)
651797(670)
651804(725)
651808(666)
651770(717)
651788(694)
651789(730)
651791(712)
651792(707)
651662(674)
651697(662)
651711(727)
651724(668)
651755(678)
651887(699)
651900(736)
651910(699)
651930(728)
651931(682)
651826(745)
651829(660)
651840(684)
651843(664)
651867(691)
651810(704)
651811(727)
651812(751)
651813(682)
651819(730)
651874(848)
651799(769+ 1)
651805(838)
651809(819)
651814(812)
651815(792)
651723(798)
651726(773)
651785(852)
651786(785)
651787(810)
651816(766+ 4)
651818(817)
651820(788)
651821(861)
651822(818)
651832(801)
651833(771)
651844(770)
651845(790)
651862(840)
651823(866)
651825(827)
651827(831)
651828(775)
651830(857)
651798(878+ 2)
S.M. Govt. Arts & Commerce College (Morning)
651253(411)
651300(413^ 2)
651381(433^ 3)
651415(429)
651445(430)
691201(430^ 2)
651309(517)
651321(508)
651345(507)
651351(463^ 2)
651356(474)
651244(445^ 4)
651264(489^ 3)
651277(540)
651302(468)
651308(478)
651367(497)
651382(469^ 2)
651383(524)
651391(500)
651395(503)
651497(539)
651404(470)
651406(455^ 3)
651424(535)
651444(539)
651453(476^ 2)
651334(629)
651368(576)
651369(627)
651386(545+ 5)
651396(653)
651397(550)
651400(549+ 1)
651401(577)
651412(553)
651422(622)
651429(563)
651471(613)
24
652142(552)
652144(651)
652146(555)
652147(572)
672081(570)
652143(687)
672083(655+ 5)
672086(734)
652150(796)
N.J.V. Govt. Higher Secondary School (Campus), Saeed Manzil
652022(406^ 2)
652031(417^ 5)
652062(428)
652080(418^ 1)
691241(409^ 3)
652028(454^ 2)
652033(468)
652036(493)
652039(517)
652043(448)
652048(450^ 3)
652049(516)
652063(539)
652065(494^ 1)
652069(479^ 2)
652081(449^ 3)
652092(484)
652095(447)
652030(589)
652050(617)
652056(560)
652071(569)
652091(621)
652059(739)
652066(677)
Govt. Degree Boys College, KMC Store Nishter Road
651592(425)
651617(429)
651628(427^ 3)
651642(437^ 4)
651643(432^ 1)
651669(421)
651746(430^ 4)
651914(433^ 1)
651918(437^ 3)
691221(393)
691222(422)
651695(486)
651698(478)
651701(529)
651705(484)
651706(486)
651708(499)
651709(469)
651710(518)
651713(534)
651714(497)
651718(485)
651733(503)
651734(480)
651739(445^ 3)
651740(470^ 1)
651681(543)
651682(465^ 1)
651683(490)
651685(501)
651694(505)
651630(518)
651633(478)
651635(460)
651637(487)
651638(448)
651645(531)
651658(506)
651660(509)
651661(470)
651666(507)
651667(521)
651670(499)
651673(478)
651674(534)
651676(515)
651741(453)
651742(469^ 3)
651743(484^ 1)
651744(543)
651748(499)
651870(471)
651871(500)
651875(481)
651876(530)
651880(512)
651882(444)
651883(502)
651888(525^ 1)
651894(478)
651917(476)
651934(467^ 2)
678452(461)
678453(464)
651835(467^ 2)
651838(468)
651849(516)
651858(522)
651859(486)
651751(496)
651754(495)
651758(510)
651759(517)
651762(536)
651764(535)
651771(521)
651772(506)
651775(521)
651777(497)
651780(540)
651783(492)
651784(450)
651800(529)
651834(468)
25
652233(575)
652234(621)
652238(575)
672436(653)
652236(710)
652237(661)
672432(700)
672437(659+ 1)
672438(658+ 2)
672439(668)
652232(767+ 3)
652235(768+ 2)
672434(767+ 3)
672435(779)
672433(901)
Army Public College, Saddar
672406(434^ 2)
652203(513)
652204(508)
672402(495)
672405(504)
672407(466^ 1)
672411(501)
672412(517)
672401(546+ 4)
672409(687)
672410(733)
C.M.S Govt. Higher Secondary (Campus School) Boys & Girls, Nishter Road
652183(543)
652184(464^ 3)
672121(501^ 1)
672138(454)
672140(498)
672143(460)
652181(571)
652182(648)
672122(593)
672123(590)
672124(565)
672129(653)
672142(608)
652185(753)
672126(655+ 5)
672127(659+ 1)
672128(693)
St. Patrick's College (Evening)
652141(479)
652145(488)
672082(445)
672087(464^ 5)
26
653060(694)
653062(700)
653076(657+ 3)
653084(746)
653085(670)
653002(738)
653003(691)
653026(750)
653043(736)
653051(690)
653067(785)
653081(870)
653088(809)
653093(857)
653146(772)
653035(791)
653037(769+ 1)
653041(821)
653053(786)
653059(786)
653151(871)
653154(834)
653155(855)
653163(776)
653166(849)
653214(845)
653215(785)
653316(827)
653317(769+ 1)
653326(872)
653184(787)
653185(831)
653190(852)
653199(842)
653204(808)
653056(907)
653075(933)
653082(895)
Govt. Degree Science & Arts College For Women Baldia Town
673642(615)
652356(655+ 5)
673641(797)
673643(769+ 1)
652351(797)
652352(775)
652353(865)
652354(854)
652355(799)
IDA RIEU Higher Secondary School for Blind & Deaf
652271(414)
652279(434^ 3)
652253(477)
652254(454^ 3)
652255(450)
652266(517^ 2)
652270(493)
652273(602)
652284(611^ 1)
652272(661)
652283(818)
Govt. Allama Iqbal Degree College (Evening)
652231(536^ 1)
27
653015(431)
653047(427^ 4)
653164(420)
653203(417)
653209(427^ 2)
653304(430^ 5)
653306(401^ 3)
653307(410^ 3)
653377(427^ 3)
653143(492^ 2)
653144(452^ 2)
653148(533)
653165(526)
653167(444)
653123(482)
653126(512)
653130(456^ 3)
653139(501)
653141(498)
653187(454)
653188(500)
653195(523)
653219(532)
653222(477)
653174(460)
653175(450^ 1)
653179(452)
653181(501)
653182(463)
653040(460)
653052(533)
653058(489^ 2)
653061(531)
653070(544)
653008(447^ 3)
653014(498)
653016(511)
653021(492)
653039(467^ 1)
653105(486)
653110(482)
653120(456)
653121(484^ 1)
653122(522)
653083(499)
653092(529)
653095(538)
653099(539)
653103(458)
653331(452)
653334(529)
653336(523)
653339(476)
653349(492)
653312(453)
653313(458)
653321(499)
653322(496)
653330(536)
653387(483)
653388(513^ 1)
691509(493)
653353(521^ 3)
653359(505)
653363(456)
653364(471)
653367(484^ 1)
653248(455^ 1)
653259(475^ 2)
653261(515)
653265(511)
653276(530)
653224(508)
653227(536^ 3)
653232(446)
653238(507)
653242(505^ 1)
653300(458^ 2)
653302(504)
653303(459^ 3)
653305(443^ 3)
653310(509)
653278(475)
653285(537)
653287(526)
653292(487)
653299(465)
653107(569)
653118(610)
653125(561)
653136(550^ 2)
653138(643)
653142(554)
653150(555)
653153(640)
653162(566)
653168(594)
653180(598)
653183(652)
653200(555)
653202(604)
653205(610)
653080(606)
653086(606)
653087(554)
653098(592)
653106(625)
653004(612)
653012(624)
653024(569)
653030(560)
653038(570)
653042(654)
653046(570)
653049(643)
653050(571)
653054(586)
653055(561)
653063(549+ 1)
653065(576)
653066(652)
653079(571)
653314(595)
653315(548+ 2)
653318(612)
653323(621)
653327(551)
653328(619)
653332(587)
653342(627)
653343(625)
653348(635)
653354(573)
653373(597)
653380(591)
691510(633)
653280(610)
653283(549+ 1)
653288(624)
653298(601)
653309(582)
653206(564)
653217(638)
653220(560)
653228(649)
653237(566)
653239(591)
653240(568^ 1)
653241(564^ 2)
653243(585)
653244(581)
653245(605)
653250(615)
653253(586^ 1)
653274(575)
653279(569)
653140(734)
653147(691)
653178(685)
653196(707)
653197(729)
653114(730)
653117(758)
653119(694)
653124(695)
653132(743)
653094(707)
653096(682)
653108(742)
653112(683)
653113(672)
653198(662)
653212(683)
653226(665)
653231(740)
653235(695)
653311(684)
653324(718)
653325(704)
653329(690)
653341(739)
653273(705)
653289(751)
653293(699)
653296(731)
653297(705)
653249(657+ 3)
653252(674)
653260(681)
653264(734)
653269(657+ 3)
28
The Graceful Higher Secondary School
654161(803)
654162(848)
654163(901)
654164(885)
Al-Baldia Memon Higher Secondary School
653552(429)
653503(478)
653507(502)
653508(527)
653511(539)
653517(479^ 2)
653464(532)
653466(461^ 3)
653479(530)
653482(539)
653488(525)
653561(520)
653562(537)
653564(492)
653568(531)
680071(458)
653522(543)
653529(482^ 3)
653534(541)
653554(514)
653555(464^ 4)
653491(560)
653495(556)
653497(556)
653498(640)
653499(548+ 2)
653478(622)
653480(577)
653481(635)
653485(628)
653487(644)
653462(594)
653465(624)
653467(603)
653472(650)
653474(578)
653506(610)
653510(652)
653516(570)
653518(651)
653519(628)
653558(583)
653569(606)
653533(549+ 1)
653535(640)
653536(638)
653543(552)
653547(608)
653523(628)
653525(610)
653530(613)
653531(597)
653532(654)
653473(763)
653476(666)
653483(761)
653489(693)
653501(739)
653504(714)
653505(710)
653514(723)
653515(760)
653520(720)
653521(693)
653524(733)
653542(684)
653546(681)
653556(730)
653475(815)
653500(775)
653502(768+ 2)
653540(806)
653541(785)
653484(883)
Govt. Degree Girls College, Metrovill, S.I.T.E.
29
APWA Govt. College for Women Karimabad
654357(424^ 5)
654330(536)
654336(489^ 3)
654343(458)
654346(449)
654350(496)
654324(456^ 3)
654326(474)
654327(474)
654328(507)
654329(484)
654402(508)
654408(528)
654351(480)
654358(535)
654380(535)
654382(502)
654401(501)
654313(614)
654314(548+ 2)
654316(587)
654323(599)
654335(602)
654342(574)
654348(582)
654370(597)
654373(638)
654379(623)
654383(598)
654388(627)
654405(556)
654409(635)
654410(622)
654321(658+ 2)
654325(741)
654331(658+ 2)
654353(688)
654355(689)
654362(688)
654364(760)
654366(738)
654397(684)
654400(663)
654411(757)
654320(828)
654341(806)
654367(864)
654372(811)
654381(844)
Govt. Girls Degree College, Gulshan-e-Hadeed, Bin Qasim
654289(501)
654293(507^ 2)
691631(507)
654281(620)
654282(620)
654288(566)
654291(580)
654294(618)
654290(707)
654292(659+ 1)
654285(871)
654286(828)
654283(930)
654284(988)
Pakistan Steel Madar-e-Millat Girls Degree College, Steel Town
654221(610)
30
654758(514)
654761(468)
654767(541)
654770(473)
654773(531)
654740(544)
654743(483^ 3)
654747(469)
654753(482)
654755(523)
654800(515)
654804(520)
654805(527)
654806(537)
654807(489)
654774(510^ 2)
654778(501^ 2)
654780(476)
654789(534^ 3)
654791(519)
654661(522)
654675(472)
654677(512)
654679(467^ 2)
654687(523)
654642(462)
654645(474^ 1)
654646(475^ 2)
654655(447)
654656(441)
654710(528^ 3)
654719(502)
654722(483^ 2)
654731(489)
654736(546^ 1)
654689(458^ 3)
654690(511)
654692(513)
654697(510^ 3)
654699(500^ 2)
654895(508)
654896(537)
654904(529)
654908(478)
654910(457^ 1)
654832(473^ 2)
654833(471^ 3)
654834(442^ 2)
654840(441^ 3)
654843(475^ 1)
654808(493)
654810(476^ 1)
654816(506)
654825(500)
654826(440)
654860(441^ 3)
654875(542)
654877(492)
654878(512)
654883(542)
654845(536^ 1)
654852(534)
654854(536)
654856(510^ 1)
654857(443^ 2)
655017(572)
655022(557)
655030(612)
655032(630)
655035(579)
654998(598)
655002(547+ 3)
655007(634)
655008(612)
655012(629)
654964(628)
654968(561)
654979(587)
654991(593)
654993(603)
680702(559)
655055(570)
655059(559)
655061(634)
655089(545+ 5)
655103(594)
655036(579)
655041(567)
655050(589)
655053(614)
655054(609)
654921(547+ 3)
654926(602)
654943(578)
654960(650)
654963(551)
654751(610)
654754(630)
654765(554)
654766(581)
654771(619)
654772(578)
654779(571)
654785(622)
654786(572)
654792(644)
654727(597)
654732(648)
654735(572)
654744(576)
654745(593)
654669(556)
654670(561)
654685(583)
654693(642)
654695(571)
654701(603)
654708(577)
654716(614)
654721(648)
654725(594)
654874(583)
654886(584)
654888(570^ 3)
654891(574)
654893(562)
654898(582)
654903(566)
654905(570)
654906(610)
654909(611)
654858(591)
654859(568)
654864(559)
654869(579)
654870(576)
654794(613)
654799(589)
654811(562)
654812(566)
654820(582)
654827(616)
654830(612)
654835(625)
654836(626)
654855(555)
654801(732)
654813(757)
654814(663)
654821(729)
654831(663)
654850(674^ 2)
654861(684)
654867(684)
654890(691)
654923(667)
654667(696)
654678(686)
654681(689)
654686(696)
654723(664)
654724(659+ 1)
654729(722)
654737(672)
654769(746)
654790(696)
655038(728)
655047(680)
655052(757)
655060(684)
655062(698)
655072(665)
655084(714)
654934(664)
654936(713)
654980(675)
654982(663)
654992(678)
655001(701)
655009(674)
655020(703)
655027(673)
655034(730)
654680(769+ 1)
654691(791)
654775(835)
654863(792)
655049(819)
31
655273(708)
655275(745)
655279(732)
655289(721)
655292(741)
655295(672)
655296(740)
655298(741)
655304(680)
655306(676)
655230(717)
655233(690)
655245(676)
655251(707)
655252(664)
655253(685)
655259(738)
655264(688)
655268(739)
655270(671)
655308(696)
655314(733)
655319(709)
655320(748)
655321(737)
655327(754)
655329(714)
655333(698)
655352(696)
655355(701)
655315(768+ 2)
655316(775)
655328(780)
655330(798)
655337(770)
655265(867)
655269(778)
655281(770)
655282(822)
655305(773)
655341(789)
655354(802)
655368(777)
655370(811)
655372(844)
655416(767+ 3)
655419(765+ 5)
655383(836)
655384(871)
655387(811)
655395(785)
655398(822)
655376(879+ 1)
Shaheed-e-Millat Govt. Degree College for Women Azizabad
655201(532)
655202(569)
Mehran Degree College
654662(424)
654676(435^ 1)
654781(417^ 4)
654846(389^ 6)
654889(434^ 1)
654913(437^ 1)
654931(416^ 5)
654999(434)
655000(411^ 5)
655039(416^ 3)
655051(417^ 3)
654988(531)
654990(492)
654994(529)
655004(519)
655005(458)
655006(497)
655014(503)
655016(450^ 1)
655019(497)
655023(512)
654976(508)
654977(543)
654981(485)
654984(454)
654986(457)
654914(463^ 3)
654927(468)
654929(504)
654930(489)
654937(449^ 1)
654938(493^ 2)
654967(457^ 3)
654971(513)
654973(461)
654975(488)
655112(543)
655113(505)
655114(529)
655115(532)
655116(491)
680703(448)
691772(474)
691775(463)
691778(506^ 1)
691779(460)
655085(515)
655095(463)
655100(493)
655101(522)
655107(448)
655024(479)
655031(526)
655037(526)
655040(477)
655042(499)
655066(524)
655068(509^ 2)
655069(496)
655081(470)
655082(492)
32
Govt. Girls College P.I.B. Colony
655462(615)
655463(646)
655461(748)
655466(755)
655470(686)
655464(769+ 1)
655465(862)
655468(827)
655467(943)
Raunaq-e-Islam Girls Higher Secondary School
655242(406^ 2)
655301(426)
655363(413^ 3)
655260(467^ 1)
655263(452)
655271(544)
655274(502)
655285(474)
655286(505)
655294(493^ 1)
655297(539)
655300(534)
655302(522)
655224(536)
655227(439+ 1)
655234(449)
655237(509)
655238(491)
655239(445)
655241(495)
655247(492)
655250(498)
655254(461)
655367(528)
655378(530)
655379(525)
655408(544)
655410(467^ 2)
691825(519^ 1)
655303(516)
655325(483)
655331(507)
655332(480^ 4)
655342(520)
655343(480)
655349(491)
655358(450)
655361(457^ 3)
655364(522)
655272(599)
655276(581)
655277(594)
655278(545+ 5)
655280(618)
655283(598)
655284(549+ 1)
655287(597)
655290(594)
655291(579)
655255(649)
655256(586)
655261(563)
655266(582)
655267(568)
655221(562)
655226(630)
655228(574)
655231(588)
655232(597)
655240(549+ 1)
655244(555)
655246(555)
655248(573)
655249(570)
655382(628)
655390(651)
655391(550)
655397(620)
655405(553)
655411(570)
655417(621)
655421(555)
655351(589)
655359(652)
655373(624)
655377(605)
655380(622)
655293(617)
655299(603)
655317(575)
655324(592)
655326(631)
655338(575)
655339(623)
655345(584)
655347(653)
655350(635)
655365(662)
655366(763)
655371(733)
655381(714)
655392(736)
655393(710)
655396(655+ 5)
655399(662)
655402(702)
655403(701)
655406(668)
655412(761)
655415(743)
33
Ideal Grammer Higher Secondary School, Suparco Road
655608(431)
655653(413)
655673(424)
655695(397)
655698(405^ 2)
655700(414^ 2)
655753(424)
655760(419^ 3)
681101(410^ 3)
681105(398^ 1)
655627(482)
655628(446)
655634(450^ 1)
655636(499)
655643(536)
655645(440)
655647(461)
655648(463)
655651(486)
655657(474)
655571(526)
655574(436+ 4)
655575(464^ 3)
655576(443^ 3)
655578(482)
655585(504)
655602(489)
655610(494)
655615(491)
655622(460^ 2)
655737(542)
655747(457)
655749(440^ 4)
655755(475)
655756(530^ 2)
655764(470)
691923(500)
655658(540)
655666(463)
655679(442^ 1)
655684(464)
655699(444)
655701(496)
655716(466^ 1)
655721(517^ 2)
655723(543)
655727(530)
655646(618)
655659(603)
655663(555)
655664(567)
655667(581)
655616(612)
655617(566)
655620(624)
655626(561)
655635(558)
655672(622)
655676(649)
655682(586)
655683(577)
655687(562)
655750(582)
655688(558)
655709(571)
655717(590)
655722(593)
655724(622)
655587(605)
655588(553^ 2)
655592(648)
655600(639)
655614(586)
655649(693)
655652(695)
655669(659+ 1)
655671(732)
655677(693)
655591(679)
655593(686)
655601(688)
655611(730)
655612(692)
655740(718)
681103(740)
655681(698)
655685(687)
655712(678)
655715(721)
655728(716)
655597(771)
655660(789)
655707(775)
655708(821)
655713(788)
655739(793)
655609(879+ 1)
Govt. Deg. Girls College Shaikh Zaid Centre Gulshan-e-Iqbal
655548(434^ 4)
655503(477^ 2)
655507(505)
655510(450)
655516(471)
655517(470^ 3)
655520(528)
655534(541)
655536(539)
655508(586)
655509(611)
655512(552)
655514(644)
655518(587)
655521(637)
655524(556)
655531(548+ 2)
655535(593)
655549(575)
655505(750)
655522(682)
655529(721)
34
656022(669)
656023(690)
656057(678)
656065(717)
656071(680)
656059(840)
656083(782)
H.R.H. Agha Khan Govt. Girls Inter College
655854(434)
655874(418^ 1)
655882(380^ 6)
655887(394^ 5)
655889(399^ 2)
655902(436^ 1)
655907(434^ 3)
655966(384^ 1)
655967(423^ 1)
655870(514)
655873(479)
655878(543)
655883(535)
655884(486)
655886(516)
655891(511)
655895(514)
655896(449)
655898(449)
655847(447)
655849(466)
655852(496^ 3)
655858(454)
655860(492)
655861(489)
655862(530)
655865(443^ 3)
655867(459)
655868(538)
655901(474)
655905(544)
655908(501)
655920(544)
655924(520)
655952(516)
655969(507)
655973(514)
655977(480)
655979(495)
655980(511)
681301(543)
655925(534)
655929(522)
655930(455^ 3)
655932(518^ 1)
655934(449^ 4)
655936(464^ 1)
655941(484)
655942(457)
655943(481^ 1)
655947(518)
655956(649)
655968(616)
655975(618)
655976(654)
655987(585)
655864(602)
655872(640)
655885(613)
655892(547+ 3)
655894(644)
655903(547+ 3)
655910(582)
655914(601)
655928(637)
655931(560)
655933(590)
655944(589)
655946(567)
655950(553)
655954(591)
655853(671)
655871(661)
655939(673)
655949(672)
655951(754)
655953(686)
655955(714)
655959(733)
655988(664)
655846(766+ 4)
655927(802)
655964(766+ 4)
Govt. Degree Girls College Block 13, Gulistan-e-Jauhar
655823(499^ 1)
655822(594)
35
656161(578)
656167(577)
656175(609)
656177(567)
656180(645)
656147(587)
656149(593)
656151(554)
656154(647)
656159(563)
656204(706)
656205(717)
656206(722)
656207(739)
656215(658+ 2)
656222(655+ 5)
656223(683)
656227(690)
656229(722)
656236(699)
656254(686)
656272(763)
656274(735)
656275(720)
656276(697)
656141(670)
656144(685)
656150(677)
656152(731)
656153(701)
656166(687)
656169(722)
656170(683)
656171(674)
656172(668)
656190(709)
656192(745)
656194(750)
656199(694)
656202(683)
656277(663)
656278(733)
656290(725)
656294(699)
656302(737)
656358(717)
656362(721)
656367(759)
656372(687)
656374(759)
656380(755)
656388(675)
656390(764)
656393(728)
656400(734)
656407(663)
656413(664)
656416(704)
656421(697)
656427(738)
656303(749)
656305(717)
656306(732)
656307(683)
656308(659+ 1)
656314(684)
656319(701)
656320(671)
656334(677)
656335(699)
656339(691)
656340(699)
656342(718)
656345(756)
656355(664)
656337(816)
656338(843)
656360(785)
656373(831)
656375(860)
656376(843)
656377(817)
656378(790)
656379(815)
656383(831)
656384(774)
656389(814)
656392(768+ 2)
656417(815)
656261(784)
656263(804)
656271(802)
656313(773)
656331(839)
656157(853)
656165(794)
656181(853)
656200(823)
656201(837)
656209(826)
656210(807)
656228(767+ 3)
656230(859)
656255(789)
656208(889)
Khatoon-e-Pakistan Govt.Deg. College For Women Stadium Road
656031(430)
656049(427^ 1)
656050(430)
656062(398^ 4)
656064(412^ 1)
656086(422^ 4)
656105(427^ 5)
656040(488)
656041(510)
656053(457)
656055(535)
656058(541)
656015(464^ 2)
656016(515)
656018(478)
656025(500)
656032(488)
656060(460)
656066(502)
656067(439+ 1)
656069(529)
656079(482)
656104(474^ 2)
656080(459^ 3)
656090(525)
656096(496^ 3)
656097(531)
656100(458)
656039(551^ 2)
656043(550)
656045(620)
656046(582)
656047(549+ 1)
656011(548+ 2)
656014(554)
656024(553)
656029(547+ 3)
656030(545+ 5)
656052(610)
656056(639)
656061(565)
656072(617)
656073(650)
656087(570)
656088(606)
656094(628)
656095(566)
656076(582)
656078(569)
656081(567)
656082(571)
656084(596)
656074(675)
656075(686)
36
656476(427^ 2)
656461(505)
656465(481)
656470(484)
656481(491)
656486(464)
656487(509)
656495(490^ 3)
656496(535)
656497(499)
656502(542)
656506(521)
656464(553)
656469(593)
656479(588)
656480(630)
656482(549+ 1)
656483(587)
656490(567)
656492(586)
656493(619)
656494(560)
656503(630)
656505(651)
656474(734)
656475(658+ 2)
656485(655+ 5)
656498(741)
656473(778)
656504(773)
Govt. Girls Higher Secondary School Block-6, Gulshan-e-Iqbal
656234(426^ 2)
656249(428^ 1)
656409(436^ 2)
656420(508^ 6)
656423(457^ 2)
681501(452)
656369(526)
656382(474^ 1)
656387(539)
656408(530)
656410(527)
656238(543)
656239(524)
656240(533)
656241(523)
656248(473)
656253(505)
656257(457^ 2)
656260(537)
656264(514^ 2)
656265(518)
656142(490)
656155(519)
656168(530^ 2)
656173(482)
656174(544)
656182(475)
656185(483^ 2)
656203(534)
656218(484)
656225(456)
656309(520)
656317(482)
656323(469)
656324(466)
656328(504)
656333(454^ 5)
656356(457^ 3)
656361(515)
656363(490)
656368(510)
656279(533)
656280(531)
656281(446)
656282(536)
656285(528)
656287(448^ 1)
656289(454)
656293(464)
656297(515)
656301(493)
656262(561)
656267(550)
656270(588)
656283(557)
656286(644)
656291(649)
656292(570)
656295(614)
656296(598)
656310(570)
656312(608)
656315(605)
656316(645)
656321(554)
656325(560)
656183(601)
656186(601)
656196(630)
656198(652)
656211(640)
656214(558)
656219(627)
656220(642)
656224(553)
656231(612)
656232(628)
656244(627)
656246(562)
656252(595)
656256(640)
656327(653)
656330(573)
656336(635)
656343(638)
656344(609)
656391(613)
656394(566)
656396(618)
656398(577)
656399(571)
656403(613)
656404(647)
656414(596)
656418(594)
656422(614)
656428(613)
656429(627)
681502(579)
656346(579)
656349(648)
656350(557)
656351(616)
656352(618)
656354(611)
656357(651)
656359(580)
656364(632)
656365(564)
656366(624)
656370(546+ 4)
656371(620)
656385(641)
656386(621)
37
656671(683)
656672(761)
656680(689)
656673(768+ 2)
656674(817)
656675(851)
656676(829)
656677(836)
656679(809)
656681(778)
656678(875+ 5)
Zubair Public Higher Secondary School
656531(438^ 2)
656545(420^ 3)
656647(418^ 3)
656608(473^ 1)
656609(488^ 1)
656622(527)
656624(541)
656626(466)
656598(510)
656599(495)
656600(471)
656606(482^ 2)
656607(496)
656639(498)
656642(541)
656632(495)
656633(521)
656634(498)
656637(483)
656638(527)
656536(470^ 2)
656537(484)
656539(506)
656540(494)
656542(501)
656553(504)
656555(529)
656564(538)
656578(492)
656584(501)
656585(517)
656587(536)
656591(440)
656593(472)
656594(531)
656569(553)
656570(648)
656571(551)
656581(642)
656582(563)
656548(560)
656556(545+ 5)
656559(600)
656560(589)
656566(590)
656534(647)
656535(575)
656541(601)
656543(588)
656547(584)
656583(615)
656592(585)
656595(579)
656596(632)
656597(555)
656641(550)
656643(563)
656620(582)
656625(556)
656627(577)
656630(574)
656631(554)
656601(585)
656605(567)
656612(592)
656613(559)
656617(557)
656563(754)
656567(691)
656572(682)
656573(657+ 3)
656574(744)
656533(707)
656549(718)
656550(669)
656551(686)
656557(715)
656616(668)
656576(753)
656589(674)
656590(737)
656602(699)
656614(752)
656552(820)
656575(872)
656577(791)
656579(779)
656580(781)
656588(769+ 1)
656611(867)
656644(792)
656586(893)
Govt. Degree Boys & Girls College SRE-III, Majeed, Stadium Road
38
656880(665)
Govt. Girls Higher Secondary School University Road
656797(429)
656836(433)
656760(491^ 1)
656761(503)
656766(476^ 3)
656771(480)
656774(446^ 2)
656737(450^ 3)
656738(500)
656740(514)
656745(455)
656746(444^ 3)
656775(538)
656780(538)
656787(484^ 3)
656788(543)
656789(512)
656833(525)
656838(450^ 1)
656791(435+ 5)
656795(511)
656809(536^ 1)
656810(481^ 2)
656824(448^ 4)
656779(581)
656782(637)
656800(604)
656806(561)
656808(604)
656764(582)
656770(578)
656772(646)
656773(636)
656777(634)
656828(591)
656834(545+ 5)
656814(612)
656815(554)
656818(550)
656819(626)
656827(555)
656751(645)
656755(562^ 2)
656758(640)
656759(556)
656763(554)
656748(679)
656776(741)
656783(699)
656786(720)
656790(709)
656798(657+ 3)
656799(764)
656801(692)
656803(743)
656805(682)
656807(655+ 5)
656813(714)
656825(689)
656843(671)
656747(787)
656781(893)
Govt. Degree Girls College Block 12, Safoora Goath
656703(420^ 3)
656702(481)
656707(493)
656708(524)
656706(608)
656710(565)
656709(778)
656711(771)
656712(770)
Hayat Ul Islam Girls College
39
657103(788)
657109(792)
657114(795)
657143(773)
657154(768+ 2)
657082(829)
657083(839)
657088(827)
657092(831)
657095(836)
657055(874)
657058(777)
657074(765+ 5)
657076(869)
657079(817)
657162(821)
657164(799)
657169(852)
657170(793)
657172(780)
657096(895)
657097(895)
657098(909)
657371(903)
657381(917)
657413(905)
657414(926)
657489(881)
657520(887)
BAMM P.E.C.H.S. Govt. College For Women
656992(439^ 3)
656996(415^ 5)
657005(434)
682001(405^ 2)
656953(526)
656964(539)
656973(468)
656986(490)
656997(514)
657002(508)
656961(632)
656969(548+ 2)
656971(640)
656972(546+ 4)
656977(622)
656988(612)
656957(660)
656963(664)
656991(773)
Govt. Degree Girls College Gulzar-e-Hijri
656913(509)
656917(459^ 2)
656912(625)
656919(648)
656921(553)
656928(639)
656914(756)
656915(686)
656916(657+ 3)
656927(865)
Govt. Degree Girls College, Shahnawaz Shar Goath
656876(509)
656885(453^ 2)
656886(541)
656874(583)
656875(634)
656884(624)
656887(643)
656894(547+ 3)
40
657233(657+ 3)
657235(757)
657237(673)
657244(696)
657249(757)
657225(761)
657226(683)
657227(736)
657228(748)
657229(719)
657251(690)
657260(680)
657262(687)
657263(693)
657264(763)
657279(670)
657284(739)
657290(662)
657293(698)
657295(712)
657265(761)
657270(740)
657271(678)
657276(708)
657278(743)
657207(725)
657208(660)
657214(670)
657218(670)
657220(745)
657163(704)
657165(716)
657167(753)
657175(709)
657176(721)
657179(718)
657181(698)
657182(681)
657184(667)
657187(710)
657199(676)
657200(734)
657202(693)
657203(701)
657205(745)
657189(754)
657191(764)
657193(724)
657196(762)
657197(688)
657298(723)
657299(745)
657302(716)
657304(722)
657305(711)
657434(730)
657438(754)
657441(709)
657445(660)
657453(695)
657422(703)
657424(728)
657428(661)
657430(740)
657432(665)
657454(758)
657455(681)
657456(707)
657458(723)
657460(703)
657408(760)
657415(753)
657418(657+ 3)
657419(675)
657420(756)
657327(752)
657328(669)
657330(725)
657333(719)
657340(753)
657306(685)
657318(716)
657320(671)
657324(738)
657325(738)
657343(660)
657346(723)
657352(680)
657360(719)
657361(671)
657383(665)
657384(758)
657388(673)
657394(699)
657398(669)
657367(694)
657369(764)
657374(661)
657376(755)
657378(760)
657060(684)
657065(718)
657066(761)
657075(689)
657078(762)
657051(703)
657052(655+ 5)
657053(678)
657056(711)
657059(678)
657139(747)
657140(735)
657142(734)
657144(671)
657156(679)
657119(755)
657121(659+ 1)
657132(701)
657135(690)
657137(704)
657106(661)
657108(683)
657112(696)
657117(703)
657118(710)
657080(738)
657089(714)
657099(710)
657102(713)
657105(698)
657261(770)
657287(847)
657288(804)
657294(830)
657308(791)
657314(783)
657315(873)
657319(800)
657332(841)
657335(863)
657337(769+ 1)
657350(774)
657362(774)
657363(806)
657365(788)
657232(836)
657238(797)
657247(806)
657248(845)
657252(833)
657174(819)
657183(829)
657185(783)
657190(778)
657192(773)
657194(769+ 1)
657195(801)
657198(848)
657201(785)
657210(791)
657211(772)
657221(791)
657222(768+ 2)
657224(768+ 2)
657230(869)
657368(824)
657370(868)
657372(808)
657373(780)
657377(765+ 5)
657490(833)
657494(772)
657509(774)
657510(853)
657512(809)
657436(834)
657437(819)
657439(767+ 3)
657443(776)
657478(789)
657542(790)
657543(822)
657514(846)
657515(859)
657518(830)
657529(816)
657534(817)
657395(867)
657397(779)
657399(824)
657400(834)
657401(793)
657379(815)
657385(803)
657387(770)
657391(781)
657393(818)
657425(799)
657426(771)
657427(783)
657429(782)
657435(861)
657403(769+ 1)
657404(772)
657409(767+ 3)
657412(784)
657423(775)
41
657159(468)
657161(492)
657186(538)
657188(479)
657204(496)
657240(487^ 2)
657243(509^ 2)
657250(457)
657272(480)
657277(464)
657134(529)
657141(459)
657147(499)
657148(534)
657153(495)
657062(512)
657064(460^ 2)
657067(442)
657071(498)
657072(516)
657073(482^ 1)
657081(513)
657093(535)
657123(459)
657133(534)
657501(489)
657513(494)
657527(542)
657544(513)
657547(503)
657451(527)
657463(436+ 4)
657468(514)
657481(529^ 1)
657497(542)
657281(526^ 1)
657291(520)
657323(544)
657336(475)
657355(464)
657375(522^ 1)
657380(537)
657407(474)
657431(529)
657447(475)
657410(558)
657416(564)
657417(599)
657433(632)
657444(556)
657446(583)
657448(566)
657450(626)
657452(625)
657457(609)
657392(548+ 2)
657396(647)
657402(599)
657405(629)
657406(633)
657348(568)
657349(584)
657351(645)
657353(545+ 5)
657354(546+ 4)
657356(572)
657357(584)
657359(614)
657364(648)
657366(600)
657532(560)
657533(547+ 3)
657536(578)
657539(598)
657540(552)
657550(556)
657557(580)
657559(606)
682106(558)
692208(571)
657511(603)
657517(638)
657522(631)
657526(607)
657531(611)
657459(585)
657467(558)
657469(554)
657470(580)
657485(626)
657488(608)
657492(652)
657496(592)
657504(553)
657506(609)
657341(559)
657342(604)
657344(619)
657345(645)
657347(585)
657124(566)
657125(613)
657126(607)
657127(563)
657128(585)
657129(648)
657130(631)
657136(570)
657145(621)
657146(625)
657149(585)
657150(580)
657152(592)
657155(633)
657157(547+ 3)
657110(560)
657111(623)
657113(590^ 2)
657115(634)
657120(593)
657054(608)
657057(545+ 5)
657061(654)
657063(570^ 1)
657068(637)
657069(599)
657070(624)
657077(646)
657084(558)
657086(629)
657090(599)
657091(572)
657094(632)
657101(547+ 3)
657107(647)
657160(619)
657168(636)
657173(592)
657177(604)
657178(645)
657274(619)
657280(637)
657282(648)
657283(587)
657285(608)
657289(648)
657303(590)
657310(645)
657312(564)
657313(621)
657316(653)
657317(636)
657326(633)
657331(614)
657338(574)
657254(636^ 3)
657255(561)
657257(591)
657266(610)
657267(569)
657180(561)
657209(645)
657212(566)
657213(639)
657216(576)
657217(620)
657223(632)
657231(601)
657234(558)
657236(641)
657239(652)
657241(622)
657245(591)
657246(555)
657253(590)
657484(698)
657487(739)
657491(711)
657493(684)
657495(749)
657475(760)
657476(712)
657477(691)
657479(764)
657480(671)
657461(676)
657462(669)
657464(683)
657466(730)
657472(701)
657537(704)
657538(721)
657553(671)
657554(661)
657556(711)
657508(697)
657521(757)
657528(703)
657530(671)
657535(723)
657498(691)
657499(735)
657500(714)
657502(695)
657503(690)
42
657829(732)
657873(711)
657879(658+ 2)
657903(731)
657907(693)
657820(689)
657821(757)
657822(700)
657824(723)
657828(693)
657773(686)
657789(704)
657801(757)
657810(694)
657811(694)
657911(668)
657912(716)
657917(683)
657919(737)
657923(657+ 3)
657782(829)
657788(782)
657806(835)
657865(772)
657887(834)
657906(867)
657931(765+ 5)
657948(790)
657956(781)
658037(815)
657804(916)
657913(891)
657927(901)
Govt. Islamia College For Women
657632(405^ 1)
657642(395^ 4)
682152(420)
657654(494^ 2)
657665(540)
657673(446)
657674(482)
657692(544)
657626(504)
657627(533)
657629(520)
657646(510)
657648(471)
657611(518)
657612(470)
657613(474)
657616(485)
657621(463^ 2)
657694(506)
657697(500)
657698(496)
657699(489^ 1)
657701(476^ 3)
657732(509)
657734(534)
657735(509^ 3)
657737(486)
692241(446)
657717(539^ 1)
657719(503)
657724(471)
657727(512)
657729(525)
657703(539)
657708(538)
657709(536)
657711(501)
657714(458)
657652(608)
657655(556)
657657(626)
657658(631)
657660(589)
657664(630)
657666(622)
657680(633)
657683(605)
657684(628)
657614(558)
657618(635)
657619(649)
657624(587)
657625(608)
657637(634)
657643(569)
657645(632)
657647(601)
657649(558)
657722(546+ 4)
657723(597)
657725(654)
657728(597)
657730(651)
657731(629)
657733(592)
657736(581)
657746(559)
657689(549+ 1)
657690(627)
657691(640)
657702(627)
657705(625)
657706(638)
657713(642)
657716(570)
657720(647)
657721(584)
657636(690)
657639(756)
657641(719)
657651(732)
657668(673)
657669(720)
657686(695)
657700(700)
657710(704)
657742(756)
682151(655+ 5)
657623(793)
657644(828)
657650(846)
657656(773)
657707(789)
657744(844)
Govt. Girls Degree College, Mehmoodabad Block 6, P.E.C.H.S.
657551(522)
657555(544)
657558(522)
692209(462)
43
658226(699)
658229(711)
658245(669)
658246(717)
658251(759)
658201(688)
658204(733)
658212(659+ 1)
658216(681)
658222(696)
658256(817)
658275(867)
658276(851)
658291(850)
658299(771)
658202(846)
658205(792)
658214(873)
658227(790)
658240(767+ 3)
658314(839)
658317(864)
658318(807)
658319(798)
658324(825)
658349(808)
658350(827)
658325(800)
658328(843)
658331(819)
658343(874)
658344(862)
658252(912)
658264(885)
658348(910)
St. Lawrance's Govt. Girls Degree College
657876(426)
657910(414^ 1)
657925(401^ 4)
657963(433^ 3)
658006(430^ 2)
682205(401)
692261(414)
692263(427)
658022(466)
658023(455)
658032(512)
658033(476)
658034(462)
658007(496^ 2)
658009(468)
658014(501)
658018(534)
658021(540)
658035(437+ 3)
658040(459^ 3)
658041(478^ 3)
658043(533)
658045(495)
658072(475^ 1)
658079(486)
658098(480)
658110(477)
682212(480)
658046(534)
658049(492)
658051(487)
658055(444^ 3)
658062(448^ 2)
657962(512)
657978(470)
657988(494)
657989(497)
658000(512^ 3)
657826(506)
657830(504)
657835(470)
657846(503)
657848(491)
657794(461^ 3)
657802(524)
657813(533)
657814(467)
657815(496^ 1)
657771(544)
657772(511)
657785(527)
657786(519)
657792(473)
657936(481^ 3)
657938(538)
657942(461^ 4)
657944(507)
657946(443^ 2)
657899(502)
657904(538^ 2)
657905(520)
657909(474^ 3)
657924(537)
657851(535)
657870(506)
657877(496)
657888(489)
657890(466)
657868(654)
657871(601)
657878(563)
657880(603)
657881(598)
657883(599)
657884(618)
657889(567)
657898(639)
657915(619)
657845(623)
657847(594)
657849(643)
657855(635)
657864(596)
657775(558)
657779(550^ 1)
657781(582)
657803(607)
657809(605)
657812(640)
657817(650)
657819(576)
657825(643)
657839(553)
657921(630)
657928(587)
657929(643)
657947(556)
657952(619)
658047(595)
658048(594)
658050(636)
658054(595)
658056(601)
658061(561)
658066(548+ 2)
658068(550)
658088(552^ 1)
658089(604)
658011(572)
658012(645)
658013(545+ 5)
658020(578)
658042(604)
657957(622)
657959(638)
657964(555)
657968(559)
657969(583)
657987(573)
657991(563)
658002(639)
658004(632)
658010(577)
657940(675)
657941(657+ 3)
657955(720)
657997(665)
658008(721)
658016(694)
658019(687)
658025(658+ 2)
658039(693)
658064(695)
658087(670)
44
658396(413^ 2)
658452(425^ 1)
658407(436+ 4)
658410(505)
658411(509^ 2)
658415(505)
658419(533)
658391(467^ 1)
658392(442^ 2)
658395(526)
658398(483^ 3)
658405(525)
658422(511^ 1)
658426(449)
658431(539)
658433(513)
658434(494)
658454(527)
658458(456)
658459(476)
658439(522)
658442(474^ 1)
658444(534^ 2)
658447(516)
658448(448)
658393(593)
658397(547+ 3)
658401(632)
658403(569)
658408(647)
658409(574)
658413(601)
658417(621)
658420(635)
658425(547+ 3)
658432(650)
658435(545+ 5)
658445(586)
658446(560)
658427(684)
658428(718)
658429(745)
658430(675)
658436(659+ 1)
658437(689)
658421(793)
658424(828)
Dukhtar-e-Mashriq Govt. Degree Girls College
658292(434)
658262(506)
658268(542)
658281(468^ 3)
658283(524)
658286(480)
658234(540)
658248(458^ 2)
658255(502)
658260(469)
658261(496)
658203(482)
658211(544)
658217(481^ 1)
658218(531)
658225(518)
658360(501)
658363(529)
658309(480)
658355(450)
658357(537)
658358(448)
658359(435+ 5)
658293(502)
658298(530)
658300(448^ 3)
658301(507)
658302(535)
658242(622)
658249(612)
658250(565)
658265(644)
658267(592^ 2)
658233(569)
658235(588)
658236(551)
658237(580)
658241(607)
658207(570)
658213(614)
658220(548+ 2)
658221(584)
658228(636)
658269(635)
658271(643)
658272(633)
658279(647)
658282(630)
658337(611)
658338(595)
658351(586)
658353(608)
658354(567)
658313(580)
658315(640)
658329(634)
658333(557)
658334(560^ 3)
658288(548+ 2)
658295(546+ 4)
658307(574)
658308(634)
658310(572)
658290(687)
658294(680)
658297(704)
658303(728)
658305(727)
658257(660)
658266(657+ 3)
658270(681)
658274(747)
658285(671)
658306(732)
658316(675)
658320(710)
658326(680)
658327(704)
658346(717)
658347(676)
658352(698)
658365(741)
658330(704)
658332(691)
658336(673)
658341(743)
658345(742)
45
Govt. Girls H.Sec.School Green Belt Mehmoodabad
658574(430^ 4)
682451(425^ 3)
682452(374^ 2)
658545(501)
658547(472^ 1)
658553(527)
658555(525)
658567(444)
658569(470)
658570(464)
658573(522)
658543(631)
658544(565)
658558(629)
658564(558)
658568(623)
658550(670)
Govt. Girls Higher Secondary School (U.M) Chaneser Goth
658525(582)
658526(619)
Govt. Girls Higher Secondary School (S.M) Chaneser Goth
658501(613)
658502(590)
658505(582)
658507(589)
658503(721)
658506(738)
Govt Girls Bengali Higher Secondary School, Lasbella
46
658888(665)
658897(726)
658908(737)
658916(707)
658923(655+ 5)
658928(689)
658942(749)
658974(713)
658977(709)
658983(715)
658990(750)
658994(673)
682603(721)
658975(788)
658995(859)
658865(883)
Shaheed Mohtarma Benazir Bhutto Govt. Degree Girls College
658803(501)
658782(651)
658784(582)
658789(626)
658781(693)
658783(746)
658785(679)
658786(687)
658790(673)
658792(665)
658793(700)
658797(657+ 3)
658798(687)
658800(708)
658801(730)
658799(765+ 5)
658802(773)
658804(857)
658787(791)
658788(841)
658791(805)
658794(849)
658796(796)
658795(911)
Fatimiyah College Girls Campus
658616(434^ 2)
658685(423)
658661(543)
658663(528)
658672(472)
658675(449)
658677(454)
658605(523)
658617(448^ 3)
658647(483)
658649(513)
658657(460^ 2)
658679(462^ 3)
658687(474)
658689(476)
658694(521)
658699(528)
658711(486)
658712(539)
658714(497)
658719(497)
658730(497)
658702(458)
658705(519)
658706(480)
658708(517)
658710(446)
658660(629)
658665(575)
658671(598)
658674(579)
658680(547+ 3)
658631(652)
658634(650)
658636(547+ 3)
658651(571)
658659(643)
658704(563)
658707(623)
658690(571)
658692(555)
658695(574)
658696(552)
658703(642)
658612(678)
658623(717)
658662(731)
658684(671)
658713(750)
47
659082(441)
659083(816)
659084(769+ 1)
Mama Girls Intermediate College, P.E.C.H.S. Karachi
659062(600)
659063(601)
659061(701)
College of Accounting and Management Sciences PECHS Campus
658858(399)
658965(429^ 2)
658893(511)
658899(491)
658903(513)
658907(520)
658917(496)
658919(522)
658920(530^ 1)
658925(450^ 2)
658926(534)
658927(477)
658834(470^ 3)
658841(527^ 2)
658849(499)
658856(460^ 2)
658862(462^ 1)
658863(516)
658866(494)
658869(539)
658872(494)
658879(513^ 2)
658935(510)
658937(502)
658939(462)
658940(536)
658943(481)
658997(479)
659008(507)
659018(525)
659020(510)
692362(536)
693101(488)
658953(468^ 1)
658954(483)
658958(533)
658960(476)
658964(437+ 3)
658967(472^ 2)
658968(441^ 3)
658971(503)
658984(522)
658986(521)
658895(577)
658898(573)
658904(607)
658911(604)
658924(626)
658873(586)
658876(549+ 1)
658877(600)
658878(582)
658885(639)
658837(610)
658853(630)
658860(588)
658864(563)
658867(631)
658981(556)
658985(596)
658988(592)
659001(607)
659016(597)
658956(605)
658961(593)
658963(587)
658966(578)
658976(586)
658932(558)
658936(632)
658941(588)
658945(651^ 1)
658946(624)
48
659381(667)
659400(657+ 3)
659402(699)
659403(665)
659404(661)
659325(656+ 4)
659343(712)
659347(741)
659348(689)
659365(667)
659256(750)
659276(669)
659282(737)
659288(745)
659315(660)
659270(802)
659314(841)
659360(813)
659361(866)
659375(787)
659376(828)
659431(790)
659575(794)
659640(827)
659646(771)
659659(800)
659676(766+ 4)
659692(810)
Govt. College For Women Korangi No. 6
692412(447)
659171(567)
659177(626)
659180(869)
659181(833)
659182(853)
659183(850)
659172(784)
659173(779)
659174(822)
659176(804)
659178(853)
659185(914)
Haroon Bahria Intermediate College for Boys & Girls
659101(392^ 1)
659115(428^ 1)
659103(464)
659113(448^ 3)
659114(483)
659132(501)
659141(441)
659104(641)
659109(614)
659111(568)
659116(620)
659117(627)
659120(545+ 5)
659124(566)
659135(593)
659137(650)
659102(709)
659105(701)
659108(690)
659118(659+ 1)
659123(666)
659125(703)
659140(701)
682801(734)
659119(833)
659129(838)
659134(781)
659136(783)
659139(765+ 5)
659142(783)
Govt. Girls Higher Secondary School Kemari
49
659377(493^ 1)
659384(448)
659385(508)
659386(532)
659387(472)
659359(486^ 2)
659363(469)
659367(491)
659369(492)
659370(461)
659391(533)
659398(485)
659406(469)
659407(539)
659409(479)
659422(501)
659424(484)
659429(502)
659434(522)
659437(446)
659411(440)
659414(493)
659416(435+ 5)
659419(469)
659420(459^ 3)
659266(467^ 3)
659269(539)
659280(462)
659289(540)
659290(524)
659251(512)
659254(467^ 1)
659257(465)
659264(457^ 2)
659265(470)
659291(437+ 3)
659293(488)
659294(448^ 1)
659298(471^ 3)
659305(512)
659329(493)
659333(513)
659335(446^ 1)
659344(463)
659358(505^ 1)
659312(497)
659316(462)
659318(503)
659321(505)
659327(495)
659551(483^ 2)
659552(449)
659553(462)
659555(484)
659558(476)
659536(532)
659537(525)
659544(490)
659546(532)
659548(508)
659460(481)
659461(525)
659470(444)
659472(485)
659476(515)
659439(527)
659448(510)
659455(478)
659456(515)
659458(482)
659483(518)
659486(513)
659488(452)
659491(462^ 1)
659492(467^ 1)
659522(526)
659524(503)
659525(521)
659527(524)
659529(537)
659501(474)
659503(506)
659505(489)
659507(443^ 2)
659513(534)
659684(584)
659689(604)
659691(579)
659709(572)
659712(550)
659717(584)
683003(557)
659671(572)
659673(636)
659674(546+ 4)
659675(636)
659680(550)
659425(583^ 2)
659428(611)
659432(575)
659441(557)
659443(586)
659397(562)
659399(593)
659401(625)
659421(559)
659423(647)
659462(596)
659463(555)
659473(580)
659477(645)
659480(570)
659447(557)
659449(575)
659453(578)
659457(556)
659459(580)
659297(554)
659330(580)
659332(623)
659334(579)
659345(629)
659263(645)
659271(652)
659275(547+ 3)
659278(608)
659279(626)
659374(594)
659382(630)
659388(554)
659392(605)
659395(632)
659346(568)
659354(653)
659357(565)
659371(623)
659372(555)
659589(552)
659590(546+ 4)
659597(595)
659599(558)
659616(568)
659574(642)
659579(653)
659580(545+ 5)
659582(584)
659588(643)
659656(636)
659662(570)
659664(617)
659665(570)
659669(545+ 5)
659621(620)
659641(587)
659643(557)
659649(637)
659653(644)
659515(590)
659517(589)
659518(582)
659519(626)
659520(553)
659481(648)
659482(648)
659489(603)
659504(545+ 5)
659509(615)
659557(575)
659563(584)
659564(569)
659569(598)
659570(615)
659523(562)
659526(641)
659549(565)
659554(549+ 1)
659556(604)
659539(670)
659540(729)
659572(701)
659576(698)
659577(675)
659417(760)
659442(676)
659452(701)
659534(693)
659538(704)
659578(746)
659586(702)
659595(662)
659596(674)
659606(689)
659658(715)
659668(688)
659623(691)
659629(655+ 5)
659633(664)
659644(674)
659657(742)
50
659963(636)
659974(576)
659975(616)
659995(549+ 1)
660008(643)
659950(584)
659951(565)
659956(550)
659957(592)
659958(654)
660012(680)
660039(655+ 5)
660096(749)
660110(736)
660118(710)
659959(672)
659962(684)
659976(662)
659983(717)
659990(696)
660322(753)
660324(716)
660344(656+ 4)
660135(689)
660163(679)
660179(681)
660204(708)
660215(694)
660242(766+ 4)
Govt. Degree Girls College Sector 42, Korangi 2-1/2
659884(401^ 2)
659856(516)
659858(529)
659860(507)
659877(535)
659882(485)
659894(500)
659895(507^ 3)
659904(519^ 1)
659906(460)
659909(485)
659910(529)
659893(653)
659905(573)
683101(633)
659859(585)
659861(645)
659875(630)
659878(569)
659890(615)
659862(694)
659863(674)
659873(657+ 3)
659879(702)
659880(763)
659885(675)
659898(740)
659900(656+ 4)
659855(806)
659881(808)
659883(783)
659896(807)
659899(854)
659903(862)
Govt. Degree Girls College Ibrahim Hyderi
659304(429)
659323(439^ 1)
659349(407^ 2)
659468(401^ 3)
659471(394^ 4)
659267(416^ 1)
659268(403^ 3)
659281(434^ 2)
659292(416^ 1)
659299(409)
659682(413^ 3)
659723(418^ 1)
692453(421)
692458(420)
659484(435^ 3)
659514(437^ 2)
659603(420^ 2)
659618(430^ 3)
659630(396^ 2)
659608(534)
659611(468)
659612(508)
659614(460)
659617(480)
659573(509)
659584(469)
659587(537)
659601(522)
659605(530)
659559(525)
659560(487)
659561(457)
659566(542)
659568(499)
659620(511)
659622(540)
659625(526)
659631(521^ 3)
659645(488^ 3)
659718(545^ 1)
683001(493)
659678(464^ 1)
659679(491)
659706(489^ 2)
659711(472^ 3)
659716(530)
659648(541)
659654(482)
659666(440^ 3)
659670(441^ 3)
659672(525)
51
660536(709)
660538(708)
660539(683)
660540(660)
660546(700)
660549(709)
660556(697)
660563(679)
660570(727)
660584(716)
660592(678)
660598(744)
660603(683)
660614(669)
660617(665)
660463(738)
660465(715)
660474(761)
660477(761)
660484(674)
660490(757)
660498(744)
660499(725)
660503(684)
660509(697)
660512(692)
660515(727)
660517(743)
660524(693)
660534(663)
660626(662)
660628(764)
660636(712)
660653(665)
660663(698)
660665(764)
660666(668)
660670(760)
660689(666)
660690(748)
660691(706)
660692(761)
660693(674)
660706(732)
660708(746)
660582(801)
660591(798)
660600(834)
660645(788)
660658(807)
660522(805)
660525(840)
660565(825)
660566(842)
660579(797)
660457(777)
660458(841)
660464(782)
660468(791)
660480(767+ 3)
660846(788)
660849(856)
660865(848)
660889(813)
660806(841)
660823(777)
660827(789)
660828(791)
660840(787)
660660(805)
660669(855)
660739(793)
660741(766+ 4)
660803(776)
660526(888)
660527(895)
660856(932)
Govt. College For Women Korangi No. 4
692531(418^ 3)
659997(422^ 2)
660069(409)
660173(385)
660330(438^ 2)
683151(384)
660057(536)
660058(539)
660063(481)
660076(523)
660082(471)
660084(448)
660094(466)
660097(536)
660106(488^ 1)
660129(543)
660141(511)
660154(528)
660156(480)
660161(467)
660164(516)
659954(519)
659960(544)
659969(469)
659970(524)
659978(526)
659979(508)
659988(498)
659991(526)
659994(532)
660014(519^ 4)
660016(505)
660017(511^ 2)
660031(499^ 6)
660034(541)
660052(514)
660273(495)
660276(500)
660278(533)
660286(497)
660296(467)
660304(504)
660306(505)
660310(538)
660312(535)
660325(437+ 3)
660327(456)
660334(519)
660341(505)
660343(489)
683156(438+ 2)
660165(497)
660169(531)
660177(542)
660184(502)
660190(509)
660208(541)
660209(470)
660222(487^ 1)
660236(500)
660238(459^ 2)
660240(471^ 2)
660243(513)
660255(485)
660266(516)
660270(481)
660107(620)
660138(597)
660147(602)
660157(639)
660174(549+ 1)
660032(575)
660061(610)
660062(572)
660072(611)
660074(566)
660011(546+ 4)
660022(590)
660023(581)
660029(625)
660030(634)
660176(592)
660181(551)
660182(643)
660185(635)
660187(642)
660337(626)
660338(554)
660345(567)
660225(653)
660267(623)
660275(555)
660291(559)
660323(573)
660202(598)
660210(555)
660214(549+ 1)
660221(593^ 1)
660223(545+ 5)
52
660530(470)
660533(480^ 3)
660537(518)
660544(514^ 2)
660551(519)
660553(525)
660557(496)
660558(517)
660561(463)
660578(516)
660585(493)
660587(543)
660593(482)
660594(525)
660595(546^ 1)
660453(501)
660459(467)
660470(464)
660472(519)
660479(479)
660481(473)
660486(526)
660494(447)
660496(469)
660501(490^ 2)
660506(536)
660510(445)
660516(530)
660523(488)
660529(442)
660599(463)
660605(497)
660606(472)
660611(502)
660618(438+ 2)
660631(530)
660638(466)
660640(478)
660647(508)
660649(506)
660659(536^ 1)
660675(519)
660683(510)
660695(520)
660701(450^ 1)
660798(569)
660799(583)
660800(587)
660808(596)
660810(571)
660811(610)
660813(583)
660815(632^ 2)
660819(592^ 1)
660824(653)
660777(617)
660781(637)
660785(628)
660794(632)
660796(571)
660746(641)
660752(634)
660753(609)
660757(562)
660761(553)
660763(545+ 5)
660765(548+ 2)
660769(647)
660771(626)
660774(582)
660873(560)
660877(635)
660883(620)
660884(584)
660891(579)
692558(593)
692560(617)
660860(623)
660864(621)
660866(571)
660869(564)
660870(585)
660825(631)
660832(626)
660833(629)
660837(588)
660839(608)
660843(575)
660844(565)
660848(649)
660854(559)
660855(620)
660732(597)
660733(653)
660736(612)
660740(630)
660742(581^ 1)
660513(653)
660532(553)
660535(654)
660541(622)
660542(599)
660545(564)
660547(563)
660550(650)
660552(621)
660554(650)
660560(568)
660564(621)
660572(600)
660577(583)
660581(602)
660495(574)
660497(579)
660500(557^ 3)
660504(617)
660505(613)
660452(553)
660454(546+ 4)
660455(642)
660456(605)
660460(586)
660469(630)
660471(650)
660473(551)
660476(570)
660478(569)
660483(653)
660485(605)
660488(606)
660492(649)
660493(641)
660680(555)
660681(550)
660684(627)
660685(615)
660687(626)
660697(605)
660698(564)
660699(647)
660705(616)
660710(596)
660717(552)
660718(574)
660725(642)
660726(590)
660729(630)
660655(639)
660664(621)
660672(583)
660674(638)
660676(572)
660586(647)
660589(588)
660604(639)
660608(616)
660610(573)
660613(558)
660615(622)
660620(572)
660633(552)
660635(557)
660642(563)
660643(610)
660646(651)
660648(598)
660650(649)
660773(718)
660778(764)
660779(692)
660782(670)
660784(733)
660744(702)
660750(689)
660754(671)
660755(692)
660760(678)
660714(685)
660720(672)
660727(723)
660730(677)
660737(741)
660787(671)
660789(663)
660792(729)
660793(711)
660795(671)
660871(686)
660872(699)
660836(671)
660852(728)
660861(669)
660862(749)
660863(661)
660812(743)
660818(690)
660822(727)
660829(698)
660830(728)
53
661019(770)
661020(874)
661022(794)
661026(781)
661028(858)
Firoza Khatoon Women College(Intermediate)
660985(661)
660989(759)
660990(742)
660994(727)
660995(678)
660981(784)
660982(799)
660983(775)
660986(772)
660988(817)
660991(810)
660992(839)
660993(790)
660996(866)
660984(930)
Jamiat-ul-Mohsinat Intermediate Girls College
660964(536)
660968(562^ 1)
660966(689)
660970(726)
660961(812)
660962(768+ 2)
660963(841)
660965(766+ 4)
660967(803)
C.D.S.S. Intermediate Girls College, Korangi
660491(428^ 2)
660508(418)
660514(416^ 6)
660543(433^ 2)
660559(409^ 2)
660597(427^ 2)
660602(432^ 3)
660621(415)
660632(413^ 2)
660776(439^ 2)
660756(511^ 2)
660759(494^ 3)
660766(538)
660772(491^ 2)
660780(481)
660783(474^ 3)
660801(509^ 2)
660807(542)
660826(517)
660834(492)
660702(518)
660704(486)
660707(460)
660711(540)
660719(441^ 1)
660721(446^ 3)
660722(543)
660731(465^ 4)
660734(537)
660743(500^ 2)
660890(535)
660892(504)
660893(535)
660894(484)
683221(476)
692559(445)
692563(449)
660835(530)
660838(529)
660841(542^ 1)
660842(520^ 1)
660847(480)
660850(542)
660867(470)
660868(476)
660880(483)
660887(521)
54
661106(506)
661107(496)
661109(528^ 2)
661111(507)
661116(542)
661129(504^ 1)
661130(534^ 3)
661145(463)
661146(541)
661150(493)
661154(497)
661105(554)
661108(619)
661110(553)
661112(595)
661124(608)
661131(603)
661132(585)
661136(613)
661138(641)
661142(619)
661147(605)
683551(568)
661123(695)
661125(691)
661126(759)
661127(710)
661128(658+ 2)
661118(715)
661119(666)
661120(727)
661121(660)
661122(752)
661143(709)
661151(697)
661133(711)
661134(731)
661135(749)
661137(717)
661139(744)
661117(815)
661140(774)
661141(818)
Govt. Degree Girls College, Industrial Area, Landhi
661051(634)
661058(622)
661064(609)
661052(687)
661053(676)
661055(700)
661056(666)
661063(691)
661054(766+ 4)
661060(864)
661061(772)
661062(823)
661059(891)
Khadija Girls College (Intermediate)
661021(544)
661015(599)
661016(607)
661018(651)
661011(670)
661012(683)
661013(729)
661014(723)
661017(674)
661023(752)
661024(725)
661030(679)
661029(771)
55
Govt. Girls Higher Secondary School, Landhi No. 1
661238(386^ 5)
661242(437^ 1)
661247(420)
661262(420^ 6)
661276(424^ 1)
661381(424^ 2)
661388(426^ 4)
661471(424^ 3)
692721(427)
661296(458)
661303(483)
661320(505)
661333(476)
661334(511)
661338(449)
661346(536)
661379(507)
661387(471)
661389(512)
661390(487)
661391(476)
661397(520)
661399(520)
661402(471^ 1)
661264(499^ 1)
661265(450^ 3)
661268(498)
661288(540)
661291(499)
661187(519^ 1)
661191(531)
661193(515)
661194(516)
661197(442^ 2)
661198(525)
661204(513)
661210(479)
661215(503^ 3)
661219(539)
661226(471)
661228(497)
661230(527)
661231(511)
661235(488)
661534(451)
661535(488)
661538(529)
661559(464)
661571(506^ 2)
661578(513)
661580(528)
661583(528)
661590(523)
661592(533)
683671(506)
661499(501)
661517(546^ 1)
661523(545^ 1)
661527(490^ 1)
661531(498)
661406(512^ 1)
661415(537)
661419(460)
661433(491)
661435(484)
661445(462^ 3)
661446(446)
661451(474^ 1)
661452(520)
661463(505)
661473(539)
661477(469^ 2)
661478(493)
661480(507^ 1)
661495(531)
661336(553)
661343(585)
661356(555)
661369(594)
661374(570)
661382(610)
661407(559)
661421(577)
661422(637)
661426(643)
661295(598)
661302(629)
661316(643)
661332(566)
661335(558)
661185(550)
661189(564)
661202(560)
661208(612)
661220(639)
661232(554)
661233(621)
661259(618)
661281(574)
661285(630)
661548(546+ 4)
661552(616)
661566(581)
661574(602)
661579(580)
661582(594)
661591(566)
661601(618)
661604(592)
661500(600)
661501(565)
661509(559)
661524(610)
661530(575)
661440(545+ 5)
661444(569)
661449(590)
661450(621)
661464(637)
661465(579)
661481(561)
661490(561)
661493(640)
661494(630)
661304(714)
661317(681)
661342(677)
661345(702)
661355(666)
661186(696)
661188(671)
661201(659+ 1)
661209(668)
661248(657+ 3)
661357(659+ 1)
661395(745)
661396(710)
661404(707)
661408(686)
661489(715)
661507(751)
661577(664)
661603(716)
661437(743)
661441(743)
661442(692)
661486(659+ 1)
661488(761)
661223(833)
661284(831)
661305(786)
661400(814)
661460(796)
661560(815)
Govt. Degree Girls College Landhi 3-1/2
56
662186(774)
662188(786)
662191(782)
662192(832)
662200(779)
661896(846)
661898(806)
662043(797)
662075(787)
662114(780)
Govt. Degree College for Women Nazimabad
661828(411^ 3)
661812(505^ 1)
661814(524)
661825(440^ 1)
661822(648)
661816(663)
661817(687)
661811(832)
661829(800)
661830(858)
Govt. Girls Degree College Sharafi Goth
661765(539)
661761(620)
661764(606)
661768(614)
661771(592)
661772(613)
661773(604)
661774(550)
661775(574)
661762(683)
661766(707)
661769(683)
661770(718)
661767(817)
Bibi Asifa Bhutto Govt. Girls Degree College, Muzafarabad, Landhi
661721(436^ 2)
661722(418^ 4)
661736(423^ 3)
661740(402^ 3)
661707(540)
661719(483)
661725(449)
661726(491)
661735(517)
661718(651)
661738(563)
661717(744)
661720(746)
661729(666)
661730(667)
661711(837)
661727(805)
57
661927(499)
661936(473)
661937(538)
661943(493)
661951(457)
661914(463^ 2)
661915(446^ 1)
661916(478)
661917(499)
661924(479^ 1)
661885(461)
661888(519)
661890(532)
661891(496)
661913(489)
661954(502)
661955(483)
661960(540)
661971(487^ 1)
661976(543)
662111(615)
662113(569)
662117(647)
662119(601)
662124(587)
662126(598)
662128(588)
662129(575)
662131(613)
662133(556)
662142(579)
662145(648)
662153(547+ 3)
662154(627)
662155(640)
662092(644)
662098(624)
662100(554)
662106(594)
662107(552)
662028(564)
662031(585)
662034(576)
662040(553)
662041(551)
662048(546+ 4)
662049(579)
662054(636)
662060(644)
662063(602)
662065(584)
662083(576)
662087(600)
662089(552)
662091(617)
662157(650)
662158(652)
662159(615)
662160(602)
662165(598)
662244(576)
662250(585)
662254(557)
662260(641)
662265(611)
662270(571)
662272(597)
662275(635)
662278(579)
662281(555)
662287(603)
692802(564)
662228(589)
662235(553)
662236(654)
662241(648)
662242(639)
662166(551)
662167(590)
662172(571)
662173(599)
662175(652)
662176(638)
662180(598)
662184(563)
662198(599)
662201(631)
662203(622)
662206(581)
662213(571)
662214(603)
662218(601)
662005(652)
662006(638)
662008(591)
662010(614)
662011(610)
661908(566)
661910(586)
661911(584)
661918(647)
661919(615)
661899(624)
661900(607)
661901(609)
661902(551)
661906(555)
661883(569)
661886(583)
661887(654)
661889(630)
661895(651)
661923(609)
661925(647)
661926(584)
661928(575)
661938(589)
661986(575)
661989(635)
661996(550)
661998(627)
662004(572)
661958(572)
661959(652)
661969(584)
661973(585)
661975(642)
661939(640)
661942(546+ 4)
661949(587)
661956(652)
661957(622)
661995(702)
662002(655+ 5)
662003(675)
662027(670)
662061(656+ 4)
662082(656+ 4)
662096(678)
662118(675)
662122(668)
662123(734)
661974(740)
661977(686)
661982(693)
661990(675)
661994(764)
661892(668)
661897(744)
661912(751)
661920(677)
661921(732)
661930(702)
661932(725)
661933(660)
661940(706)
661945(729)
662136(714)
662144(655+ 5)
662152(675)
662156(694)
662171(701)
662259(754)
662261(696)
662264(751)
662266(655+ 5)
662267(738)
662273(656+ 4)
662276(686)
662277(673)
662286(692)
662202(673)
662211(661)
662230(728)
662243(730)
662246(726)
662177(669)
662181(711)
662182(722)
662183(674)
662185(708)
662189(713)
662193(688)
662194(674)
662196(714)
662197(705)
662210(855)
662240(783)
662248(804)
662253(806)
662258(831)
662263(859)
58
662415(479^ 2)
662421(547^ 2)
662422(541)
662424(443^ 1)
662426(462)
662427(531)
662432(509)
662434(518^ 1)
662435(484)
662442(532)
662400(521)
662401(531)
662402(479)
662412(506)
662414(534)
662351(453)
662353(449)
662358(533)
662363(475)
662366(436+ 4)
662377(493)
662379(487^ 1)
662384(496^ 1)
662388(537)
662398(491)
662459(486^ 3)
662465(523)
662469(460^ 2)
662481(512)
662483(498)
662488(443^ 1)
662490(537)
662494(465)
662500(452^ 2)
662507(444^ 2)
662512(448^ 2)
662515(524)
662519(535)
662524(532)
662525(486)
662423(646)
662428(575^ 1)
662433(623)
662440(653)
662441(616)
662446(615)
662454(600)
662456(600)
662464(578)
662468(548+ 2)
662356(577)
662362(576)
662385(561)
662399(597)
662408(549+ 1)
662413(546+ 4)
662416(615)
662417(553)
662419(619)
662420(572)
662539(571)
662540(580)
662545(625)
662551(558)
662556(614)
662562(627)
662568(634)
662585(549+ 1)
662587(591)
662588(609)
662474(580)
662480(559)
662493(553)
662496(578)
662499(547+ 3)
662501(599)
662505(571^ 2)
662527(617)
662528(626)
662529(623)
662387(690)
662389(744)
662394(668)
662409(722)
662411(741)
662429(706)
662444(706)
662477(675)
662504(697)
662516(757)
662390(795)
662410(854)
662418(782)
662471(773)
662557(794)
662558(844)
Govt. Girls Degree College KMC Park Liaquatabad
662024(423^ 3)
662225(419^ 3)
662252(434)
662053(494)
662064(478^ 1)
662067(537)
662068(496^ 1)
662070(510)
662071(475)
662073(511)
662076(504)
662079(525)
662081(505)
662086(477)
662090(504^ 3)
662095(449)
662101(514^ 1)
662102(496)
662045(530)
662046(502)
662047(449^ 2)
662051(539)
662052(451^ 1)
661980(520)
661981(485)
661997(521)
662001(521)
662007(501)
662009(520)
662012(542)
662013(528)
662015(494)
662022(503^ 2)
662029(533)
662030(530)
662035(502)
662037(517)
662042(531)
662224(483)
662227(509)
662229(530)
662233(488)
662234(543)
662239(512)
662245(539)
662249(537)
662257(510^ 3)
662269(539)
662279(530)
662280(532)
662282(541)
692806(485)
662187(508)
662190(536)
662209(520)
662219(465)
662223(446)
662110(465^ 3)
662112(508)
662115(536)
662121(509^ 1)
662132(500^ 1)
662135(528)
662139(473)
662146(481)
662148(458^ 5)
662161(479)
662162(445)
662164(489^ 2)
662168(483)
662178(511)
662179(481^ 3)
59
662708(510)
662710(440)
662714(500)
662721(466^ 1)
662726(442^ 3)
662734(522^ 3)
662741(518)
662743(468)
662746(475)
662758(538)
662697(518^ 3)
662699(533)
662702(486)
662704(507)
662705(535)
662666(474^ 1)
662671(485)
662674(494)
662675(488)
662679(476)
662684(468)
662685(495)
662686(508)
662691(523)
662692(528)
662762(515)
662763(499)
662764(499)
662767(517)
662768(537)
662769(505)
662776(481)
662778(495)
662784(484)
662786(536)
662796(485^ 3)
662798(509)
662810(463)
662813(487)
662829(525)
662772(644)
662775(584)
662777(558)
662779(591)
662780(565)
662790(645)
662791(609)
662793(603)
662797(612)
662801(652)
662747(575)
662748(643)
662754(588)
662761(626)
662770(610)
662703(653)
662706(588)
662719(597)
662724(633)
662730(647)
662733(591)
662735(617)
662737(603)
662740(593)
662742(554)
662803(607)
662804(617)
662807(616)
662808(556)
662814(560)
662872(596)
662877(628)
662878(565)
662880(582)
662894(546+ 4)
662912(565)
662920(570)
662922(596)
662845(584)
662857(590)
662858(608)
662859(548+ 2)
662860(573)
662815(628)
662817(617)
662818(634)
662820(632)
662824(551)
662830(624)
662832(599)
662836(593)
662841(643)
662844(592)
662669(593)
662670(551)
662680(559)
662694(596)
662695(583)
662744(690)
662745(711)
662749(688)
662751(667)
662783(697)
662787(655+ 5)
662788(704)
662789(730)
662792(668)
662795(661)
662667(704)
662693(763)
662717(662)
662718(716)
662729(665)
662731(666)
662732(693)
662736(664)
662738(723)
662739(728)
662879(710)
662897(704)
662898(689)
662899(668)
662916(665)
662925(755^ 2)
662799(731)
662802(743)
662805(689)
662816(657+ 3)
662826(725)
662828(671)
662834(728)
662862(678)
662870(672)
662873(679)
662722(834)
662765(852)
662819(778)
662822(797)
662825(778)
H.I Osmania Govt. Girls College
662357(400^ 1)
662364(429)
662458(439^ 3)
662521(410)
662546(414)
662570(428^ 3)
662589(417^ 2)
662552(526)
662554(511^ 1)
662567(482)
662571(507)
662572(513)
662526(522)
662534(497^ 1)
662538(491)
662543(478)
662544(537)
692852(438+ 2)
662579(514)
662580(457)
662581(472)
662582(456^ 1)
662584(470)
60
663383(793)
663384(796)
663385(781)
663386(770)
663387(793)
663401(765+ 5)
663407(791)
663409(819)
663427(805)
663429(814)
663291(770)
663293(777)
663296(795)
663302(800)
663304(779)
663309(771)
663332(797)
663341(777)
663352(843)
663361(796)
663437(778)
663439(844)
663462(777)
663466(778)
663477(822)
663478(770)
663479(805)
663483(868)
663484(781)
663489(796)
663373(901)
663594(904)
663618(909)
663638(887)
663769(910)
663770(878+ 2)
663822(876+ 4)
663837(875+ 5)
663885(892)
663902(925)
663905(938)
663919(898)
663948(919)
663965(900)
663968(902)
Sir Syed Govt. Girls College Nazimabad
662998(437^ 3)
663041(430^ 3)
663061(425^ 3)
663089(390^ 3)
663090(386)
663113(401^ 3)
663134(439^ 1)
663110(454)
663115(442^ 2)
663129(459)
663132(460)
663135(490^ 2)
663075(508)
663088(529)
663092(478)
663094(505^ 3)
663108(496^ 3)
663136(534^ 1)
663141(472)
663145(448^ 2)
663148(488)
663149(503)
663181(459)
663184(472)
663192(482)
663201(516)
663159(498)
663170(475)
663173(506^ 1)
663177(486)
663180(447)
663016(498)
663032(473)
663039(477)
663049(514)
663051(438+ 2)
662987(478)
662995(534)
662997(479^ 2)
663000(465^ 2)
663002(452^ 2)
663003(474)
663008(479)
663009(471)
663013(483)
663015(503)
663018(609)
663021(649)
663086(623)
663100(631)
663130(566)
663142(547+ 3)
663144(633)
663187(621)
663020(681)
663027(693)
663150(750)
663151(750)
684103(691)
Riaz Govt. Girls College Liaquatabad No. 10
662690(390^ 2)
662700(428^ 3)
662712(403^ 6)
662720(414)
662750(431^ 2)
662759(437^ 1)
662800(439^ 1)
662853(419^ 3)
662856(415^ 3)
662869(492)
662874(476)
662883(504)
662885(489)
662887(477)
662850(487^ 1)
662851(522)
662852(532)
662861(514)
662863(510)
662831(465)
662835(472)
662837(481)
662843(470)
662847(476)
662928(485^ 2)
662930(484^ 1)
662932(522)
662903(526)
662906(505)
662910(480^ 1)
662919(519)
662921(537)
662888(515)
662890(458^ 2)
662892(534)
662900(495^ 1)
662901(455)
61
663464(682)
663465(674)
663471(708)
663486(668)
663493(684)
663455(739)
663456(708)
663458(752)
663459(686)
663461(694)
663496(717)
663500(685)
663506(743)
663509(715)
663511(702)
663530(684)
663531(722)
663535(708)
663536(763)
663538(669)
663518(717)
663522(752)
663525(704)
663526(739)
663527(667)
663417(739)
663425(677)
663428(680)
663440(760)
663448(681)
663349(678)
663359(686)
663362(723)
663369(717)
663375(735)
663376(656+ 4)
663377(754)
663378(664)
663388(704)
663390(664)
663408(677)
663410(744)
663411(714)
663412(695)
663413(745)
663392(709)
663393(740)
663394(715)
663402(718)
663403(697)
663551(743)
663554(659+ 1)
663564(753)
663567(745)
663569(674)
663717(745)
663718(670)
663722(734)
663729(669^ 2)
663744(671)
663709(742)
663710(691)
663711(762)
663712(746)
663714(702)
663750(735)
663761(761)
663763(744)
663767(745)
663778(694)
663686(682)
663690(682)
663696(684)
663706(684)
663707(714)
663607(751)
663621(701)
663625(672)
663629(659+ 1)
663631(747)
663571(727)
663576(739)
663588(668)
663599(672)
663606(740)
663636(706)
663639(662)
663640(663)
663641(711)
663642(686)
663662(764)
663667(751)
663670(712)
663672(685)
663679(719)
663643(758)
663644(755)
663646(697)
663652(720)
663660(718)
663336(759)
663344(751)
663345(666)
663347(722)
663348(723)
663294(749)
663295(737)
663298(677)
663300(702)
663303(715)
663307(737)
663308(725)
663319(694)
663326(733)
663331(714)
663703(851)
663716(822)
663726(854)
663727(783)
663728(855)
663659(779)
663665(787)
663669(870)
663682(766+ 4)
663701(791)
663772(781)
663773(780)
663774(767+ 3)
663780(841)
663781(775)
663753(873)
663758(772)
663760(804)
663766(786)
663768(809)
663619(799)
663626(833)
663628(791)
663630(775)
663637(817)
663549(864)
663553(818)
663562(792)
663570(794)
663573(844)
663492(781)
663501(777)
663503(781)
663540(780)
663548(831)
663591(832)
663602(813)
663615(863)
663616(808)
663617(839)
663575(814)
663579(814)
663581(806)
663585(829)
663586(835)
663930(793)
663934(773)
663938(836)
663947(831)
663952(822)
663915(770)
663916(788)
663923(778)
663928(806)
663929(869)
663961(789)
663963(836)
663964(841)
663966(836)
663967(818)
663992(795)
663993(779)
663995(797)
663969(790)
663970(842)
663971(790)
663972(769+ 1)
663981(822)
663796(805)
663798(823)
663802(780)
663811(803)
663812(795)
663782(769+ 1)
663786(853)
663791(769+ 1)
663793(847)
663794(819)
663831(827)
663838(833)
663844(842)
663864(769+ 1)
663869(811)
663898(791)
663904(826)
663908(853)
663909(794)
663912(779)
663870(791)
663871(829)
663880(845)
663886(794)
663887(853)
62
663558(613)
663563(582)
663565(650)
663566(642)
663572(642)
663534(639)
663544(642)
663546(610)
663552(601)
663555(624)
663574(634)
663577(567)
663584(600)
663587(613)
663596(609)
663635(625)
663648(616)
663649(598)
663654(634)
663655(570)
663598(560)
663604(616)
663610(631)
663614(606)
663632(635)
663516(585)
663519(561)
663521(640)
663524(580)
663533(610)
663447(555)
663449(620)
663450(558)
663453(619)
663454(593)
663457(617)
663468(570)
663469(580)
663470(558)
663474(617)
663499(581)
663507(652)
663508(568)
663514(550)
663515(647)
663487(621)
663490(594)
663494(638)
663497(610)
663498(578)
663663(640)
663664(587)
663668(647^ 1)
663671(585)
663676(597)
663776(589)
663788(651)
663790(596)
663800(645)
663805(606)
663757(578)
663759(554)
663764(640)
663765(644)
663775(618)
663806(580)
663816(620)
663817(625)
663818(627)
663820(635)
663741(626)
663746(595)
663748(618)
663749(577)
663755(635)
663685(556)
663687(600)
663688(641)
663689(593)
663692(581)
663678(566)
663680(631)
663681(612^ 3)
663683(561)
663684(606)
663693(579)
663698(644)
663699(615)
663702(631)
663705(556)
663731(558)
663732(628)
663734(648)
663735(641)
663737(639)
663708(618)
663713(585)
663715(636)
663721(583)
663730(642)
663327(638)
663329(638)
663333(651)
663334(630)
663342(632)
663343(639)
663346(579)
663355(571)
663356(606)
663357(560)
663434(622)
663435(581)
663442(604)
663443(559)
663446(631)
663299(594)
663314(651)
663318(584)
663322(561)
663324(629)
663416(577)
663418(652)
663419(627)
663420(588)
663421(647)
663423(615)
663424(552)
663426(560)
663430(600)
663431(654)
663360(645)
663363(567)
663364(563)
663370(617)
663389(585)
663391(633)
663396(549+ 1)
663404(547+ 3)
663405(634)
663415(653)
663815(757)
663821(706)
663823(735)
663825(679)
663826(764)
663828(671)
663830(716)
663840(722)
663850(751)
663851(712)
663854(721)
663855(750)
663863(695)
663866(746)
663868(682)
663779(755)
663783(717)
663784(698)
663785(703)
663787(708)
663792(750)
663795(707)
663797(742)
663799(680)
663801(721)
663803(657+ 3)
663809(660)
663810(703)
663813(727)
663814(665)
663872(688)
663874(698)
663876(722)
663879(660)
663882(698)
663959(691)
663960(661)
663962(753)
663973(696)
663976(724)
663978(727)
663982(725)
663984(678)
663997(746)
663998(741)
664001(677)
684156(691)
663937(707)
663939(685)
663940(753)
663945(753)
663956(726)
663889(656+ 4)
663892(721)
663896(735)
663899(757)
663900(764)
663901(746)
663906(743)
663911(707)
663913(764)
663914(724)
663920(687)
663921(754)
663922(696)
663926(751)
663927(761)
63
664127(525)
664128(465)
664132(446)
664137(516)
664138(493)
664114(529)
664121(476)
664122(462)
664125(447)
664126(503)
684222(489)
664139(444)
664144(469)
664151(524)
664155(515)
664156(446^ 3)
664111(565)
664115(576)
664120(554)
664129(564)
664130(588)
664134(585)
664145(570)
664146(555)
664167(647)
664172(615)
664113(663)
664142(660)
664147(660)
664160(713)
664165(661)
664131(870)
APWA Govt. Girls Higher Secondary School Liaquatabad
663371(433^ 2)
663612(432^ 3)
663623(423^ 5)
663994(479)
664002(495)
684151(478)
684154(488)
684160(489)
692912(446)
692914(483)
692918(489^ 3)
663893(510)
663917(522)
663949(437+ 3)
663977(536)
663980(525)
663481(514^ 1)
663482(543)
663491(528)
663517(518)
663529(536)
663541(508)
663557(536)
663561(497)
663568(511)
663578(515)
663580(495)
663595(490)
663600(543)
663601(479^ 3)
663603(483)
663444(466^ 3)
663452(471)
663460(485)
663467(527)
663472(539)
663301(507)
663317(512)
663328(455)
663330(508)
663340(532)
663353(543)
663365(519)
663367(532^ 3)
663372(476)
663395(498)
663398(534)
663414(500)
663422(483)
663432(528)
663438(544)
663605(539)
663608(510^ 3)
663609(503)
663613(451^ 1)
663624(497)
663771(511)
663804(477)
663807(503)
663808(528)
663835(457)
663836(505)
663839(446^ 3)
663841(529)
663842(485^ 1)
663849(503)
663859(456)
663878(515)
663883(542)
663888(481)
663891(509)
663739(517)
663743(513)
663745(474)
663752(532)
663762(544)
663645(458^ 3)
663647(506)
663650(480)
663653(539)
663661(499)
663666(491)
663674(483)
663677(523)
663694(467^ 3)
663695(516)
663700(514)
663704(532)
663720(447^ 2)
663736(452^ 3)
663738(530)
663873(653)
663875(638)
663877(599)
663881(623)
663884(547+ 3)
663852(594)
663853(649)
663858(551)
663861(602)
663862(573)
663824(647)
663827(639)
663829(572)
663843(616)
663845(626)
663907(638)
663910(652)
663924(566^ 1)
663925(581)
663931(624)
664000(631)
664003(561)
684155(550)
684159(558)
663958(636)
663974(606)
663979(598)
663985(605)
663991(601)
663933(563)
663935(646)
663941(650)
663946(639)
663951(643)
64
664348(496^ 1)
664342(637)
664343(554)
664344(563)
664347(568)
664350(646)
664341(689)
664345(705)
Jinnah Intermediate College for Girls
664288(424^ 2)
664310(402^ 3)
664316(395^ 4)
664271(473)
664282(445)
664283(454)
664308(508)
664311(488)
664319(537)
692971(451^ 3)
664280(597)
664314(559)
664318(564)
664320(673)
664305(816)
Govt. Degree Girls College Pak. Colony
664231(404^ 3)
664211(484^ 1)
664213(513^ 1)
664216(483)
664218(452^ 2)
664226(464)
664227(467)
664228(443)
664235(445)
664236(509)
664238(492)
664240(476)
664241(493)
664243(494)
664246(460)
664217(624)
664222(585)
664223(556)
664225(614)
664230(616)
664233(548+ 2)
664237(604)
Govt. Girls Pilot Higher Secondary School Nazimabad
664140(423)
664143(403)
664154(422)
664170(436^ 1)
664174(418^ 2)
65
664588(555)
664592(618)
664601(583^ 2)
664602(589)
664604(554)
664606(565)
664610(651)
664611(559)
664612(626)
664613(633)
664572(568)
664582(640)
664584(651)
664585(549+ 1)
664586(618)
664505(565)
664507(642)
664508(629)
664509(628)
664525(621)
664526(581^ 2)
664536(654)
664538(618)
664551(546+ 4)
664570(633)
664614(550)
664615(547+ 3)
664622(593)
664624(576)
664628(653)
664631(585)
664632(647)
664633(569)
664645(604)
664647(647)
664652(618)
664663(588)
664664(616)
664665(641)
664668(615)
664599(693)
664603(754)
664608(711)
664616(711)
664620(658+ 2)
664578(688)
664579(692)
664587(736)
664591(698)
664593(708)
664511(655+ 5)
664524(679)
664535(745)
664546(729)
664552(660)
664630(684)
664636(659+ 1)
664638(669)
664642(665)
664643(717)
664744(665)
664760(696)
664766(733)
664778(733)
664793(662)
664684(686)
664690(676)
664709(673)
664722(659+ 1)
664724(722)
664655(701)
664662(666)
664670(687)
664672(692)
664674(714)
664506(801)
664527(813)
664595(870)
664597(862)
664598(873)
664619(805)
664640(778)
664648(794)
664666(832)
664679(846)
664765(784)
664560(895)
664596(905)
664654(892)
Raunaq-e-Islam Govt. Girls College
664395(430)
664371(465)
664382(491)
664392(519)
664393(457)
664394(495)
664405(514)
664406(502)
664409(499)
664410(446)
664419(541)
664421(502)
664424(473)
664441(525)
664374(644)
664383(550)
664386(548+ 2)
664389(606)
664396(564)
664397(568)
664400(545+ 5)
664415(577)
664418(608)
664422(576)
664423(547+ 3)
664428(606)
664429(545+ 5)
664376(656+ 4)
664426(734)
664436(678)
664427(830)
Govt Girls Inter Sc./Arts College Moosa Lane, Lyari
664349(405^ 3)
66
664887(592^ 2)
664891(578)
664892(644)
664895(627)
664899(606)
664866(626)
664875(637)
664876(597)
664881(621)
664886(601)
693051(612)
664910(558)
664916(595)
664948(620)
664949(600)
664951(588^ 2)
664877(702)
664880(699)
664883(732)
664888(705)
664889(708)
664864(705)
664868(698)
664869(680)
664870(694)
664873(704)
664893(759)
664896(712)
664901(692)
664907(692)
664911(746)
664933(746)
664938(731)
664912(684)
664915(760)
664920(670)
664921(659+ 1)
664932(733)
664882(784)
664890(843)
664894(768+ 2)
664905(795)
664908(780)
664862(790)
664863(834)
664865(824)
664871(772)
664874(791)
664913(853)
664914(769+ 1)
664924(832)
664925(805)
664926(785)
664935(834)
664936(767+ 3)
664940(855)
664944(787)
664947(813)
664927(861)
664929(793)
664930(799)
664931(871)
664934(850)
664917(879+ 1)
664919(935)
664922(944)
664923(915)
664928(956)
664946(901)
K.M.A. Girls Degree College
664550(431)
664556(400^ 5)
664575(430^ 2)
664651(394^ 3)
664759(409^ 2)
664792(405)
693028(411)
693033(403)
664590(527)
664605(473^ 3)
664617(539)
664623(452)
664627(527)
664629(481)
664637(478)
664639(536)
664641(506^ 6)
664646(442^ 1)
664540(515)
664544(459^ 3)
664545(465)
664554(542)
664576(530)
664481(477)
664491(541)
664495(462)
664512(437+ 3)
664513(476)
664521(454)
664522(435+ 5)
664523(476)
664529(504)
664533(452)
664650(445^ 1)
664653(466)
664656(475^ 6)
664667(468)
664685(498^ 1)
664770(485)
664791(456)
664795(522^ 3)
664796(442^ 2)
664798(498)
693032(448)
664742(535)
664750(539)
664753(542)
664761(482)
664762(516)
664695(489^ 3)
664701(527)
664702(489)
664705(532)
664707(510^ 3)
664710(512)
664725(513)
664736(496)
664737(469)
664740(502)
664715(614)
664717(625)
664718(580)
664726(653)
664727(568)
664686(579)
664697(554)
664703(595)
664706(564)
664711(639)
664671(588)
664675(631)
664678(625)
664680(568)
664683(615)
664729(552)
664733(590)
664748(554)
664751(626)
664754(653)
693031(596)
664779(644)
664780(652)
664787(554)
664789(598)
693029(589)
664756(594)
664764(612)
664767(600)
664768(651)
664771(565)
67
665063(598)
665078(617)
665079(603)
665087(621)
665094(610)
665034(596)
665036(647)
665039(609)
665049(649)
665058(612)
665061(701)
665068(745)
665077(710)
665085(731)
665086(673)
665109(713)
665126(674)
665153(708)
665160(670)
665172(723)
665228(704)
665237(742)
Shaheed Benazir Bhutto Govt. Degree Girls College Lyari
665004(451^ 3)
665007(480^ 3)
665012(465)
665006(797)
Govt. Degree Girls College Punjabi Club, Kharadar
664981(501)
664986(508)
664982(609)
664984(639)
664989(555)
664985(715)
664988(725)
Memon Degree College (Intermediate)
664861(456^ 1)
664878(544)
664884(548^ 2)
664885(469)
664918(486^ 3)
664939(540)
664942(486)
664943(475)
664950(494)
684541(540)
68
665404(698)
665467(741)
665468(701)
665478(678)
665528(734)
665425(797)
665428(775)
665558(767+ 3)
665588(777)
665623(837)
Govt. College For Women Saudabad
665305(429)
665309(404^ 1)
665311(420^ 4)
665317(402)
665321(400^ 5)
665335(428)
665338(416^ 3)
665348(417^ 3)
665358(395^ 6)
665372(417^ 1)
665315(531)
665328(443)
665340(521)
665344(486)
665347(502^ 2)
665301(534)
665306(462)
665307(500)
665308(469)
665313(525)
665376(504)
665351(471)
665357(478)
665360(479)
665362(481)
665375(464)
665304(600)
665312(619)
665314(573)
665329(584)
665331(558)
665333(594)
665342(565)
665345(651)
665352(559)
665353(600)
665365(627)
665374(618)
665377(565)
665332(687)
665349(708)
665363(735)
665318(842)
665337(847)
Govt. Girls Comm/Arts College, C-1 Area, Malir
665052(427)
665136(437^ 2)
665159(423^ 3)
665176(417^ 5)
665066(533)
665067(504^ 1)
665089(515)
665092(462)
665097(490)
665099(511)
665101(524)
665108(466)
665110(501)
665112(517)
665031(537)
665035(477)
665040(537)
665041(487)
665047(460)
665048(515)
665056(481)
665057(478)
665059(536)
665064(513)
665115(533)
665118(536)
665125(519)
665135(440)
665139(516)
665187(442)
665198(518)
665205(491)
665207(478)
665217(542)
665218(528)
665222(448)
665142(468)
665146(493)
665154(505)
665155(516^ 1)
665158(500)
665166(521)
665167(482)
665168(483)
665177(514)
665182(485)
665117(546+ 4)
665119(571)
665123(578)
665129(584)
665132(642)
665098(561)
665102(639)
665103(611)
665114(624)
665116(651)
665133(587)
665148(547+ 3)
665151(605)
665169(582)
665179(608)
665220(612)
665227(585)
665230(648)
665188(593)
665195(559)
665200(631)
665201(592)
665209(580)
69
666015(794)
666171(882)
Liaquat Govt. College
665911(470^ 1)
665918(533)
665919(536)
665929(533)
665935(512^ 1)
665912(581)
665915(560)
665916(576)
665922(552)
665926(586)
665928(554)
665930(617)
665931(586)
665936(580)
665938(607)
665939(649)
665913(721)
665914(734)
665921(673)
665923(692)
665925(671)
665932(727)
665937(699)
Govt. Girls Degree College, Kathore
665402(432)
665412(429)
665484(408)
665573(426^ 3)
665635(439^ 3)
665511(499)
665515(476^ 3)
665519(542)
665525(465^ 3)
665539(512^ 3)
665543(476^ 3)
665552(493^ 2)
665568(475)
665575(534^ 2)
665579(498)
665469(467^ 2)
665474(500)
665481(491)
665491(526)
665500(474)
665407(440)
665408(464)
665411(486)
665415(457^ 3)
665418(473)
665421(542)
665426(483^ 2)
665430(443^ 3)
665433(491^ 3)
665451(527)
665678(526)
665699(489)
665703(490)
665720(538)
665723(513^ 6)
665725(519^ 1)
665730(471)
684851(475)
665629(541^ 2)
665636(469)
665641(517)
665643(494)
665661(496)
665595(503)
665596(498^ 2)
665597(483)
665604(529^ 2)
665606(473^ 3)
665613(478^ 4)
665622(496)
665624(538)
665626(459^ 1)
665627(537)
665547(647)
665555(596)
665570(625)
665571(576)
665576(576)
665464(561)
665485(588)
665486(618)
665494(650)
665521(636)
665401(640)
665409(588)
665420(593)
665427(560)
665431(573)
665578(570)
665583(569)
665585(653)
665589(562)
665590(629)
665700(583)
665706(562)
665709(586)
665724(589)
665634(654)
665639(617)
665642(611)
665677(603)
665693(629)
665594(564)
665601(626)
665603(626)
665618(597)
665633(621)
665553(694)
665561(705)
665562(731)
665672(658+ 2)
665734(706)
70
Govt. Girls Higher Secondary School Bhiro Village, Malir
685161(407)
666281(440)
666285(502)
666284(770)
Govt. Girls Higher Secondary School Murad Memon Goth
666014(433)
666078(427)
666162(439^ 5)
666194(407)
666200(431^ 2)
666196(443)
666206(525)
666210(512)
666220(505)
693254(435+ 5)
666164(470)
666169(521^ 3)
666187(470)
666188(477)
666190(534)
666057(498)
666060(542)
666061(505)
666062(504)
666063(474)
666027(473^ 1)
666030(523)
666035(501)
666037(440)
666049(506)
665996(444)
666007(460)
666011(441)
666012(532)
666026(455)
666067(495)
666069(457)
666073(510)
666089(519)
666093(484^ 2)
666148(537)
666150(507)
666152(502)
666158(503)
666163(476^ 1)
666121(466)
666127(493)
666132(519)
666139(445)
666144(523)
666097(476^ 2)
666111(497)
666113(533)
666115(511^ 2)
666116(537)
666052(609)
666059(588)
666085(566)
666095(552^ 1)
666098(609)
666099(548+ 2)
666105(568)
666108(643)
666109(569)
666114(558)
666016(557)
666021(578)
666029(640)
666031(592)
666033(591)
666038(575)
666039(548+ 2)
666042(574)
666043(598)
666051(556)
666176(583)
666184(579)
666213(614)
666217(565)
666222(545+ 5)
666224(557^ 3)
666226(554)
666227(547+ 3)
666229(653)
693253(569)
666118(571)
666119(559^ 3)
666120(552)
666123(594)
666137(562)
666142(652)
666154(635)
666159(556)
666160(558)
666173(555)
666048(681)
666050(749)
666068(655+ 5)
666075(757)
666092(717)
665992(676)
666017(667)
666023(674)
666024(685)
666041(728)
666201(727)
666208(686)
666215(694)
666101(656+ 4)
666130(698)
666131(668)
666170(750)
666183(744)
71
666572(614)
666576(582)
666578(558)
666580(548+ 2)
666581(638)
666548(645)
666554(603)
666561(583)
666566(595)
666571(570)
666650(669)
666658(744)
666680(679)
666688(707)
666695(698)
666596(672)
666606(688)
666614(674)
666646(708)
666647(727)
666538(662)
666541(728)
666589(749)
666592(655+ 5)
666595(670)
666699(681)
666707(660)
666713(697)
666716(752)
666745(665)
666819(748)
666836(721)
666843(691)
666845(731)
666954(755)
666804(756)
666807(746)
666810(666)
666814(704)
666816(735)
666766(692)
666768(672)
666769(677)
666779(692)
666783(689)
666564(770)
666632(802)
666686(774)
666711(771)
666727(796)
666754(811)
666755(785)
666773(840)
666785(789)
666794(772)
666841(773)
666846(786)
666874(803)
685303(798)
Govt. College For Women New Karachi 11-F
666489(508)
666490(493)
666486(558)
666498(581)
666499(593)
666517(582)
666483(754)
666496(688)
Govt. Girls Degree College, Darsano Channo
666382(402^ 4)
666395(471)
666396(492)
666398(516)
666399(512)
666407(505)
666419(489^ 3)
666442(477^ 1)
666387(598)
666409(571)
666415(626)
666420(636)
666431(585)
666433(576)
666444(550)
666362(658+ 2)
666367(664)
666413(724)
666421(724)
666445(681)
666425(782)
72
666532(432)
666609(429)
666613(419^ 2)
666641(431^ 2)
666706(436^ 1)
666719(420^ 1)
666722(437^ 3)
666734(434)
666790(431^ 2)
666839(425^ 3)
666733(484)
666735(518)
666736(518)
666738(538)
666739(520)
666721(542)
666724(460^ 1)
666725(483)
666729(531)
666732(528)
666771(485)
666772(522)
666776(495)
666781(515)
666784(523)
666740(452^ 2)
666751(520)
666756(479)
666760(538)
666763(472)
666673(465)
666678(487)
666679(535)
666681(502)
666683(522)
666645(445^ 1)
666654(460)
666655(485)
666668(510)
666671(521)
666710(504)
666712(508^ 2)
666714(508^ 1)
666718(482)
666720(486)
666685(536)
666693(510)
666703(503^ 1)
666704(458^ 2)
666709(534)
666796(479)
666797(464^ 3)
666809(468)
666811(511)
666813(485)
666939(506)
666942(486)
666943(447^ 2)
666951(522)
666959(466)
666920(517)
666928(486)
666929(497)
666937(484^ 3)
666938(448^ 2)
685305(477)
666960(542^ 1)
666962(454)
666972(542)
666975(462^ 1)
685301(524)
666831(496^ 3)
666840(541)
666842(536)
666851(509)
666863(449^ 2)
666823(505^ 2)
666824(492^ 2)
666825(470)
666826(506)
666829(504)
666892(538)
666901(519)
666902(507)
666906(509)
666919(491)
666870(512)
666871(529)
666876(450^ 2)
666883(445^ 1)
666886(456^ 2)
666565(439+ 1)
666569(510)
666570(490^ 1)
666575(524)
666577(536)
666550(451^ 2)
666552(511)
666553(456^ 4)
666560(515)
666562(502^ 2)
666537(463)
666539(496)
666545(441^ 2)
666547(526)
666549(485)
666583(469)
666584(481)
666585(497)
666586(542)
666587(534)
666626(461)
666627(521)
666634(492^ 2)
666638(489)
666644(436+ 4)
666605(456)
666611(483)
666617(448)
666619(486)
666620(537)
666593(511)
666594(542)
666599(448)
666603(535)
666604(459)
666694(616)
666696(609)
666705(619)
666723(632)
666726(648)
666744(621)
666747(574)
666748(558)
666753(546+ 4)
666757(636)
666758(551)
666759(633)
666764(556)
666770(566)
666775(554)
666672(624)
666674(599)
666676(565)
666677(630)
666684(647)
666582(631)
666590(593)
666597(606)
666607(550)
666608(587)
666610(594)
666615(568)
666616(548+ 2)
666633(654)
666643(607)
666649(607)
666652(552)
666664(644)
666666(597)
666670(572)
666778(607)
666780(633)
666786(637)
666788(595)
666799(553)
666908(638)
666917(651)
666925(552)
666926(582)
666927(558)
666930(584)
666931(555)
666936(624)
666940(569)
666949(647)
666950(554)
666961(561)
666973(621)
685307(545+ 5)
693321(574)
666872(560)
666887(596)
666897(645)
666898(617)
666904(558)
666800(572)
666805(605)
666806(560)
666808(626)
666815(654)
666821(626)
666822(555)
666827(631)
666830(555)
666834(572)
666837(641)
666838(637)
666852(618)
666853(625)
666860(606)
73
667457(729)
667462(682)
667470(671)
667477(656+ 4)
667481(710)
667406(752)
667407(658+ 2)
667440(674)
667441(732)
667456(663)
667546(730)
667567(699)
667485(683)
667490(715)
667496(686)
667525(712)
667542(675)
667411(771)
667414(788)
667460(784)
Nishtar Govt. Girls College 11-B, North Karachi.
667078(428)
667079(380^ 2)
667086(408)
667210(419^ 1)
667143(487)
667159(540)
667160(516^ 3)
667161(539)
667165(531^ 3)
667131(529^ 2)
667135(515)
667137(547^ 2)
667141(468)
667142(496)
667091(498)
667093(528)
667094(456^ 1)
667109(500^ 3)
667116(512^ 3)
667173(504)
667177(478^ 3)
667190(529)
667201(525)
667203(490)
667281(490)
667307(452)
667308(487)
667311(471)
693342(460^ 2)
667238(440)
667246(528)
667253(452)
667269(540)
667277(488)
667206(500)
667207(485)
667213(524)
667219(514)
667220(458^ 1)
667082(455^ 1)
667083(529)
667085(505)
667087(449)
667089(452)
667073(503)
667074(440)
667076(485)
667080(448)
667081(441)
667128(597)
667132(571)
667134(593)
667136(567)
667139(582)
667145(571)
667163(573)
667164(618)
667166(550)
667170(584)
667071(594)
667075(557)
667077(575)
667092(554)
667119(588)
667120(547+ 3)
667122(625)
667123(547+ 3)
667124(619)
667127(604)
667186(588)
667194(556)
667195(587)
667196(549+ 1)
667197(594)
667265(604)
667274(571^ 1)
667276(583)
667283(597)
667296(632)
667305(570)
667309(615)
667198(584)
667200(612)
667204(563)
667209(652)
667212(615)
667239(640)
667240(622)
667241(577)
667255(601)
667263(607)
667108(666)
667117(678)
667126(671)
667130(667)
667140(715)
667147(734)
667157(664)
667174(739)
667211(724)
667224(674)
667227(679)
667278(732)
667291(679)
667118(770)
667175(864)
667176(824)
667303(858)
Govt. Degree Girls College Sector 11-B North Karachi
666882(420)
666969(438^ 4)
685310(431)
74
667705(613)
667710(572)
667711(637)
667718(584)
667719(589)
667720(595)
667721(649)
667723(550)
667726(546+ 4)
667727(650)
667679(649)
667687(616)
667691(627)
667696(623)
667697(640)
667615(606)
667620(631)
667623(569)
667624(574)
667633(605)
667639(567)
667640(623)
667654(651)
667655(576)
667669(553)
667728(581)
667729(653)
667731(609)
667733(569)
667734(638)
667735(547+ 3)
667743(549+ 1)
667745(634)
667748(626)
667749(636)
667688(682)
667690(660)
667692(667)
667695(679)
667703(758)
667636(727)
667637(734)
667641(761)
667658(751)
667676(691)
667612(713)
667616(718)
667622(663)
667631(666)
667632(678)
667709(663)
667712(694)
667717(664)
667725(667)
667739(680)
667820(715)
667863(670)
667770(719)
667778(709)
667782(726)
667795(724)
667796(673)
667744(749)
667753(694)
667758(708)
667759(749)
667769(699)
667617(765+ 5)
667751(812)
667792(816)
667799(770)
667805(820)
667831(777)
667752(935)
Govt. Degree Girls College Buffer Zone
667372(394^ 5)
667447(414)
667494(418^ 3)
667543(397^ 4)
667557(417)
667431(455)
667438(525)
667443(465^ 2)
667444(505)
667451(543)
667452(498)
667454(523)
667455(527)
667459(476^ 3)
667466(524)
667416(537)
667419(510^ 1)
667421(473)
667426(487)
667430(539)
667369(512)
667381(477)
667390(489)
667391(509)
667394(500)
667397(478)
667398(444)
667399(448^ 1)
667403(469^ 1)
667409(509^ 2)
667501(497^ 2)
667529(537)
667532(523^ 3)
667554(506)
667555(444^ 3)
667558(505)
667559(460^ 2)
667560(497)
693371(494)
667493(494)
667495(506)
667497(539)
667498(498)
667499(505)
667467(523)
667469(540)
667472(450)
667474(530)
667475(471)
667476(478)
667480(510^ 2)
667484(458)
667491(467)
667492(444)
667412(607)
667413(559)
667435(552)
667439(592)
667448(578)
667384(611)
667392(552)
667395(561)
667402(593)
667410(635)
667361(634)
667363(594)
667371(573)
667376(592)
667377(559)
667461(549+ 1)
667464(569)
667478(611)
667488(560)
667489(607)
667544(577)
667553(563)
667556(573)
667561(617)
667565(581)
667521(550)
667528(556)
667530(550)
667533(565)
667537(599)
667505(626)
667509(590)
667510(641)
667511(569)
667517(600)
75
667941(543)
667949(487)
667954(529^ 1)
667956(491)
667957(444)
667965(521)
667966(528)
667967(472^ 1)
667975(491)
667986(521)
667987(515)
668028(475)
668035(528)
685522(472^ 1)
685523(476)
667983(558)
667984(579)
667985(586)
667988(626)
667989(565)
667963(590)
667964(612)
667971(638)
667977(547+ 3)
667978(560)
667943(591)
667944(551)
667946(587)
667950(599)
667962(600)
667991(596)
667996(613)
667999(562)
668003(631)
668004(568^ 2)
668029(551)
668036(550)
668037(616)
668013(590)
668019(629)
668020(591)
668025(596)
668026(653)
668005(608)
668006(569)
668007(563)
668010(557)
668012(569^ 3)
667974(659+ 1)
667979(749)
667990(687)
667994(737)
667998(734)
667951(664)
667952(683)
667953(675)
667960(737)
667968(676)
668024(670)
668027(719)
668040(685)
668009(741)
668011(677)
668015(711)
668018(721)
668023(699)
667947(826)
667981(796)
668016(781)
668022(969)
Jan Muhammad Brohi Govt. Degree Girls College, Gulshan-e-Maymar
667650(470^ 1)
667656(511)
667657(498)
667662(470^ 1)
667667(521)
667675(472^ 3)
667682(517)
667684(543)
667685(499^ 2)
667686(541)
667611(490)
667619(453)
667625(523)
667627(461^ 2)
667629(538)
667630(463^ 2)
667644(541)
667645(520^ 1)
667648(475)
667649(498)
667689(533)
667706(445)
667714(539)
667716(478)
667736(488^ 1)
667837(538)
667840(447)
667848(444^ 6)
667867(510)
667872(502)
667875(459^ 2)
667891(465)
685431(450)
667737(507)
667780(537^ 1)
667781(494)
667783(502)
667788(541)
667801(532)
667813(474^ 2)
667817(537)
667818(455^ 1)
667824(471^ 3)
667767(613)
667771(629)
667772(567)
667777(578)
667779(629)
667754(586)
667755(553)
667762(565)
667763(649)
667766(556)
667789(594)
667790(549+ 1)
667793(547+ 3)
667804(572)
667807(575)
667857(649)
667858(611)
667861(649)
667879(576)
667884(563)
667827(559)
667828(559^ 1)
667832(613)
667833(626)
667844(583)
76
668240(558^ 1)
668246(644)
668247(571)
668248(638)
668249(628)
668250(593)
668255(653)
668258(625)
668261(556)
668274(640)
668192(593)
668197(565)
668201(615)
668203(603)
668214(580)
668215(556)
668219(592)
668227(561)
668234(588)
668238(609)
668280(592)
668287(596)
668296(571)
668300(575)
668303(636)
668353(634)
668362(643)
668367(620)
668372(619)
668375(600)
668384(551)
668386(558)
668390(567)
668394(581)
668402(595)
668304(582)
668317(643)
668322(604)
668327(628)
668329(557^ 1)
668330(620)
668331(605)
668334(618)
668336(630)
668342(576)
668241(706)
668253(667)
668256(668)
668264(676)
668272(735)
668210(664)
668218(753)
668224(720)
668229(724)
668230(665)
668275(668)
668277(736)
668289(679)
668291(725^ 1)
668298(743)
668351(709)
668369(708)
668371(748)
668376(681)
685602(671)
668313(682)
668319(751)
668320(688)
668325(662)
668339(714)
668243(778)
668244(787)
668245(840)
668251(866)
668254(783)
668193(771)
668202(840)
668233(780)
668235(869)
668242(796)
668257(786)
668266(779)
668268(770)
668271(772)
668283(826)
668307(790)
668321(768+ 2)
668366(845)
668368(814)
668370(796)
668285(776)
668286(776)
668288(866)
668290(767+ 3)
668297(801)
668236(938)
668276(922)
Govt. Degree Girls College Sector 11-I, North Karachi
668162(419^ 3)
668071(494)
668072(494)
668074(476)
668076(531)
668078(539)
668094(537)
668110(491^ 1)
668115(532)
668130(442^ 1)
668131(453^ 4)
668147(508^ 3)
668156(469)
668161(435+ 5)
668085(602)
668089(597)
668092(654)
668098(627)
668105(631)
668112(615)
668114(578)
668125(564)
668133(569)
668134(621)
668145(586)
668151(579)
668152(559)
668082(740)
668090(750)
668091(694)
668107(729)
668113(669)
668116(674)
668119(677)
668126(661)
668129(740)
668135(709)
668140(722)
668144(665)
668146(656+ 4)
668153(667)
668159(655+ 5)
668088(770)
668100(767+ 3)
668106(782)
668148(786)
Govt. Degree Girls College, Surjani Town
77
668515(599)
668517(580)
668523(652)
668528(637)
668530(579)
668531(568)
668532(604)
668537(644)
668540(613)
668546(638)
668484(578)
668493(620)
668494(640)
668496(626)
668503(562)
668504(650)
668506(641)
668508(632)
668509(550)
668513(574)
668558(643)
668566(556)
668574(573^ 1)
668579(561)
668584(621)
668586(551)
668592(584)
668595(637)
668599(596)
668608(591)
668685(655+ 5)
668694(707)
668696(661)
668697(687)
668699(722)
668700(669)
668704(708)
668710(726)
668714(675)
668719(759)
668723(673)
668726(662)
668730(671)
668733(717)
668736(684)
668603(662)
668604(756)
668605(726)
668615(696)
668616(657+ 3)
668624(675)
668641(683)
668642(716)
668660(671)
668667(698)
668668(753)
668673(683)
668674(738)
668677(727)
668682(715)
668737(664)
668738(701)
668742(700)
668749(750)
668753(663)
668843(682)
668844(655+ 5)
668852(713)
668854(669)
668872(708)
668873(757)
668881(712)
668890(687)
668891(665)
668894(713)
668902(722)
668918(661)
668921(703)
668937(736)
668754(695)
668756(692)
668757(688)
668758(719)
668771(687)
668788(755)
668789(703)
668791(677)
668800(731)
668801(724)
668810(686)
668823(680)
668828(681)
668840(696)
668842(666)
668569(707)
668572(750)
668573(763)
668591(734)
668598(694)
668486(679)
668490(664)
668495(685)
668507(699)
668514(659+ 1)
668516(718)
668521(656+ 4)
668529(714)
668539(724)
668542(761)
668547(704)
668548(725)
668554(686^ 2)
668557(668)
668568(726)
668581(814)
668609(867)
668665(799)
668689(801)
668711(795)
668483(823)
668519(796)
668538(792)
668545(773)
668553(802)
668867(820)
668908(822)
668722(829)
668724(820)
668799(772)
668851(769+ 1)
668863(867)
Abdullah Govt. College For Women North Nazimabad
668269(422^ 4)
668273(533)
668278(465^ 1)
668279(506^ 2)
668281(534)
668282(526)
668237(541)
668239(491)
668259(527)
668260(533)
668267(471^ 3)
668195(474^ 2)
668212(477)
668222(540)
668225(541)
668226(443^ 3)
668302(541)
668308(465^ 3)
668332(530^ 1)
668338(543)
668347(461)
668400(519)
668403(525)
668404(467^ 4)
668407(495^ 5)
668409(515^ 1)
668381(517^ 3)
668383(444^ 4)
668392(540)
668393(543)
668398(539)
668349(485)
668352(535)
668361(530^ 3)
668365(479^ 1)
668379(474^ 1)
78
668706(495)
668708(517)
668712(542)
668715(474)
668716(535)
668679(442^ 2)
668681(494)
668687(497^ 2)
668701(460^ 1)
668705(478)
668743(476)
668744(528)
668745(523^ 2)
668761(505)
668762(504)
668720(466^ 2)
668721(529)
668727(526)
668728(490)
668729(508)
668657(495)
668659(487)
668666(488)
668671(499)
668672(435+ 5)
668587(524)
668590(519)
668602(500^ 1)
668611(500)
668613(500)
668565(541)
668571(502)
668575(532)
668578(508)
668582(537)
668637(526)
668638(485)
668639(467^ 3)
668648(508)
668653(526)
668620(534)
668623(523)
668626(495^ 1)
668629(446^ 1)
668634(460)
668910(513)
668923(521)
668924(491^ 1)
668930(532)
668933(537)
668882(536)
668888(537)
668893(499)
668900(538)
668907(515)
693471(524)
668936(449^ 2)
668940(496^ 2)
668941(533)
668942(506)
685703(479)
668853(442^ 5)
668864(542)
668866(482^ 4)
668870(542)
668874(495)
668786(478)
668795(505)
668796(446^ 4)
668804(452)
668805(519)
668764(509)
668767(541)
668772(493)
668780(490)
668784(458)
668833(477)
668835(513)
668839(454^ 2)
668846(529)
668848(536)
668815(531)
668819(447)
668825(452)
668826(535)
668832(479)
668555(476^ 1)
668559(523)
668560(481)
668563(517)
668564(464)
668482(539^ 1)
668485(533)
668488(507^ 2)
668489(528^ 2)
668505(503)
668511(539)
668512(507)
668518(490)
668520(470)
668527(495)
668544(464)
668549(452^ 1)
668550(535^ 3)
668551(530^ 2)
668552(484^ 3)
668709(636)
668713(557)
668717(640)
668718(647)
668725(611)
668693(647)
668695(628)
668698(620)
668703(570)
668707(552)
668746(555)
668747(547+ 3)
668748(613)
668750(625)
668751(603)
668734(634)
668735(614)
668739(652)
668740(572)
668741(610)
668670(612)
668676(626)
668684(633)
668690(614)
668692(575)
668621(560)
668625(576)
668627(599)
668640(619)
668643(577)
668610(590)
668612(546+ 4)
668614(573)
668617(585)
668618(616)
668658(555)
668661(625)
668662(626)
668663(550)
668669(639)
668645(654)
668646(584)
668649(646)
668655(582)
668656(584)
668755(629)
668759(619)
668760(560)
668766(606)
668770(644)
668885(591)
668886(620)
668889(626)
668892(649)
668896(652)
668861(558)
668862(547+ 3)
668868(622)
668875(567)
668884(566)
668917(630)
668922(625)
668929(601)
668931(600)
668938(635)
668897(635)
668899(566)
668904(598)
668909(631)
668914(574)
668847(633)
668849(584)
668855(615)
668856(631)
668858(566)
668792(551)
668793(552)
668794(627)
668797(607)
668802(646)
668775(618)
668776(569)
668777(569)
668782(611)
668790(644)
668827(551)
668834(570)
668838(555)
668841(624)
668845(597)
668807(585)
668811(631)
668814(617)
668820(581)
668822(642)
79
669497(920)
Govt. Girls Sc./Comm. College Block K, North Nazimabad
669086(433^ 1)
669157(422)
669209(429)
669287(415^ 3)
693503(416)
669115(526)
669124(520)
669129(461)
669139(510)
669145(464^ 2)
669152(508)
669158(501)
669160(466)
669164(450^ 3)
669165(523)
669166(463)
669173(446^ 3)
669180(487)
669182(474)
669183(536)
669058(508)
669063(477^ 3)
669067(487)
669068(491)
669071(479^ 3)
669075(455^ 2)
669083(454^ 3)
669088(474^ 1)
669094(512)
669095(515)
669096(510)
669099(448^ 1)
669103(470)
669106(483)
669107(469)
669235(464)
669236(501)
669242(465^ 1)
669247(503)
669271(540)
669273(543)
669276(450^ 1)
669278(511)
669284(483^ 3)
669291(472)
669297(504)
669300(463)
685751(498)
685756(523)
669185(435+ 5)
669186(482^ 2)
669187(481)
669189(544)
669194(502)
669196(517)
669198(495^ 1)
669210(457^ 2)
669211(461)
669226(543)
669228(467^ 3)
669229(506)
669230(465)
669232(540)
669234(544)
669253(622)
669254(611)
669259(564)
669261(570)
669262(556)
669286(579)
669227(592)
669238(555)
669239(631)
669250(563)
669252(619)
669111(587)
669117(628)
669122(619)
669125(616)
669127(599)
669079(648)
669080(611)
669087(551)
669090(647)
669098(608)
669057(546+ 4)
669060(647)
669064(547+ 3)
669066(646)
669070(558)
669135(602)
669146(568)
669147(569)
669148(572)
669151(569)
669216(568)
669218(608)
669219(567)
669220(574)
669223(568)
669190(622)
669191(559)
669207(609)
669212(639)
669215(550)
669153(548+ 2)
669159(619)
669177(546+ 4)
669178(599)
669179(571)
669104(673)
669123(703)
669141(655+ 5)
669150(674)
669154(742)
669053(663)
669062(664)
669078(664)
669081(741)
669097(731)
669155(679)
669156(682)
669174(693)
669176(670)
669195(684)
669243(658+ 2)
669244(660)
669246(703)
669200(667)
669221(656+ 4)
669224(712)
669233(658+ 2)
669237(678)
669167(814)
669197(790)
669201(791)
Govt. Degree College For Women Block-M, North Nazimabad
668622(410^ 1)
668675(430^ 4)
668785(386^ 3)
668817(429^ 3)
668898(427^ 2)
668934(439^ 4)
685707(431^ 2)
80
669600(601)
669602(584)
669605(605)
669611(604)
669621(618)
669594(696)
669624(736)
669625(704)
669647(742)
669670(688)
669671(675)
669646(769+ 1)
669659(788)
669665(787)
Govt. Girls Comprehensive Higher Sec. School Block M, N. Nazimabad
669371(426^ 2)
669403(430)
669432(397^ 3)
669452(425^ 1)
669483(425)
669489(418^ 2)
669505(433)
669509(438^ 2)
669535(423)
669538(393^ 3)
669539(422)
693522(396^ 3)
669471(454)
669477(457)
669481(502)
669482(544)
669485(456)
669460(471)
669462(525)
669463(498)
669464(487)
669466(501)
669439(544)
669440(518^ 1)
669441(530^ 1)
669450(513^ 3)
669451(526)
669531(517)
669547(475)
669550(475)
669551(480^ 2)
669507(493)
669516(485)
669520(442^ 3)
669522(488)
669525(476)
669492(522)
669500(544)
669501(504)
669502(438+ 2)
669506(483)
669427(469)
669428(537)
669430(476)
669431(442)
669438(500^ 2)
669368(532)
669370(460)
669374(489)
669379(465^ 2)
669390(450^ 1)
669391(477)
669393(449^ 2)
669394(516)
669401(527)
669407(484^ 2)
669415(529)
669416(489)
669419(489)
669425(504)
669426(468)
669421(563)
669424(630)
669429(580^ 1)
669434(581)
669443(574)
669444(606)
669445(626)
669446(626)
669447(597)
669453(566)
669361(549+ 1)
669373(635)
669377(566)
669380(632)
669381(590)
669382(592)
669385(574)
669397(632)
669405(616)
669414(605)
669498(591)
669504(625)
669510(601)
669517(621)
669524(615)
669527(597)
669544(553)
669456(578)
669457(614)
669468(654)
669470(636)
669473(627)
669478(604)
669479(607)
669480(545+ 5)
669486(556^ 2)
669488(556)
669398(686)
669406(710)
669417(679)
669433(682)
669437(687)
669366(659+ 1)
669375(683)
669376(742)
669386(738)
669388(671)
669448(675)
669454(727)
669455(670)
669461(671)
669467(731)
669518(686)
669526(757)
669533(747)
669472(705)
669493(684)
669494(682)
669499(682)
669503(705)
669396(792)
669411(808)
669435(843)
669436(843)
669469(820)
669484(781)
669487(785)
669495(781)
669496(846)
81
669830(623)
669836(637)
669843(627)
669852(559)
669853(566)
669814(653)
669817(654)
669819(563)
669821(564)
669822(563)
669867(622)
669904(615)
669906(633)
669907(553)
669911(635)
669854(601)
669855(638)
669856(618)
669861(575)
669862(549+ 1)
669805(751)
669837(738)
669864(727)
669874(812)
Govt. Degree Girls College, 7-C, Orangi Town
669762(869)
669769(852)
669761(904)
669763(992)
669764(961)
669765(971)
669766(947)
669767(891)
669768(994)
669770(994)
669771(980)
669772(934)
Iqra Huffaz Girls Science College, Block B, North Nazimabad
669610(436^ 3)
669615(413)
669623(402^ 3)
669630(432^ 1)
669636(424^ 1)
669640(419)
669667(429^ 1)
669680(427^ 1)
669687(427)
669694(390^ 3)
669706(432)
685851(403^ 3)
693541(388^ 2)
669622(526)
669626(492)
669627(503)
669628(446)
669637(532)
669638(517)
669649(518)
669654(514)
669657(509)
669661(487)
669593(476)
669595(453)
669596(468^ 2)
669601(531)
669603(531)
669607(476)
669612(482)
669617(474^ 2)
669618(520)
669619(503)
669708(491)
669715(500^ 2)
669719(516)
669721(503)
669725(515)
669726(444^ 3)
685854(495)
669662(446^ 1)
669672(486)
669674(530)
669675(494)
669677(536)
669683(527)
669688(450)
669700(485)
669701(464)
669707(481)
669668(552)
669673(629)
669676(653)
669681(605)
669692(545+ 5)
669629(608)
669635(551)
669643(650)
669644(589)
669664(597)
669720(572)
669722(568)
669693(627)
669695(638)
669702(566)
669703(557)
669717(599)
82
670079(529)
670081(514)
693641(437+ 3)
670074(584)
670075(696)
670077(723)
670083(675)
670078(820)
Govt. Girls Degree College Qasba Colony
670000(405^ 5)
670006(416^ 5)
669995(486)
670004(463)
670007(443^ 2)
670014(489)
670019(544)
669971(542)
669976(536^ 1)
669980(472^ 1)
669985(542)
669986(518^ 1)
670040(468)
670044(527)
670023(504)
670028(536)
670035(535)
670036(463)
670038(458)
670037(557)
670021(638)
670022(576)
670026(551)
670027(566)
670029(632)
669972(569)
669975(554)
669977(550)
669978(599)
669979(546+ 4)
669981(579)
669987(579)
669990(618)
669991(596)
669996(551)
669998(547+ 3)
670001(644)
670002(592)
670008(562)
670011(648)
669988(680)
670003(686)
670010(676)
670015(724)
670016(668)
670018(726)
670024(735)
670043(682)
669993(771)
669997(818)
670009(776)
670017(782)
Govt. Girls Degree College Sector 11, Orangi Town
669820(435^ 3)
669833(434^ 1)
669848(430)
669858(423^ 2)
669898(423^ 3)
669827(449)
669828(458)
669831(477)
669832(484)
669834(495)
669838(475)
669841(509)
669842(523)
669844(451)
669846(531)
669802(478)
669803(488)
669806(506)
669807(530)
669809(521)
669810(501^ 2)
669812(481^ 3)
669813(443)
669823(484^ 3)
669826(460^ 1)
669883(544^ 3)
669884(523)
669891(474^ 1)
669905(474^ 2)
669908(466)
669910(477)
669847(491)
669849(541)
669851(452)
669859(459)
669869(504)
669873(451)
669875(494)
669879(473^ 3)
669880(505)
669882(525)
83
670291(708)
670295(769+ 1)
Govt. Girls Degree Sc./Arts College Orangi Town Sector 11-1/2
670225(410)
670164(471^ 3)
670166(483^ 2)
670171(522)
670174(485^ 4)
670181(530)
670155(540)
670156(530)
670157(445)
670161(492)
670163(519)
670121(529^ 2)
670127(508)
670130(450^ 3)
670131(494)
670146(512)
670183(505)
670187(510)
670193(527)
670194(538)
670212(510)
670245(501)
670246(445^ 2)
670230(498)
670232(443^ 3)
670233(524)
670236(452^ 2)
670241(544)
670213(532)
670217(443^ 2)
670219(478)
670226(519)
670228(541)
670243(595)
670139(616^ 1)
670141(562)
670142(587)
670145(605^ 1)
670148(560)
670149(615)
670152(614)
670158(578)
670159(552)
670169(567)
670111(592)
670113(634)
670115(587)
670116(613)
670118(649)
670120(630)
670132(632)
670133(643)
670134(565)
670135(587)
670205(578)
670208(605)
670209(559)
670215(579)
670218(638)
670222(587)
670223(650)
670237(600)
670239(587)
670242(618)
670180(586)
670182(569)
670184(604)
670185(546+ 4)
670186(597)
670188(591)
670190(638)
670191(645)
670195(606)
670199(650)
670125(672)
670126(701)
670128(701)
670129(691)
670151(688)
670114(739)
670119(712)
670122(711)
670123(721)
670124(658+ 2)
670153(659+ 1)
670189(738)
670196(713)
670198(711)
670200(704)
670244(701)
670201(658+ 2)
670204(663)
670214(680)
670216(756)
670240(688)
670176(767+ 3)
670192(785)
670206(829)
670207(800)
670210(783)
670211(780)
670224(813)
670175(890)
Govt. Inter Sc./Arts/Comm. College Orangi Town Sector 15-C
670082(435^ 5)
670086(424^ 5)
84
670390(572)
670404(549+ 1)
670408(610)
670416(586)
670423(611)
670424(554)
670425(603)
670430(645)
670433(614)
670436(610)
670442(554)
670458(647)
670460(624)
670462(595)
670463(621^ 1)
670311(654)
670319(639)
670321(597)
670322(622)
670325(580^ 1)
670328(617)
670344(607)
670345(584)
670349(562)
670354(547+ 3)
670362(646)
670365(574)
670369(547+ 3)
670370(646)
670379(629)
670464(580)
670467(627)
670469(595)
670475(608)
670479(571)
670480(618)
670486(587)
670489(584)
670494(640)
670495(644)
670502(607)
670509(628)
670512(631)
670520(560)
670521(626)
670725(666)
670727(655+ 5)
670737(664)
670747(761)
670749(684)
670753(713)
670754(705)
670758(662)
670759(667)
670760(672)
670705(659+ 1)
670711(718)
670722(700)
670723(739)
670724(680)
670591(680)
670597(723)
670608(704)
670611(695)
670622(720)
670641(673)
670642(759)
670646(672)
670655(722)
670658(669)
670866(675)
670868(680)
670872(711)
670877(688)
670966(707)
670973(696)
670837(664)
670845(678)
670847(743)
670857(763)
670859(668)
670762(675)
670790(682)
670793(679)
670797(679)
670799(745)
670807(696)
670825(699)
670827(720)
670831(665)
670833(698)
670556(669)
670567(664)
670573(656+ 4)
670575(674)
670582(709)
670383(703)
670406(727)
670407(695)
670412(660^ 1)
670418(675)
670419(723)
670420(723)
670421(719)
670422(655+ 5)
670427(753)
670312(682)
670313(713)
670317(695)
670318(724)
670335(706)
670341(672)
670363(733)
670364(716)
670371(743)
670380(700)
670498(748)
670499(707)
670503(737)
670510(662)
670511(660)
670513(764)
670517(655+ 5)
670518(743)
670526(740)
670538(693)
670431(689)
670434(731)
670437(665)
670438(736)
670448(662)
670455(725)
670461(751)
670481(701)
670483(678)
670484(674)
670381(775)
670382(793)
670391(814)
670393(792)
670413(806)
670342(776)
670361(774)
670374(851)
670375(808)
670377(835)
670447(776)
670539(784)
670634(814)
670683(780)
670684(823)
670870(801)
670873(847)
670878(830)
670908(772)
670952(780)
670701(803)
670721(824)
670832(816)
670848(784)
670858(780)
Govt. College For Women Shahrah-e-Liaquat
670292(419^ 2)
85
670553(531)
670558(514)
670561(498^ 2)
670569(521)
670571(453^ 1)
670540(533)
670541(499)
670543(519^ 1)
670549(495)
670550(490^ 2)
670572(478^ 3)
670574(527)
670576(507)
670577(529)
670581(482^ 1)
670600(497)
670605(526)
670610(438+ 2)
670619(526)
670623(483^ 2)
670583(467^ 6)
670590(461^ 1)
670593(525)
670596(446^ 3)
670599(515)
670527(450^ 6)
670532(493)
670534(443^ 3)
670535(491)
670537(503)
670435(501)
670439(512)
670441(524)
670443(491)
670445(509)
670451(482^ 1)
670452(435+ 5)
670453(542)
670454(459)
670465(509)
670493(529)
670497(525)
670500(522)
670506(530)
670516(511)
670466(500)
670478(524^ 1)
670482(509)
670487(465^ 5)
670492(536)
670625(501)
670627(481)
670636(483)
670637(524)
670644(472)
670828(478)
670834(503)
670835(440)
670840(520)
670841(485)
670787(542^ 1)
670788(469)
670808(479)
670817(483)
670826(457)
670855(486)
670856(528)
670860(454^ 3)
670861(513)
670863(509)
670767(506)
670775(453^ 2)
670780(466^ 3)
670781(455^ 3)
670786(529)
670670(515)
670671(463)
670672(519)
670674(490)
670681(514)
670648(530)
670649(509)
670651(475)
670653(472)
670656(476)
670682(467)
670692(496)
670698(517)
670707(534)
670709(534)
670743(490)
670750(484)
670751(543)
670755(522)
670764(532)
670718(469)
670729(505^ 3)
670734(542)
670738(506)
670739(536)
670314(517)
670315(539)
670316(435+ 5)
670330(455)
670333(530)
670414(516^ 3)
670417(506)
670426(470)
670428(491)
670429(518)
670334(495^ 1)
670337(542)
670340(467)
670348(511)
670357(481^ 2)
670397(466^ 2)
670398(530)
670399(476)
670402(456^ 1)
670403(487)
670372(453^ 2)
670373(540^ 1)
670376(462)
670388(542)
670389(464^ 4)
670676(583)
670678(565)
670680(586)
670688(574)
670691(603)
670654(641)
670662(633)
670666(550)
670667(627)
670669(628)
670710(619)
670712(597)
670731(569)
670732(647)
670742(616)
670696(597)
670702(586)
670703(624)
670704(633)
670708(625)
670554(596)
670568(578)
670579(595)
670580(613)
670586(554)
670525(565)
670530(596)
670531(617)
670536(596)
670542(555)
670614(654)
670626(630)
670628(620)
670630(616)
670643(590)
670587(556)
670588(599)
670598(561)
670607(586)
670612(575)
670869(607)
670871(601)
670901(643)
670903(633)
670904(567)
670842(556)
670846(629)
670853(553)
670854(654)
670865(626)
670944(613)
670949(618)
670907(571)
670911(615)
670912(589)
670918(586)
670943(613)
670821(609)
670829(647)
670830(625)
670836(549+ 1)
670838(576)
670771(589)
670772(622)
670777(570)
670782(557)
670784(620)
670752(590)
670756(654)
670757(584)
670766(643)
670770(646)
670802(612)
670804(598)
670809(610^ 1)
670814(626)
670816(653)
670791(629)
670792(587)
670794(650)
670795(578)
670796(574)
86
671101(439^ 1)
671122(428^ 5)
671129(410^ 2)
671198(423^ 2)
693763(397)
671138(492^ 2)
671143(479)
671146(487^ 2)
671150(463^ 1)
671152(465)
671154(436+ 4)
671155(530)
671165(544)
671168(540)
671170(463^ 2)
671124(443)
671126(524)
671133(470)
671135(535)
671136(470)
671091(513)
671093(467)
671098(510)
671106(508)
671107(535)
671108(465)
671110(531)
671117(456)
671120(474)
671121(519)
671172(543)
671185(540)
671192(538)
671205(515^ 3)
671207(507)
671270(531)
671281(522)
671288(484^ 1)
671289(465^ 1)
671314(494)
686273(514)
693762(539)
671246(452)
671249(512)
671250(539)
671268(485)
671269(466^ 1)
671208(483)
671209(513)
671212(540)
671219(527)
671223(548^ 2)
671226(544)
671227(487)
671241(472)
671242(539)
671245(492)
671188(589)
671191(562)
671193(610)
671200(598)
671217(586)
671167(588)
671173(568)
671174(600)
671176(565)
671186(603)
671220(577)
671261(637)
671262(617)
671263(555)
671266(588)
671301(566)
671315(588)
671316(639)
671273(593)
671275(648)
671280(545+ 5)
671285(600)
671294(553)
671113(560)
671118(632)
671119(561)
671123(644)
671132(574)
671085(549+ 1)
671087(556^ 1)
671089(547+ 3)
671090(580)
671109(626)
671153(635)
671157(558)
671158(566)
671163(601)
671164(618)
671137(598)
671139(608)
671140(652)
671147(647)
671151(553)
671114(681)
671130(700)
671145(703)
671194(667)
671195(657+ 3)
671210(682)
671216(671)
671224(761)
671233(725)
671296(674)
671303(764)
671321(723)
671115(804)
671196(766+ 4)
671199(811)
671236(766+ 4)
671239(805)
671267(778)
671264(924)
Govt. Girls Degree College, Gizri Clifton
670563(412^ 1)
670615(417)
670635(427^ 2)
670699(405)
670906(427^ 1)
670360(431^ 1)
670401(427^ 3)
670446(405^ 3)
670457(425^ 3)
670476(401^ 6)
693723(395)
670917(439^ 1)
670924(433^ 3)
670961(437^ 1)
686201(426)
693721(428)
670879(501)
670889(479^ 1)
670891(521)
670910(460^ 2)
670932(446)
670947(498)
670953(485)
670956(512)
670962(504)
670969(518)
670974(457^ 1)
670978(477)
87
671366(436^ 4)
671376(421^ 3)
671382(433^ 3)
671420(433)
671421(401^ 1)
671449(431^ 2)
671550(435^ 2)
671569(415^ 3)
686321(380)
686331(382)
671441(451)
671442(484)
671445(475)
671446(467)
671447(531)
671448(510)
671450(524)
671456(538)
671457(538)
671459(523)
671461(507)
671462(463^ 2)
671464(481)
671465(469^ 3)
671466(498)
671432(482)
671433(534)
671434(492)
671435(460)
671440(469)
671361(470)
671368(513)
671370(438+ 2)
671372(488)
671398(528)
671399(538)
671400(525)
671401(540)
671403(530)
671410(484)
671411(485)
671417(500)
671418(522)
671419(467)
671427(490)
671467(521)
671477(537)
671480(475)
671484(513)
671487(542)
671571(543)
671572(484^ 2)
671578(509^ 1)
671582(485^ 3)
671583(533^ 3)
671587(500)
671599(504^ 3)
686323(509)
686324(468)
686327(474)
686328(470)
686329(485)
671564(503)
671566(444)
671567(488)
671568(443)
671570(506^ 1)
671506(451^ 3)
671514(495)
671515(498^ 1)
671519(540)
671524(534)
671529(501)
671531(537)
671533(445)
671536(512)
671538(455)
671539(479)
671540(486)
671541(482)
671553(487)
671562(544)
671444(630)
671451(564)
671452(554)
671453(591)
671454(599)
671455(558)
671458(608)
671469(576)
671474(557)
671475(568)
671426(608)
671431(548+ 2)
671436(554)
671438(574)
671439(573^ 1)
671363(600)
671377(636)
671389(643)
671390(630)
671391(596)
671394(649)
671395(556)
671396(566)
671397(577)
671406(632)
671478(561)
671479(619)
671485(588)
671486(596)
671488(642)
671558(630)
671559(557)
671561(557)
671579(586)
671580(550)
671581(547+ 3)
671589(621)
671597(597)
671530(591)
671532(593)
671537(634)
671547(633)
671552(600)
671490(592)
671494(627)
671495(613)
671496(596)
671497(594)
671500(554)
671501(635)
671513(558)
671520(583)
671522(558)
671468(692)
671473(671)
671482(751)
671489(701)
671491(746)
671393(714)
671437(668)
671443(700)
671460(689)
671463(659+ 1)
671492(723)
671493(655+ 5)
671502(750)
671505(670)
671508(687)
671542(699)
671549(676)
671565(682)
671596(697)
671510(696)
671511(671)
671516(668)
671526(667)
671527(764)
671525(859)
Karachi Govt. College For Women Chand Bibi Road
88
671765(587)
671767(643)
671773(563)
671776(598)
671777(587)
671749(551)
671755(650)
671761(613)
671762(627)
671763(556)
671785(653)
671786(545+ 5)
671790(561)
671794(594)
671795(644)
671823(584)
671824(576)
671825(602)
671826(621)
671828(604)
671798(576)
671799(619)
671801(610)
671806(648)
671820(554)
671679(582)
671680(599)
671684(599)
671685(568)
671686(632)
671662(590)
671666(559)
671670(644)
671673(599)
671674(546+ 4)
671688(603)
671691(627)
671692(626)
671699(598)
671707(597)
671741(568)
671742(562)
671746(604)
671747(567)
671748(601)
671715(608)
671717(556)
671730(565)
671732(600)
671736(628)
671911(604)
671918(602)
671922(606)
671924(599)
671927(618)
671897(614)
671899(558)
671903(546+ 4)
671904(600)
671905(549+ 1)
671930(558)
671932(585)
671939(654)
671944(630)
671947(635)
671842(586)
671843(645)
671847(553)
671850(645)
671851(647)
671830(604)
671831(592)
671833(603)
671836(550)
671841(623)
671855(545+ 5)
671857(636)
671859(638)
671860(647)
671868(608)
671883(554)
671885(568)
671891(644)
671893(615)
671895(547+ 3)
671870(635)
671875(576)
671877(622)
671879(591)
671882(653)
671984(688)
671989(668)
671990(750)
671995(729)
672000(764)
672003(657+ 3)
672010(664)
671739(739)
671745(756)
671757(711)
671764(730)
671769(752)
671771(671)
671775(675)
671793(664)
671812(741)
671827(726)
671829(676)
671832(724)
671835(697)
671838(660)
671846(739)
671661(688)
671664(695)
671676(716)
671683(677)
671695(655+ 5)
671697(706)
671701(738)
671702(704)
671704(706)
671709(695)
671713(712)
671723(656+ 4)
671735(674)
671737(662)
671738(755)
671848(746)
671852(745)
671853(676)
671854(656+ 4)
671856(704)
671913(678)
671914(657+ 3)
671916(703)
671943(737)
671945(672)
671959(666)
671960(678)
671961(736)
671969(748)
671970(737)
671972(704)
671976(715)
671977(693)
671979(676)
671983(704)
671861(694)
671863(753)
671864(756)
671865(756)
671867(710)
671871(669)
671881(724)
671886(693)
671892(748)
671894(672)
671900(761)
671901(752)
671906(713)
671909(680)
671912(729)
671837(767+ 3)
671862(812)
671866(843)
671873(806)
671874(831)
671678(863)
671694(820)
671698(793)
671705(868)
671711(825)
671888(771)
671919(770)
671923(814)
671941(808)
671946(847)
671974(779)
671987(839)
671965(799)
671967(789)
671968(809)
671971(789)
671973(793)
S.M.B. Fatima Jinnah Govt. Girls Degree College Nishtar Road
89
672151(587)
672152(611)
672153(640)
672155(647)
672156(639)
672158(588)
672167(652)
672174(632)
672154(680)
672157(702)
672160(731)
672163(750)
672175(679)
672159(798)
672161(855)
672162(849)
672164(829)
672165(789)
672166(836)
672168(788)
672170(844)
672171(856)
672172(880)
672173(880)
672176(909)
F.G. Girls Inter College, Askari-III
671721(434^ 3)
671727(408^ 4)
671751(394^ 3)
671752(434)
671772(422^ 1)
671781(406^ 2)
671782(434)
671789(432)
671792(415)
671813(434^ 2)
671962(438^ 1)
671982(409)
671760(503)
671766(502)
671768(528)
671770(534)
671774(538)
671750(440)
671753(533)
671754(502)
671756(510)
671758(539)
671803(533)
671804(498)
671805(536)
671807(532)
671809(498)
671780(535)
671783(530)
671787(505)
671788(502)
671802(540)
671687(531)
671689(467)
671690(490)
671706(477)
671712(499)
671665(522)
671671(533)
671672(474^ 3)
671677(521)
671681(441)
671733(502)
671734(475)
671740(534)
671743(510)
671744(496)
671714(478)
671716(541)
671720(443)
671729(529)
671731(439+ 1)
671811(461)
671814(542)
671815(540)
671816(533)
671817(451)
671964(541)
671980(536)
671988(536)
671991(510)
671994(540)
671942(542)
671948(534)
671953(501)
671954(445)
671956(500)
686372(449)
672001(520)
672004(528^ 2)
672006(473^ 2)
672007(449^ 1)
686371(500)
671845(453)
671849(540)
671858(488)
671869(493)
671872(475)
671818(500)
671821(474)
671822(476)
671834(533)
671840(445^ 1)
671902(512)
671910(505)
671920(544)
671928(516)
671929(535)
671878(513)
671880(516)
671884(533)
671890(465)
671898(518)
671975(617)
671978(647)
671981(583)
671985(571)
671992(614)
671949(571)
671950(632)
671955(652)
671958(638)
671966(610)
672005(576)
672008(603)
671993(572)
671997(565)
671998(650)
671999(630)
672002(554)
90
672333(847)
672335(785)
672336(851)
672338(779)
672346(835)
St. Joseph's College for Women
672306(525)
672318(437+ 3)
672311(571)
672312(548+ 2)
672315(653)
672317(654)
672304(762)
672305(678)
672307(732)
672309(764)
672310(717)
672314(720)
672301(804)
672303(780)
672313(769+ 1)
672316(828)
672302(877+ 3)
Trinity Methodist Girls Higher Secondary School
672205(522)
672207(514)
672263(522)
672265(521)
686602(537)
672225(601)
672257(611^ 1)
672259(591)
672267(593)
672275(632)
672276(641)
672277(611)
672281(651)
672282(558)
686601(651)
672224(759)
672236(739)
672239(733)
672242(724)
672246(715)
672201(722)
672212(726)
672213(699)
672219(749)
672220(721)
672269(727)
672271(688)
672278(704)
672279(733)
672247(674)
672252(754)
672253(655+ 5)
672262(708)
672266(760)
672226(857)
672227(870)
672228(840)
672229(841)
672230(771)
672215(869)
672217(803)
672218(826)
672221(860)
672222(776)
672202(784)
672203(815)
672208(859)
672209(823)
672210(826)
672260(836)
672261(788)
672268(765+ 5)
672273(782)
672280(789)
672240(865)
672241(854)
672244(827)
672251(858)
672256(793)
672231(828)
672232(851)
672235(810)
672237(834)
672238(773)
672234(916)
672243(985)
672245(928)
672248(924)
672249(917)
672204(878+ 2)
672211(968)
672216(908)
672223(955)
672233(915)
686603(891)
672255(904)
672258(908)
672270(901)
672272(883)
672274(921)
DHACSS College for Women (Intermediate)
91
Govt. Girls Science & Arts Degree College Hijrat Colony
672471(513)
672479(509)
672474(600)
672476(614)
672478(570)
672483(625)
672489(614)
672472(707)
672480(730)
672481(684)
672486(764)
672488(751)
672490(669)
672482(774)
672485(857)
672487(803)
672491(773)
672492(804)
672484(887)
Muhammad Ismail Allah Wala Women College(Intermediate)
Aisha Bawany Girls College (Intermediate)
672332(590)
672339(642)
672354(610)
672356(589)
672357(615)
672359(556)
672360(625)
672361(638)
672331(710)
672334(667)
672337(697)
672340(742)
672341(686)
672342(715)
672343(755)
672344(743)
672345(757)
672351(732)
672353(736)
672355(709)
672362(694)
672347(767+ 3)
672349(801)
672350(784)
92
Ali Intermediate College
672606(417)
672639(411^ 1)
672652(431^ 6)
672664(427)
672671(425)
672723(430^ 2)
672726(425^ 1)
672655(543)
672656(459^ 2)
672657(535)
672663(437+ 3)
672672(445^ 1)
672638(524)
672640(449)
672648(472)
672649(455)
672654(468)
672619(524)
672620(494^ 2)
672630(539)
672633(488)
672635(469)
672680(469)
672681(505)
672682(534)
672684(476^ 1)
672691(471)
672740(466^ 1)
672745(476)
672748(485)
672751(527)
672754(540)
672722(525)
672727(472)
672734(501)
672738(436+ 4)
672739(489^ 1)
672692(541)
672693(467)
672707(523)
672714(487)
672720(529^ 1)
672615(631)
672618(584)
672622(569)
672626(612)
672637(576)
672642(617)
672651(568)
672670(614)
672674(633)
672704(552)
672713(557)
672732(613)
672759(572)
672760(631)
672769(591)
672601(674)
672603(680)
672617(668)
672706(698)
672749(690)
672756(682)
672757(655+ 5)
672776(683)
672625(781)
672653(769+ 1)
672686(824)
Allama Iqbal Govt. Girls Degree College, Shah Faisal Colony
686852(425^ 2)
672511(531)
672516(474^ 3)
672519(533)
672520(525)
672526(532)
672528(537)
672533(469^ 3)
672536(532^ 2)
672545(515)
672546(542)
672551(522)
672552(474)
672512(599)
672521(582)
672532(583)
672539(551)
672542(603)
672543(550)
672555(549+ 1)
672514(753)
672515(748)
672522(734)
672523(684)
672524(750)
672540(741)
672547(664)
672548(731)
672525(864)
672530(798)
672535(831)
93
672910(610)
672911(599)
672914(570)
672917(646)
672920(547+ 3)
672921(642)
672929(631)
672932(598)
672933(629)
672935(624)
672891(591)
672893(618)
672899(588)
672904(580)
672905(572)
672849(607)
672856(619)
672857(545+ 5)
672872(550)
672874(641)
672879(605)
672880(639)
672884(566)
672885(624)
672890(643)
672936(586)
672944(649)
672947(654)
672948(606)
672952(551)
672962(565)
672963(575)
672971(590)
672973(615)
672974(611)
672976(577)
672977(618)
672978(626)
672980(560^ 2)
672983(600)
673154(723)
673156(746)
673162(723)
673169(667)
673171(662)
673174(708)
673183(658+ 2)
673193(690)
673198(739)
673200(728)
673128(684)
673129(725)
673141(689)
673147(675)
673152(680)
673077(662)
673085(739)
673093(658+ 2)
673100(688)
673102(667)
673110(734)
673114(684)
673119(730)
673125(722)
673126(673)
673227(748)
673237(660)
673242(661)
673244(722)
673247(712)
673296(690)
673298(704)
673304(730)
673305(735)
673321(668)
673322(672)
673326(725)
673281(667)
673282(687)
673284(657+ 3)
673292(723)
673295(691)
673252(694)
673258(720)
673259(658+ 2)
673264(656+ 4)
673265(662)
673270(746)
673275(696)
673276(734)
673277(709)
673280(722)
673058(725)
673059(688)
673060(699)
673066(720)
673067(755)
672918(684)
672934(758)
672956(736)
672972(696)
672989(711)
672873(695)
672889(751)
672892(675)
672896(691)
672903(667)
672845(674)
672846(692)
672852(665)
672855(727)
672865(762)
673040(719)
673041(714)
673047(716)
673056(757)
673057(656+ 4)
673023(720)
673028(702)
673029(684)
673030(689)
673038(669)
672998(692)
673005(668)
673007(667)
673019(663)
673020(707)
672864(846)
672875(865)
672878(869)
673004(801)
673006(805)
673025(857)
673089(792)
673148(825)
673251(820)
673289(804)
673306(776)
673044(875+ 5)
673207(886)
Khursheed Govt. Girls College Shah Faisal Colony
672821(533^ 1)
94
672887(414^ 2)
672898(437^ 3)
672924(431^ 1)
672955(429)
673045(406^ 4)
673051(424^ 2)
673181(436^ 3)
673186(429^ 2)
673217(433^ 1)
673225(413^ 2)
673042(513)
673046(528)
673053(532)
673054(526)
673068(463)
673017(474)
673018(496)
673034(541)
673035(510)
673036(500)
673108(521)
673111(474^ 2)
673112(472^ 1)
673121(472^ 2)
673124(535)
673071(474^ 1)
673091(537)
673095(452)
673098(502^ 3)
673101(512^ 2)
672951(506)
672954(453^ 2)
672958(524^ 2)
672959(513^ 3)
672960(528)
672927(543)
672928(503^ 2)
672939(479^ 2)
672940(540)
672943(541)
672992(455^ 2)
672993(513)
673001(517)
673010(520)
673013(487)
672970(463)
672982(533)
672985(499)
672990(525)
672991(511)
673257(502)
673261(464^ 3)
673262(448)
673263(462)
673283(523)
673208(476)
673212(479)
673213(452)
673214(504)
673241(468)
687017(473)
694054(454)
694055(535)
673299(527^ 1)
673302(542^ 2)
673310(455)
673313(471^ 3)
673330(529)
673143(536)
673144(477)
673168(509)
673170(531)
673179(449)
673132(525)
673135(507)
673136(485)
673140(457)
673142(521)
673195(512)
673196(533)
673202(451^ 1)
673203(502)
673205(461)
673180(484)
673184(495^ 2)
673191(528)
673192(455)
673194(522)
672854(536)
672859(538)
672861(486)
672862(494)
672863(513)
672841(489)
672842(480)
672844(451)
672848(543)
672853(446)
672866(466^ 3)
672867(529)
672870(498^ 2)
672876(464)
672877(500)
672912(468)
672913(448^ 1)
672915(444^ 2)
672916(499)
672919(503^ 3)
672883(532)
672888(541)
672902(537)
672908(481)
672909(518)
673096(620)
673097(564)
673099(585)
673103(623)
673109(608)
673073(619)
673074(555)
673090(608)
673092(636)
673094(637)
673146(552)
673153(577)
673157(620)
673158(555)
673163(616)
673120(567)
673123(552)
673127(546+ 4)
673130(610^ 1)
673134(601)
673008(577)
673009(629)
673021(648)
673024(563)
673026(568)
672994(576)
672996(549+ 1)
672999(571)
673000(619)
673002(581)
673055(577)
673062(614)
673063(557)
673064(643)
673072(628)
673027(642)
673031(622)
673043(592)
673048(616)
673052(602)
673164(577)
673165(614)
673166(575)
673167(586)
673178(557)
673314(552)
673315(560)
673320(582)
673327(611)
673332(604)
673272(585)
673274(618)
673288(585)
673290(613)
673291(653)
694052(590)
673335(651^ 2)
673336(596)
673339(549+ 1)
673340(589)
673341(636)
673222(636)
673224(551)
673226(625)
673229(550)
673230(578)
673197(625)
673199(602)
673204(645)
673218(599)
673220(647)
673253(624)
673266(562)
673267(651)
673269(641)
673271(616)
673231(568)
673236(581)
673243(651)
673245(574)
673249(621)
95
Govt. Girls Science College Shah Faisal Colony
673555(484)
673556(631)
673551(694)
673552(721)
673558(710)
673554(809)
673557(850)
Mustfavi Shariah College Shah Faisal Colony
673437(416^ 2)
673455(405^ 3)
673458(445^ 3)
673460(478)
673462(483)
673463(544)
673466(504)
673435(472^ 3)
673443(496)
673446(474)
673450(522)
673457(485)
673414(523)
673415(478)
673421(493)
673424(543)
673428(544)
673468(506)
673469(541)
673471(463^ 1)
673475(440)
673479(510)
673521(492)
673510(514)
673511(488)
673512(460)
673519(518)
673520(442)
673484(492)
673489(490)
673493(464)
673494(505)
673496(535)
673441(613)
673445(637)
673454(640)
673464(580)
673465(649)
673406(614)
673422(572)
673432(592)
673438(581)
673439(548+ 2)
673467(546+ 4)
673481(578)
673483(579)
673485(631)
673486(624)
673516(640)
673522(586)
673495(616)
673498(604^ 1)
673502(552)
673503(566)
673509(592)
673411(658+ 2)
673427(683)
673452(719)
673474(671)
673477(752)
673480(729)
673482(748)
673488(724)
673490(755)
673497(693)
673501(742)
673425(767+ 3)
673506(780)
Govt. Girls Higher Secondary School P.A.F. Drigh Road
96
Habib Academy Higher Secondary School, Korangi 5 - 1/2
St. Patrick's College (Morning)
Govt. Degree Boys College Razzakabad
673571(422^ 1)
673574(415^ 4)
673577(401^ 1)
673605(434^ 3)
694113(425)
673572(458^ 1)
673573(457)
673576(522^ 1)
673579(458)
673583(528)
673589(544)
673596(478^ 2)
673606(455^ 2)
673607(478^ 1)
673608(448)
673614(505)
687141(512^ 2)
687142(436+ 4)
673575(576)
673587(636)
673592(562)
673602(548+ 2)
673586(750)
673600(659+ 1)
97
Karachi Cambridge College, Sher Shah
Iqra Intermediate College for Boys & Girls, Shah Faisal Colony
N.J.V. Govt. Boys Higher Sec. School (Sindhi Medium)
690621(526)
98
696002(454^ 3)
696153(523)
696201(496)
696551(501^ 3)
696601(513)
696754(521)
696101(631)
696502(568)
696504(574)
696552(633)
696554(555)
<< PRIVATE FEMALE>>
695201(423^ 3)
695203(519)
695251(474^ 1)
695401(494)
695502(616)
695752(576)
695001(698)
695754(674)
<< PRIVATE MALE >>
.
