Science 
                  Pre-Engineering Part I
URL: https://www.biek.edu.pk/Result-2022/Part-I/SE/Result-Gazette-SER-Part-I-Annual-2022.pdf
Source: https://www.biek.edu.pk/LastResults.asp

1
CANDIDATES BEARING THE FOLLOWING ROLL NUMBERS ARE DECLARED TO HAVE
PASSED THE INTERMEDIATE SCIENCE (PRE-ENGINEERING) GROUP PART - I (CLASS XI)
ANNUAL EXAMINATION 2022.
100230(59)
100231(68)
100235(60)
100243(77)
100245(76)
100201(67)
100202(82)
100206(62)
100210(72)
100227(75)
2 Papers
100247(99)
100249(109)
100251(131)
100259(115)
100266(124)
100215(141)
100219(96)
100226(108)
100229(108)
100238(147)
100292(119)
***********
100276(110)
100277(91)
100283(116)
100285(113)
100290(114)
3 Papers
100222(194)
100236(159)
100241(151)
100253(159)
100258(176)
100205(167)
100211(178)
100216(177)
100218(159)
100221(141)
100281(175)
100287(140)
100291(175)
100261(168)
100265(160)
100267(160)
100273(159)
100274(195)
4 Papers
100244(212)
100246(230)
100255(247)
100295(224)
100208(235)
100209(240)
100214(239)
100225(207)
100237(241)
5 Papers
100213(320)
100217(301)
100228(250)
100250(330)
100256(371)
100280(222)
6 Papers
Govt. Degree Boys Sc./Arts/Comm. College 5-L New Karachi
****NIL****
1Paper
100002(72)
100003(67)
100009(60)
100019(52)
100021(75)
100035(62)
100041(81)
100004(99)
100007(96)
100013(107)
100017(155)
100020(105)
100025(96)
100026(109)
100029(118)
100034(109)
100037(111)
100042(101)
100001(170)
100005(180)
100006(206)
100011(143)
100014(157)
100016(149)
100018(166)
100040(153)
100012(237)
100015(273)
100023(183)
100024(201)
100027(274)
100028(194)
100030(208)
100032(191)
100036(209)
100038(210)
100043(205)
100008(333)
100031(283)
100033(282)
100039(371)
Govt. Degree Boys College, Surjani Town
2
100798(196)
100801(230)
100803(223)
100805(231)
100808(223)
100769(235)
100775(250)
100791(218)
100795(275)
100796(225)
100835(242)
100837(317)
100840(224)
100846(258)
100851(212)
100825(232)
100828(265)
100829(297)
100832(208)
100834(183)
100709(215)
100715(257)
100716(195)
100717(198)
100719(202)
100701(217)
100703(231)
100705(198)
100707(211)
100708(197)
100749(231)
100755(226)
100756(270)
100758(223)
100767(252)
100729(229)
100731(202)
100743(242)
100745(244)
100748(228)
100953(177)
100958(221)
100960(210)
100966(232)
100977(235)
100874(232)
100876(228)
100879(235)
100894(255)
100899(182)
100856(236)
100861(202)
100863(245)
100867(255)
100871(213)
100919(226)
100920(252)
100941(211)
100949(224)
100950(209)
100909(228)
100911(306)
100913(280)
100914(214)
100916(248)
101047(303)
101059(270)
101066(410)
101068(348)
101069(322)
101022(278)
101030(388)
101031(322)
101037(290)
101044(250)
101003(330)
101004(324)
101008(296)
101010(275)
101020(310)
101214(327)
101093(247)
101097(292)
101100(244)
101111(269)
101117(264)
101070(314)
101087(232)
101089(282)
101090(324)
101091(269)
100990(261)
100991(284)
100992(281)
100994(279)
100996(252)
100782(339)
100784(243)
100785(281)
100787(279)
100788(306)
100799(301)
100800(277)
100802(290)
100804(301)
100806(244)
100807(359)
100809(294)
100810(276)
100815(257)
100817(353)
100725(407)
100732(306)
100737(270)
100740(299)
100746(287)
100747(302)
100760(299)
100761(320)
100765(298)
100766(336)
100771(268)
100772(385)
100774(287)
100779(262)
100781(309)
100820(311)
100822(247)
100823(293)
100824(285)
100826(286)
100912(405)
100917(364)
100918(412)
100930(270)
100935(323)
100947(289)
100955(260)
100965(251)
100967(361)
100969(313)
100970(487)
100971(387)
100979(281)
100980(349)
100981(286)
100838(287)
100841(294)
100842(328)
100845(312)
100847(279)
100848(306)
100852(329)
100854(303)
100855(289)
100857(330)
100865(341)
100870(220)
100889(252)
100892(267)
100896(275)
Govt. Boys Degree College Buffer Zone
100212(27)
100220(32)
100223(31)
100232(30)
100233(29)
100234(29)
100239(18)
100248(35)
100252(33)
100268(19)
100271(17)
100275(40)
100254(69)
100257(68)
100263(52)
100264(62)
100269(72)
100272(74)
100278(60)
100279(75)
100282(68)
100284(53)
100289(63)
100293(83)
100294(80)
100296(59)
3
100757(125)
100763(119)
100773(120)
100794(116)
100797(158)
100739(118)
100742(115)
100744(127)
100751(126)
100752(115)
100711(130)
100720(125)
100721(144)
100735(157)
100738(121)
101071(215)
101072(233)
101073(210)
101075(172)
101077(200)
101032(162)
101035(190)
101055(173)
101058(163)
101062(181)
101098(143)
101101(158)
101109(150)
101115(147)
101116(154)
101078(167)
101081(182)
101082(166)
101092(168)
101096(155)
100957(136)
100961(186)
100962(193)
100968(162)
100973(166)
100933(169)
100936(179)
100944(179)
100946(169)
100948(161)
101016(205)
101019(162)
101025(155)
101027(161)
101029(178)
100974(183)
100986(186)
100993(168)
101006(203)
101011(168)
101172(184)
101185(163)
101188(188)
101191(187)
101197(145)
101162(147)
101163(172)
101164(176)
101170(185)
101171(168)
101220(185)
101233(200)
101235(198)
101201(210)
101213(173)
101216(175)
101217(197)
101218(209)
101131(127)
101132(134)
101137(174)
101139(170)
101142(160)
101120(191)
101122(153)
101123(165)
101124(140)
101130(161)
101153(149)
101155(182)
101156(152)
101157(197)
101159(169)
101143(176)
101144(180)
101145(173)
101147(139)
101148(169)
100925(152)
100926(172)
100927(171)
100929(188)
100932(165)
100778(200)
100780(185)
100786(221)
100789(192)
100814(181)
100821(195)
100827(182)
100831(180)
100833(178)
100836(185)
100762(195)
100764(139)
100770(196)
100776(231)
100777(163)
100706(183)
100710(159)
100723(180)
100726(138)
100728(171)
100730(180)
100741(221)
100750(185)
100753(183)
100754(164)
100893(159)
100897(157)
100900(180)
100904(198)
100906(197)
100907(186)
100910(208)
100922(190)
100923(160)
100924(149)
100881(172)
100885(180)
100887(158)
100888(169)
100891(152)
100849(181)
100850(164)
100864(146)
100866(180)
100868(175)
100869(163)
100872(162)
100873(167)
100878(158)
100880(186)
101017(217)
101021(220)
101024(235)
101026(250)
101028(272)
101042(243)
101043(252)
101045(212)
101046(190)
101049(229)
101005(259)
101007(205)
101012(228)
101014(267)
101015(243)
100982(232)
100983(224)
100984(247)
100985(248)
100987(244)
100988(241)
100995(200)
100997(215)
100998(224)
101001(185)
101052(243)
101053(206)
101054(225)
101057(241)
101063(230)
101149(189)
101175(214)
101182(250)
101187(259)
101194(210)
101195(226)
101206(215)
101207(219)
101133(189)
101134(202)
101138(219)
101140(240)
101141(240)
101064(204)
101067(226)
101074(259)
101076(224)
101079(259)
101084(233)
101085(220)
101094(213)
101099(211)
101102(221)
4
101426(204)
101435(205)
101469(193)
101477(203)
101479(267)
101489(222)
101498(216)
101499(246)
101512(260)
101521(243)
101540(263)
101542(219)
101424(364)
101450(303)
101466(260)
101482(276)
101483(250)
101485(371)
101492(270)
101496(255)
101504(278)
101535(310)
Govt. Degree College for Boys 7-D/2, North Karachi
100712(27)
100713(29)
100734(52)
100895(28)
100915(22)
100963(32)
101034(39)
101038(24)
101048(33)
101183(32)
101189(22)
101199(30)
101200(20)
101232(29)
101050(80)
101056(68)
101113(63)
101114(69)
101121(63)
100972(77)
100975(83)
100976(77)
101023(71)
101041(79)
100938(97)
100943(66)
100951(75)
100952(61)
100964(66)
101152(66)
101158(71)
101167(97)
101169(78)
101173(68)
101230(87)
101231(76)
101209(67)
101211(73)
101212(62)
101215(81)
101224(69)
101180(74)
101181(82)
101192(76)
101205(71)
101208(77)
100793(83)
100858(62)
100877(61)
100890(68)
100931(63)
100704(65)
100714(62)
100718(63)
100722(89)
100724(71)
100733(65)
100736(75)
100768(90)
100783(106)
100792(74)
101000(118)
101009(116)
101013(121)
101018(131)
101033(129)
100945(119)
100956(142)
100959(118)
100989(124)
100999(122)
101083(160)
101086(115)
101088(123)
101095(128)
101104(113)
101036(144)
101039(112)
101060(122)
101061(122)
101080(98)
100928(129)
100934(121)
100937(118)
100939(109)
100940(111)
100843(154)
100844(161)
100853(106)
100859(118)
100860(103)
100812(138)
100813(155)
100816(113)
100819(140)
100830(137)
100886(103)
100898(101)
100903(139)
100905(120)
100921(121)
100862(115)
100875(101)
100882(125)
100883(102)
100884(120)
101105(109)
101106(124)
101107(118)
101108(135)
101110(101)
101204(140)
101210(146)
101219(144)
101221(133)
101222(142)
101190(127)
101193(118)
101196(115)
101202(125)
101203(110)
101236(147)
101237(128)
101238(129)
101239(125)
101241(151)
101223(117)
101226(111)
101227(120)
101229(126)
101234(108)
101177(111)
101178(131)
101179(118)
101184(123)
101186(112)
101128(107)
101129(120)
101135(130)
101136(120)
101146(116)
101112(161)
101118(137)
101119(120)
101126(101)
101127(113)
101165(113)
101166(104)
101168(141)
101174(122)
101176(133)
101150(92)
101151(102)
101154(103)
101160(112)
101161(111)
5
101889(352)
101892(396)
101893(442)
101894(384)
101897(337)
101898(397)
101899(295)
101908(296)
101930(318)
101947(351)
101948(271)
101954(384)
101955(388)
101959(385)
101965(244)
101808(288)
101838(330)
101857(335)
101864(344)
101865(274)
101868(292)
101872(369)
101873(312)
101876(344)
101881(293)
101882(278)
101883(396)
101884(346)
101886(300)
101888(351)
101968(303)
101969(284)
102009(402)
102019(373)
102025(384)
102029(373)
102030(358)
102047(342)
102053(292)
102059(310)
102062(292)
102065(277)
102066(274)
102072(290)
102074(324)
102076(310)
102079(410)
102086(308)
102088(289)
102107(342)
Jinnah Govt. College Nazimabad
101440(20)
101441(38)
101447(27)
101451(19)
101461(26)
101401(22)
101409(30)
101410(18)
101420(24)
101425(20)
101541(23)
101546(20)
101551(32)
101553(18)
101556(38)
101470(29)
101497(24)
101511(30)
101536(20)
101538(36)
101464(72)
101465(63)
101467(61)
101468(63)
101478(81)
101501(52)
101507(77)
101518(82)
101524(64)
101525(69)
101528(75)
101532(82)
101539(77)
101548(91)
101552(59)
101430(63)
101446(70)
101448(78)
101462(67)
101463(76)
101405(68)
101406(74)
101412(59)
101415(58)
101419(89)
101453(115)
101454(111)
101458(92)
101459(117)
101460(107)
101472(109)
101474(95)
101475(102)
101481(136)
101484(105)
101434(114)
101437(143)
101442(108)
101445(116)
101452(138)
101404(96)
101413(103)
101416(123)
101417(100)
101418(127)
101421(114)
101423(104)
101427(138)
101429(117)
101433(117)
101543(130)
101544(108)
101545(88)
101550(112)
101554(133)
101555(155)
101516(110)
101526(113)
101527(127)
101529(105)
101530(124)
101487(137)
101491(113)
101493(111)
101502(126)
101503(104)
101509(106)
101510(99)
101513(125)
101514(153)
101515(162)
101455(158)
101456(184)
101457(168)
101471(189)
101473(164)
101476(148)
101480(144)
101486(171)
101488(196)
101490(183)
101403(161)
101414(194)
101431(161)
101432(152)
101436(185)
101438(165)
101439(166)
101443(166)
101444(155)
101449(151)
101531(175)
101533(213)
101534(169)
101547(178)
101549(148)
101558(152)
101494(180)
101495(185)
101500(201)
101505(151)
101508(203)
101517(170)
101519(189)
101520(173)
101522(177)
101523(222)
6
102761(269)
102764(354)
102773(299)
102779(265)
102780(305)
102752(354)
102753(319)
102756(355)
102757(309)
102759(366)
102782(277)
102783(342)
102784(313)
102789(296)
102790(321)
102840(304)
102850(303)
102854(291)
102859(347)
102860(405)
102791(265)
102801(358)
102803(320)
102807(263)
102838(268)
102670(337)
102671(332)
102674(439)
102682(305)
102691(368)
102662(293)
102665(326)
102666(366)
102668(309)
102669(288)
102692(356)
102693(317)
102694(306)
102722(305)
102724(295)
102738(358)
102740(298)
102741(314)
102743(408)
102751(339)
102725(309)
102726(317)
102735(314)
102736(359)
102737(388)
102984(275)
102985(257)
102988(280)
102989(309)
103004(341)
102976(319)
102978(476)
102980(425)
102981(446)
102983(291)
103006(300)
103007(301)
103008(298)
103031(330)
103032(293)
103063(298)
103076(270)
103096(355)
103127(317)
103040(241)
103044(303)
103048(250)
103054(289)
103056(287)
102877(276)
102878(306)
102891(354)
102892(287)
102894(258)
102861(309)
102865(429)
102866(314)
102874(246)
102876(366)
102896(338)
102897(282)
102902(318)
102920(300)
102924(287)
102951(319)
102952(312)
102954(342)
102960(377)
102967(327)
102925(339)
102926(268)
102929(279)
102930(348)
102947(313)
102638(236)
102641(270)
102642(355)
102647(338)
102648(341)
102366(268)
102381(345)
102402(417)
102414(310)
102419(331)
102295(341)
102304(305)
102340(212)
102343(299)
102360(269)
102426(291)
102427(304)
102443(431)
102444(390)
102454(322)
102499(360)
102502(296)
102503(304)
102505(299)
102506(299)
102468(289)
102470(294)
102473(340)
102480(366)
102484(254)
102264(314)
102267(286)
102269(368)
102270(359)
102282(314)
102152(324)
102155(290)
102160(302)
102164(272)
102165(309)
102112(334)
102136(286)
102143(259)
102145(367)
102149(393)
102171(284)
102172(314)
102173(351)
102175(316)
102179(297)
102227(269)
102241(316)
102243(319)
102249(361)
102251(421)
102192(259)
102204(315)
102205(282)
102213(286)
102217(340)
102597(359)
102602(406)
102603(298)
102610(361)
102613(257)
102585(296)
102587(311)
102590(384)
102591(342)
102595(290)
102614(309)
102615(369)
102616(374)
102618(257)
102624(304)
102631(271)
102633(292)
102634(392)
102635(300)
102637(230)
102626(388)
102627(395)
102628(412)
102629(300)
102630(266)
102570(324)
102571(357)
102574(325)
102575(284)
102577(252)
102516(241)
102519(261)
102520(258)
102522(300)
102523(282)
102507(343)
102508(281)
102511(316)
102512(253)
102513(330)
102524(316)
102530(246)
102532(311)
102533(303)
102534(307)
102548(238)
102549(258)
102552(246)
102561(417)
102566(312)
102535(328)
102543(353)
102544(280)
102545(314)
102547(307)
7
102681(235)
102686(237)
102687(297)
102689(220)
102702(294)
102672(256)
102673(236)
102675(292)
102676(241)
102679(200)
102703(259)
102713(254)
102714(267)
102715(242)
102719(243)
102746(244)
102748(263)
102754(255)
102762(216)
102767(229)
102723(232)
102734(223)
102742(236)
102744(270)
102745(230)
102659(205)
102660(221)
102661(281)
102663(258)
102664(224)
102604(233)
102605(267)
102606(232)
102607(237)
102608(237)
102611(226)
102620(194)
102621(186)
102622(210)
102625(241)
102646(265)
102649(246)
102650(278)
102654(216)
102655(251)
102632(234)
102640(240)
102643(251)
102644(296)
102645(257)
102770(195)
102775(251)
102777(235)
102778(246)
102787(255)
102990(241)
102991(213)
102994(221)
102998(225)
103000(224)
102971(248)
102972(251)
102974(276)
102982(227)
102987(249)
103002(227)
103021(232)
103033(280)
103041(241)
103045(268)
102931(305)
102949(280)
102955(278)
102964(256)
102966(246)
102804(218)
102806(219)
102817(261)
102820(246)
102821(243)
102788(248)
102792(213)
102794(213)
102796(240)
102798(263)
102837(229)
102843(268)
102853(255)
102855(225)
102856(272)
102885(216)
102886(209)
102895(248)
102915(247)
102923(265)
102857(222)
102858(242)
102864(251)
102873(222)
102884(274)
102024(214)
102031(253)
102032(267)
102034(257)
102043(259)
101992(217)
102000(286)
102001(244)
102005(199)
102015(192)
102044(224)
102048(253)
102049(230)
102055(222)
102073(223)
102138(251)
102142(233)
102144(216)
102150(232)
102151(233)
102092(190)
102099(259)
102101(230)
102111(180)
102133(226)
101951(258)
101952(246)
101956(268)
101962(233)
101984(220)
101811(172)
101822(243)
101826(239)
101827(320)
101835(225)
102586(252)
102588(245)
102592(225)
102598(233)
102599(241)
101840(221)
101856(212)
101858(250)
101875(280)
101887(238)
101931(280)
101935(278)
101939(260)
101943(270)
101950(269)
101890(253)
101891(281)
101910(238)
101919(250)
101925(255)
102521(197)
102525(235)
102526(198)
102537(219)
102540(261)
102490(223)
102500(209)
102504(280)
102510(258)
102518(225)
102541(266)
102542(237)
102546(216)
102550(225)
102554(186)
102576(251)
102580(261)
102581(247)
102582(245)
102584(236)
102555(204)
102556(234)
102563(235)
102568(233)
102573(241)
102474(247)
102482(245)
102485(187)
102487(176)
102488(282)
102232(311)
102235(212)
102247(203)
102252(220)
102277(209)
102159(213)
102162(215)
102198(220)
102214(236)
102223(223)
102294(254)
102331(233)
102342(210)
102348(226)
102372(220)
102439(298)
102447(246)
102457(223)
102469(232)
102471(259)
102375(231)
102378(279)
102406(277)
102418(194)
102428(249)
8
102747(212)
102749(224)
102750(198)
102755(173)
102765(237)
102721(187)
102727(201)
102728(157)
102729(194)
102730(195)
102766(173)
102785(194)
102793(170)
102795(196)
102802(180)
102815(151)
102816(157)
102819(173)
102825(193)
102826(169)
102805(182)
102810(169)
102811(191)
102813(193)
102814(169)
102709(209)
102710(162)
102712(163)
102716(212)
102717(183)
102583(158)
102589(145)
102600(175)
102609(173)
102612(156)
102619(181)
102623(178)
102639(195)
102651(175)
102656(153)
102696(157)
102698(185)
102704(193)
102705(174)
102708(180)
102677(165)
102678(207)
102683(203)
102690(184)
102695(163)
102829(166)
102842(159)
102845(164)
102846(158)
102847(207)
102946(174)
102948(180)
102953(186)
102956(177)
102957(195)
102939(167)
102940(173)
102941(191)
102944(197)
102945(193)
102961(220)
102962(205)
102963(169)
102970(184)
102973(206)
102928(173)
102932(183)
102933(217)
102937(163)
102938(161)
102883(182)
102887(149)
102888(179)
102889(158)
102898(150)
102848(199)
102868(171)
102872(185)
102881(168)
102882(188)
102903(203)
102904(214)
102907(189)
102908(186)
102909(239)
102916(204)
102917(230)
102919(175)
102921(172)
102922(194)
102910(211)
102911(197)
102912(189)
102913(216)
102914(218)
101970(170)
102002(195)
102004(146)
102007(170)
102010(152)
101949(149)
101953(146)
101963(174)
101966(151)
101967(152)
102020(204)
102022(164)
102023(153)
102033(173)
102038(159)
102012(194)
102013(207)
102014(168)
102016(175)
102018(168)
101909(170)
101915(148)
101940(159)
101945(166)
101946(166)
101801(194)
101807(158)
101813(189)
101814(169)
101816(183)
102531(178)
102559(174)
102562(157)
102569(183)
102579(178)
101880(212)
101896(173)
101901(138)
101904(155)
101907(179)
101832(152)
101834(154)
101860(180)
101869(188)
101878(185)
102041(170)
102052(175)
102056(167)
102057(189)
102064(159)
102446(188)
102448(169)
102451(196)
102453(140)
102464(149)
102421(194)
102431(182)
102435(147)
102436(164)
102445(204)
102501(139)
102509(149)
102514(141)
102528(167)
102529(190)
102465(168)
102466(175)
102472(164)
102477(160)
102489(179)
102338(158)
102358(143)
102388(147)
102408(155)
102409(178)
102190(166)
102191(172)
102193(160)
102194(144)
102211(155)
102069(179)
102081(186)
102125(176)
102148(172)
102157(156)
102261(203)
102262(175)
102265(219)
102296(165)
102303(172)
102220(207)
102225(151)
102231(145)
102234(146)
102250(174)
103049(247)
103055(219)
103061(285)
103071(188)
103074(248)
103091(223)
103094(223)
103103(233)
103139(255)
103075(254)
103077(268)
103084(206)
103085(207)
103086(251)
9
102276(113)
102286(128)
102287(126)
102293(127)
102302(107)
102256(105)
102258(111)
102259(132)
102266(126)
102271(114)
102325(107)
102328(108)
102329(109)
102335(137)
102336(111)
102357(124)
102365(117)
102382(120)
102390(110)
102393(105)
102337(101)
102339(124)
102341(118)
102352(127)
102354(124)
102229(130)
102233(95)
102237(123)
102244(115)
102246(99)
102126(126)
102131(120)
102137(107)
102139(138)
102146(102)
102147(126)
102154(120)
102161(106)
102167(128)
102168(142)
102196(134)
102197(127)
102206(150)
102212(108)
102228(133)
102170(114)
102181(113)
102182(102)
102189(122)
102195(144)
102404(120)
102405(130)
102411(103)
102415(98)
102424(124)
102771(113)
102774(114)
102781(138)
102786(125)
102797(150)
102733(133)
102739(115)
102760(143)
102768(112)
102769(118)
102800(142)
102808(112)
102809(112)
102827(110)
102830(123)
102701(121)
102706(120)
102707(128)
102711(102)
102732(122)
102483(119)
102495(134)
102497(112)
102517(99)
102527(115)
102441(108)
102455(137)
102461(132)
102476(138)
102481(143)
102538(109)
102551(102)
102553(128)
102558(114)
102567(142)
102658(112)
102667(107)
102697(114)
102699(131)
102700(121)
102578(106)
102601(109)
102617(118)
102636(134)
102657(112)
101851(117)
101855(140)
101862(129)
101879(109)
101885(160)
101900(119)
101902(125)
101903(114)
101911(90)
101914(121)
101916(99)
101917(109)
101920(101)
101922(118)
101923(113)
101839(123)
101841(113)
101846(150)
101847(127)
101848(138)
102117(115)
102120(128)
102121(102)
102123(135)
102124(112)
101802(121)
101806(95)
101810(110)
101812(126)
101815(125)
101817(155)
101818(116)
101833(146)
101836(119)
101837(150)
102026(101)
102035(125)
102037(107)
102042(130)
102051(151)
102054(148)
102063(123)
102071(103)
102078(106)
102080(95)
102089(115)
102094(130)
102097(110)
102115(158)
102116(130)
101996(104)
101997(142)
102003(124)
102006(99)
102021(156)
101924(124)
101929(110)
101932(113)
101934(115)
101941(118)
101942(115)
101944(153)
101961(133)
101964(128)
101976(118)
101980(157)
101986(135)
101989(134)
101991(125)
101994(132)
103028(191)
103034(176)
103035(208)
103037(180)
103038(186)
103005(218)
103009(198)
103018(166)
103020(168)
103023(176)
102975(186)
102977(210)
102986(165)
103001(191)
103003(229)
103046(169)
103047(188)
103050(184)
103051(163)
103052(187)
103112(219)
103116(182)
103130(180)
103131(203)
103133(205)
103137(184)
103138(210)
103053(192)
103057(211)
103058(181)
103066(136)
103067(149)
103073(160)
103088(149)
103098(171)
103102(147)
103109(164)
10
102263(96)
102268(73)
102278(80)
102279(77)
102280(55)
102236(67)
102239(73)
102245(70)
102254(67)
102257(69)
102285(74)
102290(78)
102291(72)
102300(56)
102301(77)
102314(68)
102320(71)
102321(69)
102323(55)
102334(85)
102307(63)
102308(62)
102309(69)
102311(63)
102313(68)
102210(71)
102216(72)
102221(73)
102224(78)
102230(63)
102108(51)
102109(75)
102110(74)
102113(84)
102114(84)
102118(80)
102119(67)
102128(61)
102130(84)
102134(63)
102183(70)
102199(80)
102201(62)
102202(78)
102207(63)
102153(72)
102169(61)
102176(61)
102177(70)
102180(76)
102346(57)
102347(61)
102351(67)
102353(69)
102364(75)
102685(71)
102688(89)
102718(54)
102720(66)
102731(78)
102557(86)
102565(70)
102593(64)
102594(56)
102680(70)
102758(62)
102763(71)
102776(75)
102799(90)
102812(80)
102475(86)
102486(60)
102492(68)
102493(61)
102539(83)
102380(70)
102384(95)
102386(68)
102389(66)
102397(61)
102367(82)
102368(57)
102373(58)
102376(65)
102377(67)
102399(87)
102400(56)
102410(78)
102413(52)
102416(55)
102430(64)
102449(54)
102452(75)
102459(70)
102462(74)
102417(86)
102420(64)
102422(61)
102423(56)
102425(76)
101843(65)
101844(60)
101845(66)
101859(79)
101861(60)
101863(67)
101866(70)
101867(64)
101874(63)
101877(66)
102061(78)
102075(64)
102085(69)
102093(73)
102096(62)
101809(74)
101820(69)
101830(67)
101831(66)
101842(69)
101895(79)
101905(89)
101921(92)
101936(96)
101937(77)
101993(81)
101995(72)
101998(98)
102008(57)
102011(72)
102017(76)
102036(75)
102039(52)
102045(61)
102060(73)
101938(67)
101960(79)
101971(90)
101974(84)
101975(67)
101977(61)
101978(89)
101979(72)
101985(61)
101987(77)
102900(127)
102901(99)
102905(148)
102906(135)
102918(164)
102927(135)
102934(146)
102935(114)
102942(130)
102943(129)
102950(142)
102958(148)
102965(136)
102968(106)
102979(115)
102831(124)
102832(128)
102833(118)
102835(147)
102836(116)
102839(129)
102841(119)
102849(147)
102851(117)
102852(131)
102862(125)
102869(124)
102870(108)
102875(152)
102899(116)
103093(106)
103095(132)
103099(116)
103100(104)
103101(124)
103107(122)
103115(137)
103118(98)
103122(119)
103126(135)
103132(104)
103134(99)
103136(120)
103142(120)
103143(119)
103062(143)
103070(120)
103072(104)
103078(147)
103082(121)
102992(117)
102993(115)
102995(128)
102997(146)
102999(130)
103010(107)
103011(119)
103015(122)
103019(112)
103024(139)
103026(152)
103027(135)
103036(159)
103039(111)
103059(130)
11
103439(333)
103445(371)
103456(296)
103482(365)
103485(340)
103509(288)
103512(254)
103524(318)
103527(274)
103532(329)
103363(306)
103366(313)
103370(284)
103373(332)
103375(293)
103399(260)
103410(269)
103421(324)
103433(277)
103438(309)
103559(347)
103560(289)
103561(342)
103562(331)
103593(285)
103594(331)
103595(285)
103596(365)
103607(300)
103614(340)
Pakistan Shipowner's Govt. College
102394(17)
102395(29)
102396(19)
102401(26)
102412(19)
102429(25)
102432(38)
102434(28)
102437(33)
102440(30)
102442(17)
102450(21)
102458(23)
102467(17)
102494(26)
102349(22)
102350(27)
102355(20)
102356(30)
102359(21)
102361(20)
102362(26)
102363(31)
102369(20)
102371(23)
102379(26)
102383(17)
102385(23)
102391(25)
102392(23)
103079(46)
103106(20)
103111(25)
103113(38)
103114(34)
103117(37)
103119(18)
103123(26)
103125(33)
103140(58)
103141(42)
102498(29)
102515(36)
102560(42)
102564(48)
102572(17)
102652(25)
102653(35)
102772(41)
102823(42)
102844(19)
102871(23)
103014(21)
103016(47)
103042(20)
103068(30)
102324(25)
102327(26)
102330(17)
102332(25)
102345(19)
101999(19)
102027(28)
102028(39)
102040(27)
102046(21)
102067(31)
102070(29)
102077(24)
102082(22)
102083(31)
102084(28)
102087(32)
102090(24)
102095(27)
102098(38)
101973(17)
101981(24)
101982(21)
101988(31)
101990(39)
101803(21)
101804(20)
101805(37)
101821(36)
101824(39)
101825(37)
101828(24)
101850(30)
101852(31)
101853(24)
101912(36)
101918(17)
101926(20)
101933(23)
101972(26)
102253(23)
102255(31)
102274(24)
102275(21)
102281(22)
102283(21)
102284(17)
102288(24)
102289(17)
102297(24)
102305(34)
102310(36)
102312(17)
102315(21)
102319(21)
102218(19)
102219(28)
102226(27)
102238(17)
102240(61)
102102(26)
102103(26)
102127(22)
102129(30)
102132(19)
102140(28)
102158(33)
102163(26)
102174(22)
102184(33)
102186(31)
102187(18)
102188(22)
102203(39)
102215(35)
102936(72)
102969(80)
102996(83)
103012(70)
103013(65)
102867(70)
102879(58)
102880(87)
102890(87)
102893(97)
102818(93)
102822(98)
102824(82)
102828(84)
102834(78)
103025(91)
103043(61)
103064(84)
103065(81)
103069(71)
103129(90)
103097(59)
103104(60)
103120(70)
103121(64)
103124(74)
103081(87)
103083(91)
103087(73)
103090(80)
103092(70)
12
103374(172)
103377(183)
103378(191)
103379(169)
103380(167)
103381(152)
103383(195)
103384(159)
103386(151)
103387(197)
103388(222)
103393(181)
103394(182)
103395(155)
103398(178)
103359(217)
103360(190)
103367(174)
103368(183)
103372(198)
103333(174)
103335(178)
103336(195)
103338(178)
103339(170)
103340(160)
103341(166)
103343(185)
103345(158)
103346(205)
103348(187)
103350(160)
103352(177)
103355(150)
103358(186)
103454(151)
103459(160)
103466(222)
103471(161)
103474(177)
103402(183)
103403(182)
103404(163)
103405(142)
103408(158)
103409(149)
103414(149)
103415(158)
103425(192)
103427(174)
103428(180)
103430(152)
103440(158)
103446(179)
103452(152)
103625(213)
103627(246)
103628(251)
103629(252)
103631(240)
103645(220)
103650(224)
103658(228)
103666(258)
103671(257)
103603(246)
103604(233)
103609(227)
103612(263)
103613(242)
103616(254)
103617(196)
103619(244)
103620(243)
103621(265)
103736(250)
103737(262)
103738(231)
103745(233)
103748(227)
103754(208)
103757(227)
103677(237)
103683(319)
103690(260)
103717(241)
103719(253)
103728(249)
103732(218)
103733(194)
103734(204)
103735(243)
103591(254)
103597(263)
103599(210)
103601(266)
103602(235)
103450(216)
103453(246)
103461(206)
103462(222)
103463(253)
103464(224)
103467(218)
103468(230)
103469(230)
103472(211)
103473(204)
103475(249)
103476(257)
103477(270)
103486(234)
103436(209)
103441(226)
103443(244)
103444(294)
103447(194)
103342(240)
103361(305)
103362(226)
103364(218)
103371(282)
103389(219)
103391(257)
103392(265)
103417(260)
103418(217)
103419(244)
103420(257)
103422(236)
103423(213)
103424(228)
103567(237)
103570(245)
103571(268)
103572(260)
103573(243)
103574(242)
103577(228)
103580(297)
103581(266)
103582(269)
103584(233)
103586(263)
103587(262)
103589(268)
103590(303)
103549(223)
103550(283)
103553(265)
103558(239)
103564(222)
103507(251)
103511(248)
103518(260)
103521(219)
103525(233)
103534(208)
103536(232)
103537(242)
103538(246)
103541(222)
103542(264)
103543(253)
103544(206)
103545(231)
103548(223)
103655(285)
103676(302)
103681(295)
103697(366)
103716(355)
103646(253)
103647(331)
103649(264)
103651(336)
103654(282)
103632(306)
103633(337)
103634(291)
103642(268)
103644(313)
103720(299)
103721(352)
103722(329)
103723(343)
103724(333)
103767(309)
103740(315)
103741(373)
103755(279)
103758(302)
103764(322)
103725(316)
103726(275)
103727(303)
103729(295)
103730(292)
13
103449(71)
103451(68)
103458(57)
103489(88)
103498(68)
103385(67)
103412(74)
103431(65)
103432(76)
103434(78)
103332(59)
103344(73)
103356(80)
103357(63)
103382(66)
103504(78)
103510(89)
103528(83)
103547(96)
103568(74)
103615(135)
103623(128)
103626(122)
103653(128)
103657(161)
103662(134)
103665(155)
103667(159)
103668(187)
103670(116)
103672(128)
103673(137)
103674(144)
103678(115)
103679(155)
103585(106)
103592(157)
103600(127)
103605(133)
103608(131)
103503(107)
103506(167)
103513(115)
103514(135)
103515(135)
103517(122)
103526(151)
103531(127)
103535(122)
103540(114)
103546(119)
103551(124)
103555(131)
103557(133)
103565(123)
103680(119)
103684(148)
103687(156)
103688(135)
103689(114)
103772(114)
103775(137)
103776(108)
103777(160)
103779(109)
103780(130)
103784(118)
103786(130)
103787(128)
103788(131)
103790(114)
103792(102)
103793(99)
103795(104)
103743(123)
103753(121)
103756(124)
103763(114)
103771(126)
103691(142)
103692(115)
103693(130)
103695(132)
103698(120)
103701(149)
103702(126)
103704(164)
103705(139)
103706(127)
103707(105)
103710(145)
103711(160)
103712(152)
103714(148)
103470(146)
103481(96)
103493(146)
103497(146)
103500(123)
103351(126)
103354(132)
103369(117)
103376(106)
103390(118)
103331(91)
103334(133)
103337(114)
103347(151)
103349(111)
103396(109)
103397(147)
103400(113)
103401(97)
103411(105)
103448(143)
103455(113)
103457(126)
103460(96)
103465(164)
103426(103)
103429(118)
103435(120)
103437(112)
103442(117)
103569(172)
103575(181)
103576(191)
103578(185)
103579(156)
103552(145)
103554(173)
103556(147)
103563(189)
103566(162)
103622(202)
103624(162)
103630(182)
103635(196)
103636(171)
103583(170)
103588(181)
103606(168)
103610(203)
103618(215)
103490(216)
103492(185)
103494(169)
103495(231)
103496(187)
103480(190)
103483(205)
103484(175)
103487(178)
103488(191)
103520(183)
103523(157)
103530(187)
103533(202)
103539(187)
103499(179)
103502(183)
103508(182)
103516(201)
103519(179)
103749(143)
103750(213)
103751(176)
103752(203)
103759(171)
103739(198)
103742(195)
103744(170)
103746(187)
103747(185)
103769(209)
103773(196)
103778(203)
103781(170)
103760(181)
103762(183)
103765(174)
103766(185)
103768(215)
103643(176)
103656(221)
103659(194)
103660(172)
103664(192)
103637(199)
103638(216)
103639(157)
103640(165)
103641(164)
103700(192)
103708(184)
103713(192)
103718(180)
103731(182)
103669(187)
103675(205)
103682(211)
103686(177)
103694(165)
14
104411(234)
104415(277)
104420(234)
104421(251)
104422(265)
152906(233)
104412(385)
104413(269)
104414(266)
104417(319)
104418(295)
152901(348)
152905(300)
152907(396)
152908(313)
152909(351)
152910(344)
Al-Khair College of Higher Education
104321(167)
104323(193)
104327(164)
152701(178)
152703(214)
104322(221)
104325(247)
152702(250)
104326(296)
Public Higher Secondary School North Karachi
104212(172)
104203(219)
104204(216)
104205(239)
104207(196)
104208(232)
104217(206)
104218(193)
104202(235)
104210(242)
104213(236)
104214(258)
104215(264)
104201(317)
104206(320)
104209(288)
104211(441)
104216(330)
152601(330)
152602(437)
152603(420)
152604(256)
152605(294)
Quaid-e-Azam Rangers Public School & College
103365(47)
103406(34)
103407(49)
103413(25)
103416(22)
103703(40)
103794(26)
103696(91)
103699(75)
103709(74)
103715(99)
103770(79)
103598(82)
103648(91)
103652(70)
103663(61)
103685(102)
103791(76)
103774(76)
103782(77)
103783(86)
103785(70)
103789(89)
15
104601(478)
104602(351)
104603(436)
104604(459)
104605(454)
104606(430)
104607(401)
104608(449)
104609(376)
104610(343)
104596(479)
104597(481)
104598(367)
104599(382)
104600(437)
104586(471)
104587(456)
104588(456)
104589(402)
104590(328)
104591(391)
104592(450)
104593(459)
104594(387)
104595(470)
104611(468)
104612(412)
104613(421)
104614(405)
104615(417)
104631(371)
104632(413)
104633(413)
104634(402)
104635(370)
104636(399)
104626(423)
104627(363)
104628(423)
104629(398)
104630(355)
104616(421)
104617(452)
104618(458)
104619(458)
104620(445)
104621(371)
104622(445)
104623(341)
104624(416)
104625(364)
104581(364)
104582(473)
104583(471)
104584(389)
104585(486)
Usman Public School Campus II
104531(208)
Dr. Ziauddin Intermediate College
152902(137)
152903(148)
104416(192)
104419(186)
16
105022(206)
105041(176)
105047(144)
105064(195)
105065(171)
104992(141)
105003(168)
105004(166)
105009(172)
105010(188)
105100(166)
105115(176)
105116(166)
105118(167)
105128(149)
105070(178)
105077(212)
105086(179)
105087(161)
105098(160)
105012(240)
105025(234)
105028(211)
105044(196)
105073(221)
105108(228)
105113(186)
105124(225)
104998(288)
105030(361)
105040(306)
105057(261)
105062(291)
105079(293)
105081(294)
105083(369)
105089(263)
105090(366)
105111(285)
105121(303)
Govt. Deg. Science & Commerce College 11-A, North Karachi
104881(137)
104882(150)
104884(162)
104883(306)
104885(443)
104886(410)
104887(340)
153181(301)
153182(375)
153183(318)
153184(332)
153185(303)
Tabani's College, North Nazimabad Campus
104781(379)
104782(361)
104783(364)
104784(442)
Iqra Huffaz Boys College
17
Govt. Degree Science & Commerce College Orangi Town
153551(147)
105305(142)
105307(173)
153552(168)
105303(243)
105301(340)
105304(271)
105306(375)
105308(279)
105309(322)
105310(277)
153553(409)
153554(260)
Hamdard Intermediate College for Science & Commerce, Block-H, North Nazimabad
105038(22)
105039(33)
105045(36)
105046(23)
105053(47)
105056(27)
105095(29)
105106(22)
105130(35)
105019(31)
105029(27)
105032(25)
105034(30)
105035(35)
104996(21)
105008(26)
105011(36)
105014(36)
105017(17)
105043(78)
105048(79)
105049(83)
105052(69)
105055(81)
105058(91)
105060(67)
105063(69)
105066(61)
105067(83)
105023(79)
105026(79)
105027(85)
105031(70)
105033(72)
104995(63)
104997(70)
105001(99)
105006(101)
105007(74)
105013(81)
105016(71)
105018(72)
105020(62)
105021(80)
105123(81)
105126(74)
105127(86)
105132(86)
105133(63)
105134(77)
105135(85)
105107(56)
105109(67)
105112(64)
105117(88)
105122(84)
105082(67)
105088(100)
105091(77)
105092(94)
105093(73)
105094(78)
105097(83)
105099(79)
105102(55)
105105(80)
105050(132)
105051(107)
105054(135)
105059(119)
105061(118)
105068(129)
105069(141)
105071(129)
105072(135)
105074(149)
104991(132)
104993(109)
104994(105)
105000(165)
105002(150)
105005(131)
105015(136)
105036(133)
105037(153)
105042(122)
105110(111)
105114(127)
105119(103)
105120(106)
105129(102)
105131(107)
105136(131)
105075(150)
105076(113)
105078(128)
105080(115)
105084(140)
105085(123)
105096(132)
105101(109)
105103(129)
105104(121)
18
106021(297)
106024(329)
106026(284)
106028(302)
106029(247)
106031(321)
106033(303)
106034(304)
106036(302)
106039(271)
Shaheed Zulfiqar Ali Bhutto Govt. Boys Degree College
105921(24)
105922(35)
105923(22)
105925(29)
105926(28)
105934(24)
105936(28)
105924(84)
105933(69)
Govt. Boys Baba Willayat Ali Shah Higher Secondary School
154131(145)
105871(157)
154132(190)
154133(296)
154134(358)
Amina Public Higher Secondary School
105632(46)
105633(35)
105634(17)
105637(19)
105639(17)
105640(18)
105641(21)
105645(17)
105631(58)
105635(67)
105644(72)
105647(70)
105648(64)
105638(115)
105642(96)
105646(171)
105643(206)
19
154766(136)
106492(176)
154761(182)
154762(192)
154770(187)
106489(272)
106490(244)
106493(332)
106499(214)
106500(269)
106482(281)
106483(273)
106484(291)
106486(252)
106488(256)
154769(241)
106502(236)
154764(260)
154765(250)
154767(218)
154768(197)
106481(355)
106485(339)
106487(350)
106491(364)
106494(331)
106495(384)
106496(394)
106497(463)
106498(335)
106501(365)
154763(275)
Karachi Superior College Saeedabad, Baldia Town
154671(64)
154673(76)
106409(222)
106413(240)
106402(292)
106403(312)
106412(321)
106415(327)
106416(269)
154675(216)
106401(403)
106404(389)
106405(374)
106406(435)
106407(358)
106408(383)
106410(310)
106411(376)
106414(330)
154674(300)
Crescent Public Higher Secondary School
106037(68)
106025(100)
106038(121)
106030(174)
106032(192)
106035(206)
106040(147)
106041(152)
106022(217)
106027(208)
20
106803(363)
106807(328)
106808(366)
106814(278)
106865(353)
106897(390)
106904(395)
106908(375)
106916(354)
106921(410)
107626(343)
107627(432)
107629(389)
107630(338)
Govt. Degree Boys College Baldia Town
154971(226)
154977(213)
106761(349)
154972(333)
154973(353)
154976(341)
The Graceful Higher Secondary School
106594(35)
154843(86)
106583(104)
106587(122)
106615(139)
106620(132)
106628(118)
106606(162)
106609(150)
106618(206)
106625(173)
106627(188)
106582(213)
106585(168)
106586(162)
106589(159)
106599(177)
154849(193)
106639(189)
154834(181)
154838(197)
154844(174)
154847(194)
106614(235)
106616(292)
106617(215)
106619(253)
106622(249)
106601(234)
106607(230)
106608(218)
106610(333)
106611(253)
106584(222)
106591(227)
106595(233)
106596(250)
106597(309)
154842(288)
106635(249)
106638(278)
106642(241)
154837(245)
154839(290)
106626(221)
106629(223)
106630(238)
106631(261)
106634(233)
106612(365)
106613(417)
106621(386)
106623(249)
106624(299)
106598(238)
106600(267)
106602(458)
106603(402)
106605(455)
106581(254)
106588(335)
106590(340)
106592(339)
106593(309)
154836(323)
154840(325)
154841(354)
154848(366)
154850(354)
106643(347)
154831(322)
154832(322)
154833(412)
154835(321)
106632(442)
106633(331)
106636(291)
106637(410)
106641(364)
Scholars Higher Secondary School, Saeedabad
21
107264(408)
107267(309)
107269(281)
107271(348)
107272(353)
107273(337)
107274(337)
107275(344)
107276(294)
107277(280)
107255(316)
107256(318)
107259(348)
107260(353)
107261(277)
107241(321)
107242(353)
107244(369)
107245(299)
107246(277)
107247(289)
107250(351)
107252(350)
107253(294)
107254(327)
107279(311)
107281(278)
107282(282)
107283(371)
107289(303)
107290(268)
107291(313)
107292(320)
107293(323)
107296(360)
107301(421)
107302(305)
107304(305)
107308(381)
107309(282)
The Pinnacle College
106844(33)
106850(32)
106853(32)
106854(26)
106857(31)
106813(28)
106815(27)
106819(32)
106823(27)
106840(18)
106930(34)
107622(33)
107631(35)
106869(45)
106877(53)
106880(45)
106917(43)
106928(45)
106858(72)
106866(69)
106871(95)
106876(93)
106887(75)
106837(77)
106839(67)
106845(89)
106848(86)
106855(102)
106888(87)
106893(73)
106896(67)
106911(70)
106912(77)
106933(83)
107618(88)
107628(65)
106913(88)
106924(80)
106925(83)
106931(72)
106932(85)
106811(68)
106822(71)
106827(69)
106831(61)
106833(53)
106847(110)
106849(149)
106851(127)
106859(147)
106860(114)
106861(117)
106863(117)
106873(115)
106874(112)
106875(123)
106816(109)
106817(114)
106824(143)
106825(123)
106829(139)
106832(118)
106836(113)
106841(122)
106842(106)
106846(111)
106882(150)
106884(129)
106886(132)
106889(126)
106890(124)
106927(125)
106929(136)
106934(147)
106935(138)
107619(113)
107620(136)
107621(136)
107623(125)
107624(107)
106892(97)
106895(108)
106899(106)
106900(130)
106905(113)
106906(131)
106907(132)
106910(142)
106914(162)
106922(111)
106868(208)
106870(171)
106891(165)
106894(148)
106898(163)
106834(188)
106852(159)
106856(169)
106862(145)
106864(175)
106801(143)
106809(168)
106810(185)
106821(161)
106828(177)
107614(188)
107615(218)
107617(181)
107625(162)
106923(185)
106926(177)
107611(167)
107612(182)
107613(170)
106901(152)
106902(175)
106903(168)
106909(134)
106918(188)
106804(232)
106805(220)
106806(222)
106812(203)
106826(294)
106838(204)
106843(225)
106878(250)
106881(268)
106883(217)
106915(236)
106919(259)
107616(234)
22
107537(200)
107538(204)
107540(165)
Govt. Degree Boys College 9-E, Baldia Town
107471(155)
107475(166)
107472(192)
107473(206)
107479(195)
107474(241)
107476(294)
107477(278)
107480(243)
107481(278)
107478(288)
HOPE Inter College
155091(40)
155086(92)
107251(139)
107262(116)
107326(121)
155084(161)
107248(167)
107257(186)
107268(150)
107286(228)
107287(205)
107295(213)
107337(196)
155078(199)
155080(178)
155083(189)
107280(247)
107284(248)
107285(237)
107288(233)
107299(239)
107243(231)
107258(228)
107263(231)
107265(272)
107266(268)
107300(230)
107303(259)
107305(305)
107306(347)
107307(224)
155073(241)
155079(228)
107310(283)
107319(298)
107322(260)
107331(290)
155071(258)
107323(454)
107324(432)
107325(413)
107327(265)
107328(315)
107316(347)
107317(292)
107318(317)
107320(307)
107321(313)
107311(294)
107312(361)
107313(363)
107314(335)
107315(318)
107329(307)
107330(419)
107332(292)
107333(293)
107334(369)
155088(393)
155089(410)
155090(382)
155077(367)
155081(403)
155082(391)
155085(360)
155087(418)
107335(338)
107336(352)
155072(306)
155074(420)
155076(393)
23
108219(419)
108220(383)
108221(341)
108222(276)
108223(405)
108224(402)
108226(322)
108227(281)
108228(357)
108229(359)
108230(371)
108232(326)
108233(345)
108234(263)
Govt. Boys Higher Secondary School SITE Model
108057(77)
108064(73)
107958(128)
107972(108)
107973(117)
107982(111)
108045(151)
108055(124)
108065(117)
107966(162)
107976(166)
107980(196)
107991(173)
107993(188)
107955(157)
107960(182)
107961(172)
107963(163)
107964(146)
108048(207)
108053(154)
108056(176)
108058(149)
108062(198)
107995(147)
108002(173)
108003(225)
108017(181)
108032(189)
107999(238)
108004(275)
108005(238)
108011(214)
108018(197)
108019(247)
108020(219)
108038(307)
108047(229)
108054(303)
107969(215)
107970(236)
107984(218)
107987(211)
107998(197)
107951(251)
107954(208)
107957(233)
107965(232)
107967(235)
107992(276)
107996(327)
107997(414)
108000(314)
108001(350)
108006(284)
108008(464)
108009(351)
108010(390)
108012(312)
108013(253)
108014(261)
108015(349)
108016(285)
108021(364)
107952(342)
107953(299)
107956(273)
107959(312)
107962(301)
107968(269)
107975(306)
107977(428)
107981(330)
107983(300)
107985(366)
107986(349)
107988(379)
107989(284)
107990(264)
108040(320)
108041(416)
108042(351)
108043(304)
108044(338)
108046(314)
108049(298)
108051(279)
108052(332)
108059(328)
108061(344)
108063(326)
108022(402)
108023(350)
108024(327)
108025(401)
108026(409)
108027(286)
108028(328)
108029(380)
108030(342)
108031(395)
108033(366)
108034(284)
108036(342)
108037(338)
108039(328)
Govt. Degree Science & Commerce College Asifabad
107539(37)
107542(101)
107532(159)
107533(147)
107534(145)
107535(142)
107543(122)
24
108611(488)
108612(433)
108613(424)
108614(432)
108615(311)
108606(379)
108607(477)
108608(399)
108609(408)
108610(441)
108601(341)
108602(432)
108603(442)
108604(437)
108605(436)
158061(443)
158062(400)
158056(486)
158057(442)
158058(472)
158059(476)
158060(405)
158051(430)
158052(443)
158053(390)
158054(419)
158055(448)
Aga Khan Higher Secondary School
108331(86)
108326(105)
108327(110)
108325(232)
108333(228)
108322(255)
108321(273)
108323(303)
108329(350)
108330(310)
108332(371)
108335(320)
108336(404)
108337(321)
Govt. Degree Boys College, Metrovill, S.I.T.E.
108215(65)
108213(98)
108214(118)
108231(241)
25
109036(381)
109037(366)
109038(316)
109039(388)
109040(351)
109030(464)
109031(402)
109032(380)
109033(465)
109035(366)
109041(351)
109042(341)
109043(406)
109044(325)
109046(348)
109052(367)
109053(405)
109054(377)
109056(405)
109057(380)
109047(344)
109048(465)
109049(393)
109050(396)
109051(452)
109025(423)
109026(480)
109027(432)
109028(430)
109029(469)
109001(454)
109002(491)
109003(388)
109004(417)
109005(464)
108995(414)
108996(422)
108998(453)
108999(421)
109000(421)
109007(416)
109008(325)
109009(395)
109010(385)
109011(450)
109020(424)
109021(439)
109022(363)
109023(381)
109024(463)
109012(449)
109013(396)
109015(358)
109018(358)
109019(461)
109103(340)
109105(336)
109106(344)
109107(323)
109108(413)
109096(459)
109097(389)
109098(338)
109099(367)
109100(379)
109109(385)
109110(404)
109111(417)
109115(389)
109116(381)
109117(324)
109118(347)
109119(359)
109120(429)
109121(315)
109090(407)
109092(394)
109093(495)
109094(430)
109095(373)
109064(422)
109067(444)
109068(313)
109069(412)
109070(423)
109058(402)
109059(442)
109061(403)
109062(403)
109063(302)
109072(352)
109073(311)
109074(482)
109075(403)
109077(417)
109083(310)
109085(405)
109086(419)
109087(333)
109089(321)
109078(347)
109079(461)
109080(370)
109081(331)
109082(308)
108971(428)
108972(481)
108974(413)
108975(439)
108976(402)
108988(359)
108989(345)
108991(395)
108992(474)
108994(431)
108982(354)
108983(412)
108985(359)
108986(427)
108987(377)
108977(407)
108978(442)
108979(435)
108980(399)
108981(411)
Dehli Govt. College
108752(41)
108765(41)
108758(72)
108731(108)
108738(104)
108741(128)
108748(121)
108762(123)
108732(171)
108733(177)
108734(163)
108735(206)
108736(158)
108754(160)
108757(138)
108737(171)
108739(182)
108740(163)
108742(157)
108743(179)
108761(234)
108768(220)
108745(241)
108749(248)
108750(213)
108751(245)
108760(240)
108756(277)
108759(250)
108767(264)
108769(296)
108744(348)
108746(308)
108747(374)
108753(291)
108755(269)
Allama Iqbal Govt. Boys Higher Secondary School, Sohrab Goth
26
109285(397)
109286(315)
109287(317)
109288(451)
109289(322)
109277(402)
109279(478)
109281(390)
109283(430)
109284(364)
109290(443)
109291(302)
109292(421)
109293(412)
109294(400)
109302(432)
109303(297)
109304(338)
109305(342)
109307(413)
109296(362)
109297(403)
109298(344)
109299(336)
109301(444)
109272(423)
109273(351)
109274(372)
109275(339)
109276(459)
109251(466)
109252(349)
109253(447)
109254(373)
109255(435)
109256(471)
109257(450)
109258(409)
109260(392)
109261(437)
109267(373)
109268(402)
109269(426)
109270(426)
109271(316)
109262(372)
109263(437)
109264(409)
109265(301)
109266(352)
109308(377)
109310(339)
109311(357)
109312(384)
109314(398)
109360(386)
109361(352)
109362(403)
109366(339)
109367(383)
109355(437)
109356(379)
109357(447)
109358(336)
109359(424)
109368(355)
109369(368)
109370(399)
109371(358)
109372(346)
109350(403)
109351(447)
109352(412)
109353(448)
109354(408)
109326(376)
109328(430)
109330(466)
109331(347)
109332(334)
109317(359)
109318(401)
109319(335)
109322(439)
109323(441)
109334(420)
109335(381)
109336(311)
109337(312)
109339(407)
109345(357)
109346(396)
109347(367)
109348(429)
109349(361)
109340(421)
109341(335)
109342(375)
109343(351)
109344(401)
109159(387)
109160(434)
109161(365)
109162(429)
109163(378)
109152(387)
109154(425)
109156(450)
109157(444)
109158(346)
109164(385)
109165(344)
109166(446)
109167(320)
109169(370)
109175(449)
109176(356)
109177(418)
109178(338)
109179(434)
109170(392)
109171(444)
109172(441)
109173(408)
109174(328)
109147(479)
109148(444)
109149(391)
109150(422)
109151(390)
109122(401)
109123(344)
109124(471)
109125(441)
109127(342)
109245(443)
109246(363)
109247(456)
109249(435)
109250(336)
109128(354)
109130(380)
109131(424)
109132(361)
109133(447)
109142(407)
109143(423)
109144(397)
109145(451)
109146(394)
109134(342)
109136(340)
109137(387)
109139(359)
109141(387)
109180(488)
109181(398)
109182(470)
109183(411)
109184(400)
109224(426)
109225(281)
109226(392)
109227(362)
109228(284)
109219(402)
109220(458)
109221(445)
109222(390)
109223(388)
109229(441)
109230(409)
109231(376)
109232(302)
109233(339)
109239(390)
109241(458)
109242(470)
109243(449)
109244(412)
109234(429)
109235(422)
109236(407)
109237(380)
109238(498)
109212(403)
109215(344)
109216(419)
109217(363)
109218(342)
109191(424)
109192(444)
109194(359)
109195(357)
109196(362)
109185(435)
109186(353)
109188(334)
109189(450)
109190(404)
109197(341)
109198(353)
109199(432)
109200(275)
109201(351)
109207(450)
109208(388)
109209(391)
109210(386)
109211(431)
109202(447)
109203(391)
109204(387)
109205(474)
109206(360)
27
109579(417)
109580(301)
109582(379)
109584(412)
109586(258)
109572(357)
109573(407)
109575(340)
109576(283)
109577(302)
109588(383)
109592(316)
109593(347)
109594(444)
109595(397)
109606(434)
109607(358)
109608(347)
109609(309)
109610(388)
109597(353)
109598(438)
109603(304)
109604(347)
109605(395)
109561(444)
109563(331)
109565(388)
109566(364)
109570(392)
109540(314)
109541(464)
109542(396)
109543(352)
109545(411)
109546(429)
109547(415)
109548(431)
109549(438)
109550(364)
109556(458)
109557(360)
109558(398)
109559(405)
109560(314)
109551(314)
109552(405)
109553(464)
109554(383)
109555(402)
109611(239)
109612(377)
109613(408)
109614(445)
109616(450)
109658(362)
109659(391)
109660(434)
109661(444)
109662(303)
109653(396)
109654(377)
109655(462)
109656(381)
109657(402)
109663(457)
109664(367)
109665(347)
109666(283)
109667(381)
109648(338)
109649(475)
109650(400)
109651(361)
109652(368)
109624(374)
109625(273)
109627(318)
109628(426)
109629(383)
109617(442)
109618(377)
109619(343)
109620(472)
109621(385)
109630(438)
109631(430)
109632(322)
109633(429)
109635(452)
109641(447)
109642(438)
109644(349)
109645(454)
109647(354)
109636(456)
109637(424)
109638(455)
109639(490)
109640(398)
109426(338)
109427(383)
109428(337)
109430(375)
109431(406)
109418(351)
109419(345)
109420(347)
109421(339)
109425(328)
109433(275)
109435(387)
109436(314)
109438(364)
109439(477)
109449(438)
109452(478)
109453(333)
109454(447)
109455(299)
109440(353)
109441(390)
109442(423)
109444(387)
109446(302)
109411(350)
109412(375)
109414(339)
109416(406)
109417(282)
109374(342)
109375(261)
109376(417)
109377(398)
109378(325)
109535(314)
109536(435)
109537(480)
109538(430)
109539(454)
109379(428)
109380(350)
109381(395)
109382(445)
109383(413)
109401(364)
109402(320)
109404(443)
109405(333)
109410(324)
109385(450)
109387(383)
109388(435)
109390(327)
109392(353)
109456(410)
109457(347)
109458(328)
109459(404)
109460(416)
109507(383)
109508(417)
109511(410)
109512(383)
109513(394)
109498(425)
109500(351)
109501(413)
109502(424)
109503(370)
109514(380)
109515(380)
109516(412)
109519(327)
109522(410)
109529(477)
109530(306)
109531(436)
109532(311)
109534(312)
109524(318)
109525(375)
109526(412)
109527(427)
109528(419)
109492(415)
109493(385)
109494(438)
109496(432)
109497(385)
109466(334)
109467(442)
109468(387)
109469(347)
109470(355)
109461(381)
109462(432)
109463(447)
109464(407)
109465(372)
109472(346)
109474(383)
109476(383)
109477(349)
109478(401)
109486(387)
109487(451)
109489(419)
109490(426)
109491(436)
109479(405)
109482(420)
109483(382)
109484(364)
109485(449)
28
109906(321)
109909(320)
109912(313)
109913(227)
109917(384)
109924(339)
109925(344)
Dehli Science & Commerce College, Karimabad
109193(64)
109306(99)
109338(61)
109391(82)
109395(104)
109396(83)
109434(89)
109506(89)
109590(62)
109600(72)
109397(114)
109403(114)
109409(121)
109415(163)
109437(115)
109324(107)
109325(99)
109373(118)
109393(136)
109394(125)
109006(193)
109101(158)
109214(140)
109300(135)
109313(117)
109676(116)
109685(117)
109587(143)
109589(116)
109602(142)
109623(111)
109626(116)
109443(120)
109448(162)
109471(137)
109562(127)
109574(134)
109398(192)
109413(137)
109424(158)
109450(206)
109451(156)
109315(165)
109316(165)
109329(153)
109333(175)
109389(186)
109596(154)
109601(179)
109615(175)
109683(189)
109495(225)
109505(173)
109544(189)
109581(170)
109585(172)
108984(174)
109034(196)
109065(228)
109084(206)
109104(188)
109114(179)
109135(221)
109240(177)
109248(181)
109259(222)
109155(295)
109168(279)
109187(317)
109213(313)
109278(222)
109280(201)
109295(275)
109309(296)
109320(271)
109321(230)
109327(244)
109363(271)
109364(292)
109365(258)
109384(277)
109126(294)
109129(234)
109138(279)
109140(305)
109153(264)
108973(346)
108990(281)
108993(285)
108997(338)
109016(315)
109017(332)
109045(277)
109055(304)
109060(283)
109071(248)
109076(291)
109091(262)
109102(304)
109112(231)
109113(253)
109386(276)
109399(276)
109406(223)
109407(313)
109408(238)
109533(269)
109564(247)
109567(296)
109568(268)
109569(237)
109571(248)
109578(252)
109583(302)
109591(223)
109599(319)
109622(246)
109634(250)
109643(272)
109646(196)
109684(291)
109517(264)
109518(251)
109520(319)
109521(250)
109523(288)
109422(275)
109423(313)
109429(231)
109432(214)
109445(284)
109447(271)
109473(297)
109475(243)
109480(263)
109481(299)
109488(270)
109499(253)
109504(238)
109509(235)
109510(226)
109673(349)
109674(348)
109675(376)
109677(464)
109678(431)
109668(334)
109669(355)
109670(412)
109671(437)
109672(404)
109687(303)
109679(412)
109680(374)
109681(448)
109682(468)
109686(328)
29
110118(140)
110120(100)
110121(121)
110126(122)
110128(158)
110135(117)
110140(123)
110141(110)
110145(106)
110153(110)
110154(113)
110155(106)
110157(118)
110158(129)
110161(94)
110081(109)
110082(115)
110084(128)
110086(102)
110087(110)
110089(125)
110096(119)
110097(129)
110099(160)
110101(143)
110103(142)
110109(103)
110110(110)
110113(89)
110114(153)
110164(140)
110165(97)
110177(122)
110188(123)
110189(122)
110194(102)
110196(97)
110198(146)
110205(121)
110208(127)
110209(92)
110211(97)
110214(93)
110220(121)
110230(112)
110179(206)
110180(200)
110184(197)
110185(208)
110202(160)
110203(174)
110204(206)
110206(197)
110210(177)
110212(176)
110150(175)
110159(155)
110163(187)
110173(162)
110178(197)
110124(220)
110125(147)
110127(199)
110133(130)
110136(150)
110138(177)
110142(160)
110143(173)
110144(136)
110146(177)
110251(169)
110255(147)
110259(155)
110260(164)
110262(198)
110272(159)
110278(153)
110281(185)
110246(229)
110247(180)
110248(189)
110249(183)
110250(163)
110216(167)
110219(148)
110221(175)
110223(180)
110228(200)
110234(155)
110238(199)
110239(183)
110240(180)
110241(186)
110107(197)
110115(195)
110116(166)
110117(171)
110123(147)
110098(203)
110100(223)
110106(265)
110147(255)
110169(231)
110175(231)
110187(302)
110217(213)
110225(242)
110269(179)
110139(411)
110166(284)
110167(334)
110170(360)
110181(363)
110090(278)
110092(279)
110095(294)
110102(294)
110105(357)
110222(325)
110227(372)
110233(287)
110254(316)
110183(315)
110192(281)
110197(314)
110199(239)
110207(301)
Govt. Boys Comprehensive H.S.School Azizabad F.B.Area
109916(30)
109920(107)
109930(103)
109901(183)
109902(194)
109903(158)
109910(187)
109911(198)
109919(165)
109921(163)
109922(156)
109923(176)
109926(191)
109927(212)
109928(153)
109929(169)
158201(172)
109905(203)
109908(235)
109914(236)
109915(204)
109918(234)
30
110508(235)
110509(260)
110510(227)
110513(275)
110514(264)
110515(225)
110519(266)
110522(244)
110526(278)
110529(261)
110497(227)
110501(217)
110503(218)
110504(218)
110507(230)
110457(230)
110466(226)
110468(245)
110476(229)
110478(205)
110480(250)
110482(207)
110483(189)
110489(229)
110492(230)
110532(243)
110533(249)
110551(258)
110555(215)
110559(223)
110591(211)
110595(224)
110596(241)
110597(237)
110599(276)
110560(217)
110565(232)
110566(248)
110567(206)
110569(224)
110576(257)
110577(264)
110581(220)
110585(293)
110587(206)
110521(369)
110523(373)
110524(302)
110527(274)
110535(323)
110541(274)
110547(350)
110549(286)
110552(276)
110553(299)
110506(306)
110511(336)
110517(324)
110518(316)
110520(274)
110486(339)
110493(310)
110494(253)
110495(326)
110496(315)
110498(305)
110499(291)
110500(284)
110502(267)
110505(316)
110630(277)
110632(383)
110638(268)
110648(256)
110650(246)
110656(281)
110579(272)
110584(338)
110600(314)
110606(273)
110627(302)
110554(282)
110558(302)
110561(256)
110562(253)
110563(311)
110568(267)
110570(306)
110571(301)
110573(264)
110574(286)
110452(273)
110467(287)
110471(280)
110472(275)
110473(315)
110474(320)
110475(274)
110477(285)
110479(310)
110481(334)
Govt. City College (Morning)
110085(26)
110122(37)
110129(21)
110149(26)
110191(18)
110193(49)
110229(35)
110231(30)
110279(22)
110287(19)
110152(99)
110156(62)
110160(74)
110162(56)
110168(91)
110171(68)
110176(67)
110182(61)
110186(56)
110195(81)
110132(61)
110134(71)
110137(78)
110148(64)
110151(63)
110088(90)
110091(65)
110093(70)
110094(105)
110104(74)
110108(73)
110112(122)
110119(76)
110130(68)
110131(56)
110284(73)
110285(92)
110288(61)
110289(89)
110290(58)
110291(58)
110294(65)
110264(55)
110267(62)
110268(62)
110274(53)
110283(64)
110201(53)
110213(70)
110215(89)
110226(70)
110232(66)
110236(95)
110243(88)
110252(55)
110261(62)
110263(61)
110253(155)
110256(129)
110257(125)
110258(132)
110265(108)
110235(146)
110237(138)
110242(147)
110244(117)
110245(104)
110266(120)
110270(109)
110271(124)
110273(102)
110276(107)
110293(107)
110277(146)
110280(109)
110282(134)
110286(115)
110292(104)
31
111077(441)
111078(377)
111081(397)
111082(318)
111083(408)
111065(374)
111070(305)
111072(335)
111075(407)
111076(490)
Sir Adamjee Institute
111003(109)
111004(115)
111002(185)
Mehran Degree College
110470(45)
110616(33)
110625(43)
110636(37)
110643(57)
110652(59)
110645(75)
110646(60)
110651(86)
110657(89)
110658(74)
110485(82)
110531(94)
110550(97)
110593(65)
110598(74)
110602(90)
110609(62)
110637(96)
110642(109)
110644(83)
110545(128)
110546(139)
110557(142)
110582(116)
110592(115)
110487(139)
110512(134)
110536(128)
110538(146)
110539(135)
110455(116)
110459(103)
110460(116)
110461(101)
110462(108)
110622(107)
110623(131)
110624(121)
110634(148)
110635(133)
110614(152)
110615(122)
110619(121)
110620(103)
110621(109)
110601(113)
110605(155)
110607(145)
110608(109)
110613(157)
110516(204)
110525(209)
110528(183)
110530(188)
110534(186)
110537(194)
110540(178)
110542(183)
110544(187)
110556(164)
110451(163)
110453(180)
110454(177)
110456(179)
110463(199)
110464(189)
110465(192)
110469(177)
110484(187)
110490(185)
110564(171)
110572(190)
110575(191)
110578(160)
110580(146)
110628(189)
110631(170)
110633(159)
110639(143)
110641(190)
110653(192)
110655(203)
110583(166)
110586(179)
110588(200)
110589(162)
110590(180)
110594(164)
110610(146)
110611(189)
110612(193)
110617(180)
110603(254)
110604(270)
110618(247)
110626(268)
110629(273)
110640(240)
110647(232)
32
111364(453)
111365(350)
111366(486)
111367(398)
111368(386)
111369(336)
111370(332)
111371(337)
111372(379)
111373(399)
111351(398)
111352(336)
111353(344)
111354(451)
111355(359)
111357(394)
111358(420)
111360(405)
111361(390)
111362(396)
111377(375)
111378(394)
111379(336)
111381(438)
111383(355)
Aga Khan Higher Secondary School (Evening)
111272(162)
157052(231)
157051(293)
111273(359)
111274(414)
111275(338)
111276(426)
111277(295)
111278(326)
111279(317)
111280(342)
111281(325)
111282(338)
157053(356)
111267(376)
111268(343)
111269(450)
111270(350)
111271(366)
111262(332)
111263(343)
111264(300)
111265(356)
111266(332)
College for Advanced Studies
111063(141)
111061(229)
111062(261)
111064(213)
111066(217)
111067(221)
111068(229)
111069(249)
111071(244)
111073(279)
111079(250)
111080(231)
111088(274)
158352(254)
158359(219)
111095(393)
111096(455)
111097(365)
111098(358)
111099(392)
111090(357)
111091(370)
111092(449)
111093(403)
111094(466)
111084(366)
111085(380)
111086(342)
111087(415)
111089(488)
111100(418)
111101(445)
111102(407)
111103(324)
158351(475)
158364(367)
158365(412)
158366(438)
158358(362)
158360(345)
158361(413)
158362(389)
158363(408)
158353(383)
158354(446)
158355(446)
158356(351)
158357(457)
33
111541(64)
111543(117)
111542(146)
111544(199)
111545(190)
The Smart College, F.B. Area
111486(26)
158702(91)
111482(124)
111484(271)
111485(264)
111481(367)
111483(299)
158701(329)
158703(432)
The Caspian College
111356(184)
158563(166)
111359(235)
111363(305)
111374(306)
111376(266)
111380(256)
111382(252)
158554(422)
158555(442)
158556(345)
158557(354)
158558(332)
111384(434)
111385(352)
158551(448)
158552(398)
158553(373)
158565(441)
158559(471)
158560(464)
158561(443)
158562(321)
158564(476)
34
112082(284)
112087(323)
112088(434)
112090(331)
112097(426)
112074(346)
112076(370)
112077(489)
112078(364)
112080(370)
112098(341)
112099(272)
112105(348)
112106(334)
112111(333)
112128(357)
112129(360)
112130(372)
112131(356)
112132(372)
112119(318)
112121(373)
112122(337)
112124(316)
112127(333)
112064(343)
112065(313)
112068(360)
112069(374)
112073(346)
112025(299)
112026(270)
112027(306)
112028(347)
112031(270)
112018(334)
112019(273)
112020(368)
112022(352)
112023(401)
112033(305)
112035(335)
112037(385)
112039(299)
112049(347)
112059(426)
112060(333)
112061(318)
112062(373)
112063(307)
112052(278)
112054(356)
112055(326)
112056(409)
112058(341)
112235(426)
112236(347)
112237(291)
112238(376)
112239(337)
112220(329)
112230(361)
112231(318)
112233(339)
112234(342)
112240(270)
112241(303)
112242(300)
112243(288)
112244(284)
112246(289)
112250(410)
112252(358)
112253(312)
112254(323)
112189(287)
112207(316)
112209(427)
112212(302)
112218(297)
112142(249)
112144(275)
112147(409)
112148(361)
112150(336)
112133(332)
112134(306)
112135(463)
112138(344)
112141(336)
112151(374)
112152(345)
112154(417)
112155(398)
112158(346)
112181(364)
112182(361)
112186(422)
112187(343)
112188(361)
112160(288)
112162(325)
112167(375)
112169(346)
112180(370)
111943(455)
111944(429)
111947(386)
111950(395)
111951(360)
111952(390)
111953(388)
111954(449)
111955(333)
111956(389)
112011(424)
112012(281)
112014(359)
112016(367)
112017(323)
111931(272)
111932(376)
111933(394)
111934(399)
111937(335)
111985(442)
111988(467)
111990(251)
111992(321)
111993(273)
111997(430)
111999(386)
112002(420)
112006(399)
112009(328)
111957(342)
111959(330)
111964(293)
111967(371)
111968(338)
111973(364)
111980(399)
111981(317)
111982(327)
111983(341)
Govt. College For Men Nazimabad
111853(20)
111856(62)
111857(86)
111851(126)
111854(144)
111858(111)
111861(106)
160901(130)
111859(177)
111860(163)
111862(163)
111863(147)
160902(259)
Bahria Foundation College (Nazimabad Campus)
35
112467(394)
112468(452)
112470(405)
112471(416)
112472(410)
112462(438)
112463(399)
112464(384)
112465(403)
112466(383)
112473(405)
112474(372)
112476(387)
112477(454)
112478(336)
112484(416)
112485(391)
112486(375)
112487(373)
112488(434)
112479(344)
112480(372)
112481(412)
112482(397)
112483(353)
112457(377)
112458(389)
112459(429)
112460(401)
112461(396)
112429(498)
112430(469)
112431(311)
112432(402)
112433(446)
112434(457)
112435(421)
112439(413)
112440(434)
112442(398)
112450(406)
112453(367)
112454(465)
112455(396)
112456(380)
112443(359)
112444(394)
112447(398)
112448(435)
112449(404)
112489(386)
112490(339)
112491(425)
112494(391)
112495(407)
112533(410)
112534(392)
112535(354)
112536(434)
112537(378)
112528(404)
112529(343)
112530(384)
112531(400)
112532(409)
112539(426)
112540(300)
112541(319)
112542(297)
112543(378)
112523(391)
112524(368)
112525(439)
112526(423)
112527(415)
112502(361)
112503(348)
112504(359)
112505(421)
112506(419)
112496(440)
112497(434)
112498(417)
112499(375)
112500(432)
112508(403)
112509(391)
112510(428)
112511(378)
112512(422)
112518(416)
112519(381)
112520(397)
112521(407)
112522(423)
112513(391)
112514(434)
112515(419)
112516(482)
112517(475)
112303(396)
112304(381)
112308(344)
112309(354)
112313(307)
112297(363)
112298(300)
112299(468)
112300(354)
112302(382)
112314(345)
112315(356)
112317(343)
112319(366)
112321(363)
112329(419)
112330(337)
112332(366)
112333(337)
112334(382)
112322(401)
112323(304)
112325(375)
112326(377)
112328(429)
112289(376)
112291(361)
112292(381)
112293(373)
112294(434)
112256(295)
112257(383)
112258(308)
112260(284)
112261(413)
112422(429)
112423(372)
112425(443)
112426(335)
112427(405)
112263(399)
112265(328)
112266(312)
112267(368)
112268(338)
112279(360)
112280(333)
112284(332)
112285(440)
112286(339)
112270(374)
112271(386)
112272(380)
112276(402)
112278(312)
112335(335)
112337(428)
112340(315)
112341(285)
112346(395)
112401(381)
112402(420)
112403(416)
112405(440)
112406(402)
112396(375)
112397(443)
112398(414)
112399(439)
112400(363)
112407(377)
112408(384)
112409(344)
112410(371)
112411(386)
112417(472)
112418(424)
112419(434)
112420(408)
112421(420)
112412(389)
112413(355)
112414(424)
112415(372)
112416(450)
112391(479)
112392(411)
112393(408)
112394(399)
112395(404)
112357(330)
112358(344)
112362(313)
112363(403)
112364(408)
112351(325)
112352(364)
112353(259)
112354(370)
112355(280)
112365(352)
112366(282)
112367(342)
112368(324)
112376(398)
112385(440)
112386(330)
112387(364)
112389(287)
112390(424)
112377(443)
112378(416)
112379(355)
112380(381)
112382(431)
36
112719(411)
112720(417)
112721(367)
112722(404)
112723(333)
112714(412)
112715(342)
112716(334)
112717(328)
112718(438)
112724(355)
112725(382)
112726(382)
112727(463)
112728(352)
112734(414)
112735(353)
112739(339)
112741(363)
112742(315)
112729(415)
112730(354)
112731(372)
112732(417)
112733(414)
112709(416)
112710(458)
112711(381)
112712(382)
112713(354)
112684(428)
112685(427)
112686(367)
112687(420)
112688(415)
112690(301)
112691(371)
112692(394)
112693(436)
112695(428)
112701(431)
112705(364)
112706(398)
112707(426)
112708(436)
112696(395)
112697(403)
112698(352)
112699(418)
112700(344)
112743(431)
112744(416)
112745(396)
112746(408)
112747(414)
112792(378)
112793(326)
112794(327)
112796(391)
112797(357)
112783(395)
112785(440)
112786(414)
112788(418)
112790(319)
112798(361)
112799(393)
112800(361)
112801(429)
112803(344)
112777(266)
112778(423)
112779(410)
112780(392)
112782(409)
112754(360)
112755(390)
112756(444)
112757(400)
112758(368)
112748(445)
112749(394)
112750(379)
112752(385)
112753(419)
112759(403)
112760(441)
112761(400)
112762(362)
112763(429)
112771(442)
112772(401)
112773(391)
112775(419)
112776(391)
112765(383)
112767(395)
112768(454)
112769(425)
112770(275)
112582(402)
112583(372)
112584(364)
112585(380)
112586(430)
112577(451)
112578(364)
112579(430)
112580(408)
112581(397)
112587(396)
112589(414)
112590(456)
112592(412)
112593(338)
112599(424)
112600(394)
112601(322)
112602(294)
112603(416)
112594(346)
112595(330)
112596(358)
112597(395)
112598(393)
112571(430)
112573(420)
112574(363)
112575(399)
112576(377)
112544(412)
112545(462)
112546(353)
112547(337)
112549(349)
112677(351)
112678(438)
112680(379)
112682(424)
112683(443)
112550(349)
112551(391)
112552(338)
112554(363)
112559(335)
112566(421)
112567(403)
112568(312)
112569(409)
112570(371)
112560(384)
112561(415)
112562(431)
112563(352)
112564(326)
112604(416)
112606(394)
112607(429)
112608(450)
112609(350)
112654(306)
112655(430)
112656(439)
112657(422)
112658(371)
112649(330)
112650(368)
112651(374)
112652(326)
112653(316)
112659(464)
112660(425)
112662(462)
112664(405)
112665(333)
112672(413)
112673(440)
112674(307)
112675(297)
112676(307)
112667(401)
112668(347)
112669(307)
112670(450)
112671(373)
112643(433)
112644(378)
112646(344)
112647(420)
112648(347)
112618(394)
112619(454)
112620(473)
112621(321)
112622(397)
112610(370)
112611(434)
112614(422)
112615(460)
112616(379)
112623(459)
112624(329)
112625(348)
112626(436)
112627(333)
112637(442)
112638(384)
112639(415)
112640(410)
112641(415)
112628(442)
112629(465)
112630(427)
112632(456)
112636(396)
37
111971(166)
111989(192)
111991(154)
111994(167)
111995(206)
111941(194)
111946(162)
111948(157)
111958(207)
111963(179)
112388(289)
112404(339)
112424(336)
112436(243)
112437(251)
112374(252)
112375(226)
112381(261)
112383(320)
112384(316)
112452(309)
112469(376)
112475(312)
112492(355)
112493(308)
112438(261)
112441(326)
112445(332)
112446(336)
112451(318)
112307(272)
112312(261)
112316(211)
112318(255)
112320(235)
112295(276)
112296(292)
112301(294)
112305(267)
112306(268)
112356(276)
112359(287)
112360(233)
112369(265)
112370(232)
112324(283)
112327(248)
112339(303)
112345(269)
112347(210)
112501(334)
112507(349)
112548(235)
112553(310)
112555(306)
112740(315)
112764(292)
112766(314)
112781(275)
112784(284)
112703(291)
112704(270)
112736(276)
112737(282)
112738(343)
112820(269)
112824(281)
112826(315)
112827(270)
112787(279)
112791(307)
112807(302)
112808(245)
112809(232)
112588(292)
112591(278)
112605(320)
112612(276)
112613(289)
112556(310)
112557(306)
112558(297)
112565(308)
112572(236)
112642(256)
112645(267)
112661(304)
112663(280)
112702(257)
112617(276)
112631(309)
112633(325)
112634(257)
112635(247)
112281(270)
112282(254)
112283(238)
112287(206)
112288(301)
112030(213)
112034(278)
112038(226)
112041(243)
112043(240)
112013(190)
112015(213)
112021(257)
112024(235)
112029(260)
112075(266)
112079(292)
112081(225)
112083(251)
112085(225)
112051(242)
112057(309)
112066(205)
112071(212)
112072(213)
111942(239)
111945(250)
111960(231)
111961(282)
111962(251)
111935(230)
111936(223)
111938(262)
111939(224)
111940(237)
112001(198)
112004(307)
112005(269)
112008(273)
112010(236)
111966(228)
111972(214)
111974(261)
111979(217)
111998(251)
112086(274)
112089(247)
112092(225)
112096(204)
112100(254)
112198(210)
112199(235)
112205(218)
112224(247)
112226(226)
112178(246)
112190(268)
112193(213)
112194(246)
112195(246)
112262(253)
112264(258)
112269(341)
112274(236)
112275(285)
112232(242)
112249(253)
112251(287)
112255(291)
112259(219)
112110(201)
112112(272)
112126(247)
112137(226)
112139(283)
112101(204)
112103(275)
112107(226)
112108(204)
112109(263)
112165(278)
112174(270)
112175(222)
112176(220)
112177(276)
112143(210)
112153(249)
112156(241)
112161(240)
112163(249)
112816(364)
112818(385)
112819(311)
112821(361)
112822(349)
112810(326)
112811(312)
112813(359)
112814(332)
112815(284)
112834(370)
112825(336)
112828(354)
112830(384)
112832(314)
112833(361)
38
113097(326)
113100(290)
113102(301)
113104(319)
113105(331)
113090(305)
113091(327)
113092(284)
113093(270)
113095(288)
113111(332)
113112(336)
113113(393)
113114(353)
113115(285)
113106(306)
113107(286)
113108(295)
113109(280)
113110(330)
113062(249)
113063(249)
113064(299)
113068(279)
113069(295)
113051(274)
113055(253)
113056(282)
113057(283)
113061(241)
113079(277)
113080(350)
113084(309)
113085(322)
113086(343)
113070(348)
113071(358)
113073(259)
113075(317)
113078(329)
113148(279)
113149(343)
113150(374)
113151(268)
113152(349)
113127(324)
113128(309)
113131(310)
113132(270)
113133(304)
113117(332)
113120(356)
113121(357)
113123(364)
113125(309)
113143(364)
113144(371)
113145(259)
113146(278)
113147(347)
113134(296)
113135(271)
113137(255)
113138(280)
113141(272)
Govt. Degree Science College Liaquatabad
112044(35)
112136(23)
112196(18)
112200(26)
112032(80)
112095(61)
112168(60)
112172(74)
112173(73)
112185(65)
112197(65)
112213(68)
112215(59)
112217(61)
112221(61)
112225(66)
112228(84)
112681(104)
112804(51)
111949(71)
111976(113)
111977(74)
111978(77)
111987(85)
112093(120)
112094(117)
112114(133)
112115(101)
112123(109)
112125(125)
112140(132)
112146(133)
112159(115)
112179(107)
111965(126)
111969(131)
111970(120)
111975(138)
111984(121)
111986(128)
112003(146)
112050(95)
112053(146)
112067(134)
112229(100)
112331(133)
112342(133)
112343(144)
112349(158)
112538(157)
112805(121)
112183(117)
112184(133)
112191(122)
112192(129)
112201(115)
112204(124)
112208(124)
112210(121)
112216(116)
112219(104)
112117(176)
112120(161)
112145(211)
112149(148)
112157(168)
112164(152)
112166(163)
112170(166)
112171(192)
112202(164)
112203(202)
112206(196)
112214(180)
112223(182)
112227(160)
111996(178)
112000(207)
112007(172)
112036(154)
112040(158)
112042(182)
112045(155)
112046(197)
112048(196)
112070(198)
112091(171)
112102(179)
112104(171)
112113(195)
112116(214)
112666(178)
112679(231)
112689(197)
112694(209)
112751(174)
112774(200)
112789(230)
112795(246)
112802(177)
112817(150)
112823(233)
112829(215)
112831(210)
112245(199)
112247(180)
112248(159)
112273(180)
112277(239)
112290(220)
112310(201)
112336(185)
112344(217)
112348(220)
112350(236)
112361(169)
112371(174)
112373(239)
112428(285)
39
113514(124)
113516(144)
113517(121)
113519(123)
113524(96)
113528(93)
113533(142)
113534(165)
113536(154)
113538(126)
113501(118)
113502(128)
113505(102)
113506(93)
113508(162)
113509(104)
113510(99)
113511(99)
113512(123)
113513(93)
113539(132)
113543(151)
113547(134)
113552(166)
113560(136)
113585(130)
113586(160)
113587(154)
113588(98)
113591(119)
113563(96)
113566(117)
113573(119)
113574(122)
113575(100)
113576(180)
113577(99)
113578(90)
113581(108)
113582(116)
113545(213)
113548(190)
113549(213)
113555(171)
113559(155)
113518(202)
113520(183)
113523(160)
113530(174)
113531(171)
113570(202)
113579(121)
113584(157)
113593(207)
113600(161)
113561(196)
113562(166)
113565(168)
113568(190)
113569(197)
113527(235)
113532(223)
113537(197)
113540(222)
113546(234)
113571(246)
113572(224)
113525(308)
113526(296)
113529(274)
113542(320)
113551(389)
Sirajuddaullah Govt. College (Morning)
113089(85)
113171(73)
113189(65)
113190(69)
113054(116)
113082(111)
113083(110)
113088(123)
113098(128)
113119(100)
113182(97)
113076(147)
113081(195)
113094(187)
113103(155)
113124(208)
113052(165)
113053(168)
113060(193)
113066(235)
113072(195)
113184(196)
113187(204)
113129(169)
113136(180)
113140(160)
113158(156)
113163(160)
113099(265)
113101(263)
113116(217)
113118(209)
113122(212)
113058(245)
113065(211)
113077(277)
113087(252)
113096(260)
113181(233)
113186(262)
113126(228)
113130(275)
113142(271)
113156(201)
113170(212)
113167(329)
113168(323)
113169(325)
113172(290)
113173(291)
113160(325)
113162(269)
113164(318)
113165(287)
113166(303)
113153(307)
113154(352)
113155(356)
113157(290)
113159(288)
113191(375)
113192(326)
113179(288)
113180(348)
113183(321)
113185(329)
113188(397)
113174(341)
113175(346)
113176(304)
113177(299)
113178(345)
40
114538(367)
114539(498)
114540(451)
114541(362)
114542(440)
114531(393)
114532(321)
114533(388)
114534(438)
114535(373)
114543(319)
114544(452)
114545(307)
114546(447)
114547(346)
114555(441)
114556(319)
114557(486)
114558(441)
114560(455)
114548(433)
114549(408)
114551(405)
114552(295)
114554(300)
114506(383)
114509(433)
114511(459)
114512(470)
114513(454)
114501(431)
114502(398)
114503(441)
114504(387)
114505(394)
114516(468)
114517(425)
114518(375)
114519(334)
114520(455)
114526(370)
114527(376)
114528(439)
114529(461)
114530(474)
114521(298)
114522(325)
114523(347)
114524(406)
114525(418)
114561(436)
114562(424)
114563(449)
114564(455)
114565(444)
114603(349)
114604(442)
114605(454)
114606(487)
114607(413)
114597(469)
114598(482)
114599(464)
114601(369)
114602(386)
114575(436)
114576(492)
114577(456)
114579(383)
114580(393)
114568(403)
114571(343)
114572(461)
114573(420)
114574(466)
114581(355)
114582(464)
114583(426)
114584(391)
114585(434)
114592(445)
114593(368)
114594(446)
114595(466)
114596(483)
114587(452)
114588(431)
114589(345)
114590(366)
114591(465)
Adamjee Govt. Science College
114019(28)
114026(29)
114028(17)
114041(25)
114043(20)
114003(24)
114004(22)
114008(20)
114010(35)
114013(23)
114001(74)
114006(76)
114007(70)
114012(62)
114014(78)
114018(63)
114025(68)
114034(55)
114039(55)
114009(159)
114011(144)
114015(151)
114016(120)
114017(141)
114024(109)
114031(115)
114033(91)
114005(136)
114022(167)
114029(157)
114020(272)
114023(357)
114030(309)
Hussaini Government Boys Higher Secondary School
113504(48)
113557(49)
113583(21)
113590(30)
113507(54)
113515(50)
113522(52)
113535(82)
113541(74)
113544(55)
113550(69)
113553(72)
113558(66)
113567(67)
113580(65)
113589(94)
113594(68)
113601(70)
113592(119)
113595(106)
113596(110)
113597(134)
113599(138)
41
114786(460)
114787(311)
114788(476)
114789(354)
114790(473)
114781(470)
114782(296)
114783(398)
114784(381)
114785(477)
114791(380)
114792(426)
114793(444)
114794(483)
114795(334)
114801(439)
114802(423)
114804(482)
114805(393)
114806(447)
114796(460)
114797(354)
114798(356)
114799(430)
114800(430)
114775(427)
114776(440)
114778(294)
114779(455)
114780(464)
114745(462)
114746(361)
114751(401)
114752(315)
114753(335)
114755(462)
114758(327)
114759(293)
114761(442)
114762(449)
114770(456)
114771(430)
114772(345)
114773(362)
114774(487)
114763(365)
114765(359)
114767(371)
114768(415)
114769(475)
114807(504)
114808(486)
114809(467)
114810(460)
114811(467)
114847(415)
114848(439)
114849(465)
114850(487)
114851(473)
114842(457)
114843(411)
114844(480)
114845(497)
114846(431)
114852(421)
114853(330)
114854(429)
114855(345)
114856(419)
114837(479)
114838(451)
114839(461)
114840(485)
114841(383)
114817(452)
114818(458)
114819(441)
114820(451)
114821(309)
114812(411)
114813(490)
114814(403)
114815(452)
114816(330)
114822(452)
114823(467)
114824(470)
114825(453)
114826(434)
114832(440)
114833(288)
114834(395)
114835(479)
114836(462)
114827(462)
114828(438)
114829(464)
114830(415)
114831(487)
114638(476)
114639(433)
114640(415)
114641(387)
114642(366)
114633(389)
114634(350)
114635(460)
114636(395)
114637(441)
114643(407)
114644(401)
114645(488)
114646(489)
114647(432)
114653(478)
114655(332)
114656(390)
114658(340)
114659(426)
114648(367)
114649(428)
114650(472)
114651(460)
114652(477)
114628(360)
114629(477)
114630(466)
114631(477)
114632(392)
114608(393)
114609(421)
114610(428)
114611(395)
114612(458)
114738(385)
114739(342)
114740(453)
114743(385)
114744(427)
114613(446)
114614(443)
114615(323)
114616(447)
114617(431)
114623(451)
114624(442)
114625(372)
114626(487)
114627(405)
114618(486)
114619(358)
114620(464)
114621(488)
114622(479)
114661(423)
114662(449)
114664(345)
114665(421)
114666(411)
114715(341)
114717(429)
114718(425)
114719(464)
114720(486)
114708(444)
114709(338)
114710(386)
114711(316)
114714(421)
114721(463)
114722(457)
114723(400)
114724(269)
114725(404)
114731(343)
114732(439)
114733(423)
114735(378)
114736(434)
114726(349)
114727(339)
114728(269)
114729(347)
114730(477)
114701(461)
114703(428)
114704(465)
114705(377)
114706(408)
114673(353)
114674(411)
114675(443)
114677(353)
114678(396)
114668(340)
114669(426)
114670(453)
114671(282)
114672(373)
114679(432)
114680(341)
114682(445)
114683(367)
114684(455)
114693(466)
114694(425)
114696(439)
114698(429)
114699(410)
114686(295)
114687(380)
114690(468)
114691(381)
114692(414)
42
114578(200)
114667(172)
114689(211)
114697(189)
114700(164)
114508(217)
114550(216)
114553(186)
114566(190)
114567(196)
114707(214)
114749(167)
114754(161)
114764(165)
114766(208)
114654(264)
114660(327)
114663(257)
114676(307)
114681(272)
114537(242)
114559(291)
114569(252)
114570(240)
114600(256)
114507(255)
114510(294)
114514(239)
114515(286)
114536(248)
114685(241)
114695(229)
114702(297)
114713(240)
114716(207)
115013(279)
114777(330)
114803(274)
114932(280)
114960(291)
114979(306)
114734(322)
114737(251)
114741(346)
114750(238)
114757(260)
114986(294)
114987(464)
114988(486)
114989(463)
114990(418)
114991(432)
114992(418)
114993(416)
114994(379)
114995(425)
114975(440)
114976(477)
114977(461)
114978(357)
114980(379)
114981(366)
114982(358)
114983(465)
114984(426)
114985(390)
115007(446)
115008(365)
115009(443)
115010(352)
115012(444)
115014(429)
115015(268)
115016(464)
114996(429)
114997(366)
114998(470)
114999(436)
115000(442)
115001(432)
115002(458)
115004(361)
115005(459)
115006(428)
114970(425)
114971(445)
114972(426)
114973(438)
114974(469)
114892(427)
114893(438)
114894(464)
114895(429)
114896(370)
114887(493)
114888(412)
114889(468)
114890(461)
114891(423)
114897(481)
114898(434)
114899(377)
114900(402)
114901(482)
114907(394)
114908(468)
114909(410)
114910(390)
114911(425)
114902(465)
114903(315)
114904(417)
114905(433)
114906(423)
114882(353)
114883(386)
114884(345)
114885(413)
114886(382)
114862(478)
114863(329)
114864(422)
114865(456)
114866(473)
114857(469)
114858(439)
114859(434)
114860(425)
114861(438)
114867(427)
114868(452)
114869(454)
114870(346)
114871(415)
114877(356)
114878(412)
114879(380)
114880(489)
114881(345)
114872(435)
114873(427)
114874(418)
114875(475)
114876(457)
114948(439)
114949(461)
114950(348)
114951(428)
114952(414)
114943(453)
114944(385)
114945(406)
114946(421)
114947(420)
114953(477)
114954(441)
114955(439)
114956(384)
114957(384)
114964(384)
114965(467)
114966(468)
114967(422)
114969(404)
114958(444)
114959(397)
114961(434)
114962(418)
114963(431)
114938(461)
114939(437)
114940(394)
114941(372)
114942(367)
114917(457)
114918(404)
114919(445)
114920(355)
114921(506)
114912(392)
114913(445)
114914(452)
114915(450)
114916(476)
114922(382)
114923(455)
114924(485)
114925(394)
114926(447)
114933(383)
114934(357)
114935(414)
114936(395)
114937(425)
114927(482)
114928(447)
114929(292)
114930(438)
114931(325)
43
115492(278)
115502(312)
115516(254)
115517(219)
115525(232)
115526(261)
115543(248)
115550(206)
115556(277)
115559(229)
115562(252)
115571(217)
115573(227)
115579(226)
115580(234)
115435(240)
115459(241)
115464(297)
115468(314)
115473(270)
115319(230)
115330(239)
115333(210)
115334(231)
115338(296)
115340(219)
115362(287)
115364(264)
115365(247)
115385(272)
115395(248)
115401(236)
115403(310)
115421(209)
115431(240)
115582(247)
115584(261)
115593(262)
115596(209)
115598(204)
115680(187)
115682(225)
115690(237)
115692(212)
115696(269)
115697(216)
115702(213)
115703(280)
115704(247)
115705(212)
115654(252)
115655(255)
115660(226)
115663(294)
115664(185)
115602(245)
115605(205)
115608(223)
115616(225)
115617(249)
115618(207)
115625(215)
115626(261)
115627(251)
115628(242)
115632(226)
115634(241)
115639(225)
115641(249)
115653(250)
115657(310)
115658(277)
115659(329)
115661(326)
115665(256)
115644(343)
115645(274)
115650(364)
115651(315)
115652(298)
115675(322)
115676(318)
115677(339)
115681(278)
115683(386)
115701(275)
115707(323)
115712(271)
115725(290)
115684(421)
115685(321)
115691(251)
115694(326)
115695(294)
115623(307)
115624(308)
115635(277)
115637(311)
115643(332)
115384(265)
115389(303)
115390(315)
115396(306)
115399(348)
115404(282)
115417(269)
115425(339)
115436(313)
115448(380)
115450(331)
115451(403)
115458(299)
115471(380)
115477(300)
115292(278)
115298(343)
115299(387)
115300(266)
115312(253)
115318(330)
115348(358)
115353(405)
115356(294)
115357(443)
115358(392)
115369(322)
115377(276)
115381(237)
115382(297)
115581(346)
115583(301)
115585(261)
115586(306)
115588(277)
115590(329)
115595(248)
115600(289)
115601(354)
115604(258)
115609(242)
115611(346)
115614(314)
115615(287)
115622(315)
115486(364)
115493(320)
115496(351)
115499(291)
115504(280)
115512(336)
115521(292)
115527(372)
115533(333)
115537(320)
115540(267)
115552(249)
115563(326)
115568(324)
115578(282)
Aisha Bawany Govt. College (Morning)
114760(58)
114586(141)
114712(150)
114742(122)
114748(104)
114756(132)
115003(119)
114968(207)
115011(208)
44
115324(79)
115327(63)
115332(78)
115337(82)
115342(79)
115307(62)
115309(74)
115315(81)
115320(85)
115322(70)
115281(62)
115289(81)
115301(76)
115302(60)
115304(77)
115344(57)
115346(82)
115355(68)
115375(68)
115393(69)
115445(103)
115452(144)
115463(158)
115466(112)
115467(140)
115469(106)
115470(125)
115475(123)
115479(105)
115489(158)
115495(122)
115498(138)
115507(130)
115509(164)
115511(150)
115418(150)
115423(116)
115424(121)
115433(121)
115443(129)
115363(124)
115368(135)
115371(108)
115372(142)
115374(123)
115376(118)
115386(122)
115388(135)
115397(149)
115398(129)
115406(112)
115407(144)
115410(132)
115415(174)
115416(167)
115513(100)
115514(151)
115515(107)
115524(113)
115529(123)
115647(138)
115648(124)
115668(112)
115670(100)
115686(126)
115688(153)
115689(136)
115693(135)
115699(133)
115710(138)
115713(122)
115718(113)
115722(122)
115726(111)
115729(121)
115620(130)
115629(116)
115638(122)
115640(126)
115646(128)
115530(133)
115531(145)
115539(110)
115546(126)
115548(102)
115555(132)
115564(136)
115569(135)
115574(127)
115575(123)
115576(122)
115597(110)
115610(139)
115612(121)
115613(126)
115347(143)
115350(111)
115351(110)
115352(103)
115359(126)
115295(130)
115296(109)
115297(134)
115303(144)
115308(93)
115283(138)
115284(142)
115287(122)
115288(135)
115294(112)
115325(129)
115328(123)
115335(137)
115336(105)
115339(136)
115310(157)
115311(129)
115313(125)
115314(151)
115321(118)
115422(181)
115426(217)
115428(176)
115429(188)
115432(174)
115438(170)
115441(195)
115444(177)
115447(219)
115449(160)
115456(184)
115457(183)
115460(150)
115465(196)
115474(212)
115380(198)
115383(173)
115387(209)
115391(184)
115408(197)
115282(167)
115285(187)
115286(200)
115293(195)
115306(227)
115317(189)
115323(201)
115326(199)
115329(213)
115331(197)
115360(185)
115366(195)
115367(159)
115373(197)
115379(173)
115484(202)
115500(179)
115503(191)
115505(218)
115506(182)
115662(202)
115666(188)
115671(169)
115698(169)
115700(169)
115715(163)
115716(180)
115717(200)
115720(157)
115723(185)
115728(141)
115619(177)
115630(169)
115631(180)
115633(193)
115656(190)
115518(179)
115532(183)
115534(206)
115535(175)
115545(164)
115547(192)
115553(147)
115554(199)
115560(193)
115589(168)
115591(176)
115592(165)
115599(184)
115603(158)
115606(189)
115706(273)
115711(220)
115719(279)
115721(238)
45
116115(386)
116116(469)
116117(420)
116118(394)
116120(430)
116121(273)
116122(315)
116123(351)
116124(382)
116125(342)
116103(356)
116104(321)
116105(323)
116106(351)
116107(449)
116108(340)
116110(325)
116111(331)
116113(321)
116114(497)
116127(267)
116129(391)
116131(351)
116132(235)
116137(384)
116139(389)
116141(277)
116142(445)
116144(333)
116147(321)
College of Emerging Technologies
115957(83)
115967(87)
115962(109)
163531(130)
163533(151)
163534(142)
163535(145)
115959(187)
115961(143)
163532(191)
115951(233)
115953(192)
115955(238)
115964(260)
115966(233)
115969(224)
115971(250)
115972(215)
163539(279)
163536(373)
163537(389)
163538(279)
115974(273)
115975(267)
115976(312)
115977(335)
115978(279)
115952(294)
115954(302)
115956(345)
115958(336)
115960(377)
115963(327)
115965(248)
115968(290)
115970(298)
115973(257)
Askari Inter College, Bahadurabad
115345(19)
115354(27)
115361(24)
115370(23)
115378(19)
115291(20)
115305(20)
115316(32)
115341(40)
115343(34)
115402(26)
115414(25)
115420(23)
115427(39)
115446(24)
115667(41)
115672(24)
115674(22)
115678(23)
115679(30)
115487(32)
115519(31)
115528(22)
115536(25)
115607(24)
115455(66)
115461(74)
115462(77)
115472(75)
115476(86)
115478(90)
115480(81)
115481(60)
115482(85)
115483(93)
115485(96)
115488(74)
115490(102)
115491(81)
115497(63)
115394(71)
115400(73)
115409(75)
115411(70)
115412(68)
115413(75)
115419(60)
115430(63)
115434(67)
115437(97)
115439(70)
115440(64)
115442(87)
115453(69)
115454(79)
115570(93)
115572(65)
115577(63)
115587(56)
115621(71)
115636(96)
115642(62)
115649(69)
115669(58)
115673(70)
115687(99)
115709(85)
115714(83)
115501(80)
115510(68)
115520(80)
115522(64)
115523(62)
115538(72)
115542(64)
115544(70)
115549(75)
115551(104)
115557(76)
115558(68)
115561(63)
115566(93)
115567(56)
46
116434(269)
116437(227)
116442(265)
116459(255)
116473(221)
116514(250)
116568(213)
116520(287)
Govt. Degree Boys College, KMC Store Nishter Road
116311(294)
116315(276)
116316(294)
116301(416)
116303(329)
116304(372)
116305(326)
116306(293)
116307(383)
116308(371)
116309(338)
116310(329)
116312(378)
116313(413)
116314(351)
Fatimiyah College Boys Campus
116150(75)
116153(71)
116159(141)
116164(122)
116180(153)
163682(149)
163691(102)
116119(141)
116130(174)
116145(225)
116155(171)
116176(146)
163683(211)
116109(268)
116112(198)
116128(255)
116133(248)
116134(303)
116135(253)
116136(289)
116138(285)
116140(236)
116143(261)
116146(258)
116152(271)
116157(272)
116171(258)
163690(239)
116165(454)
116166(269)
116167(441)
116168(423)
116169(396)
116170(378)
116172(483)
116173(410)
116174(388)
116175(332)
116148(341)
116149(322)
116151(295)
116154(278)
116156(318)
116158(367)
116160(340)
116161(441)
116162(341)
116163(361)
163692(387)
163693(379)
163694(349)
163695(359)
163696(450)
163697(481)
163698(296)
163699(303)
116177(307)
116178(370)
116179(329)
163681(355)
163684(466)
163685(356)
163686(322)
163687(387)
163688(359)
163689(284)
47
116855(324)
116858(302)
116859(446)
116860(278)
116861(329)
116862(333)
116863(332)
116869(303)
116875(245)
116876(381)
116883(299)
116885(403)
116894(289)
116898(340)
116902(373)
116844(286)
116846(291)
116849(319)
116850(264)
116853(371)
116805(317)
116806(329)
116807(246)
116808(259)
116816(322)
116821(300)
116824(274)
116829(310)
116830(324)
116831(292)
116833(296)
116834(298)
116839(308)
116840(289)
116843(335)
116923(386)
116924(321)
116926(285)
116927(426)
116938(329)
116903(295)
116904(323)
116907(271)
116908(431)
116909(296)
116910(392)
116911(377)
116912(254)
116913(302)
116914(278)
116916(316)
116918(311)
116920(288)
116921(354)
116922(305)
Govt. National College (Morning)
116430(35)
116436(20)
116439(29)
116440(19)
116441(43)
116420(29)
116421(17)
116423(20)
116424(26)
116428(23)
116453(39)
116455(37)
116461(18)
116485(33)
116489(38)
116556(38)
116557(31)
116558(17)
116498(30)
116527(18)
116541(33)
116550(34)
116555(27)
116559(60)
116563(80)
116565(74)
116566(64)
116570(85)
116538(60)
116539(71)
116543(71)
116552(66)
116554(70)
116458(54)
116465(67)
116468(64)
116470(72)
116483(68)
116427(77)
116433(94)
116438(80)
116445(84)
116446(66)
116414(66)
116415(91)
116417(77)
116422(57)
116425(82)
116484(67)
116486(59)
116487(71)
116493(89)
116494(75)
116528(65)
116532(79)
116534(70)
116535(63)
116537(61)
116516(98)
116519(72)
116521(61)
116524(62)
116526(69)
116496(57)
116504(54)
116506(62)
116509(62)
116511(53)
116457(95)
116460(119)
116463(104)
116464(120)
116466(122)
116469(118)
116471(107)
116472(130)
116476(144)
116477(122)
116412(102)
116416(138)
116418(115)
116426(110)
116429(106)
116431(120)
116447(114)
116449(164)
116450(108)
116456(121)
116505(100)
116512(123)
116513(119)
116518(109)
116533(100)
116542(107)
116548(96)
116560(143)
116479(129)
116481(121)
116488(118)
116490(137)
116491(118)
116492(121)
116495(124)
116497(138)
116499(145)
116503(128)
116467(205)
116478(144)
116480(164)
116482(177)
116500(153)
116411(166)
116419(188)
116432(184)
116448(160)
116451(172)
116517(172)
116522(177)
116523(200)
116567(170)
116501(137)
116502(181)
116507(161)
116510(161)
116515(147)
48
117257(284)
117258(296)
117259(267)
117265(309)
117266(311)
117248(310)
117249(360)
117250(344)
117251(279)
117255(288)
117269(263)
117271(248)
117272(360)
117273(298)
117274(302)
117284(286)
117285(292)
117286(287)
117287(341)
117288(372)
117275(331)
117276(340)
117277(326)
117278(324)
117283(311)
117242(312)
117243(350)
117245(330)
117246(310)
117247(365)
117192(311)
117193(321)
117194(337)
117199(300)
117211(243)
117212(359)
117216(291)
117217(326)
117218(387)
117223(294)
117232(316)
117233(305)
117234(310)
117240(309)
117241(312)
117224(312)
117225(340)
117226(316)
117227(304)
117230(300)
117289(351)
117290(321)
117291(342)
117292(338)
117293(331)
117349(327)
117350(325)
117351(243)
117352(264)
117353(286)
117342(332)
117343(356)
117344(333)
117345(303)
117346(289)
117354(268)
117355(317)
117356(312)
117357(360)
117358(292)
117331(303)
117335(320)
117338(335)
117340(292)
117341(289)
117304(284)
117305(303)
117306(281)
117307(343)
117308(333)
117294(303)
117296(308)
117298(295)
117301(301)
117303(300)
117310(287)
117311(265)
117312(333)
117313(301)
117314(296)
117320(333)
117322(285)
117326(345)
117328(340)
117330(363)
117315(284)
117316(305)
117317(302)
117318(341)
117319(285)
117016(351)
117023(308)
117025(295)
117026(349)
117027(372)
117006(355)
117008(328)
117010(421)
117011(391)
117014(373)
117028(263)
117031(294)
117032(311)
117033(273)
117034(335)
117051(260)
117053(278)
117057(296)
117058(297)
117060(340)
117036(294)
117038(382)
117040(274)
117042(328)
117045(402)
116998(270)
116999(286)
117000(269)
117002(273)
117005(287)
116941(345)
116943(280)
116945(323)
116946(338)
116947(295)
117186(261)
117188(315)
117189(293)
117190(324)
117191(292)
116948(318)
116951(361)
116958(334)
116959(271)
116966(314)
116987(308)
116989(369)
116992(328)
116993(287)
116996(289)
116972(306)
116973(312)
116981(313)
116984(276)
116986(268)
117064(327)
117066(318)
117068(369)
117069(264)
117070(312)
117156(278)
117157(278)
117158(305)
117160(327)
117161(315)
117149(332)
117151(266)
117152(343)
117153(230)
117154(273)
117162(382)
117163(313)
117164(360)
117165(309)
117167(313)
117177(317)
117178(323)
117181(270)
117182(274)
117185(326)
117168(327)
117169(304)
117170(309)
117172(290)
117175(345)
117140(384)
117141(289)
117143(364)
117145(313)
117146(362)
117084(360)
117086(262)
117087(290)
117088(366)
117094(323)
117072(336)
117074(388)
117078(271)
117081(309)
117083(362)
117102(282)
117104(275)
117105(321)
117107(306)
117108(307)
117127(330)
117128(342)
117133(285)
117135(323)
117136(348)
117110(284)
117115(350)
117118(343)
117122(402)
117123(361)
49
116888(212)
116889(217)
116893(247)
116897(236)
116899(229)
116873(190)
116877(230)
116879(239)
116880(238)
116882(240)
116928(224)
116929(267)
116930(241)
116931(245)
116933(221)
116901(242)
116905(195)
116915(221)
116917(245)
116925(231)
116852(228)
116865(240)
116867(247)
116871(260)
116872(244)
116815(243)
116817(261)
116818(236)
116819(247)
116820(227)
116809(201)
116811(206)
116812(225)
116813(236)
116814(230)
116841(231)
116842(230)
116845(226)
116847(239)
116848(264)
116826(233)
116828(229)
116836(212)
116837(240)
116838(205)
117021(252)
117022(215)
117024(321)
117029(262)
117035(260)
117004(204)
117007(246)
117009(264)
117012(246)
117018(245)
116957(228)
116962(235)
116968(230)
116969(203)
116970(215)
116934(247)
116939(216)
116940(241)
116944(232)
116952(261)
116990(211)
116991(215)
116994(239)
116995(221)
117003(231)
116974(206)
116975(253)
116983(242)
116985(223)
116988(231)
117554(304)
117555(287)
117556(238)
117558(316)
117563(332)
117546(299)
117547(301)
117549(286)
117552(325)
117553(246)
117592(348)
117567(244)
117573(317)
117575(311)
117577(353)
117586(323)
117528(320)
117529(378)
117531(292)
117543(333)
117544(261)
117414(323)
117415(328)
117416(340)
117417(320)
117420(363)
117406(311)
117407(318)
117409(334)
117410(336)
117412(328)
117421(361)
117422(375)
117423(304)
117425(285)
117429(313)
117440(321)
117441(300)
117442(290)
117443(351)
117444(330)
117430(328)
117431(282)
117433(376)
117435(306)
117438(325)
117397(408)
117398(341)
117400(362)
117402(330)
117405(295)
117369(262)
117370(339)
117371(313)
117372(301)
117373(340)
117361(384)
117362(319)
117363(352)
117367(300)
117368(391)
117375(252)
117376(306)
117377(304)
117379(288)
117380(365)
117388(411)
117392(297)
117393(316)
117395(328)
117396(331)
117383(285)
117384(276)
117385(366)
117386(298)
117387(365)
117498(279)
117499(327)
117500(293)
117501(350)
117502(280)
117488(274)
117489(310)
117495(307)
117496(239)
117497(338)
117506(273)
117507(402)
117508(338)
117509(314)
117510(276)
117519(254)
117520(294)
117521(324)
117523(290)
117527(360)
117511(278)
117512(312)
117513(353)
117515(345)
117516(301)
117477(485)
117479(254)
117480(316)
117482(351)
117486(277)
117450(355)
117452(297)
117453(295)
117454(352)
117455(346)
117445(327)
117446(256)
117447(296)
117448(305)
117449(285)
117456(328)
117458(324)
117459(368)
117461(289)
117463(333)
117472(337)
117473(326)
117474(323)
117475(310)
117476(338)
117464(313)
117465(332)
117466(381)
117467(279)
117471(308)
50
116978(156)
116979(168)
116980(175)
116982(154)
116997(171)
116965(190)
116967(198)
116971(201)
116976(188)
116977(181)
117071(168)
117075(172)
117091(200)
117092(161)
117097(164)
117001(184)
117039(167)
117044(185)
117050(204)
117061(190)
116955(159)
116956(183)
116960(191)
116961(152)
116964(181)
116857(169)
116864(190)
116866(199)
116868(206)
116870(172)
116802(160)
116803(159)
116804(152)
116827(170)
116835(185)
116906(166)
116919(172)
116932(171)
116935(137)
116942(168)
116878(185)
116884(170)
116887(194)
116895(167)
116896(184)
117256(169)
117281(160)
117321(188)
117329(183)
117334(155)
117219(160)
117220(163)
117222(173)
117228(179)
117231(162)
117120(186)
117124(158)
117126(174)
117138(185)
117155(176)
117098(198)
117099(177)
117100(196)
117103(174)
117116(178)
117201(193)
117202(147)
117205(203)
117207(202)
117209(188)
117173(178)
117180(191)
117187(207)
117197(154)
117198(189)
117545(223)
117548(269)
117551(238)
117561(236)
117568(233)
117536(219)
117537(250)
117538(237)
117541(213)
117542(201)
117581(251)
117585(211)
117589(246)
117594(261)
117597(254)
117571(264)
117572(221)
117574(217)
117579(205)
117580(263)
117525(223)
117526(197)
117530(237)
117532(239)
117535(250)
117184(199)
117195(234)
117196(231)
117200(228)
117203(231)
117159(220)
117171(233)
117174(244)
117179(230)
117183(233)
117204(215)
117206(248)
117208(238)
117210(288)
117214(244)
117238(236)
117239(229)
117244(176)
117252(283)
117253(252)
117221(259)
117229(214)
117235(235)
117236(277)
117237(219)
117142(207)
117144(232)
117147(248)
117148(271)
117150(272)
117067(247)
117073(222)
117076(228)
117077(263)
117080(203)
117037(206)
117041(243)
117048(257)
117054(183)
117063(221)
117085(235)
117089(245)
117090(223)
117095(220)
117106(199)
117129(249)
117130(230)
117131(234)
117132(249)
117137(223)
117111(212)
117112(211)
117113(249)
117114(192)
117119(225)
117411(245)
117413(263)
117418(253)
117428(283)
117432(249)
117390(239)
117391(249)
117399(227)
117401(279)
117403(237)
117434(226)
117436(240)
117439(208)
117451(251)
117460(274)
117485(222)
117490(279)
117493(220)
117504(217)
117517(193)
117462(201)
117470(246)
117481(219)
117483(235)
117484(258)
117364(213)
117365(196)
117378(208)
117381(254)
117382(304)
117264(223)
117267(222)
117268(209)
117270(239)
117279(244)
117254(215)
117260(233)
117261(233)
117262(219)
117263(211)
117280(192)
117282(203)
117295(262)
117300(248)
117302(206)
117337(242)
117339(224)
117347(241)
117348(234)
117360(248)
117323(232)
117325(292)
117327(268)
117332(257)
117336(289)
51
163881(53)
117803(126)
117804(96)
117806(108)
117807(115)
163871(140)
163885(153)
117808(164)
117811(159)
117812(179)
117817(181)
117834(219)
117840(164)
163882(174)
163884(203)
117810(222)
117813(276)
117818(222)
117819(243)
117826(290)
117830(328)
117832(225)
117838(260)
117839(258)
117844(218)
163873(232)
163876(292)
117831(405)
117833(327)
117835(318)
117836(273)
117837(321)
117824(366)
117825(321)
117827(307)
117828(414)
117829(430)
117816(301)
117820(390)
117821(421)
117822(344)
117823(394)
163883(356)
163875(382)
163877(382)
163878(338)
163879(418)
163880(423)
117841(268)
117842(359)
117843(322)
163872(323)
163874(318)
117801(301)
117805(357)
117809(274)
117814(283)
117815(266)
Meritorious Science College
116963(57)
117079(58)
117121(33)
117134(33)
116823(53)
116825(68)
116854(81)
116954(82)
117015(93)
117055(62)
117082(81)
117176(68)
117478(111)
117534(78)
117056(105)
117059(133)
117062(122)
117065(113)
117096(127)
116936(109)
116949(130)
116950(133)
117047(147)
117052(95)
116801(110)
116822(119)
116856(122)
116874(117)
116900(131)
117117(119)
117125(106)
117297(152)
117389(115)
117468(135)
117600(127)
117601(144)
117602(144)
117603(150)
117605(128)
117569(132)
117582(135)
117588(123)
117593(125)
117598(125)
117492(118)
117533(134)
117560(119)
117564(114)
117566(133)
117491(198)
117494(162)
117503(196)
117505(164)
117518(154)
117419(190)
117426(171)
117427(168)
117457(191)
117469(163)
117366(184)
117374(176)
117394(164)
117404(180)
117408(183)
117522(219)
117524(192)
117539(211)
117540(191)
117550(190)
117599(164)
117604(170)
117583(175)
117590(195)
117591(170)
117595(173)
117596(164)
117557(167)
117562(160)
117570(217)
117576(209)
117578(143)
52
118217(332)
118218(348)
118219(396)
118220(351)
118221(293)
118211(373)
118212(312)
118214(321)
118215(389)
118216(306)
118222(323)
118223(290)
118224(342)
118225(358)
118226(326)
118239(333)
118242(298)
118245(333)
118246(438)
118247(301)
118228(331)
118230(307)
118233(392)
118235(344)
118236(352)
118202(354)
118205(245)
118207(241)
118208(322)
118209(387)
118177(285)
118178(313)
118180(350)
118181(297)
118182(269)
118171(304)
118172(287)
118173(282)
118175(315)
118176(450)
118183(291)
118184(359)
118185(306)
118186(310)
118187(316)
118197(320)
118198(379)
118199(302)
118200(342)
118201(355)
118188(404)
118189(317)
118190(290)
118192(384)
118194(411)
118336(375)
118337(340)
118342(322)
118345(305)
118346(355)
118326(371)
118327(313)
118328(305)
118329(359)
118331(355)
118347(379)
118350(320)
118353(390)
118354(395)
118355(295)
118358(300)
118361(354)
118363(376)
118364(422)
118365(334)
118313(389)
118316(284)
118318(280)
118319(346)
118324(319)
118253(297)
118254(381)
118255(434)
118258(301)
118261(359)
118248(413)
118249(350)
118250(275)
118251(315)
118252(396)
118266(371)
118268(258)
118269(386)
118270(384)
118271(316)
118287(318)
118292(330)
118295(280)
118304(288)
118310(318)
118276(284)
118277(332)
118279(313)
118280(386)
118281(295)
118015(341)
118017(321)
118018(359)
118019(320)
118021(329)
118007(376)
118008(316)
118009(275)
118010(269)
118014(405)
118022(420)
118023(327)
118025(403)
118029(305)
118031(333)
118052(272)
118055(308)
118056(319)
118057(324)
118059(390)
118033(339)
118044(426)
118046(324)
118047(385)
118049(355)
117961(360)
117969(432)
117970(278)
117972(345)
117973(310)
118160(415)
118161(285)
118162(372)
118167(350)
118168(295)
117980(293)
117981(329)
117983(323)
117984(304)
117987(357)
117996(254)
117999(366)
118000(332)
118002(330)
118006(344)
117988(429)
117989(415)
117990(309)
117991(310)
117993(343)
118060(438)
118062(322)
118063(343)
118064(340)
118067(279)
118131(278)
118132(274)
118133(370)
118134(304)
118136(398)
118121(376)
118123(380)
118124(375)
118129(301)
118130(269)
118137(381)
118138(414)
118139(372)
118140(306)
118141(399)
118152(278)
118154(259)
118155(338)
118156(335)
118158(383)
118143(313)
118144(364)
118145(349)
118149(311)
118150(381)
118083(322)
118087(318)
118089(293)
118090(276)
118092(317)
118069(298)
118075(447)
118077(327)
118080(275)
118082(355)
118094(381)
118095(353)
118096(343)
118097(426)
118100(342)
118109(290)
118113(305)
118117(402)
118119(282)
118120(354)
118101(317)
118102(369)
118104(315)
118106(350)
118107(317)
PECHS Education Foundation Govt. Degree Science College
53
118294(228)
118298(236)
118302(280)
118303(225)
118305(230)
118283(234)
118284(230)
118286(237)
118290(244)
118293(241)
118306(247)
118309(255)
118312(262)
118315(279)
118317(242)
118339(225)
118343(315)
118344(244)
118356(277)
118357(278)
118321(234)
118330(245)
118334(261)
118335(261)
118338(218)
118262(193)
118265(239)
118272(247)
118273(234)
118282(268)
118169(212)
118170(294)
118174(220)
118179(270)
118191(192)
118148(250)
118163(234)
118164(270)
118165(222)
118166(284)
118195(261)
118196(233)
118203(284)
118204(230)
118206(220)
118244(236)
118256(272)
118257(227)
118259(217)
118260(298)
118231(231)
118234(234)
118237(239)
118238(220)
118241(218)
118471(250)
118473(304)
118478(282)
118486(214)
118489(230)
118455(172)
118457(314)
118460(270)
118465(265)
118469(238)
118490(321)
118491(222)
118496(239)
118499(290)
118502(243)
118435(231)
118436(192)
118438(261)
118447(247)
118453(196)
118379(210)
118383(274)
118385(269)
118386(274)
118388(229)
118360(270)
118367(246)
118373(220)
118374(242)
118378(224)
118391(209)
118393(264)
118397(245)
118399(253)
118407(255)
118425(335)
118428(206)
118432(244)
118433(273)
118434(189)
118408(232)
118409(246)
118418(345)
118419(301)
118422(242)
117986(250)
117992(259)
117997(228)
117998(225)
118001(274)
118003(273)
118004(281)
118005(204)
118013(268)
118020(283)
117963(229)
117964(228)
117966(232)
117971(256)
117974(228)
117977(241)
117978(263)
117979(254)
117982(227)
117985(246)
118024(282)
118041(267)
118048(298)
118051(260)
118053(276)
118098(249)
118099(261)
118105(216)
118108(262)
118110(291)
118112(219)
118114(227)
118126(207)
118128(236)
118135(267)
118054(254)
118061(219)
118068(240)
118071(248)
118073(280)
118074(305)
118076(227)
118081(273)
118085(249)
118091(282)
118414(452)
118415(349)
118416(439)
118417(396)
118420(247)
118423(408)
118426(393)
118427(415)
118429(325)
118430(324)
118437(407)
118439(376)
118441(383)
118443(310)
118444(397)
118368(329)
118372(320)
118376(353)
118381(317)
118382(331)
118384(275)
118387(315)
118400(338)
118401(321)
118402(394)
118404(320)
118405(314)
118410(354)
118412(403)
118413(317)
118445(411)
118446(346)
118448(289)
118449(325)
118450(399)
118485(389)
118487(271)
118488(324)
118492(354)
118493(390)
118495(322)
118498(364)
118500(280)
118506(375)
118507(332)
118510(391)
118511(313)
118512(334)
118516(316)
118451(458)
118459(393)
118461(425)
118462(407)
118463(315)
118464(327)
118466(386)
118468(359)
118470(405)
118476(296)
118479(410)
118480(301)
118482(395)
118483(322)
118484(390)
54
118852(163)
118851(202)
118853(263)
118854(268)
118855(355)
118856(308)
Gulistan Shah Abdul Latif Boys Higher Secondary School
118297(38)
118301(17)
118323(35)
118369(40)
118477(20)
117976(69)
117994(67)
118037(84)
118040(85)
118072(71)
118127(76)
118213(63)
118314(86)
118351(70)
118380(66)
118394(88)
118431(66)
118375(113)
118389(126)
118392(147)
118396(117)
118398(132)
118340(122)
118348(141)
118359(118)
118362(128)
118371(130)
118497(97)
118501(102)
118517(101)
118521(163)
118411(116)
118452(141)
118467(134)
118472(143)
118474(133)
118299(92)
118308(145)
118311(122)
118332(121)
118333(128)
118039(113)
118042(116)
118045(153)
118050(132)
118058(136)
117962(106)
117975(169)
117995(118)
118030(139)
118036(118)
118153(103)
118227(144)
118264(112)
118285(135)
118296(96)
118070(156)
118079(106)
118086(121)
118115(129)
118151(125)
118122(181)
118125(134)
118146(165)
118147(154)
118157(188)
118193(174)
118210(177)
118229(218)
118232(178)
118240(157)
118243(179)
118263(161)
118267(186)
118274(166)
118275(159)
118084(190)
118088(184)
118103(161)
118111(188)
118116(194)
117965(194)
117968(225)
118011(164)
118012(204)
118016(206)
118026(226)
118027(201)
118032(208)
118034(186)
118035(163)
118038(169)
118043(203)
118065(178)
118066(190)
118078(196)
118442(160)
118454(185)
118456(269)
118458(191)
118475(208)
118481(184)
118494(167)
118504(190)
118515(211)
118518(176)
118522(161)
118523(194)
118390(167)
118403(223)
118421(165)
118424(141)
118440(168)
118278(185)
118288(192)
118289(184)
118291(189)
118300(164)
118307(216)
118320(185)
118322(158)
118325(173)
118341(163)
118349(177)
118352(202)
118366(198)
118370(178)
118377(195)
118503(312)
118505(237)
118508(245)
118509(267)
118513(274)
118514(254)
118519(249)
118520(274)
55
119127(293)
119130(268)
119131(304)
119132(275)
119126(319)
119128(392)
119129(408)
164401(413)
Tabani's College
119078(97)
119076(116)
119071(193)
119072(142)
119073(260)
119075(267)
119077(245)
119074(322)
South City Institute of Management & Technology
118952(283)
118958(275)
118962(264)
118976(234)
118977(236)
118978(266)
118980(264)
118981(276)
118983(230)
118964(346)
118965(359)
118966(335)
118967(341)
118968(380)
118957(343)
118959(357)
118960(349)
118961(395)
118963(349)
118951(352)
118953(313)
118954(380)
118955(410)
118956(348)
164202(375)
164203(403)
164204(415)
118974(391)
118975(383)
118979(313)
118982(337)
164201(350)
118969(341)
118970(289)
118971(335)
118972(381)
118973(393)
Army Public College, Faisal, S.M.C.H.S.
56
119504(96)
119509(137)
119511(119)
119501(197)
119503(172)
119507(188)
119510(189)
119514(149)
119502(215)
119505(271)
119508(273)
119517(248)
119518(244)
119516(302)
Farabi Govt. Boys Higher Secondary School, Kashmir Road
119392(249)
119391(343)
Al-Hamd College of Professional Education
165101(75)
119254(201)
119259(186)
119260(204)
119266(186)
119267(195)
165102(260)
165103(222)
119251(292)
119252(365)
119253(375)
119255(362)
119256(381)
119257(363)
119261(373)
119262(381)
119263(359)
119264(386)
119265(356)
119268(336)
C.M.S Govt. Higher Secondary (Campus School) Boys & Girls, Nishter Road
57
120078(271)
120080(250)
120084(259)
120085(224)
120087(295)
120055(283)
120068(310)
120072(299)
120073(283)
120076(270)
120069(410)
120070(347)
120071(336)
120074(394)
120075(375)
120079(345)
120081(334)
120082(317)
120086(325)
120088(311)
120063(303)
120064(352)
120065(387)
120066(332)
120067(317)
120051(407)
120052(421)
120053(346)
120054(291)
120056(328)
120057(370)
120058(354)
120059(389)
120060(361)
120062(383)
120090(346)
120092(363)
120093(346)
120094(387)
120097(405)
168379(415)
168380(441)
168381(377)
168382(370)
168383(413)
168384(341)
168385(452)
168386(390)
168374(341)
168375(302)
168376(336)
168377(351)
168378(392)
120098(360)
120099(307)
120101(298)
120103(333)
120104(332)
120105(325)
120106(306)
120110(341)
168372(310)
168373(358)
Bahria College (M.T. Khan Road)
119924(225)
119930(179)
119901(211)
119910(280)
119913(236)
119919(218)
119923(276)
119926(251)
119928(254)
119932(250)
119934(256)
119936(278)
119937(249)
119943(246)
119915(362)
119916(419)
119917(407)
119918(361)
119920(377)
119921(339)
119922(337)
119925(345)
119927(331)
119929(356)
119902(405)
119904(346)
119905(329)
119906(330)
119907(407)
119908(416)
119909(473)
119911(377)
119912(356)
119914(308)
119931(328)
119933(378)
119935(335)
119938(313)
119939(310)
168258(414)
168259(397)
168260(451)
168261(380)
168262(396)
168263(434)
168264(355)
168265(343)
168266(356)
119940(369)
119941(393)
119942(339)
168251(427)
168252(430)
168253(465)
168254(420)
168255(457)
168256(431)
168257(291)
Army Public College, Saddar
58
120320(340)
120321(346)
120322(495)
120323(382)
120324(390)
120315(355)
120316(362)
120317(431)
120318(458)
120319(333)
120326(456)
120327(450)
120328(327)
120329(477)
120330(345)
120338(476)
120339(290)
120340(303)
120341(344)
120342(458)
120331(368)
120332(421)
120333(312)
120334(364)
120336(424)
120307(384)
120308(363)
120309(324)
120310(351)
120313(404)
120281(338)
120282(313)
120283(323)
120284(458)
120285(460)
120286(341)
120288(371)
120289(338)
120290(407)
120291(443)
120299(436)
120300(362)
120303(433)
120304(331)
120306(430)
120292(312)
120295(300)
120296(302)
120297(455)
120298(285)
120343(308)
120344(404)
120347(430)
120348(386)
120349(471)
120387(370)
120389(331)
120390(363)
120391(428)
120392(430)
120382(463)
120383(476)
120384(357)
120385(370)
120386(386)
120394(436)
120395(470)
120396(347)
120397(428)
120398(333)
120377(456)
120378(365)
120379(433)
120380(425)
120381(396)
120355(333)
120356(440)
120357(431)
120358(412)
120359(413)
120350(344)
120351(382)
120352(363)
120353(397)
120354(380)
120360(415)
120361(430)
120362(408)
120363(394)
120364(412)
120371(428)
120372(473)
120373(347)
120375(471)
120376(311)
120365(422)
120366(309)
120367(385)
120368(311)
120370(345)
120234(342)
120235(392)
120236(361)
120237(370)
120238(302)
120239(422)
120240(393)
120242(380)
120243(380)
120244(284)
120229(410)
120230(319)
120231(342)
120232(425)
120233(308)
120276(283)
120277(400)
120278(405)
120279(405)
120280(346)
120221(395)
120222(406)
120223(349)
120224(375)
120227(343)
120264(360)
120267(455)
120268(354)
120269(305)
120270(455)
120271(458)
120272(447)
120273(457)
120274(375)
120275(368)
120259(399)
120260(340)
120261(480)
120262(351)
120263(428)
120245(444)
120246(402)
120247(413)
120248(418)
120251(295)
120252(329)
120254(415)
120255(382)
120256(348)
120257(447)
D.J. Sindh Govt. Science College
120083(153)
120077(178)
120109(176)
168371(204)
120089(251)
120091(307)
120095(228)
120096(244)
120100(273)
120114(228)
120102(297)
120107(255)
120108(249)
120111(263)
120112(248)
59
120584(404)
120585(398)
120586(385)
120587(333)
120588(366)
120578(403)
120579(291)
120580(336)
120582(382)
120583(405)
120589(420)
120590(493)
120591(342)
120592(361)
120593(418)
120599(359)
120600(325)
120601(375)
120602(340)
120603(396)
120594(320)
120595(423)
120596(474)
120597(345)
120598(482)
120572(336)
120573(441)
120574(464)
120575(447)
120576(358)
120538(375)
120539(401)
120540(422)
120541(415)
120542(422)
120543(366)
120544(334)
120550(335)
120552(376)
120553(326)
120565(437)
120567(369)
120569(345)
120570(409)
120571(481)
120555(328)
120556(380)
120557(384)
120559(346)
120560(370)
120604(412)
120605(393)
120606(393)
120607(455)
120608(431)
120653(453)
120654(365)
120656(319)
120657(409)
120658(373)
120647(365)
120648(296)
120649(394)
120650(421)
120652(303)
120659(423)
120660(409)
120661(368)
120662(345)
120664(398)
120641(426)
120642(424)
120643(277)
120645(348)
120646(374)
120614(426)
120616(315)
120617(359)
120618(351)
120621(369)
120609(333)
120610(319)
120611(425)
120612(407)
120613(358)
120622(366)
120623(307)
120624(373)
120625(389)
120626(352)
120635(420)
120637(350)
120638(337)
120639(403)
120640(374)
120628(354)
120630(334)
120632(454)
120633(318)
120634(332)
120435(340)
120436(429)
120437(442)
120439(448)
120440(427)
120428(462)
120430(437)
120432(316)
120433(382)
120434(358)
120441(409)
120442(351)
120443(408)
120444(369)
120445(482)
120453(446)
120454(401)
120455(389)
120456(407)
120457(490)
120446(332)
120447(339)
120448(352)
120449(413)
120451(367)
120423(392)
120424(457)
120425(378)
120426(441)
120427(403)
120399(390)
120401(301)
120402(434)
120403(417)
120404(325)
120532(380)
120533(339)
120534(424)
120535(442)
120536(406)
120405(366)
120406(462)
120407(401)
120408(428)
120409(488)
120416(317)
120417(462)
120418(438)
120419(442)
120422(369)
120410(472)
120411(332)
120412(458)
120414(358)
120415(407)
120459(286)
120460(414)
120461(269)
120462(352)
120463(439)
120508(404)
120509(340)
120510(441)
120511(372)
120512(377)
120501(481)
120503(415)
120505(379)
120506(405)
120507(327)
120513(330)
120514(375)
120515(308)
120516(409)
120518(423)
120525(389)
120526(404)
120528(384)
120530(401)
120531(403)
120519(307)
120520(394)
120522(427)
120523(363)
120524(372)
120496(399)
120497(425)
120498(454)
120499(385)
120500(413)
120470(469)
120471(358)
120472(403)
120473(332)
120474(386)
120464(368)
120465(408)
120466(403)
120467(443)
120469(401)
120475(379)
120476(417)
120477(421)
120478(457)
120479(379)
120490(349)
120492(404)
120493(461)
120494(374)
120495(398)
120480(366)
120482(401)
120484(408)
120486(373)
120488(293)
60
120374(237)
120388(230)
120450(213)
120487(236)
120502(213)
120287(176)
120301(192)
120312(164)
120346(201)
120369(175)
120504(219)
120517(181)
120521(214)
120537(181)
120547(240)
120783(176)
120799(216)
120548(188)
120568(198)
120697(236)
120734(203)
120781(187)
120413(251)
120420(261)
120421(261)
120429(208)
120431(258)
120452(271)
120458(306)
120468(252)
120481(267)
120483(267)
120485(316)
120489(235)
120491(229)
120545(292)
120546(265)
120226(245)
120228(252)
120241(257)
120253(245)
120258(281)
120265(217)
120266(259)
120294(275)
120302(273)
120305(221)
120311(237)
120314(294)
120325(235)
120393(304)
120400(305)
120667(272)
120670(289)
120679(282)
120680(304)
120688(310)
120695(308)
120754(247)
120779(298)
120786(296)
120789(312)
120795(283)
120800(293)
120803(230)
120809(259)
120551(261)
120554(280)
120561(312)
120562(254)
120577(258)
120581(277)
120615(282)
120619(314)
120620(303)
120627(294)
120631(283)
120644(323)
120651(300)
120655(337)
120663(308)
120807(274)
120808(427)
120796(396)
120797(404)
120798(287)
120804(373)
120806(326)
120708(480)
120709(371)
120710(459)
120711(403)
120712(395)
120702(469)
120703(479)
120705(455)
120706(265)
120707(403)
120713(441)
120714(376)
120715(473)
120716(435)
120717(422)
120723(355)
120724(452)
120725(361)
120726(453)
120727(355)
120718(352)
120719(437)
120720(362)
120721(389)
120722(343)
120696(319)
120698(375)
120699(464)
120700(373)
120701(381)
120672(355)
120673(425)
120674(369)
120675(357)
120676(388)
120665(400)
120666(399)
120668(401)
120669(344)
120671(369)
120677(368)
120678(447)
120681(356)
120682(335)
120683(405)
120690(404)
120691(403)
120692(351)
120693(294)
120694(373)
120684(407)
120685(454)
120686(393)
120687(449)
120689(379)
120766(441)
120767(368)
120768(336)
120769(367)
120770(344)
120761(421)
120762(406)
120763(446)
120764(429)
120765(403)
120771(364)
120772(437)
120773(357)
120774(431)
120775(359)
120785(372)
120791(405)
120792(326)
120793(373)
120794(483)
120776(347)
120777(395)
120778(412)
120780(339)
120784(424)
120756(357)
120757(414)
120758(431)
120759(394)
120760(481)
120733(369)
120735(482)
120736(395)
120737(432)
120738(409)
120728(365)
120729(458)
120730(297)
120731(457)
120732(450)
120739(459)
120740(384)
120741(375)
120742(484)
120743(425)
120749(423)
120750(450)
120751(393)
120753(403)
120755(448)
120744(380)
120745(378)
120746(437)
120747(378)
120748(418)
61
121351(222)
121352(259)
121354(234)
121358(249)
121376(295)
121364(335)
121365(328)
121366(399)
121367(460)
121368(342)
121353(335)
121355(286)
121357(328)
121360(372)
121363(435)
121369(446)
121370(349)
121371(350)
121372(303)
121373(328)
168502(354)
168504(373)
121374(402)
121375(383)
121379(317)
121380(324)
121385(382)
Guard Public Higher Secondary School
121182(256)
121247(397)
121248(468)
121249(405)
121250(399)
121251(456)
121197(398)
121198(448)
121199(399)
121200(407)
121201(375)
121202(355)
121203(409)
121204(419)
121205(406)
121206(433)
121207(418)
121208(412)
121209(421)
121210(417)
121211(384)
121181(391)
121183(364)
121184(406)
121185(396)
121186(406)
121187(383)
121188(396)
121189(398)
121190(377)
121191(427)
121192(389)
121193(381)
121194(400)
121195(400)
121196(400)
121212(452)
121213(415)
121214(390)
121215(452)
121216(426)
121232(467)
121233(460)
121234(400)
121235(410)
121236(419)
121237(378)
121238(388)
121239(381)
121240(432)
121241(445)
121242(387)
121243(393)
121244(407)
121245(366)
121246(399)
121217(393)
121218(392)
121219(396)
121220(406)
121221(356)
121222(392)
121223(416)
121224(460)
121225(396)
121226(377)
121227(456)
121228(410)
121229(417)
121230(462)
121231(399)
F.G Boys Inter College, Dr. Daud Pota Road
120438(35)
120527(50)
120225(76)
120250(104)
120335(75)
120801(61)
120249(138)
120337(126)
120345(130)
120529(130)
120549(128)
120558(147)
120563(140)
120636(153)
120704(132)
120752(133)
120782(118)
120787(118)
120802(115)
120805(114)
62
121637(321)
121638(322)
121640(318)
121642(384)
121643(316)
121628(286)
121629(372)
121631(368)
121632(342)
121634(274)
121644(440)
121646(357)
121649(355)
121655(334)
121656(388)
121668(315)
121670(282)
121674(302)
121676(285)
121679(329)
121657(334)
121660(363)
121661(339)
121662(351)
121664(261)
121612(323)
121613(330)
121617(319)
121621(391)
121627(279)
121577(353)
121578(359)
121579(360)
121580(354)
121581(323)
121571(318)
121573(281)
121574(367)
121575(281)
121576(316)
121583(309)
121587(299)
121588(289)
121589(300)
121590(288)
121600(379)
121601(288)
121603(338)
121606(353)
121607(366)
121591(350)
121592(282)
121595(320)
121597(313)
121599(345)
121757(361)
121758(389)
121759(305)
121762(313)
121763(344)
121728(298)
121731(287)
121733(332)
121738(362)
121748(294)
121764(425)
121766(331)
121767(380)
121768(280)
121769(338)
121720(396)
121721(337)
121722(328)
121726(274)
121727(295)
121686(304)
121687(358)
121688(333)
121689(346)
121691(312)
121680(318)
121682(320)
121683(296)
121684(277)
121685(258)
121693(340)
121694(435)
121695(279)
121696(360)
121699(301)
121712(365)
121713(344)
121716(339)
121718(387)
121719(376)
121700(279)
121702(298)
121703(343)
121705(372)
121710(287)
121502(407)
121503(332)
121504(374)
121509(448)
121511(369)
121512(316)
121514(294)
121518(374)
121522(332)
121523(317)
121483(286)
121491(392)
121492(315)
121496(347)
121501(343)
121462(282)
121467(340)
121468(318)
121471(307)
121472(356)
121474(352)
121477(387)
121478(304)
121479(425)
121480(392)
121524(347)
121525(310)
121526(276)
121530(279)
121531(303)
121556(275)
121559(299)
121560(297)
121562(319)
121563(293)
121564(343)
121565(399)
121566(358)
121567(341)
121569(397)
121550(320)
121551(373)
121552(368)
121553(373)
121554(303)
121532(337)
121533(428)
121537(350)
121538(434)
121539(347)
121543(381)
121544(412)
121545(396)
121546(239)
121549(337)
Islamia Govt. Science College
121378(93)
121361(132)
121362(151)
121356(195)
121359(168)
121381(200)
121382(207)
121383(191)
121377(242)
121384(269)
121386(269)
168501(232)
168503(245)
168505(256)
63
121470(95)
121473(64)
121499(69)
121557(97)
121604(89)
121608(99)
121616(61)
121648(66)
121734(74)
121744(101)
121746(90)
121751(81)
121760(91)
121790(78)
121797(77)
121570(139)
121619(152)
121708(142)
121717(138)
121735(153)
121489(139)
121506(121)
121516(131)
121517(127)
121541(120)
121461(127)
121463(140)
121475(133)
121482(124)
121486(161)
121796(160)
121804(120)
121771(116)
121773(147)
121776(138)
121779(109)
121792(127)
121740(109)
121741(88)
121745(141)
121752(140)
121754(117)
121626(200)
121630(211)
121636(223)
121650(171)
121652(210)
121653(160)
121659(222)
121681(173)
121697(228)
121701(192)
121536(204)
121547(218)
121548(196)
121582(210)
121585(206)
121594(175)
121596(222)
121605(182)
121609(207)
121618(183)
121780(209)
121783(151)
121789(168)
121793(183)
121795(169)
121798(186)
121800(186)
121704(224)
121709(167)
121714(201)
121737(166)
121742(198)
121743(176)
121749(147)
121761(202)
121774(189)
121777(184)
121464(179)
121490(192)
121515(181)
121520(202)
121521(202)
121593(239)
121598(279)
121602(255)
121610(290)
121611(307)
121555(240)
121561(231)
121568(238)
121584(261)
121586(297)
121624(248)
121625(275)
121633(270)
121635(244)
121639(223)
121614(244)
121615(246)
121620(231)
121622(246)
121623(211)
121529(239)
121534(285)
121535(247)
121540(211)
121542(297)
121487(267)
121488(272)
121493(205)
121494(238)
121495(210)
121465(275)
121469(248)
121476(268)
121481(225)
121484(235)
121510(246)
121513(243)
121519(237)
121527(218)
121528(326)
121497(200)
121498(238)
121500(209)
121505(304)
121507(237)
121750(239)
121753(215)
121755(225)
121756(267)
121765(248)
121725(275)
121732(260)
121736(264)
121739(262)
121747(227)
121802(243)
121775(275)
121781(248)
121786(266)
121788(219)
121794(233)
121707(254)
121711(265)
121715(238)
121723(228)
121724(218)
121658(258)
121663(242)
121665(268)
121666(277)
121667(266)
121641(266)
121645(242)
121647(283)
121651(251)
121654(272)
121677(204)
121678(245)
121690(279)
121692(252)
121698(246)
121669(261)
121671(241)
121672(260)
121673(275)
121675(257)
121770(367)
121772(284)
121778(362)
121782(305)
121784(317)
121787(254)
121791(275)
64
122453(348)
122455(328)
122458(375)
122472(313)
122474(417)
122476(352)
122477(272)
122479(450)
122489(308)
122496(359)
122499(324)
122501(327)
122502(370)
122504(294)
122506(347)
122388(302)
122389(319)
122390(294)
122407(404)
122419(292)
122423(363)
122425(295)
122439(372)
122442(243)
122443(261)
122447(291)
122448(250)
122449(317)
122450(331)
122451(262)
122508(380)
122514(401)
122515(337)
122520(351)
122521(303)
122525(424)
122526(343)
122530(342)
122542(303)
122548(394)
122552(386)
122554(321)
122555(295)
122560(312)
122564(287)
S.M. Govt. Science College
122333(77)
122331(135)
122334(381)
Pak-Turk Maarif International School & College (Higher Secondary) Clifton
122221(188)
122233(195)
122226(215)
122229(323)
122230(310)
122231(299)
122232(324)
122234(320)
122223(320)
122224(354)
122225(351)
122227(384)
122228(333)
122235(392)
122236(434)
122237(381)
122238(349)
122239(475)
122245(312)
167401(350)
167402(420)
122240(314)
122241(340)
122242(396)
122243(364)
122244(329)
N.J.V. Govt. Higher Secondary School (Campus), Saeed Manzil
121466(32)
121706(26)
65
122577(242)
122580(200)
122582(216)
122596(204)
122602(212)
122603(211)
122610(217)
122611(236)
122643(261)
122646(202)
122648(247)
122651(242)
122654(217)
122655(250)
122656(285)
122556(232)
122563(251)
122569(220)
122572(247)
122575(190)
122384(220)
122385(186)
122432(245)
122435(215)
122462(278)
122466(205)
122469(250)
122490(203)
122493(219)
122494(217)
122512(191)
122518(229)
122519(213)
122541(261)
122545(244)
122657(265)
122661(219)
122662(249)
122664(257)
122665(275)
122804(241)
122813(278)
122817(295)
122826(258)
122827(279)
122698(234)
122706(221)
122711(241)
122720(213)
122728(176)
122730(249)
122732(201)
122743(202)
122750(288)
122751(212)
122752(255)
122760(251)
122788(252)
122792(283)
122796(267)
122911(306)
122917(330)
122919(365)
122922(450)
122924(269)
122897(412)
122900(284)
122906(325)
122909(280)
122910(265)
122886(239)
122891(326)
122893(346)
122894(354)
122895(331)
122925(313)
122931(274)
122933(240)
122935(407)
122940(446)
122980(312)
122983(455)
122991(410)
122952(293)
122955(309)
122967(325)
122972(357)
122977(346)
122941(273)
122943(377)
122944(289)
122946(294)
122947(320)
122876(319)
122877(309)
122879(309)
122884(345)
122885(370)
122679(268)
122682(300)
122683(413)
122684(438)
122689(274)
122660(284)
122663(286)
122666(365)
122667(376)
122668(341)
122690(366)
122691(250)
122694(266)
122696(333)
122702(338)
122713(305)
122714(392)
122715(365)
122719(383)
122721(311)
122703(405)
122704(256)
122708(359)
122709(289)
122710(314)
122650(262)
122652(432)
122653(340)
122658(350)
122659(353)
122590(263)
122592(358)
122593(317)
122594(285)
122597(281)
122567(341)
122568(379)
122581(409)
122583(351)
122588(271)
122598(225)
122599(310)
122604(318)
122607(442)
122620(274)
122638(435)
122640(426)
122641(337)
122647(430)
122649(350)
122624(271)
122625(401)
122627(295)
122631(297)
122632(373)
122825(297)
122830(330)
122831(459)
122833(277)
122834(313)
122810(394)
122820(356)
122822(346)
122823(299)
122824(311)
122835(331)
122836(343)
122837(337)
122842(284)
122847(323)
122862(266)
122863(303)
122865(318)
122866(348)
122867(353)
122854(298)
122856(302)
122858(362)
122859(299)
122860(263)
122789(283)
122793(293)
122795(434)
122799(362)
122800(303)
122727(412)
122731(372)
122735(336)
122736(324)
122737(377)
122722(371)
122723(227)
122724(248)
122725(468)
122726(337)
122738(440)
122741(271)
122746(308)
122747(411)
122748(339)
122775(417)
122777(370)
122778(410)
122779(344)
122783(231)
122758(429)
122763(288)
122764(279)
122770(304)
122773(339)
66
122452(117)
122461(133)
122464(106)
122467(127)
122470(122)
122471(111)
122473(113)
122483(132)
122485(103)
122487(113)
122491(132)
122513(114)
122522(128)
122524(106)
122543(144)
122429(137)
122433(85)
122434(135)
122438(126)
122445(129)
122386(106)
122387(115)
122392(141)
122396(122)
122397(161)
122399(145)
122400(130)
122401(101)
122404(112)
122409(99)
122414(108)
122415(117)
122416(147)
122418(117)
122421(121)
122634(132)
122635(123)
122637(145)
122639(134)
122645(174)
122546(114)
122549(114)
122553(159)
122562(119)
122566(158)
122574(116)
122578(112)
122579(107)
122586(110)
122589(92)
122606(136)
122616(121)
122617(147)
122619(135)
122622(136)
122875(149)
122880(180)
122883(196)
122889(138)
122892(188)
122899(196)
122902(157)
122904(166)
122907(181)
122908(165)
122812(175)
122816(167)
122818(155)
122821(150)
122832(152)
122845(168)
122848(145)
122850(154)
122864(199)
122872(149)
122962(147)
122964(180)
122966(242)
122968(179)
122973(162)
122976(201)
122982(180)
122984(140)
122987(130)
122990(207)
122913(185)
122920(182)
122932(167)
122937(166)
122939(148)
122945(184)
122948(159)
122950(190)
122957(174)
122960(178)
122781(139)
122782(128)
122786(193)
122790(179)
122808(155)
122497(210)
122500(190)
122507(156)
122523(165)
122531(172)
122532(190)
122535(182)
122536(188)
122537(157)
122538(151)
122540(158)
122544(195)
122558(209)
122561(182)
122565(175)
122460(166)
122478(165)
122480(173)
122492(178)
122495(161)
122381(143)
122383(186)
122393(151)
122402(144)
122408(185)
122412(191)
122413(177)
122420(180)
122422(154)
122430(197)
122436(166)
122446(172)
122456(202)
122457(208)
122459(174)
122676(160)
122677(168)
122680(156)
122681(160)
122686(192)
122687(188)
122700(170)
122701(139)
122739(150)
122742(138)
122745(201)
122759(161)
122762(178)
122768(157)
122776(160)
122642(187)
122644(166)
122670(144)
122674(158)
122675(175)
122570(204)
122571(157)
122585(175)
122595(152)
122600(195)
122601(144)
122608(168)
122612(173)
122613(186)
122615(144)
122618(225)
122621(181)
122628(205)
122629(172)
122636(168)
122882(212)
122888(180)
122890(173)
122896(267)
122898(209)
122853(214)
122861(252)
122868(261)
122873(256)
122878(199)
122828(226)
122829(254)
122838(207)
122840(229)
122843(238)
122903(251)
122905(257)
122912(229)
122914(238)
122916(231)
122965(221)
122975(181)
122979(253)
122995(219)
122996(195)
122936(222)
122938(271)
122942(191)
122949(298)
122963(239)
122918(199)
122921(209)
122926(214)
122930(207)
122934(211)
67
123258(215)
168602(209)
168607(277)
123248(439)
123249(364)
123250(425)
123251(432)
123252(417)
123253(401)
123254(402)
123255(449)
123256(351)
123257(386)
123242(324)
123243(341)
123244(415)
123245(442)
123246(434)
123231(357)
123232(376)
123233(380)
123235(320)
123236(325)
123237(304)
123238(323)
123239(332)
123240(324)
123241(331)
168604(342)
168605(319)
168606(298)
168608(432)
168609(350)
168610(397)
168611(457)
123269(409)
123270(347)
123271(333)
168601(351)
168603(299)
123259(405)
123260(277)
123261(421)
123262(424)
123263(407)
123264(342)
123265(383)
123266(364)
123267(338)
123268(366)
SSAT Degree College
122717(35)
122740(33)
122766(20)
122784(19)
122794(22)
122559(40)
122576(32)
122587(34)
122630(32)
122712(45)
122961(33)
122993(37)
122802(20)
122805(33)
122814(17)
122815(40)
122869(40)
122405(33)
122441(23)
122463(30)
122465(33)
122468(27)
122481(33)
122498(32)
122503(29)
122517(28)
122529(24)
122509(70)
122510(62)
122511(84)
122516(64)
122527(83)
122528(78)
122539(71)
122550(78)
122573(85)
122605(71)
122454(68)
122475(86)
122482(67)
122484(81)
122505(73)
122394(62)
122395(70)
122410(60)
122417(67)
122424(77)
122426(77)
122428(66)
122431(67)
122437(86)
122444(75)
122609(86)
122623(80)
122626(78)
122678(68)
122693(77)
122846(63)
122852(57)
122855(106)
122881(76)
122887(58)
122959(73)
122969(73)
122970(69)
122988(63)
122989(67)
122774(60)
122780(81)
122797(67)
122806(66)
122839(70)
122695(76)
122705(59)
122707(82)
122716(89)
122734(91)
122757(82)
122761(63)
122767(53)
122769(69)
122772(85)
122771(95)
122785(140)
122787(104)
122801(97)
122803(94)
122807(124)
122819(102)
122841(116)
122870(106)
122871(138)
122671(108)
122685(153)
122699(95)
122729(138)
122744(138)
122749(137)
122754(166)
122755(127)
122756(100)
122765(109)
122974(124)
122978(119)
122981(132)
122985(103)
122986(130)
122992(104)
122994(118)
122874(140)
122901(96)
122915(98)
122923(94)
122927(124)
122951(108)
122953(112)
122954(122)
122956(117)
122958(101)
68
123915(357)
123920(312)
123949(292)
123951(388)
123953(403)
123954(377)
123955(314)
123956(407)
123957(395)
123958(376)
123731(302)
123734(274)
123766(387)
123767(302)
123770(277)
123772(259)
123773(362)
123819(300)
123823(318)
123860(287)
123959(369)
123960(419)
123961(396)
123962(413)
123963(322)
123964(400)
123965(371)
123966(345)
123967(423)
123968(368)
Nabi Bagh Z.M. Govt. Science College
123396(44)
123408(31)
123413(49)
123448(33)
123397(73)
123403(77)
123404(72)
123417(74)
123435(82)
123445(72)
123378(118)
123384(135)
123395(119)
123398(148)
123401(110)
123443(110)
123447(133)
168710(117)
123371(187)
123372(212)
123382(207)
123392(178)
123400(203)
123410(227)
123412(171)
123416(194)
123424(194)
123425(180)
123431(178)
123433(173)
123434(177)
123439(217)
168717(198)
123442(307)
123444(259)
168716(210)
168721(248)
123374(279)
123379(263)
123380(237)
123381(281)
123388(235)
123394(228)
123399(261)
123411(251)
123415(251)
123419(312)
123420(239)
123428(277)
123432(220)
123438(233)
123441(297)
123409(296)
123414(301)
123418(362)
123421(377)
123422(303)
123423(392)
123426(308)
123427(369)
123429(337)
123430(332)
123391(269)
123393(334)
123402(286)
123405(325)
123406(350)
123373(371)
123375(375)
123376(308)
123377(391)
123383(262)
123385(294)
123386(391)
123387(427)
123389(353)
123390(341)
168713(393)
168715(362)
168718(347)
168719(398)
168720(342)
168722(433)
168723(335)
168724(307)
168725(317)
168726(367)
168707(476)
168708(326)
168709(409)
168711(320)
168712(414)
123436(414)
123437(408)
123440(440)
123446(335)
168701(372)
168702(310)
168703(325)
168704(340)
168705(402)
168706(332)
St. Patrick's College (Morning)
69
123701(119)
123702(100)
123704(116)
123709(127)
123715(135)
123811(158)
123818(161)
123822(215)
123828(180)
123830(184)
123833(186)
123838(141)
123841(197)
123851(188)
123852(193)
123856(177)
123858(175)
123861(210)
123869(142)
123881(181)
123703(183)
123706(170)
123712(180)
123713(164)
123717(168)
123725(201)
123727(193)
123728(181)
123733(155)
123737(149)
123746(179)
123756(205)
123785(188)
123787(199)
123802(214)
123952(255)
123994(202)
124028(230)
124041(160)
124050(207)
124054(223)
124066(254)
124072(222)
124074(221)
124076(193)
124085(197)
124086(216)
124089(245)
124097(220)
123882(169)
123893(203)
123901(206)
123904(156)
123906(178)
123908(188)
123909(236)
123916(237)
123918(159)
123935(194)
123937(197)
123939(171)
123944(197)
123946(207)
123950(204)
123839(273)
123846(279)
123877(213)
123899(239)
123910(241)
123778(226)
123780(201)
123783(207)
123799(293)
123820(255)
123936(239)
123940(265)
123978(338)
124003(260)
124005(254)
124088(297)
124098(237)
124027(260)
124046(328)
124057(225)
124075(299)
124087(261)
123705(225)
123707(240)
123745(222)
123763(209)
123774(230)
124001(404)
124002(398)
124004(412)
124006(411)
124007(352)
123996(323)
123997(358)
123998(340)
123999(360)
124000(386)
124008(403)
124009(405)
124010(404)
124011(355)
124012(437)
124018(388)
124019(379)
124020(333)
124021(346)
124022(443)
124013(332)
124014(314)
124015(358)
124016(331)
124017(378)
123974(321)
123975(363)
123976(427)
123977(398)
123979(377)
123969(309)
123970(392)
123971(413)
123972(382)
123973(396)
123980(315)
123981(370)
123982(422)
123983(380)
123984(433)
123990(305)
123991(399)
123992(320)
123993(388)
123995(320)
123985(447)
123986(350)
123987(414)
123988(355)
123989(399)
124023(373)
124024(383)
124025(342)
124026(331)
124029(368)
124067(399)
124068(389)
124070(319)
124071(408)
124073(360)
124061(398)
124062(413)
124063(369)
124064(388)
124065(387)
124077(324)
124078(342)
124080(365)
124081(389)
124082(439)
124095(440)
124096(280)
124083(438)
124084(335)
124090(400)
124092(404)
124094(300)
124036(441)
124037(355)
124038(386)
124039(420)
124040(364)
124030(393)
124031(361)
124032(428)
124033(377)
124034(388)
124042(369)
124043(396)
124044(390)
124045(399)
124047(365)
124055(390)
124056(369)
124058(356)
124059(351)
124060(422)
124048(391)
124049(411)
124051(379)
124052(415)
124053(361)
70
124572(120)
124573(127)
124578(157)
124579(169)
124581(98)
124582(143)
124583(169)
124576(256)
Memon Degree College (Intermediate)
123808(26)
123813(20)
123815(23)
123831(41)
123832(40)
123760(37)
123791(34)
123792(32)
123804(29)
123806(23)
123740(36)
123751(30)
123752(18)
123753(17)
123759(42)
123836(36)
123842(41)
123844(37)
123850(18)
123859(42)
123925(38)
123926(33)
123932(34)
123883(35)
123889(29)
123896(41)
123900(21)
123923(23)
123862(48)
123871(47)
123873(36)
123874(60)
123878(37)
123938(90)
123941(83)
123948(76)
124069(80)
123924(56)
123927(69)
123928(59)
123929(62)
123930(69)
123744(82)
123755(67)
123761(62)
123765(78)
123771(62)
123775(60)
123784(52)
123794(71)
123801(75)
123805(71)
123708(72)
123710(76)
123711(84)
123719(61)
123720(104)
123721(65)
123724(64)
123730(71)
123739(68)
123742(77)
123872(88)
123876(71)
123879(58)
123880(54)
123884(61)
123885(101)
123887(88)
123890(60)
123912(63)
123917(75)
123809(75)
123814(58)
123816(69)
123817(58)
123826(85)
123829(68)
123848(104)
123854(71)
123864(71)
123865(102)
123769(125)
123777(116)
123779(134)
123781(110)
123782(99)
123786(114)
123788(123)
123789(100)
123793(138)
123795(142)
123796(111)
123803(136)
123821(128)
123824(97)
123825(129)
123716(119)
123722(96)
123723(106)
123726(130)
123732(149)
123736(96)
123738(143)
123741(103)
123743(98)
123747(101)
123748(137)
123749(123)
123750(108)
123754(115)
123764(160)
123827(123)
123835(112)
123837(135)
123847(142)
123855(104)
123903(111)
123905(135)
123907(144)
123911(114)
123913(124)
123914(133)
123919(176)
123922(144)
123934(136)
123942(134)
123943(100)
123945(127)
123947(114)
124091(140)
123857(131)
123863(120)
123866(142)
123867(169)
123868(135)
123870(122)
123875(134)
123886(142)
123888(93)
123891(147)
123892(130)
123894(122)
123897(151)
123898(128)
123902(136)
71
124877(134)
124898(115)
124927(133)
124931(125)
124932(105)
124876(182)
124878(201)
124888(203)
124889(172)
124892(136)
124903(158)
124915(184)
124921(159)
124923(185)
124948(149)
124954(135)
124955(175)
169151(205)
169153(164)
124890(253)
124894(237)
124904(203)
124910(190)
124911(246)
124872(197)
124875(225)
124881(236)
124882(289)
124884(252)
124913(270)
124919(246)
124922(281)
124924(185)
124930(213)
124949(206)
124950(257)
124952(226)
124953(286)
124934(253)
124941(213)
124942(240)
124943(244)
124944(259)
124906(316)
124907(453)
124908(327)
124909(364)
124912(400)
124914(326)
124916(315)
124917(420)
124918(316)
124920(339)
124887(278)
124891(348)
124893(367)
124895(333)
124896(271)
124897(338)
124899(254)
124901(414)
124902(422)
124905(312)
124940(315)
124945(439)
124946(327)
124951(305)
169152(446)
169154(381)
169155(348)
124925(348)
124926(324)
124928(377)
124929(301)
124933(297)
124935(412)
124936(393)
124937(437)
124938(297)
124939(314)
124871(282)
124873(327)
124874(381)
124885(331)
124886(335)
DHACSS Degree College (Intermediate)
124656(83)
124663(146)
124651(203)
124657(192)
124661(160)
169305(186)
124653(249)
124654(281)
124655(235)
124658(225)
124659(288)
124660(269)
124664(274)
124667(290)
169306(325)
169307(294)
124652(321)
124662(382)
124665(439)
124666(416)
169301(437)
169302(324)
169303(473)
169304(391)
169308(430)
169309(387)
169310(420)
Bahria College DHA Campus
124577(27)
124580(23)
124571(57)
124574(85)
124575(86)
72
125507(244)
125508(237)
125513(227)
125516(218)
125529(240)
170452(254)
170453(285)
125525(301)
125526(278)
125527(268)
125528(258)
125532(317)
125519(310)
125520(387)
125522(370)
125523(383)
125524(368)
125503(384)
125505(362)
125506(310)
125510(318)
125511(305)
170463(364)
170464(299)
170465(317)
170466(407)
170458(292)
170459(433)
170460(304)
170461(319)
170462(382)
170451(460)
170454(321)
170455(369)
170456(360)
170457(365)
Bahria College (Karim Campus) Higher Secondary
125141(38)
125142(72)
169801(258)
125143(388)
The City School, Darakhshan Campus
125073(113)
125074(117)
169502(116)
125071(249)
125075(234)
169504(279)
125072(264)
169501(310)
169503(306)
The Nation's College of Science Arts & Commerce DHA-I, Karachi
124883(49)
124879(77)
124900(78)
124947(107)
73
125738(279)
125742(312)
125744(308)
125745(284)
125746(280)
125731(323)
125732(352)
125733(301)
125735(267)
125736(343)
125758(295)
125759(322)
125763(294)
125764(287)
125766(362)
125747(298)
125751(381)
125752(327)
125754(293)
125757(302)
125721(313)
125723(311)
125724(329)
125728(333)
125730(293)
125698(355)
125699(335)
125700(384)
125701(406)
125702(310)
125692(291)
125693(339)
125694(425)
125695(390)
125697(343)
125708(314)
125710(286)
125714(299)
125718(346)
125719(346)
125703(382)
125704(331)
125705(311)
125706(297)
125707(288)
125817(389)
125818(323)
125826(344)
125827(254)
125830(365)
125808(314)
125809(298)
125813(388)
125814(295)
125815(321)
125840(284)
125841(335)
125842(320)
125845(312)
125846(320)
125833(304)
125834(342)
125836(303)
125837(291)
125839(329)
125800(296)
125801(335)
125802(321)
125805(310)
125807(335)
125775(334)
125777(261)
125778(306)
125779(339)
125781(278)
125767(236)
125768(331)
125770(341)
125771(326)
125772(316)
125789(307)
125791(389)
125794(341)
125796(354)
125799(291)
125782(304)
125784(347)
125785(320)
125786(308)
125787(273)
Govt. Degree Science & Commerce College Lyari
125622(28)
125624(23)
125621(112)
Ghazi Muhammad Bin Qasim Govt. Boys Higher Secondary School
125514(20)
125502(140)
125518(141)
125530(129)
125504(183)
125509(173)
125512(178)
125517(190)
125521(183)
170467(148)
74
125971(36)
126000(25)
126002(50)
126015(43)
126028(59)
126040(21)
126043(39)
126047(53)
126048(45)
125974(87)
125976(59)
125981(73)
125991(60)
125997(80)
126001(73)
126010(51)
126011(68)
126012(64)
126019(65)
126023(61)
126041(60)
126046(55)
126009(112)
126013(95)
126014(132)
126018(120)
126021(128)
125972(130)
125990(117)
126003(114)
126004(141)
126005(145)
126037(98)
126045(106)
126032(123)
126033(139)
126034(96)
126035(111)
126036(115)
125992(186)
125993(150)
125994(164)
125995(162)
125999(154)
125975(209)
125978(152)
125983(155)
125984(161)
125985(154)
126027(155)
126030(153)
126031(171)
126006(163)
126020(152)
126022(177)
126024(176)
126025(150)
125973(214)
125977(249)
125979(210)
125996(258)
126007(196)
126017(228)
126044(200)
125986(306)
125987(286)
126026(285)
126029(272)
Haji Abdullah Haroon Govt. College (Morning)
125769(43)
125825(80)
125848(64)
125709(200)
125725(137)
125774(122)
125792(149)
125816(92)
125847(88)
125711(173)
125715(163)
125720(209)
125737(162)
125739(186)
125743(155)
125756(147)
125760(212)
125788(196)
125798(201)
125810(178)
125820(183)
125829(194)
125831(189)
125838(215)
125750(227)
125753(238)
125755(175)
125761(218)
125762(247)
125727(248)
125729(215)
125741(220)
125748(255)
125749(228)
125696(282)
125713(237)
125716(197)
125722(243)
125726(200)
125765(226)
125773(258)
125793(249)
125795(212)
125797(219)
125844(217)
125822(197)
125823(226)
125824(188)
125832(184)
125835(246)
125804(223)
125811(274)
125812(337)
125819(194)
125821(204)
75
126674(116)
126683(130)
126685(124)
126686(137)
126687(127)
126654(124)
126655(107)
126665(101)
126666(135)
126667(121)
126689(114)
126694(88)
126696(123)
126698(128)
126710(99)
126657(185)
126668(163)
126671(163)
126673(177)
126680(199)
126682(192)
126684(153)
126692(178)
126697(195)
126714(189)
126660(252)
126688(195)
126691(220)
126700(212)
126712(249)
126681(331)
126690(321)
126701(383)
126702(277)
126704(296)
Govt. Degree College Jungle Shah, Keamari
126601(90)
126602(64)
126603(71)
126604(72)
Govt. Degree Boys College Shams Peer Baba Bith
126152(46)
126166(43)
126170(28)
126173(26)
126177(26)
126179(23)
126180(19)
126182(34)
126187(26)
126191(34)
126206(29)
126155(89)
126160(85)
126163(52)
126165(55)
126168(67)
126176(65)
126181(55)
126185(76)
126193(62)
126194(84)
126199(67)
126203(65)
126204(69)
126208(65)
126154(133)
126158(124)
126159(127)
126164(107)
126175(111)
126178(112)
126198(104)
126200(111)
126201(138)
126151(196)
126153(159)
126157(183)
126161(184)
126162(165)
126167(158)
126172(203)
126184(156)
126192(140)
126197(193)
126156(210)
Nusrat Bhutto Govt. Degree Boys College Lyari
76
127343(410)
127344(393)
127346(373)
127347(420)
127348(430)
127336(379)
127337(377)
127340(461)
127341(425)
127342(401)
127331(366)
127332(377)
127333(335)
127334(340)
127335(392)
127349(402)
127350(435)
127351(372)
127352(337)
127353(378)
Commecs College
127205(196)
127211(230)
127202(232)
127203(231)
127204(214)
127209(278)
127210(249)
127212(286)
127214(282)
173452(201)
173454(234)
127201(327)
127206(309)
127207(355)
127208(315)
127213(287)
173451(365)
173453(321)
173455(341)
Bahria Foundation College (Gulshan-e-Iqbal Campus)
126901(37)
126902(38)
126905(37)
126907(34)
126918(33)
126920(34)
126922(34)
126924(35)
126926(33)
171152(23)
126909(67)
126919(60)
171151(62)
126904(125)
126914(140)
126921(117)
Govt. Boys & Girls Higher Secondary School, Younusabad
126653(20)
126670(19)
126676(26)
126679(33)
126706(29)
126707(36)
126709(35)
126651(67)
126652(69)
126656(75)
126659(71)
126661(63)
126662(67)
126664(65)
126675(76)
126677(88)
126693(51)
126695(66)
126699(68)
126703(59)
126705(71)
126708(70)
126711(95)
126713(104)
126715(106)
77
127574(167)
127575(187)
127577(175)
127578(184)
127580(163)
127581(182)
127572(227)
127573(223)
127579(214)
127582(236)
127583(251)
127571(379)
127584(293)
173701(242)
Ghazi Foundation College, Gulshan-e-Iqbal
127345(204)
127411(230)
173561(215)
127338(319)
127339(272)
127377(232)
127397(271)
127415(329)
127419(267)
127430(273)
173564(266)
173570(277)
173581(427)
173582(372)
173583(381)
173584(442)
173585(439)
127390(383)
127391(380)
127392(402)
127393(440)
127394(410)
127385(360)
127386(385)
127387(416)
127388(395)
127389(438)
127395(439)
127396(347)
127398(335)
127399(458)
127400(364)
127406(415)
127407(392)
127408(349)
127409(351)
127410(445)
127401(330)
127402(430)
127403(351)
127404(450)
127405(401)
127380(360)
127381(368)
127382(406)
127383(370)
127384(444)
127359(367)
127360(390)
127361(382)
127362(437)
127363(375)
127354(391)
127355(428)
127356(429)
127357(368)
127358(383)
127364(391)
127365(354)
127366(325)
127367(445)
127368(449)
127374(399)
127375(389)
127376(378)
127378(339)
127379(361)
127369(411)
127370(441)
127371(413)
127372(347)
127373(391)
173558(430)
173559(444)
173560(355)
173562(413)
173563(464)
173553(342)
173554(324)
173555(320)
173556(344)
173557(477)
173565(408)
173566(456)
173567(319)
173568(430)
173569(384)
173576(428)
173577(481)
173578(450)
173579(380)
173580(402)
173571(311)
173572(421)
173573(451)
173574(426)
173575(465)
127440(299)
127441(413)
127442(429)
173551(427)
173552(391)
127418(398)
127420(422)
127421(346)
127422(443)
127423(451)
127412(397)
127413(341)
127414(384)
127416(346)
127417(389)
127424(404)
127425(475)
127426(380)
127427(447)
127428(370)
127435(361)
127436(378)
127437(421)
127438(424)
127439(323)
127429(329)
127431(373)
127432(400)
127433(375)
127434(386)
78
127879(280)
127881(317)
127883(299)
127885(323)
127888(353)
127864(267)
127868(312)
127872(302)
127874(448)
127876(370)
127889(335)
127890(329)
127893(369)
127896(389)
127897(377)
127912(271)
127913(296)
127914(403)
127915(381)
127916(420)
127898(316)
127900(300)
127904(379)
127907(379)
127911(325)
127851(347)
127852(357)
127853(324)
127855(392)
127862(301)
127819(328)
127820(371)
127823(441)
127824(391)
127825(389)
127826(396)
127827(360)
127828(351)
127829(332)
127831(400)
127840(372)
127841(373)
127843(389)
127848(321)
127849(285)
127832(375)
127833(323)
127834(348)
127835(297)
127836(325)
127917(282)
127921(374)
127923(290)
127924(343)
127925(335)
128005(415)
128007(415)
128008(350)
128009(259)
128010(370)
127996(383)
127997(313)
127998(423)
128000(352)
128004(316)
128011(280)
128015(372)
128016(355)
128017(293)
128018(298)
127987(397)
127989(362)
127990(355)
127992(401)
127994(321)
127932(316)
127933(385)
127934(291)
127938(300)
127939(427)
127927(329)
127928(301)
127929(371)
127930(371)
127931(313)
127942(274)
127943(361)
127944(356)
127949(235)
127953(382)
127974(329)
127975(315)
127982(310)
127984(431)
127986(334)
127954(326)
127955(326)
127958(319)
127960(321)
127961(390)
127713(283)
127714(334)
127715(352)
127716(307)
127717(323)
127720(435)
127725(447)
127726(341)
127727(357)
127732(377)
127733(428)
127737(314)
127738(379)
127742(360)
127743(314)
127704(361)
127705(355)
127706(417)
127707(402)
127709(397)
127812(327)
127814(405)
127815(232)
127817(414)
127818(365)
127681(367)
127687(298)
127691(351)
127692(344)
127693(380)
127697(325)
127698(336)
127700(383)
127701(365)
127703(260)
127744(345)
127745(330)
127749(281)
127751(338)
127752(357)
127783(303)
127784(325)
127789(322)
127790(376)
127792(340)
127794(369)
127797(393)
127798(332)
127799(281)
127800(297)
127802(352)
127804(267)
127807(309)
127808(401)
127811(423)
127778(371)
127779(310)
127780(288)
127781(286)
127782(349)
127757(345)
127758(357)
127759(267)
127760(365)
127763(330)
127766(313)
127767(359)
127768(355)
127770(304)
127771(317)
127772(325)
127773(375)
127774(325)
127775(354)
127776(278)
Govt. Deg. Sc./Commerce College Block 7, Gulshan-e-Iqbal
127576(111)
127585(119)
79
128322(338)
128323(332)
128326(302)
128327(346)
128329(407)
128310(345)
128311(331)
128316(291)
128317(338)
128318(433)
128330(324)
128331(385)
128335(415)
128337(308)
128338(315)
128357(360)
128364(310)
128384(327)
173801(282)
173802(320)
128339(337)
128342(290)
128344(237)
128349(315)
128351(329)
128302(303)
128305(342)
128306(290)
128307(360)
128309(337)
128249(385)
128255(396)
128256(365)
128257(359)
128258(298)
128260(356)
128261(342)
128264(286)
128270(332)
128273(311)
128289(336)
128291(369)
128292(434)
128293(388)
128299(357)
128276(354)
128277(414)
128281(333)
128284(312)
128285(370)
173805(306)
173806(347)
173810(354)
173811(451)
173812(349)
173884(354)
173885(379)
173887(286)
173893(311)
173894(299)
173876(380)
173877(318)
173878(355)
173881(346)
173882(299)
173896(367)
173898(400)
173899(411)
173901(415)
173903(298)
173864(351)
173867(400)
173869(448)
173874(321)
173875(394)
173824(340)
173826(325)
173827(318)
173830(294)
173831(285)
173813(386)
173814(305)
173820(360)
173821(389)
173823(326)
173834(340)
173837(391)
173838(297)
173839(387)
173841(422)
173854(373)
173857(335)
173860(337)
173861(306)
173862(415)
173842(419)
173845(395)
173847(311)
173849(347)
173852(381)
128082(346)
128084(321)
128089(396)
128091(359)
128093(357)
128070(421)
128072(321)
128075(279)
128076(335)
128081(413)
128094(277)
128095(356)
128099(371)
128102(382)
128103(369)
128114(325)
128115(378)
128117(359)
128119(318)
128120(316)
128104(389)
128105(417)
128109(413)
128110(407)
128112(353)
128057(349)
128059(375)
128065(336)
128068(261)
128069(279)
128020(369)
128025(254)
128026(316)
128027(293)
128028(494)
128243(332)
128244(437)
128245(330)
128246(293)
128247(360)
128029(418)
128030(276)
128031(286)
128033(312)
128036(332)
128045(326)
128049(388)
128050(409)
128054(428)
128056(309)
128039(341)
128040(448)
128041(389)
128042(381)
128043(337)
128125(361)
128127(301)
128128(343)
128130(399)
128131(276)
128203(304)
128205(319)
128207(428)
128208(332)
128212(372)
128197(328)
128198(324)
128199(347)
128200(288)
128202(362)
128214(328)
128215(345)
128219(343)
128220(316)
128225(321)
128235(331)
128237(458)
128240(346)
128241(329)
128242(313)
128226(334)
128227(319)
128229(297)
128231(337)
128232(335)
128190(316)
128191(297)
128192(373)
128193(355)
128194(333)
128148(287)
128149(372)
128150(320)
128152(341)
128154(361)
128132(399)
128137(341)
128138(346)
128142(323)
128144(315)
128157(308)
128160(325)
128161(355)
128162(333)
128166(371)
128177(410)
128178(343)
128179(360)
128186(277)
128188(423)
128167(302)
128169(438)
128173(348)
128174(345)
128176(349)
80
127908(265)
127910(264)
127922(186)
127926(210)
127936(265)
127891(291)
127894(290)
127895(236)
127899(249)
127903(284)
127940(260)
127945(251)
127946(266)
127947(218)
127950(259)
127973(260)
127978(209)
127985(263)
127988(239)
127995(239)
127951(277)
127957(225)
127964(256)
127966(252)
127969(274)
127871(274)
127875(231)
127884(235)
127886(260)
127887(269)
127741(253)
127748(251)
127761(254)
127764(227)
127777(217)
127785(280)
127788(208)
127803(285)
127809(227)
127813(240)
127858(229)
127859(234)
127861(192)
127866(229)
127870(230)
127830(259)
127838(222)
127844(196)
127850(277)
127856(244)
128001(252)
128003(261)
128006(216)
128019(219)
128021(242)
128204(270)
128210(243)
128211(282)
128217(241)
128218(226)
128159(203)
128164(223)
128170(279)
128181(259)
128185(272)
128223(244)
128224(289)
128230(224)
128234(231)
128236(279)
128141(277)
128143(277)
128147(237)
128151(238)
128156(245)
128073(266)
128078(270)
128080(265)
128083(255)
128085(254)
128034(246)
128035(188)
128038(232)
128067(247)
128071(266)
128086(237)
128087(226)
128097(272)
128100(287)
128101(248)
128118(302)
128124(253)
128126(269)
128129(194)
128135(189)
128107(282)
128108(285)
128111(262)
128113(241)
128116(248)
127724(241)
127731(217)
127735(286)
127736(213)
127740(265)
127688(203)
127689(280)
127690(262)
127695(224)
127696(259)
127702(244)
127708(274)
127711(306)
127718(240)
127722(242)
173949(445)
173950(364)
173952(310)
173955(392)
173957(330)
173944(418)
173945(433)
173946(281)
173947(390)
173948(396)
173966(315)
173967(422)
173968(331)
173969(321)
173971(303)
173958(358)
173960(387)
173962(364)
173964(362)
173965(321)
173939(359)
173940(344)
173941(353)
173942(382)
173943(392)
173909(340)
173911(348)
173912(348)
173913(389)
173915(302)
173904(436)
173905(342)
173906(404)
173907(363)
173908(337)
173925(354)
173926(411)
173927(342)
173931(350)
173938(275)
173917(353)
173919(335)
173920(380)
173922(315)
173923(343)
174014(355)
174016(408)
174017(327)
174018(356)
174019(362)
174009(394)
174010(390)
174011(306)
174012(265)
174013(421)
174020(344)
174021(319)
174024(324)
174025(288)
174026(365)
174038(344)
174039(397)
174027(314)
174028(322)
174030(284)
174034(313)
174036(361)
173978(349)
173979(385)
173982(300)
173984(303)
173985(404)
173972(370)
173973(302)
173974(380)
173975(333)
173976(274)
173986(357)
173988(382)
173989(355)
173991(331)
173992(351)
174002(400)
174003(340)
174004(318)
174005(369)
174007(362)
173993(348)
173995(334)
173996(436)
173997(334)
174000(352)
81
127993(191)
128012(192)
128013(182)
128014(201)
128044(160)
127971(208)
127972(191)
127977(193)
127981(194)
127983(183)
128046(193)
128047(198)
128048(168)
128058(201)
128061(191)
128088(197)
128090(151)
128123(190)
128133(194)
128165(179)
128062(188)
128063(170)
128074(216)
128077(152)
128079(182)
127959(183)
127963(153)
127967(177)
127968(203)
127970(211)
127810(184)
127816(173)
127837(220)
127839(177)
127842(167)
127845(201)
127846(201)
127847(214)
127854(203)
127857(179)
127902(183)
127909(172)
127918(181)
127935(188)
127956(193)
127860(168)
127878(197)
127880(181)
127882(226)
127901(199)
128168(171)
128172(185)
128175(211)
128183(190)
128184(209)
128390(182)
173803(160)
173804(209)
173807(204)
173815(209)
128359(185)
128361(173)
128368(213)
128375(142)
128380(235)
173816(160)
173836(216)
173840(170)
173843(192)
173851(166)
128336(187)
128341(190)
128347(180)
128348(182)
128352(156)
128216(193)
128233(192)
128239(168)
128262(157)
128271(176)
128187(212)
128196(182)
128206(214)
128209(203)
128213(209)
128272(209)
128275(189)
128278(169)
128294(187)
128295(224)
128321(170)
128325(172)
128328(195)
128333(164)
128334(166)
128296(190)
128308(164)
128313(228)
128314(197)
128319(182)
127683(173)
127685(153)
127699(148)
127710(184)
127712(194)
127765(170)
127791(185)
127793(155)
127795(167)
127805(205)
127746(214)
127750(198)
127754(199)
127755(183)
127762(193)
127723(175)
127728(190)
127730(187)
127734(185)
127739(226)
128346(259)
128353(302)
128360(284)
128362(242)
128367(208)
128320(239)
128324(224)
128332(241)
128343(209)
128345(193)
173808(235)
173809(221)
173817(251)
173818(249)
173819(267)
128372(207)
128374(208)
128382(214)
128387(279)
128389(233)
128259(246)
128266(264)
128267(226)
128268(247)
128269(221)
128238(234)
128248(202)
128250(262)
128252(298)
128254(263)
128290(219)
128298(258)
128301(235)
128304(260)
128312(266)
128274(223)
128280(251)
128282(252)
128283(239)
128286(240)
173822(264)
173825(245)
173829(283)
173833(290)
173835(247)
173977(274)
173980(203)
173990(310)
173994(271)
173999(256)
173954(248)
173956(279)
173959(268)
173961(289)
173963(309)
174031(253)
174032(283)
174035(290)
174037(272)
174006(239)
174015(275)
174022(229)
174023(264)
174029(261)
173933(267)
173934(275)
173935(270)
173937(246)
173951(290)
173858(226)
173863(284)
173866(251)
173868(274)
173870(266)
173844(232)
173846(242)
173848(271)
173850(223)
173856(235)
173892(271)
173914(262)
173921(252)
173924(244)
173929(257)
173871(251)
173879(218)
173888(273)
173889(240)
173891(235)
82
128820(386)
128823(368)
128824(397)
128834(281)
128838(416)
128848(372)
128854(351)
128864(303)
128865(357)
128867(279)
128873(378)
128875(319)
128884(330)
128885(359)
128888(306)
128767(325)
128780(278)
128813(403)
128818(342)
128819(346)
128678(268)
128679(275)
128680(268)
128688(281)
128697(329)
128701(314)
128703(280)
128704(295)
128706(340)
128712(347)
128719(240)
128721(275)
128746(432)
128747(279)
128752(358)
128938(323)
128949(430)
128968(280)
128976(318)
128977(345)
128890(382)
128896(314)
128897(290)
128898(277)
128902(417)
128903(332)
128907(280)
128914(325)
128916(294)
128917(321)
128920(354)
128925(317)
128926(281)
128931(305)
128933(353)
Govt. Degree Boys College No. 1 Gulistan-e-Jauhar
127747(56)
127877(34)
127948(24)
127952(33)
127991(49)
128098(24)
128182(23)
128201(51)
128263(31)
128356(19)
128369(20)
128189(83)
128228(51)
128265(86)
128315(96)
128363(88)
128366(54)
128373(63)
128376(55)
128377(56)
128381(54)
128386(73)
173998(99)
128092(53)
128139(70)
128145(88)
128158(77)
128163(71)
127694(70)
127721(73)
127729(76)
127796(58)
127865(77)
127867(78)
127869(86)
127873(66)
128023(66)
128032(74)
127962(144)
127965(117)
127976(144)
127980(163)
127999(129)
128002(128)
128022(144)
128024(129)
128037(140)
128051(123)
128052(129)
128053(147)
128055(98)
128060(112)
128064(135)
127682(123)
127684(107)
127686(132)
127753(104)
127756(114)
127769(133)
127787(142)
127821(139)
127822(118)
127863(130)
127892(130)
127905(177)
127906(113)
127937(121)
127941(134)
128066(86)
128122(131)
128134(141)
128136(105)
128146(136)
128358(131)
128371(97)
128383(157)
128385(99)
128388(160)
173828(164)
173832(125)
173853(150)
173890(111)
173910(132)
173918(139)
173930(133)
173932(109)
174033(133)
128155(110)
128171(137)
128195(153)
128221(163)
128251(154)
128253(144)
128279(140)
128288(128)
128297(148)
128300(121)
128303(153)
128340(106)
128350(137)
128354(106)
128355(115)
173880(211)
173883(205)
173886(222)
173895(224)
173897(203)
173855(211)
173859(203)
173865(218)
173872(191)
173873(173)
173900(196)
173902(188)
173916(185)
173928(190)
173953(176)
174008(222)
173970(179)
173981(205)
173983(189)
173987(198)
174001(215)
83
128883(264)
128889(234)
128904(248)
128905(239)
128906(236)
128868(210)
128870(252)
128872(236)
128878(245)
128882(277)
128910(237)
128911(284)
128913(255)
128918(256)
128929(315)
128963(240)
128971(235)
128972(255)
128979(249)
128980(243)
128935(170)
128940(253)
128947(247)
128948(210)
128955(264)
128836(219)
128842(261)
128847(230)
128858(269)
128862(237)
128691(270)
128735(270)
128741(270)
128743(272)
128745(277)
128750(266)
128751(251)
128758(263)
128766(211)
128770(272)
128799(224)
128801(236)
128811(235)
128822(238)
128828(204)
128778(277)
128782(239)
128783(221)
128784(214)
128793(277)
128982(244)
128987(268)
128988(217)
128990(208)
128996(207)
129136(231)
129143(254)
129146(253)
129147(243)
129150(226)
129099(260)
129100(203)
129112(241)
129127(204)
129133(277)
129154(293)
129156(298)
129158(250)
129163(242)
129166(247)
129078(264)
129085(198)
129086(233)
129087(218)
129093(244)
129011(262)
129016(243)
129019(228)
129023(267)
129027(229)
129000(246)
129005(214)
129006(260)
129008(244)
129009(285)
129031(259)
129033(257)
129034(243)
129036(263)
129037(275)
129061(263)
129064(257)
129065(268)
129074(240)
129076(221)
129038(250)
129039(218)
129043(230)
129044(280)
129045(209)
128654(246)
128670(248)
128677(226)
128685(228)
128689(217)
129073(318)
129077(248)
129080(229)
129081(308)
129082(383)
129068(375)
129069(365)
129070(288)
129071(300)
129072(408)
129090(280)
129091(301)
129098(327)
129101(340)
129102(300)
129109(363)
129111(304)
129113(299)
129115(292)
129116(332)
129103(382)
129104(339)
129105(364)
129107(297)
129108(326)
129003(348)
129007(319)
129010(288)
129012(326)
129013(412)
128983(337)
128984(314)
128991(288)
128992(320)
129002(405)
129017(315)
129018(340)
129020(324)
129025(422)
129026(351)
129054(308)
129055(320)
129056(329)
129058(324)
129066(309)
129028(305)
129041(275)
129042(274)
129050(287)
129051(365)
129176(324)
129186(334)
129196(308)
129202(273)
129210(266)
129169(290)
129171(286)
129172(334)
129174(257)
129175(495)
129211(299)
129212(294)
129213(343)
129214(289)
129215(316)
129229(301)
129230(268)
129232(342)
129236(287)
129216(349)
129218(318)
129219(234)
129221(304)
129223(287)
129159(365)
129160(363)
129162(288)
129165(351)
129168(290)
129125(311)
129126(303)
129128(358)
129129(342)
129130(356)
129119(292)
129121(351)
129122(311)
129123(260)
129124(265)
129131(358)
129132(330)
129134(328)
129135(368)
129137(331)
129149(323)
129151(350)
129153(306)
129155(353)
129157(334)
129140(316)
129141(283)
129142(282)
129144(309)
129148(338)
84
128757(124)
128759(160)
128760(99)
128772(115)
128776(133)
128739(132)
128744(160)
128748(128)
128754(126)
128755(124)
128803(96)
128804(99)
128806(137)
128807(147)
128808(115)
128779(164)
128787(112)
128789(117)
128790(115)
128791(120)
128725(143)
128727(143)
128728(126)
128731(118)
128736(133)
128663(110)
128668(122)
128669(131)
128674(109)
128682(111)
128652(152)
128655(127)
128659(118)
128661(143)
128662(122)
128707(128)
128708(108)
128713(114)
128717(127)
128723(112)
128686(145)
128696(111)
128698(136)
128699(129)
128702(116)
129001(142)
129014(126)
129015(101)
129021(126)
129035(140)
128970(133)
128974(109)
128989(133)
128995(148)
128998(143)
128843(114)
128856(143)
128863(140)
128892(140)
128894(123)
128815(116)
128816(117)
128817(140)
128829(154)
128833(144)
128953(89)
128954(135)
128958(146)
128966(100)
128967(109)
128930(111)
128934(133)
128937(159)
128942(107)
128945(125)
129164(173)
129170(174)
129179(173)
129180(196)
129181(188)
129092(212)
129094(152)
129095(163)
129096(178)
129114(145)
129199(171)
129203(208)
129220(220)
129227(195)
129234(191)
129184(216)
129189(179)
129191(193)
129195(177)
129198(188)
129062(172)
129067(200)
129075(191)
129083(162)
129084(143)
128794(164)
128795(172)
128796(190)
128798(214)
128800(131)
128777(221)
128781(236)
128785(187)
128786(174)
128792(200)
128832(191)
128840(198)
128849(202)
128852(169)
128857(177)
128802(165)
128821(182)
128826(192)
128827(144)
128831(174)
128769(179)
128771(200)
128773(187)
128774(223)
128775(201)
128664(169)
128665(173)
128672(160)
128673(199)
128684(153)
128651(179)
128653(159)
128656(187)
128657(206)
128658(173)
128737(198)
128738(199)
128749(205)
128763(177)
128768(164)
128695(157)
128710(237)
128711(166)
128724(191)
128730(170)
129022(191)
129024(207)
129029(181)
129030(197)
129032(179)
128993(182)
128994(189)
128997(167)
128999(160)
129004(192)
129052(175)
129053(151)
129057(202)
129059(149)
129060(173)
129040(182)
129046(185)
129047(200)
129048(142)
129049(187)
128975(141)
128978(172)
128981(186)
128985(198)
128986(170)
128891(148)
128899(182)
128900(205)
128909(172)
128923(192)
128860(186)
128866(200)
128874(179)
128876(207)
128879(180)
128957(207)
128959(169)
128961(166)
128964(160)
128973(209)
128924(206)
128932(160)
128943(154)
128944(157)
128946(172)
129173(206)
129185(254)
129187(261)
129188(243)
129192(218)
129194(196)
129204(260)
129207(194)
129209(214)
129217(193)
129224(209)
129233(204)
85
129603(207)
174352(211)
129601(338)
Ideal Grammer Higher Secondary School, Suparco Road
129532(134)
129535(179)
129533(242)
129534(300)
129531(347)
Ideal Degree College, Gulshan-e-Iqbal
128733(30)
128740(18)
128761(30)
128764(19)
128788(44)
128687(28)
128690(49)
128705(43)
128720(41)
128729(30)
128810(45)
128830(38)
128850(34)
128851(43)
128886(41)
129118(19)
128921(44)
128941(27)
128950(39)
128956(19)
129089(24)
128742(73)
128756(99)
128762(68)
128765(74)
128797(54)
128805(79)
128809(85)
128812(52)
128814(58)
128835(64)
128718(51)
128722(65)
128726(83)
128732(51)
128734(81)
128660(66)
128667(92)
128671(108)
128675(69)
128676(77)
128681(57)
128693(66)
128694(58)
128700(62)
128715(74)
128839(77)
128841(86)
128844(82)
128845(62)
128846(51)
128951(56)
128960(72)
128962(97)
128969(56)
129120(62)
129152(82)
129177(75)
129225(80)
128922(98)
128927(77)
128928(78)
128936(83)
128939(67)
128853(66)
128855(67)
128859(65)
128871(53)
128880(58)
128887(60)
128895(67)
128901(61)
128912(92)
128915(80)
129138(148)
129139(134)
129145(166)
129161(113)
129167(113)
129079(113)
129088(130)
129097(133)
129106(127)
129110(133)
129178(146)
129182(123)
129183(128)
129193(100)
129197(162)
129228(123)
129231(126)
129235(129)
129200(145)
129201(98)
129205(115)
129208(141)
129222(115)
86
130040(373)
130041(326)
130043(289)
130044(438)
130045(459)
130035(353)
130036(320)
130037(452)
130038(416)
130039(325)
130046(369)
130047(445)
130052(343)
130053(320)
130075(331)
130096(313)
130098(363)
130099(286)
130102(424)
130103(348)
130082(454)
130084(301)
130089(324)
130090(276)
130091(343)
130021(370)
130022(451)
130024(316)
130029(329)
130032(310)
129969(287)
129971(347)
129972(436)
129973(297)
129978(309)
129979(264)
129980(340)
129982(252)
129983(329)
129984(416)
129994(297)
129997(331)
130000(297)
130012(331)
130016(297)
129986(418)
129987(336)
129988(284)
129989(407)
129990(390)
130106(366)
130108(289)
130109(404)
130112(333)
130116(292)
130216(394)
130220(334)
130222(351)
130226(349)
130227(366)
130208(375)
130209(398)
130210(399)
130212(340)
130215(302)
130230(333)
130232(300)
130233(391)
130235(310)
130239(418)
130196(451)
130199(350)
130200(349)
130202(345)
130207(365)
130160(449)
130162(284)
130163(394)
130168(340)
130169(452)
130118(244)
130127(300)
130155(388)
130158(356)
130159(341)
130170(337)
130171(345)
130173(310)
130176(398)
130177(404)
130187(367)
130189(291)
130191(305)
130194(289)
130195(370)
130178(431)
130180(313)
130181(323)
130185(316)
130186(318)
129960(290)
129962(377)
129963(337)
129965(419)
129968(296)
129951(392)
129952(392)
129956(307)
129957(363)
129959(331)
Govt. Degree Boys & Girls College SRE-III, Majeed, Stadium Road
129852(241)
129853(234)
175181(260)
129851(316)
129854(291)
129855(325)
Shaheen Public College, Gulistan-e-Jauhar
87
130123(263)
130124(231)
130126(230)
130151(252)
130153(268)
130092(244)
130095(261)
130100(232)
130105(219)
130107(248)
130172(265)
130174(245)
130175(237)
130198(284)
130201(221)
130154(290)
130156(280)
130157(267)
130165(233)
130166(235)
129998(275)
130002(211)
130007(204)
130017(205)
130027(271)
129955(201)
129961(229)
129966(217)
129977(213)
129985(269)
130061(206)
130065(203)
130070(197)
130077(222)
130085(254)
130033(294)
130034(284)
130042(257)
130048(247)
130050(255)
130309(254)
130316(246)
130321(253)
130339(213)
130342(262)
130229(234)
130238(248)
130247(259)
130253(186)
130260(242)
130205(261)
130206(226)
130213(213)
130224(225)
130225(240)
130290(237)
130291(203)
130293(225)
130295(283)
130306(241)
130262(246)
130265(254)
130268(221)
130269(281)
130279(249)
174712(483)
174714(398)
174715(312)
174716(372)
174717(434)
174707(361)
174708(405)
174709(374)
174710(417)
174711(440)
174700(371)
174701(386)
174702(394)
174704(306)
174705(376)
174731(401)
174732(452)
174733(419)
174734(385)
174725(432)
174726(325)
174728(363)
174729(361)
174730(414)
174719(432)
174721(310)
174722(387)
174723(330)
174724(371)
174693(317)
174694(361)
174697(414)
174698(403)
174699(387)
130292(389)
130298(365)
130304(330)
130311(330)
130313(338)
130283(401)
130284(357)
130285(400)
130287(384)
130289(371)
130315(294)
130319(337)
130323(374)
130325(299)
130328(259)
130344(272)
174602(341)
174603(351)
174604(421)
174605(366)
130329(407)
130331(362)
130332(349)
130334(420)
130341(417)
130276(370)
130277(331)
130278(401)
130280(324)
130282(324)
130245(394)
130246(312)
130248(335)
130249(410)
130250(297)
130240(320)
130241(394)
130242(292)
130243(317)
130244(460)
130251(305)
130252(310)
130254(299)
130255(388)
130256(346)
130270(296)
130271(454)
130272(310)
130274(444)
130275(414)
130258(413)
130259(305)
130261(396)
130264(416)
130267(271)
174663(376)
174664(327)
174665(352)
174667(378)
174668(431)
174657(428)
174659(372)
174660(450)
174661(293)
174662(429)
174670(433)
174671(316)
174674(314)
174675(304)
174676(423)
174684(302)
174685(378)
174686(413)
174688(279)
174692(343)
174678(343)
174679(384)
174680(459)
174681(364)
174682(407)
174652(373)
174653(334)
174654(370)
174655(442)
174656(419)
174615(358)
174616(371)
174617(363)
174619(344)
174620(340)
174606(408)
174607(323)
174609(252)
174611(380)
174613(294)
174621(337)
174622(299)
174632(358)
174633(369)
174635(441)
174645(347)
174648(395)
174649(359)
174650(351)
174651(341)
174639(364)
174640(317)
174641(271)
174642(331)
174644(375)
88
130110(47)
130111(63)
130129(21)
130133(37)
130137(31)
130003(24)
130014(34)
130019(32)
130072(28)
130104(42)
130138(31)
130143(36)
130144(26)
130147(34)
130150(34)
130083(55)
130088(60)
130125(73)
130130(78)
130140(94)
130064(57)
130067(54)
130068(68)
130069(75)
130078(60)
129954(57)
129995(69)
130001(65)
130015(65)
130051(74)
130146(96)
130152(68)
130164(67)
130190(77)
130214(73)
130337(61)
174625(78)
174628(83)
130303(77)
130305(86)
130307(70)
130314(83)
130335(53)
130231(84)
130237(70)
130266(57)
130286(63)
130296(76)
130257(149)
130273(113)
130281(122)
130297(104)
130302(109)
130179(125)
130192(130)
130197(121)
130211(131)
130221(131)
130128(114)
130136(119)
130141(105)
130149(123)
130167(122)
130308(131)
130312(132)
130317(104)
130318(122)
130322(99)
174720(125)
174631(115)
174636(162)
174643(115)
174689(116)
174691(144)
130326(122)
130340(130)
174614(158)
174629(149)
174630(140)
130076(120)
130115(117)
130117(121)
130121(123)
130122(113)
130005(103)
130013(130)
130018(118)
130020(139)
130025(134)
129967(119)
129974(144)
129975(129)
129991(132)
129999(134)
130056(133)
130057(125)
130058(94)
130060(115)
130071(103)
130026(126)
130028(125)
130031(150)
130054(103)
130055(109)
130087(169)
130097(191)
130101(181)
130113(175)
130120(201)
130131(159)
130132(136)
130134(154)
130135(174)
130139(222)
130142(144)
130145(157)
130148(157)
130161(169)
130182(198)
130074(159)
130079(182)
130080(174)
130081(146)
130086(234)
129953(158)
129958(139)
129964(155)
129970(182)
129981(175)
129993(182)
129996(199)
130004(153)
130008(165)
130011(170)
130023(226)
130049(209)
130059(188)
130066(160)
130073(182)
174601(151)
174610(171)
174612(197)
174618(180)
174626(177)
174658(180)
174669(165)
174677(186)
174687(225)
174690(193)
174718(266)
174727(190)
130330(172)
130333(232)
130336(184)
130338(188)
130345(164)
130188(159)
130203(196)
130204(199)
130218(185)
130219(176)
130234(163)
130236(195)
130263(154)
130288(155)
130294(170)
130299(200)
130300(200)
130310(178)
130320(160)
130327(167)
130343(256)
174608(283)
174624(265)
174634(284)
174638(275)
174646(294)
174647(251)
174666(210)
174672(242)
174673(223)
174683(229)
174695(228)
174696(275)
174706(256)
174713(265)
89
130738(252)
130739(226)
130744(251)
130745(222)
130746(244)
130717(256)
130723(222)
130727(256)
130732(241)
130737(247)
130702(236)
130705(233)
130708(267)
130709(255)
130711(237)
130797(318)
130798(335)
130800(336)
130801(336)
130803(283)
130787(360)
130788(342)
130790(326)
130791(359)
130793(327)
130812(319)
130815(366)
130818(378)
130819(404)
130820(319)
130805(329)
130806(344)
130807(373)
130810(450)
130811(371)
130766(439)
130769(294)
130770(314)
130771(356)
130772(302)
130760(340)
130761(456)
130762(395)
130764(381)
130765(341)
130782(372)
130783(303)
130784(358)
130785(300)
130786(313)
130773(340)
130776(302)
130777(297)
130779(284)
130780(343)
175287(332)
175288(317)
175289(306)
175290(365)
175291(427)
175282(391)
175283(388)
175284(371)
175285(370)
175286(360)
175298(388)
175299(357)
175300(373)
175301(297)
175292(357)
175293(465)
175294(357)
175295(360)
175297(376)
175259(328)
175260(372)
175261(334)
175262(317)
175263(349)
175251(308)
175252(343)
175253(364)
175254(342)
175255(349)
175276(292)
175278(390)
175279(267)
175280(372)
175281(314)
175268(477)
175269(445)
175272(333)
175273(310)
175275(332)
130754(391)
130755(333)
130757(289)
130758(361)
130759(289)
130710(326)
130712(390)
130713(348)
130716(343)
130718(303)
130701(309)
130703(307)
130704(332)
130706(299)
130707(304)
130720(331)
130721(327)
130724(341)
130726(396)
130728(306)
130743(343)
130748(301)
130751(279)
130752(388)
130753(368)
130729(335)
130731(313)
130735(336)
130741(273)
130742(342)
Bahria College EAB-I Majeed Campus
130651(289)
Metropolitan Intermediate College, Gulistan-e-Jauhar
130183(20)
130217(23)
130223(36)
130324(40)
174623(30)
174627(38)
174637(19)
174703(54)
90
131035(77)
131036(61)
131044(59)
131051(64)
131056(77)
130975(97)
130979(89)
130987(69)
131016(53)
131017(72)
131074(64)
131081(67)
131057(82)
131059(57)
131064(75)
131066(58)
131068(64)
131008(118)
131021(120)
131024(104)
131025(108)
131027(134)
130983(116)
130985(127)
130988(94)
131004(121)
131007(125)
130971(100)
130972(107)
130974(127)
130980(122)
130981(124)
131031(134)
131032(129)
131033(124)
131034(132)
131037(118)
131077(134)
131079(123)
131058(109)
131061(104)
131062(107)
131067(108)
131069(120)
131038(120)
131041(115)
131046(105)
131049(106)
131053(112)
131014(203)
131020(165)
131022(154)
131026(163)
131029(152)
130973(153)
130996(178)
131001(137)
131010(184)
131011(173)
131045(165)
131047(145)
131048(173)
131052(159)
131054(157)
131082(157)
131063(191)
131070(170)
131071(174)
131076(153)
131078(158)
131019(261)
131028(242)
131039(244)
131043(231)
131073(237)
130982(230)
130992(208)
130993(196)
130994(225)
130995(222)
130997(266)
130998(221)
131002(212)
131003(231)
131015(225)
130990(288)
130991(257)
130999(236)
131005(279)
131009(321)
131018(316)
131050(304)
131072(301)
Govt. Degree Boys College Sachal Goth at Ghazi Goth
130714(68)
130774(72)
130816(128)
175265(133)
130733(164)
130736(185)
130750(178)
130789(201)
130794(160)
130795(173)
130799(214)
130814(189)
130822(170)
175256(214)
175270(205)
175271(170)
175274(210)
130768(278)
130775(259)
130778(238)
130781(297)
130796(258)
130747(213)
130749(205)
130756(248)
130763(307)
130767(277)
130802(238)
130804(285)
130808(226)
130809(233)
130813(278)
175267(244)
175277(254)
175296(301)
130817(237)
175257(252)
175258(275)
175264(235)
175266(228)
91
131753(120)
131755(148)
176431(159)
131752(177)
131754(184)
131756(276)
The Smart College, Gulshan-e-Iqbal Block-6
176201(204)
131609(231)
131606(294)
131607(368)
131608(286)
131601(319)
131602(339)
131603(389)
131604(278)
131605(353)
Rowan College
131181(311)
131186(232)
175562(256)
131188(424)
131189(434)
131190(382)
131191(293)
175551(373)
131182(374)
131183(399)
131184(450)
131185(413)
131187(454)
175557(436)
175558(456)
175559(376)
175560(358)
175561(390)
175552(458)
175553(281)
175554(386)
175555(334)
175556(356)
Chiniot Islamia College
130977(33)
130978(27)
130986(23)
130989(24)
131000(21)
131012(43)
131013(47)
131023(44)
131055(19)
131065(54)
131080(22)
92
132101(225)
132102(454)
132103(398)
132104(380)
132105(386)
132106(343)
132107(339)
132108(400)
Pak-Turk Maarif International School & College, Gulistan-e-Jauhar
132031(100)
132032(100)
132038(121)
132033(160)
132034(159)
132035(144)
132037(149)
132039(142)
132036(189)
132040(189)
New Grammer Govt. Boys & Girls H.S.S
131863(162)
131853(167)
131854(162)
131860(223)
131861(192)
131862(236)
131852(221)
131855(237)
131856(262)
131857(242)
131858(268)
176502(264)
131851(255)
131859(316)
176501(400)
The Smart College, University Road
176432(34)
131751(110)
93
176701(177)
132355(201)
132358(188)
132367(224)
132368(240)
176702(172)
132352(249)
132356(280)
132357(308)
132361(300)
132369(226)
176703(261)
132351(333)
132353(374)
132354(329)
132360(344)
132362(362)
132363(364)
132364(380)
132365(414)
Beaconhouse School System Higher Secondary Gulistan-e-Jauhar Campus
132246(402)
132247(400)
132248(486)
132249(411)
132250(406)
132241(441)
132242(428)
132243(446)
132244(433)
132245(353)
132251(470)
132252(422)
175451(376)
175452(350)
175453(358)
175459(370)
175454(426)
175455(400)
175456(440)
175457(453)
175458(495)
Army Public College, COD (Intermediate)
132173(164)
132171(222)
132172(230)
132174(238)
Adler College
94
132951(197)
132954(204)
132962(202)
132952(233)
132953(266)
132955(295)
132956(270)
132957(302)
132958(308)
132959(269)
132961(248)
178401(239)
132960(336)
132963(318)
178402(339)
A.S.F. Intermediate College
132605(49)
132602(152)
132601(215)
132603(301)
132604(233)
Everest Grammar Higher Secondary School, Block-13, Gulistan-e-Jauhar
132464(69)
132466(114)
176604(142)
132461(135)
132462(172)
132463(193)
132468(236)
132469(193)
176601(212)
176602(418)
176603(450)
176605(350)
The City School, University Road Campus
132359(37)
132366(136)
95
133204(322)
133205(402)
133206(456)
133207(487)
133208(478)
133199(425)
133200(389)
133201(397)
133202(350)
133203(389)
133209(463)
133210(477)
133211(473)
133212(430)
133213(380)
133219(444)
133220(350)
133221(382)
133222(420)
133223(444)
133214(460)
133215(381)
133216(426)
133217(423)
133218(418)
133193(352)
133195(347)
133196(400)
133197(375)
133198(342)
133172(443)
133173(481)
133174(474)
133175(431)
133176(427)
133177(370)
133178(366)
133179(351)
133180(334)
133181(343)
133188(276)
133189(354)
133190(339)
133191(380)
133192(357)
133182(373)
133184(384)
133185(373)
133186(391)
133187(352)
133224(418)
133225(438)
133226(449)
133227(418)
133228(445)
133264(499)
133265(430)
133266(397)
133267(436)
133268(373)
133259(475)
133260(485)
133261(428)
133262(418)
133263(478)
133269(440)
133270(357)
133271(423)
133272(378)
133273(385)
133254(386)
133255(429)
133256(480)
133257(421)
133258(480)
133234(449)
133235(441)
133236(424)
133237(428)
133238(378)
133229(408)
133230(431)
133231(418)
133232(424)
133233(393)
133239(451)
133240(388)
133241(407)
133242(430)
133243(449)
133249(416)
133250(421)
133251(410)
133252(409)
133253(383)
133244(399)
133245(385)
133246(383)
133247(374)
133248(432)
133147(362)
133148(367)
133149(352)
133150(392)
133151(341)
133141(334)
133143(342)
133144(371)
133145(380)
133146(410)
133167(363)
133168(432)
133169(435)
133170(410)
133171(382)
133162(456)
133163(296)
133164(294)
133165(366)
133166(411)
133157(377)
133158(356)
133159(378)
133160(412)
133161(444)
133152(362)
133153(408)
133154(377)
133155(386)
133156(359)
Bahria College (Karsaz)
133060(37)
133055(119)
133051(195)
133054(165)
133056(187)
133059(150)
133058(217)
133053(329)
Ali Higher Secondary School, Shah Faisal Colony No.3
96
133694(305)
133697(294)
133698(329)
133699(280)
133703(344)
133621(355)
133634(313)
133653(398)
133674(328)
133678(261)
Govt. Superior Science/Commerce College, Shah Faisal Colony
133142(229)
133183(297)
133194(248)
178593(439)
178594(393)
178595(458)
178596(492)
178597(442)
178588(470)
178589(443)
178590(389)
178591(446)
178592(488)
178583(427)
178584(356)
178585(432)
178586(474)
178587(430)
178608(423)
178609(373)
178610(483)
178611(349)
178603(427)
178604(346)
178605(484)
178606(444)
178607(440)
178598(357)
178599(445)
178600(458)
178601(453)
178602(397)
178578(465)
178579(481)
178580(451)
178581(453)
178582(414)
133309(424)
133310(374)
133311(408)
133312(462)
133313(387)
133304(485)
133305(468)
133306(420)
133307(457)
133308(409)
133314(465)
133315(455)
133316(350)
133317(413)
133318(386)
133324(464)
133325(489)
133326(451)
133327(454)
133328(471)
133319(401)
133320(448)
133321(464)
133322(496)
133323(491)
133299(430)
133300(450)
133301(483)
133302(478)
133303(478)
133279(437)
133280(412)
133281(445)
133282(463)
133283(425)
133274(384)
133275(444)
133276(446)
133277(419)
133278(488)
133284(488)
133285(486)
133286(498)
133287(492)
133288(472)
133294(488)
133295(432)
133296(503)
133297(425)
133298(476)
133289(470)
133290(445)
133291(463)
133292(436)
133293(505)
178558(411)
178559(463)
178560(384)
178561(429)
178562(388)
178553(400)
178554(375)
178555(358)
178556(349)
178557(444)
178563(387)
178564(358)
178565(422)
178566(416)
178567(403)
178573(460)
178574(464)
178575(401)
178576(368)
178577(425)
178568(426)
178569(407)
178570(453)
178571(370)
178572(365)
178548(399)
178549(437)
178550(417)
178551(334)
178552(396)
133334(470)
133335(489)
133336(473)
178531(361)
178532(307)
133329(427)
133330(462)
133331(433)
133332(516)
133333(476)
178533(413)
178534(375)
178535(411)
178536(400)
178537(428)
178543(369)
178544(364)
178545(357)
178546(397)
178547(341)
178538(444)
178539(358)
178540(416)
178541(399)
178542(307)
97
133830(215)
133832(266)
133847(261)
133848(270)
133862(274)
133797(249)
133798(238)
133804(272)
133805(266)
133827(250)
133863(271)
133864(269)
133865(271)
133872(259)
133873(279)
133891(242)
133899(261)
133900(266)
133901(229)
133903(205)
133875(223)
133877(262)
133879(253)
133883(258)
133885(220)
133788(204)
133789(236)
133790(236)
133793(235)
133796(256)
133693(198)
133696(245)
133700(285)
133702(188)
133707(258)
133718(253)
133741(271)
133742(224)
133743(239)
133744(264)
133775(278)
133777(260)
133783(239)
133786(240)
133787(246)
133757(237)
133767(219)
133768(210)
133770(256)
133771(193)
133904(175)
133918(225)
133923(232)
133924(204)
133932(244)
134177(267)
134179(269)
134180(256)
134181(221)
134182(242)
134167(248)
134169(295)
134170(259)
134173(219)
134174(238)
134184(285)
134185(225)
134186(237)
134189(235)
134190(199)
134158(266)
134160(221)
134161(268)
134163(262)
134166(234)
133999(246)
134007(215)
134024(244)
134027(303)
134043(217)
133951(215)
133954(267)
133959(235)
133971(243)
133989(242)
134050(185)
134053(250)
134072(296)
134076(212)
134086(244)
134127(232)
134135(254)
134146(229)
134147(226)
134157(248)
134088(227)
134089(208)
134099(196)
134108(267)
134126(219)
133662(258)
133671(292)
133672(301)
133688(248)
133692(196)
133622(212)
133626(210)
133636(222)
133643(230)
133656(203)
133893(369)
133896(336)
133897(347)
133905(409)
133906(279)
133876(292)
133878(299)
133886(408)
133887(319)
133892(336)
133912(310)
133920(325)
133938(352)
133946(326)
133947(387)
133907(341)
133908(345)
133909(328)
133910(248)
133911(296)
133866(347)
133867(296)
133868(284)
133869(370)
133870(337)
133754(310)
133769(298)
133774(359)
133778(382)
133785(348)
133708(341)
133709(307)
133717(398)
133745(289)
133749(282)
133819(335)
133828(352)
133829(297)
133836(434)
133861(351)
133806(306)
133807(369)
133810(327)
133815(299)
133817(283)
133948(378)
133949(288)
133950(324)
133956(294)
133960(336)
134172(318)
134175(249)
134176(329)
134195(298)
134198(255)
134145(313)
134148(319)
134155(354)
134162(348)
134168(376)
134206(290)
134220(314)
134225(250)
134229(319)
134252(337)
134297(322)
134253(381)
134290(332)
134292(288)
134295(234)
134296(355)
133997(412)
134003(299)
134006(326)
134012(301)
134017(257)
133961(276)
133962(401)
133983(318)
133984(316)
133991(360)
134036(295)
134048(373)
134060(396)
134062(288)
134063(286)
134110(260)
134115(332)
134122(265)
134133(286)
134138(259)
134064(338)
134067(247)
134085(288)
134094(346)
134097(315)
98
133658(92)
133661(125)
133667(101)
133670(120)
133675(139)
133639(115)
133644(100)
133645(128)
133650(141)
133652(125)
133624(130)
133629(111)
133631(109)
133632(115)
133637(107)
133679(93)
133684(122)
133686(129)
133691(129)
133704(139)
134057(175)
134059(144)
134066(158)
134068(161)
134069(192)
134073(172)
134075(160)
134079(165)
134080(162)
134081(197)
134082(166)
134087(208)
134092(168)
134095(166)
134100(173)
134030(154)
134033(205)
134046(164)
134052(195)
134056(176)
133968(168)
133969(186)
133970(168)
133973(211)
133977(182)
133978(186)
133979(189)
133981(214)
133993(183)
134000(156)
134005(181)
134009(182)
134010(179)
134016(185)
134023(167)
134125(147)
134128(159)
134131(172)
134140(161)
134144(150)
134268(158)
134277(181)
134278(191)
134282(204)
134284(174)
134288(153)
134289(161)
134293(154)
134298(237)
134304(146)
134305(146)
134311(178)
134317(169)
134318(181)
134322(197)
134256(189)
134263(169)
134264(169)
134266(151)
134267(147)
134156(223)
134165(165)
134171(179)
134183(203)
134187(165)
134188(158)
134194(192)
134199(145)
134204(167)
134214(163)
134219(221)
134227(194)
134230(172)
134238(182)
134254(162)
133926(177)
133934(207)
133940(147)
133944(166)
133965(178)
133710(151)
133713(178)
133716(168)
133719(197)
133725(187)
133728(177)
133731(146)
133732(174)
133734(211)
133735(207)
133737(186)
133740(158)
133746(170)
133747(187)
133748(159)
133682(182)
133683(191)
133685(148)
133687(229)
133706(182)
133628(170)
133633(166)
133638(190)
133642(195)
133647(149)
133649(173)
133654(171)
133655(157)
133657(135)
133659(157)
133663(172)
133668(154)
133673(219)
133676(165)
133680(173)
133753(180)
133755(163)
133759(170)
133765(171)
133776(218)
133844(181)
133845(171)
133851(183)
133856(189)
133858(170)
133871(182)
133880(175)
133881(164)
133884(215)
133889(182)
133895(204)
133898(179)
133913(161)
133915(165)
133921(206)
133826(204)
133831(191)
133837(192)
133838(191)
133839(178)
133779(143)
133780(184)
133781(171)
133782(186)
133794(175)
133795(144)
133802(159)
133803(143)
133808(203)
133809(213)
133813(201)
133818(142)
133820(152)
133821(195)
133823(209)
134228(209)
134235(241)
134245(277)
134247(252)
134248(255)
134205(265)
134209(226)
134211(223)
134212(229)
134216(233)
134191(223)
134192(251)
134193(240)
134200(215)
134203(254)
134320(209)
134299(226)
134300(205)
134307(255)
134308(274)
134319(263)
134249(268)
134250(243)
134255(204)
134274(354)
134287(267)
99
133824(76)
133849(89)
133890(85)
133922(76)
133925(64)
133766(64)
133772(72)
133773(88)
133784(78)
133801(83)
133972(96)
133985(74)
133986(104)
133987(58)
133995(82)
133928(68)
133931(69)
133937(107)
133952(75)
133964(67)
133648(105)
133660(63)
133664(74)
133665(56)
133669(66)
133625(74)
133627(77)
133630(75)
133640(54)
133646(86)
133711(100)
133723(64)
133736(72)
133739(65)
133758(72)
133677(78)
133681(69)
133689(81)
133690(80)
133701(59)
134054(86)
134055(100)
134058(68)
134070(79)
134077(76)
134013(86)
134014(94)
134015(94)
134019(54)
134020(62)
133996(99)
134001(75)
134002(70)
134004(59)
134011(98)
134038(80)
134041(84)
134042(72)
134044(75)
134049(78)
134025(86)
134026(69)
134028(70)
134032(80)
134037(89)
134257(120)
134258(144)
134260(161)
134261(151)
134265(119)
134240(129)
134241(115)
134242(108)
134243(116)
134246(127)
134221(124)
134222(159)
134231(141)
134234(127)
134237(120)
134323(128)
134324(119)
134283(112)
134286(122)
134294(113)
134306(124)
134309(128)
134270(125)
134273(119)
134276(122)
134280(118)
134281(126)
134208(121)
134210(133)
134213(119)
134217(108)
134218(129)
133846(155)
133850(125)
133852(126)
133853(109)
133854(124)
133835(122)
133840(158)
133841(152)
133842(143)
133843(167)
133857(123)
133859(148)
133860(159)
133874(121)
133882(140)
133919(109)
133927(124)
133929(127)
133930(104)
133933(117)
133888(132)
133902(174)
133914(138)
133916(109)
133917(135)
133814(127)
133816(167)
133822(137)
133825(162)
133833(115)
133722(133)
133724(120)
133727(102)
133729(116)
133730(127)
133705(107)
133712(111)
133715(119)
133720(108)
133721(130)
133733(129)
133738(144)
133750(139)
133751(90)
133752(121)
133791(114)
133792(133)
133799(142)
133800(127)
133811(127)
133756(121)
133760(149)
133761(136)
133762(132)
133763(127)
134109(128)
134111(114)
134116(128)
134120(116)
134123(108)
134096(147)
134101(101)
134102(114)
134106(138)
134107(128)
134129(126)
134130(120)
134132(114)
134134(131)
134142(126)
134178(116)
134196(92)
134197(115)
134201(125)
134207(112)
134151(137)
134152(142)
134153(113)
134159(108)
134164(115)
134040(116)
134051(111)
134071(133)
134074(122)
134078(108)
133953(116)
133955(123)
133957(134)
133958(135)
133966(125)
133935(123)
133936(111)
133939(101)
133942(112)
133943(102)
133967(123)
133974(134)
133975(134)
133976(132)
133980(121)
134008(136)
134021(124)
134022(135)
134029(142)
134035(111)
133988(118)
133990(136)
133992(141)
133994(136)
133998(167)
100
134975(287)
134976(313)
134961(397)
134962(380)
134963(418)
134964(374)
134965(419)
134966(368)
134967(392)
134968(396)
134969(402)
134970(320)
134951(422)
134952(387)
134953(436)
134954(379)
134955(441)
134956(448)
134957(419)
134958(421)
134959(391)
134960(429)
134983(408)
134984(414)
134986(371)
134987(280)
179071(353)
179072(409)
179073(352)
179074(424)
179075(415)
134971(385)
134972(421)
134973(364)
134974(419)
134977(374)
134978(336)
134979(373)
134980(359)
134981(342)
134982(414)
New Fazaia Intermediate College, Shahrah-e-Faisal
134814(201)
134816(176)
134820(199)
134832(240)
134833(209)
134834(200)
178951(230)
134813(231)
134817(246)
134819(267)
134823(272)
134827(303)
134830(255)
134837(285)
134839(281)
134824(318)
134825(293)
134828(287)
134829(393)
134831(315)
134811(301)
134812(410)
134815(295)
134821(325)
134822(361)
178954(289)
178955(386)
134835(352)
134836(301)
134838(352)
178952(340)
178953(368)
KBV CAA Model School & College
134031(32)
134034(40)
134045(29)
134047(42)
134061(33)
133812(35)
133855(45)
133941(17)
133963(33)
134018(40)
133623(26)
133651(42)
133666(25)
133695(17)
133714(24)
134310(25)
134312(48)
134314(20)
134315(40)
134321(48)
134143(19)
134239(28)
134244(19)
134262(29)
134271(44)
134065(26)
134090(31)
134098(25)
134117(35)
134141(36)
134118(66)
134121(72)
134124(66)
134150(88)
134154(86)
134104(79)
134105(70)
134112(77)
134113(80)
134114(70)
134083(82)
134084(63)
134091(70)
134093(67)
134103(74)
134302(89)
134303(69)
134313(83)
134316(81)
134272(84)
134275(99)
134279(97)
134285(86)
134301(70)
134202(73)
134224(65)
134232(66)
134233(69)
134259(73)
101
135301(197)
135302(188)
135303(185)
135304(226)
179501(309)
Cantt. Public Degree College Faisal Cantt.
135233(105)
135235(139)
135232(185)
135234(188)
135237(190)
135236(228)
135238(275)
179401(246)
179402(250)
135231(268)
Bright Success College
135101(121)
135102(134)
135104(116)
135108(149)
135109(130)
135114(148)
179201(130)
135105(173)
135112(185)
135113(177)
135116(188)
135103(230)
135107(263)
135115(241)
135106(328)
135110(305)
179202(336)
179203(292)
179204(380)
179205(410)
PAF Intermediate College, PAF Base Masroor
102
135680(33)
135681(22)
135695(30)
135723(30)
135725(30)
135765(19)
135789(17)
135655(61)
135657(77)
135659(83)
135687(74)
135688(65)
135690(52)
135691(73)
135694(103)
135713(61)
135718(73)
135746(81)
135774(68)
135777(58)
135785(69)
135787(54)
135708(109)
135710(106)
135711(105)
135712(121)
135717(134)
135693(96)
135696(108)
135699(109)
135700(156)
135701(138)
135651(156)
135660(139)
135669(132)
135675(145)
135684(103)
135786(124)
135790(134)
135792(108)
135793(119)
135757(127)
135758(112)
135773(143)
135775(116)
135783(124)
135724(138)
135735(107)
135743(96)
135752(131)
135753(130)
135734(164)
135740(203)
135741(206)
135742(145)
135744(158)
135729(163)
135730(157)
135731(188)
135732(166)
135733(167)
135745(173)
135748(205)
135751(164)
135754(199)
135755(214)
135780(166)
135782(172)
135788(168)
135791(137)
135756(185)
135762(198)
135768(191)
135770(181)
135771(171)
135667(170)
135668(156)
135670(209)
135671(204)
135673(185)
135661(199)
135662(178)
135663(144)
135664(185)
135666(184)
135652(181)
135653(168)
135654(187)
135656(188)
135658(199)
135676(206)
135677(190)
135679(185)
135682(148)
135685(178)
135720(196)
135721(181)
135726(165)
135727(192)
135728(186)
135704(164)
135705(198)
135709(135)
135716(179)
135719(159)
135686(157)
135689(164)
135692(172)
135702(192)
135703(217)
135698(254)
135706(253)
135707(226)
135722(228)
135737(204)
135665(231)
135672(234)
135674(244)
135683(254)
135697(263)
135766(199)
135778(228)
135779(242)
135784(244)
135749(236)
135759(235)
135761(247)
135763(236)
135764(240)
135678(326)
135736(323)
135739(288)
135750(296)
135760(302)
135767(339)
135769(242)
135772(377)
Allama Iqbal Govt. Science Boys College No. 1, Model Colony
135305(111)
103
136684(28)
136689(24)
136690(23)
136695(17)
136704(35)
136706(33)
136708(42)
136713(17)
136716(18)
136722(23)
136667(24)
136669(25)
136676(34)
136679(19)
136683(30)
136621(17)
136626(18)
136636(24)
136646(22)
136654(35)
136658(24)
136659(18)
136661(19)
136663(19)
136666(25)
136753(29)
136754(19)
136757(29)
136760(34)
136761(22)
136725(21)
136726(17)
136728(36)
136736(17)
136738(25)
136740(29)
136741(40)
136743(20)
136746(17)
136749(24)
136670(56)
136675(62)
136678(55)
136681(65)
136686(71)
136655(90)
136660(56)
136662(82)
136665(65)
136668(70)
136622(55)
136625(70)
136633(75)
136634(66)
136652(74)
136687(62)
136688(86)
136697(69)
136707(60)
136709(61)
136752(73)
136775(72)
136778(88)
136787(65)
136790(73)
136739(76)
136744(64)
136747(83)
136748(80)
136750(73)
136721(92)
136730(73)
136732(81)
136733(59)
136735(70)
136701(121)
136710(110)
136719(134)
136720(99)
136727(123)
136637(118)
136653(112)
136674(108)
136680(142)
136694(128)
136768(109)
136770(117)
136771(143)
136774(101)
136783(109)
136745(160)
136755(100)
136759(124)
136762(119)
136764(108)
136715(166)
136734(182)
136751(316)
136756(326)
Abdul Razzak Gabol Govt. Degree Boys & Girls, Razzakabad, Bin Qasim
136422(18)
136432(17)
136448(25)
136449(17)
136453(42)
136462(23)
180702(33)
136407(74)
136410(83)
136436(55)
136442(72)
136451(72)
136458(75)
136463(85)
180701(60)
180703(68)
180706(107)
136418(121)
180704(131)
136461(274)
180705(290)
Govt. Boys & Girls H.Sec.School Haji Nathoo, Malir
104
137400(457)
137401(316)
137402(298)
137405(382)
137406(279)
137395(448)
137396(429)
137397(478)
137398(305)
137399(372)
137407(373)
137408(341)
137409(351)
137410(381)
137411(377)
137418(397)
137419(340)
137420(410)
137421(377)
137423(331)
137412(351)
137413(358)
137414(390)
137415(308)
137417(297)
137387(411)
137388(469)
137389(405)
137390(332)
137391(408)
137360(369)
137361(401)
137362(381)
137363(415)
137364(407)
137365(373)
137366(468)
137368(317)
137369(387)
137370(382)
137381(282)
137382(390)
137383(415)
137384(418)
137385(479)
137372(373)
137375(423)
137376(438)
137378(466)
137380(406)
137425(330)
137426(413)
137427(403)
137428(353)
137429(270)
137499(396)
137500(464)
137501(397)
137502(300)
137504(310)
137492(423)
137493(439)
137495(441)
137496(279)
137498(426)
137505(439)
137509(339)
137510(354)
137512(356)
137513(453)
137484(331)
137487(292)
137489(343)
137490(398)
137491(462)
137442(332)
137443(390)
137444(297)
137445(377)
137447(267)
137430(309)
137431(429)
137432(261)
137434(378)
137441(387)
137449(382)
137450(401)
137457(358)
137459(449)
137462(325)
137473(293)
137474(381)
137476(340)
137477(365)
137483(435)
137464(323)
137466(356)
137467(319)
137470(373)
137472(314)
137351(394)
137354(455)
137356(309)
137358(449)
137359(345)
Govt. Degree Science/Commerce College Malir Cantt.
137052(20)
137055(23)
137059(17)
137061(21)
137068(17)
137072(20)
137076(18)
137084(18)
137088(27)
137091(18)
137123(34)
137124(37)
137125(21)
137128(25)
137095(19)
137099(19)
137106(17)
137113(33)
137116(19)
137103(77)
137104(57)
137105(54)
137115(65)
137121(70)
137058(63)
137073(59)
137085(90)
137093(60)
137101(76)
137051(171)
137062(108)
137064(121)
137089(105)
137094(97)
137096(131)
137114(88)
137122(137)
137119(193)
137090(283)
Govt. Degree Sc., Arts & Comm. College Murad Memon Goth
136763(31)
136769(20)
136772(31)
136777(28)
136779(22)
136785(27)
136789(17)
105
137469(286)
137480(245)
137485(279)
137494(262)
137506(227)
137507(271)
137516(272)
137517(294)
137525(262)
137527(260)
137537(259)
137545(256)
137551(244)
137566(257)
137570(254)
137352(219)
137357(214)
137367(300)
137371(217)
137377(280)
137386(274)
137394(256)
137404(227)
137422(248)
137433(269)
137436(229)
137437(257)
137448(236)
137453(250)
137456(255)
137573(279)
137575(222)
137578(237)
137594(253)
137604(237)
137608(277)
137610(251)
137617(234)
137621(261)
137623(250)
137636(247)
137637(290)
137638(276)
137640(241)
137644(283)
137646(268)
137647(298)
137648(230)
137653(244)
137655(273)
180965(456)
180966(362)
180969(325)
180971(373)
180972(282)
180976(393)
180978(344)
180980(421)
180981(350)
180982(366)
180952(402)
180953(409)
180954(317)
180955(356)
180956(383)
180959(391)
180960(460)
180961(317)
180963(370)
180964(375)
180983(311)
180984(298)
180986(363)
180987(394)
180989(417)
181002(406)
181003(475)
181005(447)
181006(483)
181008(383)
181009(485)
181011(405)
181012(430)
180990(303)
180991(424)
180992(398)
180993(353)
180995(351)
180996(372)
180998(396)
180999(430)
181000(406)
181001(355)
180947(326)
180948(424)
180949(439)
180950(331)
180951(402)
137615(391)
137618(316)
137619(339)
137620(385)
137624(351)
137606(299)
137609(307)
137611(360)
137613(419)
137614(440)
137625(398)
137626(411)
137627(443)
137628(302)
137629(368)
137645(369)
137649(364)
137650(360)
137651(361)
137652(320)
137630(364)
137633(356)
137634(325)
137635(343)
137641(334)
137589(395)
137595(298)
137596(405)
137601(340)
137605(325)
137523(393)
137528(419)
137533(324)
137535(334)
137539(384)
137514(342)
137518(368)
137519(434)
137520(369)
137522(306)
137540(278)
137541(297)
137542(292)
137546(437)
137548(485)
137577(315)
137580(366)
137583(292)
137584(340)
137585(315)
137554(299)
137564(374)
137567(279)
137569(391)
137576(411)
180925(466)
180926(326)
180928(384)
180929(471)
180930(451)
180920(430)
180921(477)
180922(485)
180923(365)
180924(474)
180931(459)
180932(418)
180933(393)
180934(301)
180935(400)
180941(423)
180942(346)
180943(433)
180944(391)
180945(369)
180936(415)
180937(389)
180938(423)
180939(459)
180940(409)
180915(449)
180916(392)
180917(447)
180918(437)
180919(392)
137665(330)
137666(385)
137668(356)
137669(325)
137671(359)
137654(339)
137656(352)
137659(333)
137663(253)
137664(274)
137675(345)
137676(309)
137679(355)
137683(353)
137685(317)
180909(467)
180910(451)
180911(498)
180912(411)
180913(428)
180902(321)
180903(350)
180904(484)
180907(420)
180908(367)
106
138063(213)
138106(246)
138107(264)
138114(206)
138119(269)
137997(207)
138037(211)
138039(222)
138040(221)
138043(248)
137957(214)
137984(202)
137985(216)
137987(227)
137996(228)
138120(287)
138121(206)
138122(196)
138123(199)
138124(236)
138144(221)
138162(254)
138169(205)
138178(173)
138186(220)
138125(249)
138129(239)
138132(203)
138133(219)
138142(249)
137960(298)
137986(303)
137990(318)
138001(264)
138009(276)
138038(264)
138091(251)
138117(284)
138143(280)
138147(264)
138149(278)
138150(327)
138153(332)
138159(238)
138160(311)
Govt. Degree Science/Commerce College Malir at Saudabad
137355(37)
137403(27)
137455(17)
137468(34)
137503(49)
137681(39)
137374(68)
137435(70)
137458(90)
137543(60)
137552(82)
137581(59)
137586(66)
137588(78)
137602(110)
137667(72)
137686(71)
180968(86)
180977(141)
180979(160)
180985(177)
137674(120)
137680(128)
137682(123)
180967(112)
180970(136)
137526(130)
137529(137)
137547(109)
137549(143)
137555(118)
137451(145)
137454(104)
137488(103)
137497(139)
137511(120)
137353(119)
137379(147)
137424(125)
137439(149)
137440(145)
137556(130)
137559(116)
137560(129)
137561(133)
137562(107)
137622(121)
137632(135)
137642(149)
137660(135)
137662(146)
137597(145)
137598(132)
137599(115)
137607(141)
137616(148)
137568(168)
137579(129)
137582(124)
137592(138)
137593(126)
137478(184)
137479(197)
137481(193)
137482(210)
137486(190)
137508(181)
137515(166)
137521(168)
137532(171)
137534(163)
137373(185)
137416(162)
137438(191)
137446(174)
137460(180)
137461(214)
137463(201)
137465(180)
137471(183)
137475(215)
137536(163)
137544(197)
137550(170)
137557(176)
137563(236)
137639(199)
137643(207)
137670(165)
137672(197)
137687(187)
180906(168)
180958(211)
180997(172)
137565(215)
137571(196)
137572(189)
137574(189)
137587(166)
137590(202)
137591(185)
137603(176)
137612(168)
137631(235)
137678(250)
137684(249)
180901(242)
180905(308)
180914(253)
137657(282)
137658(243)
137661(248)
137673(228)
137677(254)
181004(302)
181007(241)
181010(291)
180946(257)
180957(247)
180962(293)
180988(248)
180994(256)
107
138017(40)
138025(17)
138044(38)
138079(22)
138085(20)
137953(47)
137968(35)
138000(36)
138005(37)
138016(41)
138155(20)
138180(39)
138189(37)
138196(20)
138086(22)
138088(23)
138097(21)
138112(25)
138141(18)
138029(79)
138046(66)
138065(63)
138073(66)
138075(50)
138007(86)
138008(64)
138022(60)
138024(61)
138026(55)
137963(92)
137975(67)
137988(66)
137994(60)
138004(106)
138076(53)
138084(65)
138087(106)
138093(57)
138094(66)
138173(72)
138191(59)
138194(78)
138197(69)
138204(56)
138140(76)
138157(70)
138165(66)
138168(52)
138170(68)
138096(68)
138135(80)
138136(83)
138137(70)
138139(67)
138099(121)
138102(152)
138108(125)
138109(135)
138110(134)
138083(96)
138090(115)
138092(137)
138095(113)
138098(108)
138069(103)
138072(149)
138074(90)
138081(111)
138082(105)
138113(109)
138115(126)
138118(112)
138126(128)
138138(101)
138195(93)
138200(122)
138202(120)
138203(112)
138206(90)
138175(109)
138176(109)
138179(155)
138181(101)
138188(113)
138145(111)
138146(116)
138148(125)
138158(117)
138163(126)
138057(121)
138058(130)
138060(119)
138062(118)
138066(112)
137989(124)
137991(105)
137992(125)
137993(137)
137998(105)
137969(100)
137970(130)
137974(130)
137977(120)
137978(139)
137951(116)
137952(99)
137954(96)
137956(127)
137958(119)
138036(134)
138045(99)
138048(105)
138053(123)
138054(126)
138028(151)
138030(112)
138031(104)
138032(123)
138033(121)
138002(136)
138003(121)
138006(149)
138010(115)
138014(112)
137983(149)
138011(146)
138012(164)
138013(158)
138015(133)
138018(173)
138020(160)
138021(158)
138023(160)
138042(149)
138049(179)
138050(162)
138051(165)
138052(183)
138055(203)
137955(197)
137959(166)
137961(196)
137962(172)
137964(170)
137965(180)
137966(182)
137971(191)
137972(184)
137973(186)
137976(162)
137979(206)
137980(225)
137981(206)
137982(193)
138056(167)
138059(178)
138061(196)
138064(205)
138067(162)
138156(160)
138161(171)
138164(174)
138166(165)
138174(148)
138182(157)
138183(173)
138184(151)
138185(159)
138192(187)
138199(159)
138201(154)
138068(217)
138070(151)
138071(241)
138078(153)
138089(186)
138103(138)
138104(135)
138105(172)
138111(163)
138127(176)
138128(181)
138131(149)
138134(163)
138152(155)
138154(185)
138198(252)
138207(231)
108
138533(121)
138543(110)
138549(120)
138556(109)
138563(111)
138565(100)
138572(126)
138575(100)
138580(113)
138585(139)
138523(141)
138525(97)
138526(106)
138527(106)
138529(143)
138502(110)
138504(112)
138507(95)
138511(129)
138513(131)
138514(97)
138515(102)
138516(125)
138518(109)
138522(137)
138624(103)
138625(147)
138626(150)
138634(104)
138637(137)
138586(133)
138588(111)
138590(121)
138591(109)
138592(116)
138593(120)
138600(133)
138601(137)
138609(100)
138622(134)
138606(219)
138610(152)
138614(150)
138619(150)
138621(163)
138628(221)
138629(190)
138643(164)
138667(164)
138681(194)
138557(144)
138587(210)
138594(173)
138598(157)
138603(155)
138506(176)
138509(179)
138520(198)
138537(140)
138545(169)
138550(157)
138551(152)
138553(172)
138554(174)
138555(145)
138687(148)
138693(162)
138694(153)
138699(160)
138700(141)
138795(171)
138805(162)
138807(198)
138817(165)
138821(167)
138826(139)
138772(167)
138776(155)
138785(164)
138790(159)
138793(175)
138703(190)
138713(176)
138742(180)
138743(164)
138747(145)
138751(167)
138758(194)
138762(183)
138768(192)
138769(163)
138552(187)
138558(189)
138559(210)
138597(218)
138604(198)
138524(250)
138541(268)
138542(198)
138544(253)
138548(244)
138670(206)
138684(245)
138685(224)
138698(188)
138757(209)
138608(211)
138632(248)
138633(218)
138651(211)
138668(200)
138539(276)
138546(241)
138560(313)
138653(264)
138671(252)
138676(268)
138704(268)
138718(232)
138773(346)
Jamia Millia Govt. College (Morning)
138458(124)
181253(137)
138451(181)
138457(254)
138452(274)
138453(291)
138454(300)
138455(359)
138456(320)
181251(387)
181252(383)
181254(379)
Green House Higher Secondary School
109
138657(35)
138677(30)
138692(32)
138695(38)
138696(34)
138570(25)
138599(34)
138615(27)
138616(25)
138656(30)
138521(20)
138528(37)
138530(28)
138534(25)
138567(31)
138724(45)
138726(29)
138744(24)
138754(33)
138763(46)
138825(26)
138828(19)
138832(22)
138833(21)
138835(29)
138792(32)
138812(27)
138815(40)
138816(28)
138822(30)
138708(74)
138710(84)
138711(65)
138714(83)
138715(77)
138716(65)
138717(75)
138721(82)
138723(64)
138728(69)
138733(73)
138737(72)
138738(59)
138745(57)
138746(90)
138658(80)
138659(84)
138662(78)
138663(77)
138664(78)
138678(64)
138679(72)
138680(69)
138683(61)
138686(58)
138691(66)
138702(62)
138705(81)
138706(65)
138707(76)
138749(74)
138753(71)
138755(74)
138756(62)
138770(88)
138806(74)
138808(68)
138810(72)
138813(57)
138814(69)
138818(71)
138819(69)
138823(55)
138824(62)
138829(89)
138840(88)
138841(84)
138842(112)
138771(67)
138774(68)
138775(69)
138782(71)
138783(66)
138784(70)
138789(73)
138794(91)
138796(76)
138797(63)
138800(77)
138801(72)
138802(70)
138803(90)
138804(75)
138573(75)
138574(85)
138576(83)
138577(56)
138578(65)
138579(86)
138581(91)
138582(80)
138583(88)
138584(67)
138564(87)
138566(85)
138568(90)
138569(78)
138571(89)
138501(70)
138503(73)
138508(63)
138510(71)
138519(66)
138531(87)
138532(61)
138535(72)
138536(82)
138562(88)
138636(83)
138638(66)
138641(58)
138644(70)
138645(76)
138646(78)
138648(60)
138649(94)
138650(76)
138652(88)
138623(75)
138627(83)
138630(63)
138631(59)
138635(97)
138589(83)
138595(68)
138596(75)
138602(58)
138605(73)
138607(64)
138611(61)
138612(82)
138613(59)
138620(63)
138701(97)
138709(141)
138712(87)
138719(108)
138720(134)
138722(118)
138725(113)
138727(112)
138729(140)
138730(114)
138731(131)
138732(112)
138734(113)
138735(128)
138736(114)
138639(141)
138642(100)
138654(137)
138655(96)
138661(123)
138665(120)
138669(120)
138672(124)
138673(110)
138674(101)
138675(113)
138682(94)
138688(110)
138690(143)
138697(93)
138781(152)
138786(103)
138787(102)
138791(138)
138798(122)
138799(104)
138811(111)
138820(108)
138827(123)
138837(129)
138838(149)
138839(137)
138843(113)
138844(102)
138846(113)
138739(96)
138740(97)
138741(96)
138748(134)
138752(114)
138759(135)
138760(112)
138761(118)
138764(103)
138765(151)
138766(117)
138767(153)
138777(116)
138779(136)
138780(112)
110
139537(287)
139538(329)
139540(253)
139543(278)
181583(354)
181584(380)
181585(423)
181587(345)
181588(446)
181589(360)
181590(307)
181591(364)
181592(453)
Qamar-e-Bani Hashim Higher Secondary School
181461(126)
181466(204)
139410(266)
139413(283)
139427(245)
139429(229)
139432(274)
139434(245)
181459(267)
181462(229)
181463(307)
181452(360)
181453(409)
181454(374)
181455(353)
181456(358)
181457(401)
181458(309)
181460(385)
181464(419)
181465(275)
181467(352)
181468(253)
139428(323)
139430(346)
139431(326)
139433(285)
181451(428)
139411(342)
139412(328)
139414(319)
139415(338)
139416(425)
139404(347)
139405(292)
139406(385)
139408(350)
139409(324)
139422(314)
139423(358)
139424(278)
139425(298)
139426(364)
139417(346)
139418(288)
139419(287)
139420(418)
139421(301)
New Fazaia Intermediate College, Malir Cantt.
139256(38)
139254(71)
139255(64)
139265(79)
139273(70)
181351(74)
139251(158)
139258(105)
139259(117)
139260(127)
139262(124)
139266(154)
139252(191)
139253(156)
139257(148)
139263(191)
139264(171)
139268(181)
139270(195)
139271(158)
181353(198)
181354(207)
139261(229)
139267(246)
139272(239)
Kent College of Science & Commerce
138836(33)
138845(22)
111
140081(425)
140082(408)
140083(388)
140084(429)
140085(351)
140076(360)
140077(373)
140078(407)
140079(388)
140080(433)
140086(406)
140087(436)
140088(351)
140089(428)
140090(411)
140096(411)
140097(407)
140098(452)
140099(420)
140100(396)
140091(420)
140092(373)
140093(395)
140094(393)
140095(401)
140056(369)
140057(378)
140058(406)
140059(424)
140060(409)
140051(353)
140052(461)
140053(384)
140054(414)
140055(395)
140061(384)
140062(396)
140063(351)
140064(396)
140065(423)
140071(420)
140072(393)
140073(414)
140074(440)
140075(385)
140066(447)
140067(353)
140068(405)
140069(463)
140070(369)
140101(436)
140102(443)
140103(455)
140104(403)
140105(429)
140136(337)
140137(387)
140138(456)
140139(396)
140140(447)
140131(428)
140132(407)
140133(419)
140134(422)
140135(431)
140111(366)
140112(469)
140113(400)
140114(331)
140115(427)
140106(424)
140107(426)
140108(440)
140109(396)
140110(393)
140116(415)
140117(416)
140118(441)
140119(443)
140120(412)
140126(426)
140127(479)
140128(423)
140129(432)
140130(477)
140121(410)
140122(364)
140123(424)
140124(362)
140125(448)
The Citizen Foundation College
Govt. Higher Secondary School Ahmed Dawood Darsano Channo
139541(172)
139539(230)
139542(227)
139544(236)
181586(241)
112
140342(252)
140353(312)
140354(295)
140362(312)
140364(289)
140382(298)
140387(269)
140388(314)
140391(288)
140393(240)
140395(318)
140400(276)
140403(319)
140406(317)
140409(261)
Govt. Boys Higher Secondary School No. 2 'K' Area Korangi
183972(245)
183979(271)
183999(237)
184028(270)
184041(255)
184047(397)
184048(375)
184049(306)
184050(394)
184051(453)
184042(333)
184043(320)
184044(352)
184045(339)
184046(404)
184057(355)
184058(376)
184059(275)
184060(332)
184061(407)
184052(385)
184053(407)
184054(419)
184055(392)
184056(362)
184036(377)
184037(357)
184038(414)
184039(394)
184040(388)
183957(401)
183958(354)
183959(381)
183960(376)
183961(335)
183952(372)
183953(365)
183954(386)
183955(357)
183956(419)
183962(371)
183963(368)
183964(345)
183965(315)
183966(300)
183973(367)
183974(417)
183975(394)
183976(349)
183977(379)
183967(304)
183968(372)
183969(386)
183970(334)
183971(303)
183947(313)
183948(478)
183949(342)
183950(433)
183951(356)
140146(414)
140147(378)
140148(437)
140149(464)
183931(394)
140141(453)
140142(413)
140143(448)
140144(398)
140145(403)
183932(395)
183933(455)
183934(401)
183935(364)
183936(298)
183942(426)
183943(356)
183944(327)
183945(327)
183946(331)
183937(441)
183938(352)
183939(303)
183940(355)
183941(462)
184015(372)
184016(325)
184017(332)
184018(396)
184019(392)
184010(433)
184011(401)
184012(307)
184013(302)
184014(378)
184020(361)
184021(297)
184022(412)
184023(375)
184024(411)
184031(392)
184032(392)
184033(358)
184034(375)
184035(363)
184025(404)
184026(336)
184027(452)
184029(313)
184030(371)
184005(456)
184006(430)
184007(412)
184008(393)
184009(418)
183984(416)
183985(371)
183986(423)
183987(416)
183988(429)
183978(369)
183980(415)
183981(366)
183982(356)
183983(361)
183989(398)
183990(437)
183991(342)
183992(380)
183993(415)
184000(401)
184001(318)
184002(457)
184003(349)
184004(379)
183994(378)
183995(453)
183996(422)
183997(377)
183998(341)
113
140529(185)
140534(195)
140540(196)
140551(187)
140552(197)
140517(180)
140518(201)
140523(198)
140527(188)
140528(208)
140502(189)
140503(168)
140506(170)
140508(194)
140510(190)
140555(209)
140561(187)
140562(217)
140563(170)
140564(192)
140595(180)
140596(194)
140597(184)
140582(213)
140586(195)
140589(173)
140590(163)
140593(146)
140568(177)
140570(168)
140575(211)
140578(179)
140579(212)
140526(247)
140530(214)
140531(261)
140532(244)
140543(230)
140519(256)
140520(238)
140521(237)
140522(236)
140525(232)
140504(223)
140505(207)
140507(219)
140512(253)
140516(275)
140604(229)
140574(250)
140577(255)
140591(259)
140598(293)
140599(208)
140545(222)
140546(269)
140548(231)
140549(235)
140559(296)
140513(357)
140514(271)
140533(285)
140535(295)
140547(301)
140592(291)
Govt. Comprehensive Boys Higher Sec. School Korangi 3
140304(84)
140312(112)
140343(71)
140347(66)
140350(79)
140371(58)
140373(74)
140390(70)
140397(77)
140407(69)
140341(142)
140349(120)
140355(132)
140358(109)
140359(105)
140333(117)
140334(112)
140336(117)
140337(113)
140339(117)
140310(140)
140313(122)
140314(135)
140326(113)
140330(108)
140401(115)
140405(109)
140377(119)
140383(106)
140384(135)
140385(133)
140398(124)
140360(125)
140365(135)
140372(113)
140375(123)
140376(124)
140321(153)
140322(167)
140325(150)
140327(180)
140328(169)
140309(194)
140311(177)
140315(173)
140319(166)
140320(186)
140329(185)
140331(177)
140338(167)
140340(174)
140348(154)
140386(160)
140389(131)
140399(190)
140408(193)
140352(132)
140361(150)
140366(135)
140368(154)
140380(183)
140323(201)
140344(206)
140351(217)
140357(223)
140367(248)
140302(215)
140303(203)
140307(220)
140308(215)
140316(221)
140404(253)
140370(207)
140378(223)
140379(232)
140381(255)
140402(253)
114
140827(208)
140829(267)
140836(235)
140837(249)
140848(220)
140849(226)
140850(265)
140854(266)
140856(220)
140858(259)
140860(204)
140866(213)
140873(240)
140875(236)
140876(229)
140812(223)
140813(191)
140814(220)
140817(240)
140822(218)
140751(205)
140755(199)
140756(196)
140760(233)
140763(216)
140768(238)
140775(228)
140779(250)
140780(256)
140784(210)
140786(233)
140790(200)
140793(218)
140801(240)
140804(225)
140883(224)
140889(189)
140891(201)
140893(211)
140894(212)
140936(246)
140937(221)
140949(258)
140953(208)
140954(224)
140896(258)
140900(245)
140901(217)
140902(204)
140907(209)
140908(207)
140911(260)
140912(240)
140913(210)
140917(218)
140920(213)
140921(229)
140922(221)
140930(236)
140935(225)
140986(293)
140988(318)
140989(277)
140991(275)
140993(322)
140980(323)
140981(285)
140982(280)
140983(250)
140984(270)
140969(280)
140973(280)
140974(341)
140975(308)
140977(251)
140996(283)
140997(282)
140998(289)
141012(344)
141013(309)
141046(306)
141047(278)
141062(276)
141077(247)
141029(311)
141033(262)
141041(293)
141042(277)
141045(293)
141015(331)
141016(279)
141022(264)
141025(309)
141028(351)
140952(300)
140960(279)
140961(255)
140962(278)
140963(324)
140807(272)
140808(271)
140811(237)
140816(324)
140818(269)
140819(298)
140820(235)
140826(269)
140840(314)
140851(447)
140766(296)
140767(302)
140769(289)
140787(265)
140789(304)
140792(283)
140802(304)
140803(316)
140805(268)
140806(278)
140852(366)
140853(290)
140859(313)
140862(280)
140874(313)
140915(264)
140926(292)
140927(254)
140928(338)
140929(300)
140931(311)
140932(290)
140943(250)
140947(327)
140948(282)
140880(261)
140881(292)
140882(290)
140884(290)
140885(280)
140895(271)
140897(290)
140898(248)
140899(310)
140905(260)
Govt. Degree Boys College Korangi 2-1/2
140524(48)
140539(23)
140571(34)
140511(77)
140538(86)
140542(79)
140565(80)
140585(73)
140594(80)
140601(66)
140602(67)
140603(80)
140550(114)
140553(125)
140554(108)
140557(153)
140558(124)
140501(127)
140515(142)
140536(133)
140537(125)
140541(133)
140560(142)
140566(143)
140567(142)
140569(127)
140573(132)
140588(123)
140600(124)
140576(119)
140580(137)
140581(144)
140583(137)
140584(165)
115
140869(59)
141061(19)
141096(39)
140777(71)
140788(73)
140797(70)
140815(86)
140845(86)
140877(77)
140888(87)
140934(64)
140958(91)
141009(82)
141049(79)
141075(88)
141084(65)
140824(102)
140832(122)
140833(123)
140834(119)
140844(106)
140846(125)
140847(125)
140857(118)
140868(120)
140870(118)
140871(143)
140910(139)
140918(113)
140919(114)
140923(122)
140754(101)
140757(149)
140761(120)
140762(112)
140764(120)
140772(127)
140774(127)
140776(142)
140778(125)
140781(115)
140785(130)
140795(107)
140799(116)
140810(120)
140821(113)
140933(125)
140939(122)
140940(121)
140942(118)
140944(139)
141069(119)
141070(128)
141072(107)
141076(146)
141078(116)
141080(112)
141081(119)
141082(92)
141083(102)
141087(107)
141088(112)
141089(114)
141090(129)
141092(106)
141097(111)
140950(103)
140951(127)
140956(108)
140957(118)
140959(113)
140966(150)
140970(126)
141000(124)
141002(132)
141003(131)
141036(133)
141038(113)
141054(120)
141056(137)
141060(118)
140855(212)
140863(166)
140864(167)
140865(155)
140867(165)
140872(184)
140878(170)
140879(188)
140887(154)
140890(168)
140892(140)
140903(154)
140904(176)
140906(144)
140909(174)
140838(186)
140839(158)
140841(195)
140842(201)
140843(209)
140752(164)
140758(176)
140765(199)
140773(191)
140791(180)
140794(138)
140796(182)
140798(152)
140800(150)
140809(144)
140823(157)
140828(163)
140830(170)
140831(168)
140835(161)
141048(159)
141050(159)
141055(177)
141057(163)
141063(172)
141064(156)
141068(144)
141071(156)
141074(159)
141079(169)
141091(152)
141094(208)
141095(173)
141018(177)
141019(153)
141021(192)
141030(170)
141040(165)
140914(179)
140916(166)
140924(164)
140925(142)
140938(163)
140941(173)
140945(184)
140964(197)
140979(166)
140985(151)
140990(180)
140994(172)
141005(177)
141007(175)
141017(157)
141004(230)
141008(219)
141011(251)
141020(225)
141023(225)
140976(211)
140978(196)
140992(241)
140995(204)
140999(244)
140955(236)
140965(248)
140967(266)
140968(208)
140971(209)
141024(263)
141026(235)
141031(235)
141032(218)
141034(214)
141067(191)
141085(176)
141086(238)
141052(228)
141053(215)
141058(205)
141059(206)
141065(201)
141035(198)
141037(214)
141039(260)
141043(217)
141044(197)
116
141696(118)
141698(120)
141699(112)
141706(115)
141717(123)
141685(115)
141689(115)
141690(111)
141692(115)
141693(107)
141721(159)
141722(162)
141723(160)
141724(164)
141725(154)
141700(157)
141702(144)
141714(172)
141715(208)
141716(144)
141681(172)
141691(168)
141694(158)
141695(153)
141697(149)
141748(163)
141739(151)
141740(158)
141741(168)
141742(139)
141743(146)
141726(172)
141727(149)
141729(186)
141736(179)
141738(172)
141682(227)
141683(224)
141684(242)
141688(218)
141701(240)
141703(248)
141704(252)
141707(251)
141718(174)
141730(232)
141731(225)
141686(303)
141687(334)
141746(510)
Govt. Degree Boys College Ibrahim Hyderi
141586(172)
141587(200)
141588(191)
141589(183)
141590(182)
141591(198)
141593(203)
141594(176)
141595(171)
141597(197)
141598(163)
141592(233)
141596(231)
Pak Askari Intermediate College
141402(159)
141401(184)
141403(221)
183753(385)
141404(405)
141405(355)
183751(440)
New Fazaia Intermediate College, Korangi Creek
117
142202(117)
142211(116)
142212(177)
142219(105)
142220(120)
142221(121)
142249(144)
142250(130)
142205(186)
142206(172)
142207(175)
142227(182)
142237(158)
142242(162)
142244(196)
142246(187)
142252(173)
142257(164)
142203(244)
142204(256)
142208(237)
142209(253)
142210(202)
142222(272)
142229(249)
142230(226)
142238(210)
142239(217)
142243(183)
142245(256)
142247(193)
142248(243)
142251(222)
142218(259)
142223(307)
142224(262)
142225(325)
142226(275)
142213(275)
142214(277)
142215(255)
142216(408)
142217(286)
142228(297)
142231(267)
142232(276)
142233(295)
142234(319)
142254(269)
142255(295)
142256(269)
142235(317)
142236(273)
142240(289)
142241(276)
142253(266)
Govt. Degree Boys College Quaidabad
182503(33)
141961(154)
141971(215)
141984(211)
182504(186)
141964(254)
141967(290)
141968(261)
141972(265)
141973(303)
141974(238)
141976(263)
141977(246)
141978(298)
141979(263)
141981(260)
141985(261)
141986(221)
141992(261)
182501(264)
141970(304)
141975(337)
141980(341)
141982(300)
141983(306)
141962(332)
141963(311)
141965(310)
141966(316)
141969(332)
182502(329)
182505(409)
141987(317)
141988(337)
141989(353)
141990(314)
141991(289)
Guard Public College Korangi No. 2 1/2
141728(20)
141708(80)
141709(62)
141710(57)
141711(62)
141712(70)
141732(68)
141744(124)
141749(77)
141750(90)
141719(96)
141720(106)
141733(114)
141734(139)
141735(137)
141745(126)
118
142542(69)
142554(73)
142571(92)
142580(81)
142589(77)
142476(83)
142485(68)
142486(82)
142487(70)
142492(79)
142557(109)
142558(129)
142559(123)
142560(131)
142561(138)
142528(128)
142538(117)
142551(147)
142553(114)
142556(125)
142472(127)
142479(120)
142484(116)
142490(108)
142515(127)
142562(125)
142564(99)
142569(127)
142573(110)
142590(112)
142647(118)
142650(113)
142654(106)
142656(114)
142657(126)
142621(128)
142622(115)
142625(118)
142626(118)
142632(90)
142596(102)
142597(130)
142599(94)
142611(128)
142617(98)
142529(163)
142530(186)
142531(170)
142532(180)
142533(188)
142536(184)
142537(172)
142539(169)
142540(211)
142544(170)
142480(156)
142481(145)
142483(154)
142488(179)
142494(157)
142495(154)
142496(151)
142505(177)
142521(160)
142522(144)
142546(195)
142547(170)
142570(156)
142578(135)
142594(159)
142629(145)
142631(148)
142634(133)
142637(155)
142638(144)
142641(159)
142642(165)
142644(149)
142649(192)
142652(127)
142595(157)
142600(149)
142602(146)
142603(149)
142604(179)
142605(146)
142606(172)
142608(186)
142610(195)
142615(153)
142524(221)
142525(266)
142526(238)
142527(194)
142534(244)
142535(241)
142541(214)
142543(208)
142545(231)
142548(230)
142471(204)
142475(226)
142477(208)
142499(238)
142502(230)
142504(242)
142507(221)
142511(271)
142512(223)
142514(255)
142549(194)
142550(259)
142555(235)
142563(253)
142565(219)
142607(229)
142612(174)
142613(183)
142630(213)
142633(198)
142636(188)
142640(192)
142646(197)
142648(176)
142653(243)
142566(214)
142568(237)
142572(264)
142575(243)
142577(229)
142581(226)
142583(231)
142585(255)
142587(228)
142592(205)
142501(268)
142503(337)
142508(297)
142513(247)
142516(312)
142491(312)
142493(273)
142497(254)
142498(278)
142500(274)
142473(253)
142474(279)
142478(269)
142482(277)
142489(297)
142609(314)
142643(268)
142576(280)
142579(281)
142584(274)
142586(303)
142588(264)
142518(288)
142519(303)
142520(278)
142523(268)
142567(261)
Govt. Degree Boys College, 36-B Landhi 4
142201(73)
142258(83)
142259(84)
119
142839(168)
142845(203)
142847(195)
142854(176)
142863(185)
142866(169)
142868(189)
142874(193)
142880(184)
142883(179)
142802(176)
142805(176)
142806(176)
142812(181)
142814(176)
142817(180)
142825(195)
142835(204)
142836(172)
142838(160)
142884(186)
142885(182)
142888(191)
142895(161)
142897(198)
142955(156)
142957(165)
142969(160)
142971(164)
142973(181)
142990(166)
142993(146)
142995(152)
143005(147)
143010(150)
142899(160)
142903(195)
142915(164)
142917(152)
142920(161)
142924(169)
142931(136)
142935(191)
142943(168)
142947(167)
142834(214)
142837(260)
142840(290)
142844(272)
142848(236)
142867(257)
142872(211)
142873(265)
142879(218)
142889(248)
142803(232)
142804(236)
142807(220)
142816(223)
142818(221)
142823(236)
142824(256)
142828(202)
142830(244)
142833(248)
142902(226)
142909(206)
142911(229)
142916(247)
142933(203)
142976(229)
142977(233)
142982(225)
142986(242)
142987(237)
142996(201)
142998(232)
143002(225)
142940(187)
142944(192)
142948(227)
142949(257)
142951(189)
142958(223)
142960(218)
142962(210)
142968(202)
142975(202)
142999(290)
143009(262)
142864(298)
142865(297)
142869(279)
142870(275)
142871(334)
142875(280)
142876(297)
142877(323)
142878(330)
142881(259)
142887(314)
142891(301)
142893(323)
142900(332)
142907(294)
142855(356)
142856(306)
142860(331)
142861(328)
142862(355)
142811(297)
142822(330)
142826(279)
142827(269)
142829(364)
142831(265)
142832(328)
142842(302)
142843(286)
142846(364)
142849(349)
142850(370)
142851(272)
142852(302)
142853(340)
142910(272)
142912(319)
142919(295)
142921(284)
142922(260)
142963(270)
142964(262)
142965(309)
142967(278)
142970(260)
142972(252)
142978(250)
142983(301)
142985(309)
142988(286)
142989(300)
142991(257)
142992(294)
142994(274)
142997(253)
142952(338)
142953(308)
142956(420)
142959(377)
142961(261)
142923(318)
142925(278)
142926(297)
142928(309)
142929(253)
142930(296)
142932(324)
142936(278)
142937(251)
142939(299)
142941(280)
142942(291)
142945(248)
142946(308)
142950(260)
Govt. Degree Science & Commerce College Landhi/Korangi
142591(81)
142593(84)
142598(68)
142601(73)
142614(66)
142618(64)
142619(83)
142620(81)
142623(55)
142624(75)
142627(74)
142628(55)
142635(58)
142639(59)
142655(72)
120
143955(153)
185852(124)
185857(120)
185858(121)
185865(117)
185867(125)
143951(193)
143952(180)
143956(187)
143958(212)
143960(206)
143962(190)
185859(166)
185869(196)
185872(167)
143959(264)
143963(272)
143964(250)
143965(254)
143966(274)
185851(257)
185854(188)
185856(227)
185871(234)
143957(344)
143961(347)
143967(341)
143968(347)
185853(355)
185855(350)
185860(433)
185861(474)
185862(449)
185864(313)
185868(455)
185870(361)
185873(310)
Bel College for Modern Sciences
143602(59)
143604(70)
143616(78)
143621(91)
143605(146)
143608(129)
143607(170)
143609(180)
143611(159)
143618(178)
143620(170)
143622(147)
143603(216)
143606(218)
143610(211)
143612(213)
143614(219)
143615(216)
143617(208)
143619(228)
143613(277)
Mumtaz Govt. Boys Higher Secondary School
143008(28)
142810(71)
142857(83)
142890(62)
142934(56)
142954(69)
142966(83)
142979(87)
142984(54)
143000(72)
143004(80)
143007(63)
142898(120)
142901(140)
142904(121)
142905(128)
142906(98)
142821(129)
142858(131)
142882(136)
142886(137)
142892(107)
142808(130)
142809(96)
142815(151)
142819(125)
142820(139)
143006(112)
142974(121)
142980(122)
142981(123)
143001(117)
143003(140)
142913(145)
142914(109)
142918(115)
142927(121)
142938(122)
121
144706(405)
144713(318)
144717(348)
144720(276)
186351(324)
The Master's College of Science & Commerce
144208(212)
144212(288)
144213(264)
144218(278)
144219(299)
144237(246)
144221(300)
144222(319)
144223(370)
144224(366)
144225(354)
144214(380)
144215(340)
144216(307)
144217(367)
144220(372)
144206(323)
144207(370)
144209(348)
144210(307)
144211(497)
144236(339)
144231(342)
144232(346)
144233(408)
144234(377)
144235(380)
144226(397)
144227(360)
144228(354)
144229(428)
144230(359)
144201(322)
144202(342)
144203(323)
144204(336)
144205(332)
Pakistan Steel Cadet College
144061(74)
186006(78)
144065(126)
144073(127)
144055(192)
144062(202)
144070(202)
144052(260)
144056(268)
144059(227)
144066(249)
144071(231)
144072(276)
144053(425)
144054(377)
144057(301)
144058(311)
144060(374)
144063(319)
144064(433)
144067(303)
144068(332)
144069(316)
186001(326)
186002(458)
186003(407)
186004(468)
186005(352)
E-Complex College of Arts & Science
143953(21)
143969(42)
143970(58)
185866(85)
122
145244(86)
145256(58)
145242(154)
145245(123)
145246(132)
145247(109)
145248(142)
145254(115)
145257(160)
145258(123)
145259(125)
187231(110)
187233(129)
145241(178)
145243(163)
145249(185)
145251(145)
145253(172)
145260(160)
145261(167)
187232(187)
Govt. Boys & Girls Higher Secondary School Konkar Village, Gadap Road
145109(396)
145106(459)
145107(449)
145108(405)
145110(450)
145111(445)
145101(428)
145102(419)
145103(436)
145104(422)
145105(459)
145117(425)
145112(434)
145113(456)
145114(444)
145115(438)
145116(441)
Baqai Cadet College
144707(39)
144708(34)
144710(36)
144721(34)
144709(73)
144714(69)
144715(74)
144722(75)
144701(134)
144705(105)
144723(116)
144702(216)
144703(168)
144704(185)
144718(167)
144711(258)
144712(205)
186354(218)
186355(258)
186352(292)
186353(293)
123
145371(52)
145387(62)
145389(54)
145391(57)
145401(88)
145415(119)
145418(166)
145422(119)
145432(114)
145433(135)
145435(98)
145438(153)
145440(150)
145442(126)
145443(130)
145448(140)
145449(136)
145455(125)
145456(126)
145458(108)
145372(137)
145381(121)
145392(109)
145398(165)
145399(113)
145400(139)
145403(96)
145404(126)
145405(115)
145408(121)
145409(131)
145410(136)
145411(118)
145412(124)
145414(118)
145555(96)
145557(128)
145559(151)
145563(141)
145580(128)
145581(119)
145586(111)
145588(100)
145591(116)
145592(108)
145609(130)
145610(96)
145621(98)
145626(94)
145466(128)
145467(110)
145472(149)
145481(125)
145482(124)
145501(102)
145502(126)
145508(99)
145509(109)
145521(100)
145528(122)
145533(112)
145535(133)
145536(104)
145543(108)
145545(181)
145549(151)
145550(138)
145552(178)
145554(152)
145529(171)
145532(177)
145537(152)
145541(172)
145544(193)
145510(182)
145513(170)
145518(188)
145522(154)
145525(213)
145619(133)
145637(141)
145582(169)
145583(159)
145597(165)
145598(169)
145603(187)
145565(147)
145569(174)
145573(165)
145574(151)
145575(158)
145427(185)
145428(225)
145429(209)
145434(143)
145436(193)
145416(195)
145419(194)
145420(194)
145421(221)
145425(223)
145376(178)
145377(157)
145393(205)
145395(181)
145397(183)
145483(208)
145484(186)
145496(170)
145503(212)
145504(174)
145463(177)
145465(165)
145474(168)
145476(178)
145478(146)
145439(206)
145441(176)
145445(170)
145457(160)
145460(139)
145402(220)
145413(248)
145424(284)
145426(238)
145437(269)
145383(237)
145384(216)
145385(200)
145386(287)
145390(186)
145374(261)
145375(240)
145378(196)
145379(223)
145380(210)
145464(231)
145491(192)
145493(215)
145497(231)
145511(214)
145629(259)
145527(277)
145546(252)
145571(194)
145587(189)
145590(211)
145512(189)
145514(216)
145515(199)
145519(221)
145523(219)
145499(317)
145500(307)
145505(348)
145516(267)
145526(310)
145450(495)
145492(252)
145494(294)
145495(302)
145498(265)
145373(310)
145382(327)
145430(306)
145431(348)
145446(261)
145635(266)
145564(338)
145572(386)
145596(409)
145602(327)
145623(302)
145540(272)
145542(304)
145548(247)
145553(287)
145562(374)
Govt. Degree Boys College Gulzar-e-Hijri
124
146327(65)
146331(58)
146332(91)
146336(111)
146337(124)
146317(62)
146318(73)
146319(73)
146323(61)
146325(66)
146338(57)
146339(59)
146341(54)
146345(68)
146346(105)
146301(121)
146303(115)
146305(166)
146306(118)
146310(168)
146320(96)
146322(96)
146342(140)
146343(191)
187301(134)
187305(136)
146307(150)
146334(152)
187302(152)
Govt. Degree College, Konkar Village, Gadap
146204(76)
146208(70)
146210(68)
146214(56)
146215(83)
146209(99)
146201(162)
146206(139)
146202(237)
146203(298)
146205(276)
146207(304)
Govt Boys College Manghopir
145538(34)
145539(34)
145551(44)
145566(18)
145568(47)
145475(45)
145480(19)
145486(48)
145490(40)
145506(59)
145388(33)
145406(19)
145447(21)
145453(33)
145470(17)
145617(37)
145620(23)
145630(18)
145632(21)
145634(34)
145595(31)
145599(26)
145600(30)
145604(40)
145614(17)
145570(20)
145576(21)
145577(33)
145584(23)
145585(20)
145473(66)
145477(92)
145479(80)
145488(81)
145489(70)
145534(82)
145547(56)
145556(55)
145560(60)
145561(67)
145407(69)
145417(82)
145423(99)
145444(58)
145451(98)
145452(70)
145454(71)
145459(71)
145461(68)
145462(73)
145618(59)
145622(62)
145624(71)
145625(53)
145627(60)
145628(56)
145631(64)
145633(58)
145567(61)
145578(61)
145579(60)
145589(53)
145594(87)
145601(66)
145605(57)
145611(61)
145613(61)
145615(58)
125
147382(248)
147383(228)
147384(267)
147385(250)
Public Higher Secondary School Gadap
147202(20)
187701(138)
147203(229)
187704(198)
187705(234)
147204(240)
147207(244)
147220(252)
147226(231)
147239(240)
187702(237)
187707(255)
147229(313)
147230(298)
147231(282)
147232(318)
147233(323)
147234(331)
147235(360)
147236(370)
147237(299)
147238(310)
147240(303)
147241(294)
147242(306)
187706(333)
147223(286)
147224(318)
147225(312)
147227(317)
147228(356)
147205(329)
147206(343)
147208(269)
147209(320)
147210(296)
147211(333)
147212(288)
147213(342)
147214(352)
147215(287)
147216(326)
147218(257)
147219(353)
147221(325)
147222(334)
Quaid-e-Azam Rangers School & College, Super Highway
146903(92)
146901(192)
146902(238)
S.M.B. Quaid-e-Azam Public Higher Secondary School
146304(39)
146311(62)
146313(21)
146324(19)
146328(19)
146329(21)
187303(93)
187304(105)
126
147659(312)
147651(355)
147652(436)
147653(445)
147654(409)
147655(442)
147656(428)
147657(399)
147658(366)
147660(384)
147661(399)
147662(367)
147663(388)
147664(406)
147665(394)
147666(377)
Cadet College Karachi (Higher Secondary), Gadap
147509(40)
147515(19)
147522(72)
147527(59)
147535(40)
187801(33)
147501(70)
147512(74)
147516(64)
147519(86)
147531(89)
147536(71)
147538(77)
147541(67)
147543(74)
147545(62)
147548(98)
147513(133)
147514(126)
147518(132)
147523(162)
147524(161)
147502(175)
147503(109)
147504(109)
147506(152)
147508(96)
147525(124)
147526(131)
147528(150)
147529(131)
147532(141)
147546(151)
187803(131)
187804(117)
187805(114)
187808(131)
147533(120)
147534(110)
147537(140)
147539(129)
147542(155)
147505(141)
147507(198)
147510(154)
147511(162)
147520(185)
147530(154)
147540(137)
147547(187)
147550(214)
187802(190)
187806(187)
187807(186)
Mysa Public Higher Secondary School, Gadap
147381(149)
147387(147)
147386(190)
127
149002(84)
149005(68)
149006(59)
149008(63)
149017(67)
149026(65)
149003(131)
149013(106)
149015(146)
149019(137)
149020(136)
149004(179)
149012(201)
149014(234)
149018(245)
149024(247)
149009(279)
149021(311)
Govt. College For Women New Karachi 11-F
147801(131)
147820(182)
147813(177)
147814(208)
147816(243)
147817(249)
147818(228)
147802(209)
147803(234)
147804(205)
147805(180)
147806(207)
147807(172)
147809(207)
147810(185)
147811(189)
147812(222)
147815(283)
Al-Beroni Intermediate College, Ahsanabad
147668(366)
Cadet College Gadap
128
149522(114)
149523(133)
149524(139)
149527(145)
149528(132)
149493(133)
149502(120)
149508(124)
149512(141)
149513(109)
149453(161)
149455(118)
149456(141)
149478(145)
149479(121)
149529(132)
149530(138)
149538(132)
149548(143)
149551(172)
149501(154)
149507(180)
149521(183)
149525(191)
149526(186)
149466(161)
149470(184)
149472(163)
149494(215)
149500(202)
149454(177)
149457(170)
149460(173)
149462(173)
149465(192)
149562(198)
149564(203)
149565(191)
149567(156)
149547(200)
149550(210)
149552(196)
149556(192)
149559(212)
149531(208)
149535(192)
149537(257)
149542(200)
149543(196)
149486(243)
149488(267)
149491(298)
149492(302)
149495(252)
149463(259)
149473(228)
149474(255)
149477(241)
149482(223)
149496(293)
149499(195)
149504(274)
149506(258)
149514(235)
149570(250)
149571(277)
149573(270)
149516(241)
149519(263)
149532(244)
149546(216)
149568(220)
149544(354)
149545(351)
149549(290)
149553(379)
149557(302)
149558(278)
149561(329)
149569(343)
149576(333)
149577(284)
149471(354)
149475(312)
149476(307)
149481(312)
149484(344)
149458(339)
149461(298)
149464(386)
149467(348)
149468(321)
149485(315)
149487(295)
149489(285)
149490(361)
149503(352)
149534(304)
149536(373)
149539(304)
149540(392)
149541(314)
149509(283)
149510(310)
149515(279)
149517(274)
149533(325)
Abdullah Govt. College For Women North Nazimabad
149181(73)
149183(96)
149184(71)
149185(57)
149188(79)
149191(70)
149186(144)
149190(131)
Govt. Degree Girls College, Surjani Town
149022(34)
149027(34)
149030(28)
129
149883(201)
149885(182)
149890(179)
149895(207)
149900(206)
149870(194)
149875(199)
149879(210)
149881(198)
149882(196)
149854(225)
149855(198)
149858(199)
149864(171)
149866(217)
149902(162)
149904(158)
149913(212)
149915(194)
149926(184)
149962(232)
149969(265)
149970(280)
149979(283)
149991(236)
149998(246)
149999(248)
150000(293)
150006(317)
150008(250)
150012(271)
150015(258)
150018(270)
150025(247)
150032(209)
149857(233)
149878(246)
149892(221)
149893(273)
149905(226)
149907(260)
149908(245)
149917(274)
149924(232)
149929(274)
149933(247)
149941(239)
149950(252)
149951(219)
149956(261)
150110(257)
150115(230)
150125(221)
150129(223)
150134(233)
150137(240)
150138(245)
150142(242)
150143(243)
150145(237)
150163(234)
150034(270)
150035(288)
150040(240)
150054(279)
150062(272)
150065(268)
150068(257)
150076(268)
150085(263)
150087(279)
150088(301)
150097(219)
150103(231)
150107(205)
150109(231)
150136(362)
150139(312)
150141(345)
150148(319)
150149(359)
150159(290)
150161(359)
150123(300)
150124(281)
150130(306)
150131(316)
150133(294)
149949(390)
149955(324)
149959(378)
149961(352)
149963(311)
149968(330)
149971(378)
149980(338)
149982(285)
149989(388)
149992(342)
149994(332)
149995(305)
149997(298)
150001(338)
149853(429)
149859(345)
149860(328)
149863(404)
149869(322)
149876(284)
149887(276)
149894(339)
149898(353)
149903(322)
149909(310)
149910(360)
149925(271)
149928(317)
149936(304)
150004(283)
150005(310)
150017(351)
150022(300)
150024(303)
150092(356)
150093(328)
150095(326)
150100(317)
150105(330)
150108(332)
150111(299)
150112(380)
150113(343)
150114(294)
150116(303)
150117(321)
150118(393)
150121(377)
150122(376)
150030(332)
150031(382)
150045(388)
150049(399)
150058(288)
150059(286)
150060(314)
150061(368)
150070(346)
150073(460)
150077(304)
150086(285)
150089(425)
150090(370)
150091(426)
Govt. Degree College For Women Block-M, North Nazimabad
149452(65)
149518(30)
149459(86)
149469(90)
149480(83)
149483(99)
149505(88)
149578(68)
149554(142)
149555(178)
149560(149)
149563(113)
149566(121)
149572(161)
149574(123)
149575(115)
149579(144)
130
150493(267)
150497(336)
150507(311)
150508(315)
150509(346)
150479(278)
150482(276)
150483(288)
150485(333)
150488(396)
150467(279)
150470(307)
150475(275)
150476(345)
150477(338)
150512(316)
150518(327)
150522(284)
150525(287)
150528(390)
150529(278)
150530(304)
150531(302)
150540(383)
150543(277)
Govt. Degree Girls College Buffer Zone
149888(30)
149922(23)
149958(44)
149983(17)
150160(31)
149976(75)
149987(104)
149988(90)
149996(83)
150007(69)
149896(104)
149906(56)
149932(57)
149944(79)
149973(71)
150153(78)
150162(66)
150164(60)
150172(76)
150028(108)
150036(84)
150053(78)
150055(72)
150150(66)
150067(160)
150071(127)
150072(132)
150075(112)
150094(120)
150050(121)
150052(151)
150056(138)
150063(129)
150066(171)
150016(142)
150023(144)
150029(140)
150042(147)
150047(153)
150166(115)
150167(119)
150135(108)
150152(102)
150154(119)
150155(155)
150156(110)
150096(148)
150098(143)
150102(118)
150127(121)
150132(114)
149889(137)
149891(129)
149897(140)
149899(129)
149901(132)
149911(102)
149912(151)
149914(148)
149916(118)
149918(114)
149874(146)
149877(141)
149880(137)
149884(150)
149886(144)
149852(135)
149856(125)
149861(155)
149862(119)
149865(165)
149867(121)
149868(145)
149871(143)
149872(150)
149873(151)
149965(134)
149966(120)
149967(128)
149974(142)
149975(134)
149984(147)
149990(114)
150009(122)
150011(117)
150014(139)
149942(160)
149943(130)
149946(131)
149960(96)
149964(99)
149919(148)
149920(150)
149921(144)
149923(133)
149927(135)
149930(128)
149931(112)
149934(108)
149935(135)
149940(120)
150010(235)
150013(198)
150019(170)
150020(158)
150021(167)
150026(177)
150027(187)
150033(178)
150037(174)
150038(173)
150039(175)
150041(164)
150043(242)
150044(236)
150046(157)
149937(179)
149938(181)
149939(186)
149947(220)
149948(216)
149953(189)
149954(173)
149957(189)
149972(189)
149978(211)
149981(201)
149985(211)
149986(165)
149993(189)
150002(183)
150106(207)
150119(176)
150120(186)
150126(163)
150128(207)
150140(195)
150144(208)
150146(176)
150147(193)
150151(168)
150158(195)
150168(194)
150048(201)
150051(146)
150057(203)
150064(189)
150069(198)
150074(180)
150078(183)
150079(210)
150080(200)
150081(170)
150082(165)
150083(200)
150099(154)
150101(222)
150104(181)
131
150852(55)
150864(91)
150870(68)
150894(81)
150899(67)
150905(59)
150913(67)
150914(74)
150916(84)
150918(66)
150863(123)
150865(109)
150873(116)
150883(169)
150884(105)
150855(97)
150856(109)
150858(119)
150860(121)
150861(117)
150887(146)
150888(122)
150889(121)
150893(172)
150898(113)
150910(125)
150912(151)
150917(128)
150925(134)
150902(154)
150903(113)
150904(158)
150908(108)
150909(91)
150868(197)
150875(153)
150876(158)
150878(177)
150879(208)
150882(186)
150895(199)
150896(160)
150900(183)
150915(146)
150859(238)
150869(250)
150871(257)
150872(253)
150885(247)
150892(217)
150862(336)
150874(339)
150877(382)
150880(310)
150881(311)
150886(426)
150897(365)
150901(332)
150906(293)
Govt. Degree Girls College Sector 11-B North Karachi
150461(24)
150495(50)
150554(39)
150453(57)
150455(84)
150473(59)
150511(73)
150514(72)
150526(70)
150527(89)
150533(87)
150538(81)
150553(78)
150498(157)
150502(128)
150503(117)
150506(135)
150516(126)
150458(154)
150463(135)
150471(132)
150492(114)
150494(122)
150545(139)
150555(139)
150557(113)
150561(114)
150562(151)
150521(150)
150524(154)
150535(155)
150542(124)
150544(119)
150480(195)
150481(184)
150484(150)
150486(212)
150490(148)
150454(167)
150459(191)
150465(144)
150469(166)
150472(153)
150496(187)
150504(164)
150515(187)
150517(176)
150523(182)
150559(183)
150560(208)
150534(166)
150537(186)
150539(182)
150541(175)
150552(189)
150462(191)
150464(207)
150466(255)
150468(228)
150474(212)
150451(223)
150452(223)
150456(219)
150457(235)
150460(249)
150478(237)
150487(249)
150489(205)
150491(238)
150499(223)
150519(221)
150520(277)
150532(195)
150536(203)
150500(265)
150501(228)
150505(227)
150510(193)
150513(238)
150547(371)
150548(263)
150549(273)
150550(284)
150551(256)
150556(358)
150558(291)
132
151558(179)
151562(197)
151566(173)
151568(166)
151571(208)
151551(185)
151552(208)
151553(206)
151555(196)
151557(203)
151580(207)
151581(177)
151587(170)
151573(200)
151574(199)
151576(188)
151577(160)
151579(174)
151556(280)
151559(341)
151561(304)
151563(327)
151565(270)
151583(276)
Govt. Girls Comprehensive Higher Sec. School Block M, N. Nazimabad
151303(19)
151257(72)
151266(81)
151335(92)
151336(77)
151337(70)
151339(65)
151340(64)
151341(73)
151270(145)
151274(142)
151275(145)
151276(140)
151282(126)
151253(128)
151259(112)
151260(121)
151261(122)
151263(109)
151338(138)
151286(133)
151289(128)
151293(110)
151323(116)
151331(124)
151284(226)
151290(173)
151298(178)
151301(229)
151305(202)
151264(205)
151265(179)
151267(200)
151279(208)
151283(197)
151252(206)
151254(190)
151256(152)
151258(188)
151262(161)
151330(184)
151332(197)
151334(218)
151318(159)
151322(184)
151324(181)
151326(197)
151327(194)
151308(214)
151311(197)
151313(198)
151314(195)
151315(199)
151255(242)
151269(224)
151280(207)
151281(226)
151287(228)
151288(253)
151292(252)
151296(225)
151297(231)
151302(263)
151304(232)
151328(254)
151329(219)
151333(214)
151342(266)
151278(384)
151285(376)
151294(285)
151295(260)
151299(307)
151268(283)
151271(320)
151272(387)
151273(304)
151277(283)
151312(310)
151319(282)
151320(340)
151321(326)
151325(350)
151300(320)
151306(356)
151307(330)
151309(339)
151310(313)
Govt. Degree Girls College Sector 11-I, North Karachi
150851(23)
150853(34)
150857(22)
150867(28)
150890(29)
150891(43)
150907(28)
150920(24)
150923(41)
150926(17)
150927(58)
150919(98)
133
152336(433)
152337(396)
152338(416)
152339(452)
152340(471)
152331(426)
152332(489)
152333(469)
152334(462)
152335(396)
Usman Public School Campus I
151860(27)
151927(30)
151861(86)
151887(86)
151907(75)
151913(117)
151926(84)
151943(52)
151944(72)
151945(75)
151946(59)
151954(88)
151958(122)
151870(124)
151871(135)
151872(172)
151873(164)
151875(144)
151876(135)
151877(129)
151880(144)
151890(138)
151891(145)
151853(124)
151855(93)
151857(154)
151862(151)
151863(124)
151864(108)
151865(134)
151866(133)
151867(149)
151868(142)
151930(148)
151931(110)
151932(129)
151939(126)
151940(137)
151942(149)
151948(97)
151949(155)
151953(102)
151957(167)
151892(151)
151897(177)
151906(147)
151916(146)
151917(151)
151920(130)
151921(165)
151922(136)
151928(146)
151929(137)
151956(186)
151937(175)
151941(233)
151951(209)
151952(169)
151955(167)
151883(174)
151884(187)
151886(175)
151888(190)
151893(226)
151852(210)
151858(205)
151859(203)
151869(211)
151878(189)
151899(208)
151900(138)
151901(226)
151903(161)
151908(176)
151918(220)
151923(222)
151925(209)
151933(198)
151935(192)
151909(225)
151910(211)
151912(211)
151914(190)
151915(217)
151851(254)
151854(258)
151882(250)
151885(245)
151889(277)
151894(267)
151895(271)
151898(264)
151902(282)
151919(272)
151924(247)
151934(288)
151936(226)
151950(248)
151856(396)
151874(297)
151879(338)
151896(343)
151905(322)
151947(381)
Govt. Girls Sc./Comm. College Block K, North Nazimabad
151570(77)
151560(186)
151564(96)
151567(156)
151569(147)
151572(89)
151575(145)
151578(144)
151582(155)
151584(132)
151586(151)
151588(163)
134
153353(365)
153361(311)
153363(321)
153378(305)
153401(318)
Govt. Girls Degree College, Block-N, North Nazimabad
153272(213)
153271(426)
Jinnah Intermediate College for Girls
153004(250)
153001(414)
153002(283)
153003(299)
153005(349)
Iqra Huffaz Girls Science College, Block B, North Nazimabad
152346(440)
152347(416)
152348(454)
152349(485)
152350(427)
152341(465)
152342(430)
152343(354)
152344(422)
152345(405)
152356(474)
152357(384)
152351(481)
152352(480)
152353(399)
152354(433)
152355(424)
135
153802(82)
153805(80)
153804(207)
153806(173)
153803(202)
Govt. Inter Sc./Arts/Comm. College Orangi Town Sector 15-C
153651(65)
153653(79)
153652(185)
Govt. Degree Girls College, 7-C, Orangi Town
153371(32)
153408(29)
153352(93)
153365(73)
153366(67)
153374(83)
153375(88)
153379(94)
153381(86)
153405(73)
153354(134)
153355(124)
153362(137)
153369(99)
153370(126)
153385(135)
153386(145)
153389(112)
153393(110)
153399(117)
153411(144)
153377(159)
153380(174)
153383(184)
153384(186)
153387(210)
153351(189)
153358(190)
153359(213)
153360(173)
153364(214)
153388(209)
153390(174)
153391(196)
153392(166)
153394(217)
153406(155)
153410(188)
153412(193)
153395(191)
153396(231)
153398(159)
153402(172)
153404(189)
153356(243)
153357(233)
153367(233)
153368(227)
153372(253)
153373(200)
153376(242)
153382(243)
153397(261)
153400(220)
153403(247)
153407(237)
153409(237)
136
155582(166)
155583(194)
155581(297)
Govt. Degree Girls College, Metrovill, S.I.T.E.
155501(62)
155503(168)
155502(318)
Govt. Degree Girls College Pak. Colony
154454(33)
154477(33)
154481(21)
154489(24)
154511(42)
154462(67)
154465(75)
154468(78)
154469(57)
154471(69)
154451(63)
154453(73)
154456(67)
154457(79)
154460(59)
154473(52)
154475(56)
154478(57)
154480(64)
154486(55)
154508(57)
154510(59)
154488(88)
154491(68)
154492(88)
154501(74)
154503(78)
154476(107)
154479(134)
154482(130)
154483(130)
154484(132)
154452(131)
154455(131)
154464(119)
154467(121)
154472(142)
154512(123)
154513(110)
154493(93)
154494(115)
154500(129)
154502(125)
154504(117)
154458(203)
154461(168)
154487(178)
154495(157)
154497(206)
154485(237)
154496(293)
154498(227)
154505(266)
154507(251)
154466(313)
154506(314)
Govt. Degree Science & Arts College For Women Baldia Town
137
156085(161)
156096(159)
156097(221)
156111(204)
156112(228)
156063(194)
156067(173)
156072(168)
156077(203)
156081(215)
156051(152)
156055(202)
156057(171)
156058(199)
156062(155)
156119(242)
156121(208)
156128(157)
156129(207)
156138(145)
156166(196)
156153(183)
156155(195)
156157(184)
156162(173)
156165(225)
156143(167)
156144(166)
156145(188)
156148(198)
156152(166)
156082(239)
156084(219)
156089(232)
156099(206)
156102(270)
156069(213)
156071(214)
156074(280)
156079(226)
156080(252)
156054(277)
156056(212)
156060(261)
156061(257)
156068(228)
156104(262)
156106(260)
156107(245)
156109(211)
156110(241)
156169(247)
156171(269)
156172(276)
156174(276)
156176(288)
156133(247)
156136(259)
156147(236)
156150(239)
156168(241)
156113(229)
156114(260)
156126(237)
156127(272)
156130(266)
156105(327)
156108(315)
156120(335)
156132(382)
156135(363)
156094(386)
156095(352)
156098(282)
156101(291)
156103(357)
156159(293)
156161(350)
156163(350)
156167(311)
156137(316)
156140(365)
156146(318)
156149(312)
156154(311)
156086(340)
156090(334)
156091(299)
156092(362)
156093(425)
156053(299)
156059(359)
156073(296)
156075(299)
156076(337)
APWA Govt. College for Women Karimabad
155731(66)
155732(116)
155733(111)
Govt. Girls Degree College Qasba Colony
138
156633(359)
156634(339)
156636(366)
156638(314)
156639(298)
156642(458)
156643(345)
156646(390)
156647(272)
156648(365)
156626(285)
156627(302)
156628(361)
156629(333)
156631(421)
156602(295)
156603(276)
156616(271)
156618(302)
156619(354)
156620(376)
156621(267)
156622(327)
156623(340)
156624(343)
156650(308)
156655(324)
156681(336)
156688(299)
156693(327)
156694(438)
156695(359)
156696(284)
156697(299)
156700(319)
156701(341)
156702(335)
156703(300)
156704(297)
156705(299)
Govt. Science & Commerce College for Women, Block 16 F.B.Area
156403(116)
156407(78)
156408(77)
156430(72)
156453(75)
156465(82)
156466(54)
156401(133)
156405(109)
156413(152)
156416(114)
156417(123)
156423(163)
156431(125)
156436(130)
156445(131)
156446(148)
156458(116)
156459(153)
156461(127)
156464(127)
156467(103)
156462(160)
156449(163)
156451(208)
156452(173)
156454(176)
156457(175)
156402(203)
156406(183)
156409(222)
156412(195)
156414(185)
156418(171)
156421(190)
156422(200)
156424(184)
156425(197)
156427(187)
156435(186)
156439(192)
156442(231)
156448(209)
156410(208)
156415(253)
156419(237)
156420(221)
156426(222)
156433(258)
156437(250)
156438(246)
156440(246)
156444(237)
156447(258)
156450(235)
156455(236)
156428(272)
156429(282)
156432(317)
156434(281)
156441(286)
156443(343)
156456(310)
156460(260)
Govt. Girls Degree College Al-Noor F.B. Area
156052(34)
156066(42)
156173(59)
156070(108)
156083(74)
156088(99)
156124(69)
156125(89)
156158(106)
156117(139)
156118(115)
156123(142)
156131(146)
156134(145)
156064(136)
156087(132)
156100(130)
156115(133)
156116(106)
156160(129)
156164(141)
156170(141)
156175(157)
156139(113)
156141(103)
156142(171)
156151(95)
156156(134)
139
157101(151)
Memon Girls College, Block-3, F.B. Area
156670(42)
156724(50)
156664(97)
156667(91)
156672(73)
156675(98)
156677(75)
156683(75)
156692(120)
156698(111)
156708(109)
156719(152)
156601(121)
156608(130)
156610(148)
156614(154)
156615(105)
156644(146)
156651(169)
156656(149)
156658(146)
156671(120)
156674(164)
156676(113)
156685(94)
156686(109)
156689(134)
156662(171)
156663(192)
156665(217)
156666(189)
156668(207)
156637(210)
156645(195)
156653(204)
156654(184)
156657(192)
156605(200)
156606(204)
156611(194)
156613(191)
156635(188)
156730(158)
156699(181)
156713(179)
156716(200)
156725(184)
156728(197)
156669(169)
156679(233)
156682(181)
156687(181)
156691(160)
156649(278)
156652(227)
156659(256)
156660(227)
156661(263)
156625(256)
156630(222)
156632(272)
156640(237)
156641(251)
156604(235)
156607(219)
156609(240)
156612(218)
156617(268)
156673(237)
156678(222)
156680(275)
156684(250)
156690(221)
156737(267)
156727(301)
156733(232)
156734(260)
156735(227)
156736(264)
156714(239)
156717(230)
156720(287)
156721(316)
156723(253)
156706(381)
156707(336)
156709(326)
156710(356)
156711(359)
156715(299)
156718(336)
156722(352)
156726(322)
156729(297)
156731(293)
156732(293)
140
157477(412)
157478(374)
157479(308)
157480(402)
157481(359)
157482(348)
157483(388)
157484(373)
157485(366)
157487(314)
157489(380)
157490(345)
157492(403)
157493(303)
157494(303)
157470(433)
157471(363)
157473(361)
157475(364)
157476(396)
157452(353)
157453(442)
157454(468)
157455(455)
157457(377)
157458(355)
157459(382)
157460(409)
157461(274)
157462(351)
157463(416)
157464(400)
157465(336)
157466(462)
157469(440)
157528(330)
157530(257)
157533(352)
157534(430)
157536(312)
157521(348)
157523(307)
157524(310)
157525(320)
157527(312)
157495(349)
157497(339)
157498(382)
157501(310)
157502(309)
157503(332)
157504(389)
157505(337)
157510(313)
157511(357)
157512(351)
157513(335)
157516(327)
157519(368)
157520(369)
Shaheed-e-Millat Govt. Degree College for Women Azizabad
157301(116)
157302(162)
157303(387)
Metropolitan Girls College, F.B. Area
157163(321)
157156(442)
157157(419)
157158(394)
157159(388)
157160(461)
157151(408)
157152(490)
157153(458)
157154(375)
157155(446)
157161(367)
157162(494)
157164(458)
157165(443)
157166(365)
157172(466)
157173(418)
157174(451)
157175(449)
157176(391)
157167(507)
157168(420)
157169(395)
157170(501)
157171(424)
Metropolis Intermediate College for Girls
141
Pak Land Govt. Girls Higher Secondary School, Azizabad
157522(97)
157645(65)
157456(158)
157472(171)
157499(170)
157529(137)
157551(128)
157568(113)
157654(124)
157474(186)
157486(225)
157488(213)
157491(211)
157496(155)
157509(181)
157514(194)
157555(171)
157567(220)
157570(221)
157573(185)
157601(230)
157605(204)
157637(237)
157642(220)
157590(301)
157598(262)
157599(260)
157603(280)
157614(261)
157622(284)
157648(245)
157649(239)
157652(216)
157507(260)
157508(266)
157515(219)
157517(216)
157518(233)
157451(278)
157467(260)
157468(264)
157500(251)
157506(230)
157526(230)
157531(297)
157532(252)
157535(284)
157537(231)
157576(231)
157578(275)
157583(311)
157586(260)
157588(264)
157541(278)
157542(251)
157547(223)
157560(245)
157561(243)
157575(354)
157577(343)
157579(317)
157580(383)
157581(427)
157566(272)
157569(444)
157571(376)
157572(297)
157574(375)
157591(366)
157592(328)
157593(367)
157594(383)
157595(358)
157582(341)
157584(343)
157585(355)
157587(463)
157589(313)
157545(300)
157548(423)
157549(389)
157550(355)
157552(342)
157538(384)
157539(353)
157540(304)
157543(348)
157544(293)
157559(316)
157562(391)
157563(380)
157564(372)
157565(292)
157553(409)
157554(335)
157556(370)
157557(345)
157558(306)
157596(400)
157597(382)
157600(317)
157602(317)
157604(333)
157633(410)
157634(273)
157635(362)
157636(361)
157638(376)
157628(361)
157629(349)
157630(380)
157631(401)
157632(377)
157646(371)
157647(415)
157650(402)
157651(368)
157653(390)
157639(341)
157640(397)
157641(372)
157643(301)
157644(326)
157611(367)
157612(342)
157613(330)
157615(337)
157616(343)
157606(355)
157607(335)
157608(372)
157609(332)
157610(416)
157623(407)
157624(355)
157625(371)
157626(306)
157627(346)
157617(402)
157618(347)
157619(373)
157620(323)
157621(344)
142
159437(359)
159439(361)
159441(320)
159444(299)
159447(308)
159430(307)
159431(440)
159432(435)
159433(409)
159435(468)
159448(394)
159450(370)
159451(327)
159452(433)
159453(376)
159460(355)
159461(379)
159462(346)
159463(356)
159464(358)
159454(444)
159455(368)
159456(430)
159457(419)
159459(411)
159421(381)
159423(480)
159424(370)
159425(486)
159427(348)
159390(354)
159391(310)
159392(325)
159393(322)
159396(391)
159397(292)
159400(355)
159403(405)
159404(335)
159405(385)
159415(339)
159416(326)
159418(424)
159419(410)
159420(329)
159407(429)
159408(310)
159409(408)
159410(401)
159412(385)
159465(335)
159467(336)
159468(384)
159469(373)
159470(371)
159522(309)
159523(306)
159524(380)
159527(328)
159528(367)
159515(368)
159518(306)
159519(298)
159520(325)
159521(340)
159530(367)
159531(392)
159532(319)
159533(299)
159534(354)
159505(380)
159508(289)
159511(420)
159512(323)
159513(396)
159478(326)
159480(424)
159481(290)
159482(300)
159483(282)
159472(333)
159474(333)
159475(388)
159476(327)
159477(419)
159484(297)
159487(357)
159488(295)
159489(363)
159490(344)
159498(345)
159499(354)
159500(322)
159501(338)
159504(387)
159491(349)
159492(350)
159493(329)
159495(385)
159496(363)
159383(340)
159384(301)
159385(417)
159386(406)
159388(412)
Govt. Degree College for Women Nazimabad
159257(17)
159251(74)
159252(63)
159253(74)
159254(67)
159255(63)
159259(72)
159261(88)
159263(82)
159264(86)
159265(80)
159256(116)
159260(133)
159258(161)
159262(218)
APWA Govt. Girls Higher Secondary School Liaquatabad
158871(138)
143
159981(322)
159990(282)
160002(248)
Riaz Govt. Girls College Liaquatabad No. 10
159503(75)
159536(70)
159594(53)
159630(82)
159642(59)
159399(127)
159438(137)
159443(126)
159510(141)
159514(144)
159516(168)
159557(172)
159584(123)
159616(141)
159617(122)
159619(107)
159629(167)
159633(155)
159479(193)
159506(158)
159507(217)
159529(192)
159553(200)
159426(225)
159428(212)
159429(223)
159442(173)
159473(149)
159382(165)
159389(172)
159394(209)
159401(165)
159411(161)
159632(164)
159634(213)
159639(168)
159644(204)
159645(208)
159581(212)
159586(199)
159612(210)
159622(228)
159631(238)
159559(206)
159565(209)
159566(200)
159569(229)
159576(211)
159643(273)
159449(230)
159458(266)
159466(278)
159471(274)
159485(276)
159486(265)
159494(253)
159497(268)
159502(227)
159509(255)
159434(254)
159436(278)
159440(285)
159445(251)
159446(256)
159381(332)
159387(273)
159395(279)
159398(244)
159402(249)
159406(285)
159413(278)
159414(295)
159417(275)
159422(279)
159606(280)
159609(245)
159610(269)
159611(228)
159614(254)
159618(291)
159624(248)
159626(301)
159636(289)
159641(263)
159583(278)
159587(252)
159589(291)
159593(267)
159600(253)
159517(215)
159525(287)
159526(233)
159539(249)
159541(316)
159544(210)
159549(251)
159563(252)
159575(257)
159577(272)
159556(336)
159558(368)
159560(335)
159561(317)
159562(335)
159564(320)
159567(390)
159568(330)
159570(388)
159571(403)
159572(389)
159573(374)
159574(316)
159578(345)
159579(408)
159535(341)
159537(358)
159538(370)
159540(406)
159542(238)
159543(439)
159545(407)
159546(291)
159547(322)
159548(386)
159550(363)
159551(324)
159552(400)
159554(365)
159555(322)
159607(417)
159608(413)
159613(378)
159615(307)
159620(366)
159621(307)
159623(371)
159625(328)
159627(364)
159628(434)
159635(338)
159637(352)
159638(352)
159640(316)
159580(363)
159582(341)
159585(372)
159588(318)
159590(339)
159591(387)
159592(384)
159595(307)
159597(329)
159598(297)
159599(291)
159601(357)
159602(364)
159603(392)
159605(291)
144
160266(441)
160267(447)
160268(451)
160269(478)
160271(393)
160260(323)
160261(366)
160262(388)
160264(464)
160265(418)
160272(352)
160273(449)
160274(343)
160276(334)
160277(300)
160285(341)
160286(304)
160289(426)
160290(394)
160293(382)
160279(348)
160280(361)
160281(384)
160283(391)
160284(394)
160255(437)
160256(428)
160257(450)
160258(307)
160259(301)
160233(452)
160234(395)
160235(452)
160236(327)
160237(422)
160238(450)
160239(467)
160240(491)
160242(407)
160243(431)
160249(335)
160251(284)
160252(363)
160253(311)
160254(445)
160244(426)
160245(442)
160246(396)
160247(382)
160248(302)
160294(420)
160295(388)
160296(391)
160298(464)
160299(472)
160352(464)
160353(396)
160356(418)
160357(378)
160358(356)
160345(369)
160346(364)
160347(364)
160350(308)
160351(368)
160359(452)
160360(293)
160361(437)
160363(339)
160364(335)
160336(382)
160337(380)
160338(325)
160342(424)
160343(321)
160306(404)
160307(357)
160308(408)
160309(364)
160310(387)
160300(493)
160301(353)
160302(384)
160303(414)
160304(433)
160311(405)
160312(325)
160314(453)
160315(379)
160316(345)
160323(316)
160325(323)
160330(429)
160333(344)
160335(434)
160317(415)
160318(326)
160319(455)
160321(369)
160322(314)
160201(281)
160202(337)
160203(367)
160206(359)
160207(453)
160226(366)
160227(427)
160230(491)
160231(332)
160232(352)
160220(311)
160221(467)
160223(285)
160224(319)
160225(397)
160208(309)
160209(381)
160213(459)
160216(341)
160217(429)
Sir Syed Govt. Girls College Nazimabad
159952(45)
159968(54)
159971(60)
159983(52)
160004(25)
159961(87)
159962(96)
159964(75)
159960(109)
159967(130)
159972(153)
159974(105)
159978(120)
159953(138)
159954(144)
159955(109)
159957(126)
159958(113)
160006(148)
159996(135)
159997(139)
159999(145)
160000(132)
160001(134)
159979(111)
159982(137)
159985(150)
159986(128)
159991(127)
159951(203)
159959(164)
159963(157)
159975(187)
159976(183)
159998(179)
160005(176)
159977(190)
159984(184)
159993(195)
159994(167)
159995(197)
159956(249)
159966(196)
159969(248)
159970(253)
159973(246)
159980(216)
159987(215)
159988(196)
159992(229)
160003(230)
145
160215(81)
160313(91)
160331(83)
160349(62)
160372(63)
160228(118)
160229(136)
160270(123)
160278(159)
160326(119)
160411(125)
160413(140)
160429(139)
160449(108)
160462(127)
160467(135)
160212(215)
160222(297)
160282(208)
160291(186)
160292(175)
160341(215)
160446(181)
160457(182)
160463(152)
160497(174)
160504(183)
160297(236)
160305(315)
160320(231)
160324(214)
160327(192)
160328(244)
160329(257)
160332(287)
160334(225)
160339(247)
160204(198)
160205(257)
160210(236)
160211(232)
160219(240)
160241(294)
160250(225)
160263(253)
160275(283)
160288(246)
160340(276)
160344(247)
160348(287)
160354(244)
160355(199)
160430(241)
160450(239)
160451(261)
160456(238)
160469(294)
160471(267)
160362(214)
160379(244)
160382(239)
160389(232)
160403(260)
160405(229)
160409(255)
160412(223)
160423(275)
160425(250)
160508(389)
160509(306)
160408(423)
160410(423)
160414(260)
160415(278)
160416(364)
160401(432)
160402(350)
160404(298)
160406(370)
160407(377)
160417(361)
160418(330)
160419(474)
160420(374)
160421(332)
160433(453)
160434(379)
160435(286)
160436(395)
160437(413)
160422(451)
160426(374)
160427(367)
160428(324)
160432(347)
160395(390)
160396(374)
160398(426)
160399(401)
160400(369)
160371(459)
160373(409)
160374(353)
160375(457)
160376(381)
160365(419)
160366(395)
160367(273)
160369(363)
160370(459)
160377(287)
160378(435)
160380(389)
160381(276)
160383(390)
160390(416)
160391(366)
160392(372)
160393(407)
160394(349)
160384(337)
160385(349)
160386(389)
160387(439)
160388(293)
160485(362)
160487(277)
160488(400)
160489(409)
160490(268)
160480(347)
160481(376)
160482(326)
160483(466)
160484(434)
160491(364)
160492(383)
160493(423)
160494(371)
160495(418)
160502(451)
160503(427)
160505(309)
160506(431)
160507(344)
160496(456)
160498(425)
160499(363)
160500(314)
160501(399)
160475(325)
160476(375)
160477(451)
160478(361)
160479(405)
160443(424)
160444(387)
160445(267)
160447(319)
160448(403)
160438(388)
160439(392)
160440(332)
160441(342)
160442(291)
160452(434)
160453(268)
160454(396)
160455(366)
160458(294)
160468(339)
160470(370)
160472(313)
160473(368)
160474(296)
160459(310)
160460(420)
160461(326)
160464(282)
160466(321)
146
161591(481)
161592(469)
161593(498)
161594(463)
161595(326)
161597(462)
161598(498)
161599(445)
161600(389)
161601(456)
161581(478)
161582(408)
161583(475)
161584(442)
161585(436)
161586(481)
161587(320)
161588(465)
161589(385)
161590(451)
161602(468)
161603(437)
161604(453)
161605(444)
161606(480)
BAMM P.E.C.H.S. Govt. College For Women
161451(364)
161452(429)
161453(358)
161454(371)
161455(377)
161456(413)
161457(407)
161458(316)
161459(456)
161460(460)
161461(425)
161462(445)
161463(392)
Al-Badar Higher Secondary School (Girls)
161051(25)
161063(40)
161028(92)
161029(79)
161031(73)
161034(74)
161062(66)
161036(132)
161039(131)
161044(132)
161046(130)
161048(155)
161023(99)
161026(113)
161030(156)
161032(117)
161033(126)
161065(148)
161066(133)
161050(104)
161053(101)
161056(139)
161058(117)
161060(108)
161022(191)
161025(169)
161041(161)
161042(175)
161047(183)
161049(176)
161059(164)
161064(180)
161067(165)
161027(251)
161035(218)
161040(236)
161043(254)
161045(247)
161052(264)
161054(259)
161055(278)
161061(199)
161021(319)
161037(323)
161038(306)
161057(289)
Shaheed Flying Officer Marium Mukhtar Govt. Girls College
160424(68)
160431(96)
147
161756(428)
161757(428)
161758(417)
161759(404)
161760(469)
161751(454)
161752(418)
161753(416)
161754(377)
161755(314)
161761(470)
161762(458)
161763(477)
161764(373)
161765(436)
161771(428)
161772(476)
161773(392)
161774(433)
161775(372)
161766(479)
161767(470)
161768(339)
161769(437)
161770(458)
161746(440)
161747(428)
161748(495)
161749(461)
161750(468)
161726(432)
161727(461)
161728(458)
161729(456)
161730(316)
161731(438)
161732(456)
161733(409)
161734(415)
161735(434)
161741(458)
161742(446)
161743(437)
161744(413)
161745(360)
161736(344)
161737(326)
161738(477)
161739(469)
161740(394)
161776(449)
161777(421)
161778(429)
161779(452)
161780(388)
161817(386)
161818(456)
161819(472)
161820(368)
161821(481)
161812(459)
161813(483)
161814(387)
161815(388)
161816(446)
161822(414)
161823(452)
161824(485)
161825(373)
161826(369)
161807(477)
161808(498)
161809(436)
161810(464)
161811(441)
161786(471)
161787(378)
161788(381)
161789(476)
161790(390)
161781(461)
161782(448)
161783(396)
161784(424)
161785(446)
161791(441)
161792(486)
161793(428)
161794(356)
161796(379)
161802(418)
161803(373)
161804(485)
161805(431)
161806(417)
161797(299)
161798(430)
161799(337)
161800(395)
161801(443)
161638(385)
161639(440)
161640(474)
161641(503)
161642(453)
161633(416)
161634(487)
161635(485)
161636(357)
161637(453)
161643(475)
161644(484)
161645(494)
161646(420)
161647(379)
161653(491)
161654(366)
161655(358)
161656(433)
161657(447)
161648(464)
161649(407)
161650(456)
161651(493)
161652(416)
161628(462)
161629(441)
161630(364)
161631(421)
161632(426)
161607(290)
161608(440)
161609(471)
161610(399)
161611(492)
161721(394)
161722(462)
161723(413)
161724(447)
161725(461)
161612(370)
161613(478)
161614(465)
161615(410)
161616(414)
161623(397)
161624(405)
161625(472)
161626(477)
161627(419)
161617(472)
161619(486)
161620(399)
161621(469)
161622(420)
161658(472)
161659(440)
161660(467)
161661(425)
161662(369)
161700(360)
161701(478)
161702(450)
161703(474)
161704(436)
161695(473)
161696(468)
161697(436)
161698(479)
161699(469)
161705(464)
161706(465)
161707(415)
161708(447)
161709(453)
161715(442)
161716(477)
161717(435)
161718(470)
161719(435)
161710(472)
161711(428)
161712(446)
161713(427)
161714(441)
161690(428)
161691(482)
161692(499)
161693(485)
161694(476)
161668(463)
161669(419)
161670(335)
161671(419)
161672(443)
161663(435)
161664(414)
161665(401)
161666(325)
161667(411)
161673(460)
161675(399)
161676(480)
161677(478)
161678(416)
161684(405)
161685(491)
161686(404)
161687(460)
161688(461)
161679(432)
161680(497)
161681(475)
161682(439)
161683(456)
148
162411(249)
162414(262)
162424(283)
162427(370)
162428(412)
Govt. Girls College P.I.B. Colony
162313(140)
162312(189)
162301(219)
162302(251)
162308(266)
162311(254)
162303(305)
162304(318)
162305(377)
162306(406)
162307(400)
162309(304)
162310(404)
162314(310)
162315(435)
Fatimiyah College Girls Campus
161903(171)
161596(428)
161618(320)
161674(234)
161720(271)
161795(258)
161853(330)
161894(263)
161847(458)
161848(416)
161849(445)
161850(455)
161851(405)
161852(450)
161854(422)
161855(475)
161856(423)
161857(328)
161858(446)
161859(397)
161860(462)
161861(477)
161862(428)
161842(460)
161843(440)
161844(454)
161845(475)
161846(445)
161827(423)
161828(483)
161829(429)
161830(470)
161831(487)
161832(387)
161833(445)
161834(476)
161835(459)
161836(452)
161837(449)
161838(415)
161839(442)
161840(388)
161841(455)
161863(449)
161864(349)
161865(321)
161866(368)
161867(326)
161888(447)
161889(398)
161890(421)
161891(422)
161892(422)
161893(421)
161895(312)
161896(329)
161897(419)
161898(432)
161899(462)
161901(333)
161902(326)
161883(416)
161884(437)
161885(457)
161886(299)
161887(397)
161868(319)
161869(396)
161870(467)
161871(340)
161872(384)
161873(333)
161874(318)
161875(378)
161876(391)
161877(349)
161878(403)
161879(365)
161880(378)
161881(456)
161882(434)
149
162882(139)
162884(147)
162885(136)
162881(201)
162883(230)
Govt. Girls H.Sec.School Green Belt Mehmoodabad
162732(23)
162705(66)
162706(71)
162723(81)
162702(130)
162718(106)
162725(131)
162726(134)
162727(121)
162730(112)
162731(119)
162740(142)
162703(176)
162712(189)
162737(214)
162738(183)
162739(167)
162701(256)
162708(207)
162713(239)
162729(254)
162733(276)
162735(237)
162704(290)
162707(275)
162709(265)
162710(298)
162711(343)
162714(371)
162715(297)
162716(348)
162717(284)
162719(319)
162721(301)
162722(307)
162724(349)
162734(247)
Govt. Girls Degree College, Mehmoodabad Block 6, P.E.C.H.S.
162404(31)
162401(68)
162408(79)
162412(72)
162413(65)
162419(62)
162422(81)
162423(107)
162436(58)
162403(130)
162405(155)
162407(122)
162409(126)
162417(145)
162426(137)
162429(141)
162439(120)
162444(112)
162448(115)
162449(122)
162402(216)
162410(173)
162415(158)
162418(175)
162420(164)
162425(188)
162438(146)
162447(182)
162406(260)
162416(242)
162421(228)
162434(256)
162435(273)
162437(246)
162440(204)
162430(308)
162431(319)
162432(364)
162433(351)
162443(262)
162445(367)
162446(287)
150
164301(210)
164302(192)
164304(239)
164305(223)
164303(227)
164306(420)
164307(463)
164308(298)
Gulistan Shah Abdul Latif Girls Higher Secondary School
163144(83)
163151(75)
163156(145)
163158(152)
163159(148)
163172(131)
163175(130)
163132(129)
163133(114)
163137(153)
163145(152)
163154(118)
163201(136)
163203(148)
163211(166)
163180(149)
163184(159)
163185(124)
163189(140)
163192(150)
163138(190)
163141(196)
163143(157)
163146(196)
163147(211)
163148(185)
163149(203)
163150(156)
163155(200)
163178(164)
163181(175)
163193(198)
163199(186)
163208(183)
163160(221)
163169(263)
163170(271)
163177(234)
163179(225)
163134(254)
163135(246)
163140(260)
163142(294)
163152(237)
163210(251)
163212(243)
163186(231)
163191(222)
163194(240)
163204(264)
163206(230)
163166(275)
163167(352)
163168(351)
163171(303)
163173(315)
163161(364)
163162(380)
163163(396)
163164(344)
163165(291)
163131(319)
163136(356)
163139(263)
163153(396)
163157(310)
163174(335)
163176(394)
163182(435)
163183(339)
163187(334)
163209(308)
163198(402)
163200(335)
163202(359)
163205(407)
163207(400)
163188(366)
163190(371)
163195(356)
163196(357)
163197(419)
S.M.B. Fatima Jinnah Govt. Girls Degree College Nishtar Road
162886(55)
162887(57)
151
165525(124)
165521(343)
165522(436)
165523(384)
165524(446)
Mama Girls Intermediate College, P.E.C.H.S. Karachi
165411(28)
165404(86)
165405(58)
165409(85)
165401(102)
165403(127)
165406(135)
165407(156)
165410(99)
165412(179)
165413(183)
165402(258)
165408(282)
Shaheed Mohtarma Benazir Bhutto Govt. Degree Girls College
165301(330)
Aisha Bawany Girls College (Intermediate)
152
166250(315)
166255(327)
166257(338)
166258(384)
166259(329)
166260(314)
166267(300)
166272(362)
166274(411)
166276(344)
166223(354)
166224(292)
166225(349)
166227(390)
166234(329)
166240(297)
166241(294)
166243(267)
166245(321)
166247(388)
166280(339)
166281(308)
166288(338)
166290(352)
166291(338)
166292(339)
166293(352)
166295(343)
166299(338)
166303(345)
166305(267)
166306(291)
166308(342)
166309(394)
166310(365)
Govt. College For Women Shahrah-e-Liaquat
166098(240)
166091(379)
166092(397)
166093(409)
166094(452)
166095(408)
166096(391)
166097(384)
166099(331)
166100(374)
166081(456)
166082(457)
166083(455)
166084(385)
166085(375)
166086(424)
166087(398)
166088(455)
166089(360)
166090(396)
F.G. Girls Inter College, Askari-III
165933(115)
165915(241)
165932(206)
165939(198)
165929(260)
165935(252)
165940(258)
165911(296)
165912(393)
165913(421)
165914(416)
165916(387)
165906(419)
165907(347)
165908(343)
165909(295)
165910(401)
165901(384)
165902(371)
165903(419)
165904(444)
165905(403)
165917(455)
165918(461)
165919(386)
165920(455)
165921(401)
165937(282)
165938(321)
165941(338)
165942(336)
165927(372)
165928(345)
165930(365)
165934(258)
165936(303)
165922(416)
165923(397)
165924(427)
165925(418)
165926(462)
DHACSS College for Women (Intermediate)
153
166766(228)
166768(267)
166772(233)
166777(255)
166778(221)
166791(247)
166793(241)
166765(334)
166771(295)
166776(269)
166779(359)
166780(400)
166781(338)
166783(419)
166784(341)
166785(386)
166786(324)
166787(293)
166790(354)
Govt. Degree Science College for Women Lines Area
166228(88)
166233(84)
166235(110)
166284(80)
166287(64)
166351(81)
166226(144)
166229(138)
166230(158)
166232(105)
166238(141)
166244(167)
166254(152)
166278(129)
166355(128)
166361(135)
166368(153)
166385(143)
166386(149)
166390(124)
166273(183)
166277(240)
166282(205)
166283(217)
166285(170)
166298(228)
166301(209)
166317(198)
166339(185)
166359(146)
166373(160)
166375(181)
166264(173)
166265(187)
166268(189)
166270(215)
166271(175)
166231(173)
166236(220)
166246(190)
166248(179)
166261(184)
166262(223)
166263(226)
166266(228)
166269(243)
166275(261)
166279(244)
166289(311)
166294(302)
166296(317)
166297(296)
166221(291)
166222(257)
166237(273)
166239(237)
166242(261)
166249(273)
166251(263)
166252(246)
166253(229)
166256(274)
166300(289)
166302(256)
166304(241)
166307(267)
166315(239)
166371(218)
166376(253)
166377(243)
166379(207)
166383(246)
166387(237)
166320(280)
166331(232)
166332(293)
166333(315)
166345(239)
166346(288)
166347(256)
166348(270)
166360(195)
166365(232)
166329(319)
166330(368)
166334(274)
166335(337)
166336(329)
166337(308)
166338(333)
166340(364)
166341(343)
166342(365)
166324(314)
166325(288)
166326(358)
166327(319)
166328(369)
166311(359)
166312(283)
166313(312)
166314(317)
166316(338)
166318(346)
166319(422)
166321(293)
166322(324)
166323(321)
166369(298)
166370(262)
166374(291)
166378(304)
166380(337)
166381(304)
166382(396)
166384(273)
166388(274)
166362(379)
166363(384)
166364(352)
166366(282)
166367(339)
166343(346)
166344(303)
166349(415)
166350(306)
166352(431)
166353(318)
166354(301)
166356(410)
166357(363)
166358(311)
154
167260(123)
167242(189)
167262(226)
167265(210)
167273(224)
167243(270)
167249(215)
167250(298)
167253(246)
167256(281)
167261(240)
167271(239)
167272(240)
167248(361)
167251(288)
167252(296)
167255(291)
167257(376)
167241(362)
167244(384)
167245(312)
167246(296)
167247(394)
167267(296)
167268(299)
167269(385)
167275(327)
167258(381)
167259(358)
167263(299)
167264(342)
167266(311)
Karachi Govt. College For Women Chand Bibi Road
167057(44)
167081(49)
167053(68)
167062(92)
167074(76)
167083(56)
167086(116)
167087(112)
167058(143)
167059(159)
167061(126)
167066(161)
167069(112)
167070(149)
167077(154)
167079(152)
167082(153)
167085(137)
167052(211)
167055(195)
167056(195)
167063(170)
167068(176)
167075(207)
167078(211)
167084(179)
167088(201)
167060(245)
167064(245)
167067(245)
167071(249)
167072(261)
167076(199)
167089(253)
167054(309)
167073(358)
Govt. Girls Degree College, Gizri Clifton
166751(42)
166754(36)
166792(45)
166761(61)
166752(129)
166753(156)
166755(153)
166757(129)
166758(167)
166759(141)
166762(107)
166763(142)
166764(139)
166767(141)
166769(177)
166775(133)
166782(148)
166789(150)
166756(183)
166760(202)
166770(165)
166773(180)
166774(180)
166788(207)
155
167749(317)
167750(372)
167751(382)
167752(432)
167753(401)
167744(436)
167745(339)
167746(315)
167747(469)
167748(319)
167755(420)
167756(372)
167757(449)
167758(368)
167760(417)
167766(419)
167767(433)
167768(442)
167769(391)
167770(440)
167761(435)
167762(370)
167763(423)
167764(454)
167765(479)
167739(356)
167740(439)
167741(483)
167742(322)
167743(453)
167717(400)
167718(351)
167719(427)
167720(392)
167723(415)
167724(409)
167725(395)
167726(406)
167727(431)
167728(312)
167734(451)
167735(401)
167736(377)
167737(318)
167738(370)
167729(469)
167730(431)
167731(299)
167732(320)
167733(357)
167771(363)
167773(436)
167774(366)
167775(422)
167776(476)
167819(373)
167820(384)
167821(432)
167822(467)
167823(454)
167811(355)
167813(336)
167815(398)
167816(435)
167817(449)
167824(442)
167826(375)
167827(479)
167828(369)
167829(359)
167806(418)
167807(361)
167808(372)
167809(401)
167810(420)
167783(392)
167784(384)
167785(433)
167786(420)
167789(333)
167777(389)
167778(376)
167780(415)
167781(397)
167782(449)
167790(363)
167791(360)
167792(449)
167793(353)
167794(448)
167801(419)
167802(406)
167803(438)
167804(432)
167805(439)
167796(428)
167797(420)
167798(454)
167799(359)
167800(416)
167712(364)
167713(248)
167714(431)
167715(369)
167716(433)
167701(334)
167702(407)
167703(416)
167705(395)
167706(355)
167707(442)
167708(457)
167709(399)
167710(388)
167711(408)
St. Lawrance's Govt. Girls Degree College
167505(215)
167501(266)
167502(371)
167503(359)
167504(322)
167506(343)
167507(384)
167508(437)
167509(335)
167510(414)
167511(410)
167512(317)
167518(416)
167519(416)
167520(453)
167513(360)
167514(466)
167515(465)
167516(425)
167517(451)
St. Joseph's College for Women
156
Govt. Girls Science & Arts Degree College Hijrat Colony
168931(231)
168936(266)
168932(378)
168933(412)
168934(385)
168935(424)
168937(425)
168938(370)
168939(337)
168940(346)
168941(326)
168942(371)
168943(373)
168944(366)
Trinity Methodist Girls Higher Secondary School
167838(171)
167704(208)
167754(223)
167772(220)
167788(201)
167795(256)
167869(230)
167871(221)
167887(200)
167889(221)
167891(240)
167721(271)
167722(329)
167759(255)
167779(203)
167787(314)
167812(248)
167814(291)
167818(406)
167825(235)
167865(270)
167874(292)
167878(286)
167846(340)
167847(348)
167848(406)
167849(422)
167850(439)
167851(484)
167852(479)
167853(405)
167854(413)
167855(422)
167841(405)
167842(438)
167843(349)
167844(312)
167845(346)
167830(448)
167831(457)
167832(402)
167833(452)
167834(429)
167835(441)
167836(386)
167837(413)
167839(348)
167840(341)
167856(432)
167857(402)
167858(405)
167859(427)
167860(446)
167881(406)
167882(413)
167883(395)
167884(321)
167885(392)
167886(404)
167888(429)
167890(391)
167892(326)
167875(475)
167876(399)
167877(424)
167879(391)
167880(354)
167861(399)
167862(369)
167863(394)
167864(393)
167866(452)
167867(370)
167868(350)
167870(422)
167872(337)
167873(432)
157
Govt Girls Inter Sc./Arts College Moosa Lane, Lyari
169901(456)
169902(397)
169903(381)
Muhammad Ismail Allah Wala Women College(Intermediate)
169704(147)
169701(185)
169702(187)
169703(226)
169705(272)
Govt. Degree Girls College Punjabi Club, Kharadar
169401(174)
169402(184)
158
171019(175)
171009(229)
171017(184)
171001(286)
171002(361)
171003(477)
171005(300)
171008(408)
171010(285)
171011(404)
171013(348)
171014(341)
171016(377)
171020(331)
Haroon Bahria Intermediate College for Boys & Girls
170572(25)
170574(17)
170577(23)
170575(59)
170576(74)
170578(115)
170573(155)
Shaheed Benazir Bhutto Govt. Degree Girls College Lyari
170342(120)
170335(178)
170336(171)
170345(185)
170347(207)
170341(264)
170331(315)
170332(307)
170333(308)
170334(346)
170337(375)
170338(355)
170339(388)
170340(393)
170343(379)
170344(302)
170346(319)
K.M.A. Girls Degree College
170251(78)
170252(100)
159
171556(143)
171558(121)
171559(150)
171568(117)
171570(154)
171533(162)
171542(153)
171547(149)
171553(151)
171554(138)
171502(115)
171504(159)
171511(124)
171517(163)
171527(153)
171552(205)
171564(173)
171571(218)
171578(213)
171579(167)
171581(216)
171584(163)
171589(207)
171595(198)
171600(168)
171528(196)
171534(198)
171537(196)
171538(209)
171540(193)
171503(220)
171505(188)
171509(165)
171510(152)
171512(219)
171513(207)
171516(167)
171518(173)
171521(223)
171523(153)
171695(202)
171698(180)
171702(225)
171704(190)
171707(171)
171708(234)
171709(184)
171711(207)
171656(173)
171663(174)
171664(221)
171690(193)
171694(201)
171601(156)
171608(177)
171613(199)
171617(162)
171627(150)
171630(184)
171638(180)
171647(210)
171649(180)
171651(221)
171620(282)
171625(262)
171628(302)
171632(268)
171633(265)
171602(238)
171603(254)
171604(261)
171609(279)
171619(261)
171643(256)
171654(255)
171659(234)
171670(270)
171680(220)
171713(226)
171682(304)
171688(300)
171691(262)
171693(255)
171705(278)
171566(287)
171582(236)
171583(253)
171592(251)
171593(220)
171507(280)
171514(246)
171522(248)
171526(264)
171532(255)
171536(268)
171544(266)
171545(240)
171550(249)
171565(267)
171563(363)
171577(289)
171580(343)
171585(385)
171588(320)
171590(313)
171591(408)
171594(323)
171599(423)
171605(345)
171535(372)
171541(291)
171549(370)
171557(319)
171560(290)
171506(391)
171508(342)
171515(343)
171519(397)
171520(403)
171524(376)
171525(320)
171529(348)
171530(283)
171531(333)
171607(333)
171615(358)
171616(412)
171618(311)
171622(408)
171671(405)
171673(361)
171674(287)
171675(412)
171676(308)
171678(345)
171684(349)
171687(397)
171689(320)
171692(353)
171653(340)
171655(321)
171658(269)
171660(384)
171668(342)
171626(404)
171629(348)
171631(293)
171634(327)
171636(335)
171637(326)
171639(290)
171640(398)
171648(331)
171650(384)
Govt. Deg. Girls College Shaikh Zaid Centre Gulshan-e-Iqbal
171006(58)
171012(71)
171015(66)
171018(77)
171004(112)
160
172265(271)
172267(307)
172268(390)
172269(311)
172270(282)
172251(317)
172257(330)
172258(330)
172260(331)
172263(308)
Govt. Degree Girls College Block 13, Gulistan-e-Jauhar
171955(21)
171961(17)
171975(23)
171984(17)
172003(46)
172014(55)
172017(36)
172020(43)
172021(42)
171956(76)
171965(79)
171976(75)
171987(87)
171990(83)
171992(61)
171993(61)
171994(71)
171995(64)
172008(52)
172013(86)
172015(68)
172024(93)
171960(142)
171967(116)
171972(135)
171978(132)
171979(128)
171951(112)
171952(138)
171953(149)
171954(142)
171959(122)
171981(122)
171988(120)
171999(119)
172000(115)
172005(151)
172034(119)
172006(123)
172007(117)
172009(130)
172016(120)
172029(106)
171964(204)
171968(173)
171969(176)
171970(224)
171971(179)
171980(157)
171986(180)
171996(176)
171997(178)
172002(198)
172010(190)
172011(179)
172019(174)
172022(171)
172025(170)
171958(285)
171962(265)
171963(242)
171966(251)
171973(229)
171983(234)
171998(249)
172012(246)
172023(203)
172026(212)
172028(201)
172033(222)
171957(247)
171974(368)
171977(299)
171985(289)
171989(299)
171991(377)
172001(291)
172004(290)
172018(291)
172027(334)
Govt. Degree Girls College Block 12, Safoora Goath
171546(38)
171548(58)
171597(30)
171539(83)
171551(103)
171555(74)
171561(77)
171562(64)
171567(59)
171575(82)
171576(58)
171611(67)
171657(85)
171665(84)
171699(73)
171700(91)
171703(72)
171715(100)
171621(158)
171623(171)
171624(138)
171635(120)
171641(136)
171644(141)
171645(129)
171646(116)
171652(172)
171661(133)
171572(159)
171574(132)
171586(126)
171587(157)
171596(149)
171598(134)
171606(175)
171610(155)
171612(138)
171614(144)
171697(165)
171701(107)
171710(117)
171712(108)
171714(151)
171716(136)
171666(107)
171667(152)
171669(170)
171672(109)
171677(108)
171679(155)
171681(169)
171683(152)
171685(144)
171696(134)
161
172673(360)
172674(271)
172675(391)
172677(392)
172679(357)
172680(375)
172681(366)
172682(394)
172684(341)
172685(349)
172664(334)
172667(414)
172668(422)
172670(378)
172672(280)
172651(305)
172652(400)
172654(375)
172655(342)
172656(292)
172659(353)
172660(340)
172661(302)
172662(362)
172663(407)
172687(362)
172688(369)
172689(298)
172690(374)
172691(287)
172693(383)
172696(362)
172697(421)
172698(372)
172699(345)
172701(369)
172702(333)
172703(321)
172704(388)
172706(381)
Khatoon-e-Pakistan Govt.Deg. College For Women Stadium Road
172556(329)
172551(314)
172552(399)
172553(380)
172554(349)
172555(352)
Hayat Ul Islam Girls College
172312(21)
172252(150)
172276(138)
172296(104)
172301(134)
172305(155)
172309(138)
172289(177)
172290(155)
172291(202)
172292(160)
172295(188)
172256(208)
172259(189)
172264(206)
172272(171)
172279(179)
172310(175)
172313(171)
172298(206)
172299(179)
172302(185)
172306(197)
172307(175)
172253(223)
172254(206)
172255(242)
172266(289)
172271(274)
172285(240)
172297(277)
172304(228)
172311(268)
172280(304)
172281(330)
172282(387)
172283(273)
172284(298)
172273(350)
172274(236)
172275(336)
172277(293)
172278(419)
172300(368)
172303(289)
172308(283)
172286(246)
172287(296)
172288(333)
172293(362)
172294(295)
162
172881(340)
172882(391)
172884(325)
172886(403)
172887(339)
172876(355)
172877(386)
172878(396)
172879(299)
172880(410)
172895(326)
172896(365)
172897(409)
172898(355)
172899(319)
172888(370)
172889(397)
172891(320)
172892(431)
172893(332)
172869(327)
172870(345)
172871(315)
172873(412)
172875(366)
172851(374)
172852(331)
172853(418)
172854(361)
172855(372)
172844(372)
172845(378)
172846(309)
172849(359)
172850(440)
172863(393)
172864(315)
172865(328)
172866(332)
172867(418)
172856(373)
172857(407)
172860(344)
172861(431)
172862(371)
172900(357)
172901(405)
172902(378)
172903(367)
172905(366)
172942(433)
172943(405)
172944(443)
172945(379)
172947(315)
172936(445)
172937(378)
172938(344)
172940(328)
172941(425)
172957(387)
172958(442)
172959(350)
172960(412)
172950(305)
172953(359)
172954(389)
172955(426)
172956(385)
172930(379)
172931(425)
172932(311)
172933(315)
172934(389)
172911(399)
172912(383)
172913(366)
172914(353)
172915(453)
172906(306)
172907(403)
172908(400)
172909(439)
172910(406)
172923(353)
172926(385)
172927(335)
172928(387)
172929(397)
172916(360)
172917(374)
172918(313)
172919(341)
172922(360)
172836(375)
172839(349)
172840(456)
172841(393)
172842(321)
172748(416)
172749(403)
172750(333)
172751(450)
172753(442)
172742(415)
172743(446)
172744(479)
172745(450)
172746(445)
172754(401)
172755(341)
172756(464)
172757(445)
172759(335)
172767(363)
172768(328)
172769(453)
172770(378)
172771(430)
172760(455)
172761(383)
172762(375)
172764(400)
172766(423)
172737(360)
172738(361)
172739(409)
172740(398)
172741(422)
172712(359)
172714(348)
172715(307)
172716(270)
172717(443)
172707(405)
172708(413)
172709(337)
172710(389)
172711(298)
172718(318)
172719(292)
172720(341)
172721(254)
172723(302)
172731(296)
172732(358)
172734(378)
172735(384)
172736(426)
172724(373)
172726(325)
172727(386)
172729(292)
172730(361)
172811(459)
172813(391)
172815(411)
172816(379)
172818(314)
172805(416)
172806(330)
172807(442)
172808(327)
172809(413)
172819(362)
172820(388)
172821(379)
172822(335)
172823(358)
172831(427)
172832(345)
172833(390)
172834(453)
172835(367)
172824(420)
172825(367)
172826(437)
172827(342)
172828(481)
172799(425)
172800(313)
172801(352)
172803(463)
172804(419)
172779(385)
172780(473)
172781(363)
172782(454)
172783(402)
172772(401)
172773(427)
172774(364)
172775(425)
172776(416)
172784(405)
172785(420)
172786(318)
172787(383)
172788(375)
172794(355)
172795(376)
172796(384)
172797(393)
172798(392)
172789(401)
172790(338)
172791(361)
172792(397)
172793(436)
163
175851(126)
175852(414)
175853(454)
175854(280)
175855(294)
175856(314)
175857(427)
175858(412)
Pak-Turk Maarif International School & College, Gulsahn-e-Iqbal
173352(54)
173351(114)
Govt. Girls Higher Secondary School University Road
172665(102)
172935(80)
172666(137)
172678(129)
172686(125)
172694(102)
172700(153)
172713(148)
172747(230)
172829(135)
172830(118)
172883(165)
172924(125)
172925(156)
172952(218)
172657(187)
172669(196)
172692(171)
172722(211)
172725(172)
172752(209)
172758(198)
172810(209)
172847(215)
172858(203)
172872(201)
172874(191)
172948(186)
172949(205)
172777(262)
172778(257)
172802(316)
172812(272)
172814(238)
172705(261)
172728(251)
172733(276)
172763(287)
172765(229)
172658(225)
172671(253)
172676(313)
172683(214)
172695(237)
172921(242)
172946(232)
172951(250)
172868(268)
172885(229)
172890(268)
172894(284)
172904(321)
172817(275)
172837(270)
172838(293)
172843(232)
172859(290)
164
177151(144)
177155(133)
177165(143)
177174(122)
177177(149)
177178(160)
177183(107)
177184(125)
177188(150)
177191(129)
177194(113)
177195(156)
177200(149)
177209(117)
177163(179)
177173(188)
177180(199)
177182(156)
177186(166)
177193(183)
177198(151)
177199(178)
177162(203)
177170(220)
177181(249)
177185(263)
177197(210)
177201(222)
177172(281)
177176(295)
177179(350)
177190(329)
177192(296)
Allama Iqbal Govt. Girls Degree College, Shah Faisal Colony
176801(152)
Park House Grammer H.S.S.
176052(59)
176051(97)
176053(117)
176054(293)
Govt. Degree Girls College, Shahnawaz Shar Goath
165
177845(321)
177846(300)
177848(321)
177850(401)
177861(328)
177835(307)
177837(373)
177842(400)
177843(344)
177844(340)
177818(339)
177819(320)
177820(392)
177821(402)
177834(325)
177862(338)
177863(292)
177864(363)
177865(379)
177867(366)
Khursheed Govt. Girls College Shah Faisal Colony
177657(93)
177660(82)
177661(90)
177662(91)
177665(83)
177651(157)
177653(136)
177663(147)
177664(146)
177652(177)
177659(202)
177654(217)
177655(366)
177656(314)
177658(342)
Govt. Girls Science College Shah Faisal Colony
177476(48)
177457(134)
177468(141)
177452(174)
177458(170)
177461(235)
177462(195)
177463(211)
177466(212)
177467(193)
177469(188)
177470(238)
177472(265)
177478(241)
177451(292)
177453(409)
177454(359)
177455(325)
177456(381)
177459(327)
177460(317)
177464(323)
177465(302)
177471(334)
177473(446)
177474(412)
177475(409)
177477(359)
177479(332)
Govt. Girls Higher Secondary School P.A.F. Drigh Road
177153(54)
177196(31)
177159(60)
177161(75)
177166(91)
177167(61)
177168(72)
177152(83)
177154(100)
177156(79)
177157(67)
177158(71)
177169(75)
177171(82)
177175(67)
177187(63)
177189(102)
177210(62)
177202(72)
177204(87)
177205(76)
177206(75)
177207(71)
166
177880(214)
177881(192)
177895(182)
177900(213)
177911(183)
177915(230)
177919(201)
177924(195)
177934(196)
177938(193)
177841(177)
177847(212)
177855(202)
177856(225)
177857(238)
177801(204)
177802(189)
177806(200)
177808(197)
177824(206)
177827(195)
177829(228)
177832(193)
177833(191)
177839(210)
177939(190)
177942(201)
177943(214)
177944(203)
177945(228)
178036(229)
178042(174)
178045(138)
178062(200)
178066(171)
178067(185)
178071(159)
178074(217)
178008(176)
178019(194)
178022(184)
178029(199)
178033(186)
177951(197)
177953(180)
177959(196)
177960(195)
177963(179)
177974(175)
177978(208)
177986(213)
177997(193)
178006(175)
177958(246)
177967(246)
177969(252)
177970(246)
177972(264)
177929(206)
177936(235)
177937(238)
177940(287)
177955(278)
177906(254)
177909(256)
177921(277)
177925(249)
177927(274)
177975(257)
177976(263)
177977(265)
177982(246)
177984(241)
178046(218)
178048(209)
178057(237)
178063(274)
178025(277)
178027(208)
178028(254)
178041(212)
178044(202)
177989(273)
177994(310)
177999(217)
178012(251)
178018(247)
177886(250)
177890(216)
177894(240)
177898(221)
177899(231)
177805(234)
177811(257)
177826(202)
177836(299)
177838(267)
177840(274)
177849(266)
177851(273)
177852(253)
177858(249)
177859(285)
177860(231)
177875(235)
177879(295)
177883(241)
177920(322)
177923(327)
177926(296)
177928(291)
177930(299)
177913(410)
177914(327)
177916(331)
177917(315)
177918(346)
177957(295)
177961(301)
177962(386)
177964(370)
177979(355)
177931(331)
177932(300)
177941(341)
177952(284)
177956(319)
177905(346)
177907(359)
177908(309)
177910(341)
177912(367)
177873(308)
177874(359)
177877(343)
177878(333)
177882(281)
177868(412)
177869(298)
177870(317)
177871(307)
177872(491)
177892(331)
177896(306)
177901(363)
177902(366)
177904(363)
177884(334)
177885(393)
177887(342)
177889(355)
177891(371)
178040(456)
178043(312)
178047(305)
178049(279)
178050(278)
178034(362)
178035(420)
178037(320)
178038(276)
178039(302)
178061(387)
178064(292)
178072(328)
178051(380)
178052(407)
178053(340)
178054(346)
178055(302)
178021(417)
178023(333)
178026(332)
178030(372)
178031(280)
177993(311)
177995(291)
178000(301)
178001(302)
178002(316)
177981(408)
177983(340)
177985(332)
177990(302)
177992(280)
178013(334)
178014(399)
178016(249)
178017(419)
178020(416)
178003(278)
178007(378)
178009(384)
178010(378)
178011(323)
167
179302(265)
179301(316)
179303(263)
PIA Model H.S.S. Airport
178851(128)
Iqra Intermediate College for Boys & Girls, Shah Faisal Colony
177815(71)
177823(97)
177903(108)
177933(97)
177948(59)
177954(103)
177965(57)
177998(92)
178015(87)
178024(59)
178065(79)
177830(157)
177853(124)
177854(117)
177866(177)
177888(151)
177893(140)
177897(172)
177922(160)
177935(129)
177946(126)
177803(152)
177804(154)
177807(122)
177813(127)
177814(115)
177816(136)
177817(149)
177822(148)
177825(161)
177828(127)
178005(152)
178032(116)
178056(119)
178058(160)
178059(144)
178060(150)
178068(109)
178070(130)
178073(103)
178075(91)
177947(139)
177949(141)
177950(127)
177968(101)
177971(139)
177973(127)
177987(162)
177988(152)
177996(138)
178004(139)
168
180051(71)
180052(61)
180055(66)
Govt. Girls Higher Secondary School Bhiro Village, Malir
179701(35)
179711(66)
179721(20)
179722(27)
179725(25)
179819(29)
179707(65)
179713(95)
179714(65)
179729(74)
179765(60)
179766(84)
179789(94)
179797(78)
179800(84)
179820(65)
179792(155)
179796(147)
179804(147)
179806(104)
179807(134)
179808(126)
179810(156)
179813(113)
179816(135)
179723(137)
179724(130)
179727(107)
179732(129)
179738(125)
179702(104)
179704(140)
179709(129)
179712(149)
179716(125)
179739(128)
179743(138)
179744(127)
179746(127)
179747(123)
179760(114)
179762(117)
179763(133)
179774(109)
179788(136)
179748(113)
179750(127)
179752(139)
179756(125)
179757(113)
179733(195)
179734(170)
179735(201)
179736(178)
179741(183)
179703(165)
179715(179)
179717(188)
179720(154)
179731(203)
179742(192)
179758(178)
179770(167)
179771(176)
179780(149)
179805(202)
179812(190)
179814(195)
179822(157)
179781(162)
179782(147)
179786(167)
179787(191)
179799(200)
179745(256)
179753(259)
179754(277)
179761(277)
179764(275)
179705(198)
179706(250)
179708(256)
179718(239)
179728(242)
179779(234)
179784(250)
179801(222)
179811(209)
179768(189)
179772(242)
179775(197)
179777(243)
179778(292)
179759(355)
179767(333)
179769(394)
179773(312)
179776(306)
179710(350)
179737(334)
179749(252)
179751(394)
179755(300)
179783(331)
179785(299)
179790(385)
179791(326)
179793(292)
179818(308)
179794(321)
179795(382)
179798(255)
179803(329)
179817(359)
Govt. College For Women Saudabad
169
181928(128)
181922(164)
181923(173)
181925(237)
181926(230)
181929(219)
181930(260)
181921(382)
181924(319)
181927(424)
Hawwa Jee Girls Colleges (Intermediate)
180454(193)
180453(237)
180451(409)
180452(293)
180455(395)
Shamsi Society Model Girls Secondary School
180154(23)
180167(17)
180168(20)
180171(37)
180166(63)
180174(64)
180187(79)
180191(70)
180193(67)
180195(64)
180153(107)
180155(138)
180158(103)
180163(128)
180172(131)
180177(140)
180180(137)
180182(112)
180184(114)
180189(126)
180190(155)
180196(148)
180198(118)
180156(160)
180160(195)
180165(166)
180169(176)
180170(190)
180173(157)
180175(195)
180176(205)
180181(185)
180183(185)
180188(172)
180157(216)
180161(234)
180164(295)
180178(240)
180186(253)
180179(274)
180185(319)
180194(367)
Liaquat Govt. College
170
182757(254)
182759(392)
182765(339)
182769(341)
182770(303)
182771(278)
182773(296)
182776(319)
182777(339)
182779(360)
182780(318)
182781(366)
182784(275)
182789(337)
182790(410)
182659(316)
182661(249)
182681(279)
182683(297)
182694(310)
182704(263)
182705(379)
182706(321)
182718(289)
182731(273)
182737(284)
182742(323)
182748(343)
182749(337)
182756(324)
182844(394)
182846(297)
182848(326)
182854(358)
182858(354)
182859(304)
182860(261)
182861(253)
182862(348)
182876(268)
182791(317)
182792(278)
182793(304)
182805(309)
182808(290)
182815(274)
182819(306)
182820(265)
182822(331)
182824(278)
182825(260)
182832(359)
182836(279)
182838(318)
182839(302)
Govt. College For Women Korangi No. 4
182131(67)
182132(208)
Govt. Girls Higher Secondary School Murad Memon Goth
182053(175)
182054(258)
182051(410)
182052(372)
182055(363)
Cantt Public PG College for Women, Malir Cantt
171
182677(21)
182687(20)
182688(30)
182689(25)
182693(28)
182654(17)
182660(29)
182668(42)
182672(36)
182674(38)
182711(31)
182714(37)
182719(35)
182722(21)
182723(25)
182884(23)
182738(25)
182818(17)
182851(17)
182852(27)
182870(23)
182721(73)
182739(69)
182751(64)
182754(65)
182761(60)
182678(84)
182680(82)
182695(80)
182696(76)
182720(56)
182849(70)
182872(78)
182873(61)
182883(66)
182762(86)
182766(93)
182768(97)
182835(83)
182841(90)
182785(125)
182786(122)
182788(126)
182799(131)
182801(108)
182803(95)
182804(134)
182809(96)
182810(123)
182811(137)
182725(118)
182729(140)
182741(107)
182744(125)
182745(103)
182753(99)
182755(126)
182763(128)
182767(134)
182778(151)
182856(135)
182857(119)
182863(112)
182866(133)
182871(123)
182874(132)
182875(114)
182879(119)
182882(131)
182814(135)
182821(154)
182826(108)
182829(103)
182830(98)
182831(113)
182833(139)
182840(125)
182842(126)
182850(125)
182675(108)
182676(100)
182682(133)
182685(123)
182692(118)
182652(134)
182665(130)
182666(121)
182670(126)
182671(122)
182707(135)
182708(116)
182713(134)
182716(131)
182717(120)
182697(117)
182699(128)
182700(105)
182701(126)
182703(130)
182702(179)
182710(142)
182712(169)
182728(181)
182732(180)
182733(178)
182734(176)
182736(161)
182740(160)
182746(155)
182651(214)
182655(186)
182657(171)
182658(166)
182662(192)
182669(170)
182673(145)
182684(148)
182686(208)
182690(178)
182823(170)
182834(174)
182843(181)
182865(176)
182867(145)
182868(183)
182869(144)
182880(150)
182747(143)
182758(177)
182760(157)
182772(163)
182783(185)
182787(191)
182794(139)
182796(194)
182802(195)
182812(155)
182735(201)
182743(219)
182750(210)
182764(251)
182782(191)
182709(218)
182715(222)
182724(244)
182726(222)
182730(250)
182656(226)
182663(254)
182664(221)
182679(218)
182691(232)
182795(212)
182797(236)
182798(246)
182800(211)
182806(265)
182864(250)
182828(262)
182837(238)
182845(242)
182853(266)
182855(223)
182807(260)
182813(234)
182816(252)
182817(303)
182827(231)
182878(312)
172
184260(189)
184251(244)
184252(283)
184255(287)
184258(224)
184259(230)
184253(305)
184254(306)
184256(348)
184257(422)
Khadija Girls College (Intermediate)
183431(43)
183447(17)
183451(18)
183452(23)
183453(17)
183436(63)
183438(65)
183441(66)
183448(62)
183458(67)
183455(107)
183433(114)
183439(110)
183443(100)
183445(107)
183449(116)
183457(207)
Govt. Degree Girls College Sector 42, Korangi 2-1/2
183154(27)
183161(44)
183169(43)
183183(33)
183151(66)
183152(72)
183163(82)
183164(68)
183167(91)
183173(59)
183182(68)
183184(67)
183186(58)
183153(131)
183156(150)
183158(138)
183160(122)
183170(112)
183172(132)
183179(128)
183181(111)
183174(187)
183187(193)
183157(389)
183159(428)
183165(292)
183176(267)
183178(275)
Govt. College For Women Korangi No. 6
173
185463(271)
Bibi Asifa Bhutto Govt. Girls Degree College, Muzafarabad, Landhi
185301(209)
185302(194)
Govt. Girls Degree College Sharafi Goth
184803(18)
184804(27)
184809(25)
184811(19)
184827(30)
184807(70)
184812(54)
184813(84)
184817(66)
184820(69)
184823(67)
184824(63)
184801(116)
184805(122)
184810(113)
184818(111)
184802(214)
184808(243)
184814(244)
184819(266)
184822(186)
184826(264)
184806(356)
184816(309)
Govt. Degree Girls College Landhi 3-1/2
184455(55)
184454(227)
184456(243)
184451(281)
184452(357)
184453(290)
184457(245)
Firoza Khatoon Women College(Intermediate)
174
186449(20)
186465(26)
186466(24)
186485(36)
186444(67)
186453(73)
186462(63)
186472(63)
186474(59)
186475(86)
186478(76)
186483(66)
186500(86)
186457(147)
186460(114)
186463(119)
186470(98)
186473(130)
186441(140)
186446(118)
186450(148)
186455(132)
186456(120)
186496(146)
186499(102)
186476(133)
186477(144)
186479(147)
186480(150)
186495(128)
186443(178)
186447(172)
186481(198)
186486(213)
186487(201)
186488(202)
186490(169)
186494(128)
186497(181)
186452(215)
186469(219)
186484(202)
186493(219)
186498(217)
186445(330)
186448(252)
186451(318)
186459(333)
186461(272)
186464(344)
186467(397)
186468(372)
186471(308)
186482(301)
186489(391)
186492(275)
Govt. Girls Degree College, Gulshan-e-Hadeed, Bin Qasim
185705(75)
185701(149)
185704(170)
185702(275)
Pakistan Steel Madar-e-Millat Girls Degree College, Steel Town
185462(111)
175
188002(305)
188005(328)
188011(331)
188013(279)
188020(283)
Govt. Degree Girls College Gulzar-e-Hijri
187005(83)
187006(84)
187004(113)
187008(126)
187009(104)
187022(140)
187001(205)
187003(188)
187013(166)
187015(159)
187016(149)
187017(210)
187021(201)
187012(258)
187007(460)
187010(320)
187011(390)
187014(333)
187018(352)
187019(322)
187020(433)
Jan Muhammad Brohi Govt. Degree Girls College, Gulshan-e-Maymar
186902(148)
186903(267)
186901(329)
Info English Grammar Higher Secondary School
186701(268)
Tayyaba Fellowship H.S.S.
176
188311(29)
188303(71)
188305(61)
188313(78)
188304(92)
188308(107)
188312(120)
188314(118)
188315(133)
188310(201)
188301(259)
188306(309)
188307(300)
SMB Girls Higher Secondary School No.5, LERP, Taiser Town
188026(33)
188030(49)
188008(60)
188010(90)
188012(67)
188017(75)
188004(151)
188007(115)
188015(124)
188016(121)
188019(141)
188025(101)
188028(142)
188029(112)
188031(128)
188001(167)
188009(205)
188014(174)
188018(172)
188003(217)
188006(241)
188021(258)
188024(214)
188027(203)
188022(290)
188023(382)
.
