Commerce 
                  Reg Part I
URL: https://www.biek.edu.pk/Result-2022/Part-I/CMR/Result-Gazette-CMR-Part-I-Annual-2022.pdf
Source: https://www.biek.edu.pk/LastResults.asp

1
CANDIDATES BEARING THE FOLLOWING ROLL NUMBERS ARE DECLARED TO HAVE
PASSED THE INTERMEDIATE COMMERCE (REGULAR) GROUP PART - I (CLASS XI)
ANNUAL EXAMINATION 2022.
800073(93)
800080(116)
800085(114)
800087(95)
800089(112)
800051(93)
800062(98)
800065(116)
800068(119)
800070(100)
800002(112)
800014(91)
800020(116)
800021(118)
800033(83)
800122(120)
800129(109)
800149(96)
800155(109)
800156(104)
800092(112)
800108(116)
800109(128)
800112(105)
800114(96)
3 Papers
800063(184)
800071(154)
800076(158)
800084(144)
800094(143)
800022(123)
800028(136)
800035(128)
800036(150)
800052(156)
800004(157)
800005(142)
800006(144)
800008(178)
800019(150)
800157(138)
800158(162)
800180(131)
800190(127)
***********
800128(137)
800133(148)
800134(145)
800143(158)
800146(147)
800100(174)
800101(159)
800106(170)
800113(138)
800116(129)
4 Papers
800184(152)
800185(170)
800186(143)
800188(156)
800189(162)
800192(229)
800037(203)
800039(164)
800044(161)
800045(149)
800046(167)
800054(184)
800057(191)
800058(184)
800059(189)
800060(186)
800001(181)
800003(182)
800007(204)
800010(175)
800011(148)
800012(190)
800023(163)
800026(169)
800030(183)
800032(179)
800126(167)
800127(175)
800136(198)
800145(186)
800167(175)
800169(200)
800170(215)
800177(205)
800181(139)
800182(161)
800061(199)
800067(224)
800072(193)
800075(183)
800082(195)
800088(183)
800091(175)
800096(180)
800097(195)
800119(187)
5 Papers
800064(224)
800074(216)
800079(210)
800083(241)
800090(225)
800031(266)
800038(246)
800040(219)
800041(199)
800050(206)
800009(250)
800015(225)
800018(262)
800027(210)
800029(242)
800098(208)
800117(213)
800118(202)
800125(266)
800130(234)
800176(228)
800183(193)
800187(181)
800191(240)
800193(230)
800153(219)
800164(225)
800166(199)
800168(206)
800171(231)
800132(232)
800135(223)
800140(216)
800142(204)
800152(258)
6 Papers
800053(315)
800066(302)
800086(322)
800093(297)
800104(402)
800016(258)
800017(250)
800034(280)
800043(364)
800049(324)
800110(346)
800111(251)
800120(355)
800123(246)
800124(356)
800172(423)
800174(297)
800138(317)
800139(231)
800141(280)
800150(277)
800160(290)
7 Papers
Govt. Degree Boys College Baldia Town
2
****NIL****
1Paper
2 Papers
800561(132)
800571(136)
800562(159)
800563(258)
800567(229)
800568(224)
800570(227)
800572(205)
800564(247)
800565(280)
800569(338)
851226(259)
800566(386)
851221(330)
851222(338)
851223(284)
851224(298)
851225(321)
851227(293)
Crescent Public Higher Secondary School
800515(32)
800511(93)
800516(97)
800509(129)
800501(243)
800502(240)
800503(196)
800505(184)
800510(204)
800513(153)
800514(259)
800517(205)
800504(271)
800507(238)
800512(208)
851153(267)
851155(280)
851156(273)
851157(433)
851158(358)
851159(397)
800506(384)
800508(360)
851151(367)
851152(282)
851154(428)
851161(397)
851162(422)
851163(382)
851164(375)
851165(321)
851171(381)
851166(350)
851167(397)
851168(383)
851169(429)
851170(439)
Apex Intermediate College
800056(33)
800147(36)
800148(26)
800162(39)
800013(59)
800025(69)
800048(59)
800069(69)
800095(76)
800103(67)
800105(65)
800121(41)
800144(64)
800165(113)
3
851651(122)
800862(252)
800869(153)
851654(149)
851656(185)
800870(232)
851658(306)
851659(293)
851661(226)
800861(284)
800863(322)
800864(353)
800865(372)
800866(312)
800867(340)
800868(322)
800871(250)
800872(230)
851652(312)
851653(403)
851655(255)
851657(355)
851660(406)
Scholars Higher Secondary School, Saeedabad
800639(69)
800633(120)
800638(105)
800642(98)
800625(135)
800645(160)
800662(128)
851307(159)
800626(199)
800632(197)
800637(220)
800641(204)
800647(164)
800664(180)
851279(181)
851287(210)
851290(185)
800649(225)
800650(231)
800655(244)
800665(230)
851273(289)
800621(228)
800622(252)
800628(235)
800630(237)
800634(243)
851275(265)
851280(284)
851282(263)
851285(252)
851288(231)
851308(291)
851289(261)
851298(247)
851299(202)
851300(261)
851304(266)
800648(259)
800651(258)
800652(277)
800653(301)
800656(295)
800657(286)
800658(279)
800659(253)
800660(300)
800661(310)
800623(238)
800624(410)
800629(390)
800631(274)
800635(274)
800636(261)
800640(281)
800643(282)
800644(312)
800646(241)
800663(315)
851271(397)
851272(362)
851274(315)
851276(365)
851296(275)
851297(402)
851302(297)
851303(370)
851305(365)
851306(417)
851277(285)
851281(401)
851283(415)
851284(262)
851286(307)
851291(400)
851292(373)
851293(361)
851294(325)
851295(370)
HOPE Inter College
4
852101(371)
852102(408)
852103(424)
Bel College for Modern Sciences
800983(118)
800987(173)
800982(207)
800985(193)
800993(233)
800986(198)
800988(257)
800994(234)
800997(248)
800998(232)
800999(245)
800989(299)
800990(236)
800991(300)
800992(261)
800995(268)
801000(304)
Govt. Degree Boys College 9-E, Baldia Town
800923(114)
800922(193)
800924(147)
800938(197)
851701(277)
851702(269)
800921(433)
800925(262)
800926(284)
800927(310)
800928(329)
800929(328)
800931(391)
800932(302)
800933(423)
800934(433)
800935(284)
800936(339)
800937(290)
800939(246)
The Pinnacle College
5
801521(440)
801533(436)
Govt. Degree College, Konkar Village, Gadap
801364(20)
852404(19)
801354(71)
801357(67)
801361(59)
801352(170)
801355(143)
801359(202)
852402(186)
801363(209)
801351(322)
801358(328)
801360(433)
801362(310)
852401(311)
852403(276)
The Master's College of Science & Commerce
801241(108)
801246(187)
801245(196)
801242(369)
801243(442)
801244(406)
852151(428)
852152(398)
852153(402)
E-Complex College of Arts & Science
801201(46)
6
801651(197)
801656(153)
801657(150)
801666(185)
801667(198)
801621(162)
801633(152)
801636(177)
801647(206)
801648(190)
801679(167)
801681(164)
801698(183)
801701(175)
801709(177)
801784(189)
801787(176)
801714(171)
801734(217)
801737(208)
801763(166)
801772(206)
801658(212)
801661(264)
801663(217)
801671(226)
801677(248)
801678(226)
801680(192)
801682(265)
801688(222)
801691(255)
801622(238)
801623(225)
801624(205)
801632(226)
801637(282)
801643(215)
801646(252)
801650(198)
801654(222)
801655(203)
801754(252)
801769(223)
801774(215)
801779(206)
801782(295)
801783(277)
801786(233)
801692(244)
801699(240)
801700(233)
801707(247)
801723(242)
801727(253)
801729(227)
801740(194)
801743(228)
801749(285)
801750(303)
801751(343)
801753(308)
801759(292)
801760(362)
801741(280)
801744(323)
801746(365)
801747(276)
801748(372)
801781(293)
801785(244)
801761(300)
801770(259)
801771(250)
801775(241)
801776(333)
801730(354)
801731(264)
801732(345)
801733(320)
801735(280)
801665(255)
801668(326)
801673(388)
801674(294)
801675(334)
801625(227)
801640(295)
801649(328)
801662(317)
801664(330)
801702(321)
801708(293)
801713(266)
801715(352)
801725(314)
801676(417)
801684(300)
801687(247)
801690(270)
801696(282)
Govt. Degree Boys College Gulzar-e-Hijri
801510(78)
801513(83)
801520(101)
801514(171)
801519(118)
801522(108)
801528(151)
852801(157)
852802(156)
801506(165)
801509(160)
801515(192)
801527(220)
801529(204)
801532(167)
801535(185)
801501(190)
801502(288)
801503(203)
801504(174)
801507(210)
801511(201)
801512(251)
801516(245)
801517(221)
801524(244)
801525(297)
801526(236)
801530(264)
801531(221)
7
802130(277)
802126(374)
802127(351)
802128(325)
802129(379)
802131(358)
802121(330)
802122(399)
802123(377)
802124(316)
802125(395)
802132(412)
802133(446)
802134(435)
802135(367)
802136(393)
802142(367)
802143(401)
802144(396)
802137(373)
802138(374)
802139(360)
802140(457)
802141(459)
Noor-e-Hamza Islamic College
802063(78)
802059(103)
802064(99)
802070(116)
802076(127)
802057(148)
802067(159)
802074(161)
802075(161)
802078(174)
802056(192)
802071(202)
802077(181)
802055(266)
802060(263)
802062(255)
802066(259)
802052(295)
802053(333)
802058(287)
802061(328)
802065(314)
802069(339)
802072(283)
802073(309)
Al-Beroni Intermediate College, Ahsanabad
801724(25)
801755(27)
801766(20)
801626(56)
801638(76)
801641(72)
801652(51)
801653(58)
801669(66)
801670(64)
801705(67)
801726(46)
801762(41)
801764(82)
801790(54)
801693(110)
801695(94)
801710(111)
801712(143)
801717(120)
801631(102)
801634(101)
801639(92)
801642(131)
801645(109)
801757(120)
801765(130)
801789(116)
801719(94)
801720(109)
801738(102)
801739(88)
801742(92)
801644(169)
801660(139)
801683(120)
801689(136)
801694(173)
801627(109)
801628(121)
801629(120)
801630(128)
801635(146)
801697(151)
801704(164)
801711(150)
801716(157)
801722(142)
801758(132)
801767(122)
801788(119)
801728(139)
801736(140)
801745(134)
801752(149)
801756(157)
8
802305(209)
802306(248)
802313(266)
853401(187)
853403(217)
802301(283)
802302(288)
802304(272)
802307(301)
802308(252)
802309(287)
802310(255)
802312(274)
802314(277)
853402(286)
802303(332)
S.M.B. Quaid-e-Azam Public Higher Secondary School
802211(62)
853243(150)
853247(111)
802215(157)
802224(129)
853244(179)
853245(183)
802218(198)
802220(192)
802225(206)
802227(143)
802228(172)
802213(274)
802214(229)
802216(218)
802217(235)
802219(250)
802221(263)
802231(226)
853248(262)
853241(318)
853246(326)
Mysa Public Higher Secondary School, Gadap
9
802862(264)
802864(282)
802865(400)
802866(303)
802868(329)
802846(296)
802847(313)
802850(285)
802854(291)
802860(348)
802869(293)
802870(291)
802871(311)
802872(348)
802873(301)
802881(318)
802886(331)
802887(356)
802890(271)
802891(346)
802876(332)
802877(333)
802878(358)
802879(334)
802880(352)
802835(333)
802837(343)
802838(315)
802840(350)
802841(363)
802796(288)
802800(340)
802801(337)
802802(302)
802805(289)
802782(283)
802786(312)
802788(308)
802790(300)
802792(324)
802811(310)
802812(293)
802813(364)
802815(373)
802816(293)
802825(366)
802826(387)
802829(359)
802830(403)
802832(313)
802817(300)
802819(325)
802820(415)
802821(323)
802823(389)
803044(256)
803045(288)
803047(247)
803049(244)
803053(270)
803026(248)
803033(261)
803034(241)
803035(307)
803041(212)
803076(307)
803079(246)
803096(307)
803097(320)
803111(250)
803116(283)
803123(245)
803124(237)
803128(278)
803146(249)
802947(339)
803003(265)
803010(245)
803023(277)
803025(234)
802905(319)
802906(329)
802910(350)
802911(368)
802912(297)
802892(309)
802893(338)
802894(267)
802895(267)
802901(269)
802914(345)
802915(335)
802916(334)
802917(309)
802919(393)
802927(310)
802930(333)
802931(332)
802937(343)
802938(378)
802921(284)
802922(299)
802923(333)
802924(322)
802926(309)
802644(339)
802646(293)
802647(399)
802648(346)
802651(283)
802637(317)
802638(316)
802639(343)
802642(327)
802643(313)
802652(285)
802653(322)
802655(280)
802658(285)
802659(273)
802671(315)
802672(294)
802674(285)
802675(263)
802676(315)
802662(257)
802663(292)
802665(312)
802667(317)
802669(321)
802601(310)
802602(322)
802603(327)
802605(328)
802607(334)
802773(306)
802775(312)
802777(406)
802778(313)
802780(364)
802609(330)
802611(288)
802612(340)
802613(346)
802615(298)
802630(345)
802631(372)
802633(272)
802635(295)
802636(299)
802620(264)
802621(344)
802622(325)
802623(335)
802627(357)
802677(299)
802680(252)
802683(286)
802686(322)
802688(337)
802743(298)
802747(293)
802748(273)
802749(290)
802751(349)
802732(363)
802734(296)
802735(264)
802739(327)
802740(341)
802753(327)
802754(403)
802757(312)
802758(246)
802759(327)
802766(344)
802768(302)
802769(384)
802771(283)
802772(281)
802761(289)
802762(295)
802763(299)
802764(304)
802765(329)
802705(289)
802707(337)
802709(303)
802710(326)
802711(331)
802690(299)
802692(326)
802694(291)
802699(288)
802701(297)
802712(345)
802713(310)
802714(326)
802715(274)
802717(311)
802726(293)
802727(292)
802728(298)
802729(372)
802730(341)
802718(303)
802721(283)
802722(390)
802723(339)
802725(286)
Govt. City College (Morning)
10
802731(210)
802738(228)
802742(226)
802750(209)
802784(197)
802787(215)
802791(234)
802798(243)
802807(210)
802842(193)
802843(232)
802849(191)
802852(222)
802855(236)
802857(210)
802604(239)
802608(218)
802616(175)
802618(239)
802624(210)
802626(223)
802673(197)
802678(186)
802681(175)
802684(158)
802685(180)
802689(194)
802698(176)
802708(204)
802716(219)
802861(201)
802867(206)
802883(217)
802909(190)
802943(235)
802950(218)
802952(166)
802970(196)
802974(150)
802984(172)
802997(198)
802998(195)
803001(164)
803008(174)
803014(204)
803027(148)
803032(163)
803046(172)
803051(183)
803054(142)
802963(196)
802967(217)
802979(207)
803030(229)
803037(196)
803043(169)
803050(222)
803071(210)
803081(253)
803082(208)
802934(280)
802935(311)
802936(295)
802939(198)
802941(223)
802942(238)
802944(293)
802949(233)
802957(195)
802960(190)
803099(202)
803105(204)
803106(204)
803112(220)
803118(216)
803246(244)
803255(241)
803260(245)
803263(267)
803264(216)
803271(258)
803277(210)
803279(236)
803283(196)
803140(208)
803155(184)
803163(177)
803165(217)
803189(198)
803191(224)
803231(255)
803239(217)
803244(190)
803245(217)
802925(262)
802928(234)
802929(292)
802932(310)
802933(298)
802702(259)
802703(283)
802720(218)
802724(309)
802733(259)
802741(261)
802745(236)
802755(276)
802756(288)
802760(234)
802770(279)
802774(204)
802779(227)
802785(227)
802789(224)
802666(272)
802679(226)
802695(268)
802696(212)
802700(312)
802606(310)
802617(261)
802619(258)
802628(240)
802629(315)
802634(244)
802640(278)
802641(231)
802645(248)
802649(234)
802650(253)
802654(247)
802656(248)
802661(263)
802664(243)
802794(282)
802795(212)
802799(290)
802804(287)
802806(265)
802875(285)
802882(311)
802884(220)
802885(281)
802889(256)
802896(251)
802897(323)
802898(243)
802899(252)
802903(234)
802904(224)
802907(282)
802908(267)
802918(283)
802920(282)
802851(266)
802853(271)
802856(219)
802859(344)
802863(279)
802808(309)
802809(310)
802810(274)
802818(274)
802822(279)
802824(303)
802827(314)
802828(239)
802831(291)
802833(306)
802834(278)
802836(283)
802839(298)
802844(273)
802845(270)
803206(326)
803207(241)
803208(241)
803215(235)
803233(320)
803167(260)
803168(262)
803175(250)
803177(235)
803185(314)
803150(229)
803151(268)
803157(223)
803159(302)
803162(259)
803272(274)
803274(252)
803278(284)
803284(242)
803285(325)
803253(248)
803254(243)
803261(362)
803262(259)
803268(329)
803238(261)
803241(242)
803248(304)
803251(223)
803252(297)
11
803012(53)
803013(69)
803015(60)
803017(52)
803018(81)
803021(73)
803022(55)
803031(52)
803048(54)
803055(52)
802955(59)
802958(59)
802961(51)
802965(57)
802968(53)
802969(58)
802972(37)
802973(48)
802983(45)
802996(55)
803059(51)
803062(56)
803067(64)
803070(75)
803073(63)
803086(37)
803094(50)
803095(67)
803098(52)
803101(63)
803040(79)
803042(90)
803066(77)
803078(98)
803083(98)
803084(98)
803090(80)
803091(83)
803100(89)
803104(93)
802990(106)
802992(74)
802994(94)
802995(96)
803019(98)
802660(84)
802736(114)
802767(125)
802874(99)
802888(92)
802951(95)
802956(83)
802976(89)
802980(106)
802989(85)
803227(89)
803229(87)
803257(92)
803259(113)
803273(120)
803275(77)
803276(84)
803281(89)
803287(98)
803202(118)
803212(119)
803214(98)
803219(102)
803225(108)
803110(95)
803125(84)
803133(99)
803134(83)
803148(95)
803152(83)
803160(82)
803183(124)
803184(119)
803200(117)
803236(144)
803237(174)
803243(100)
803250(127)
803258(125)
803265(162)
803282(118)
803288(140)
803197(137)
803209(147)
803222(119)
803224(142)
803232(168)
802999(126)
803000(184)
803002(145)
803006(121)
803007(166)
803024(131)
803038(135)
803052(129)
803057(125)
803065(160)
802752(171)
802848(139)
802858(174)
802975(138)
802993(139)
802614(186)
802632(179)
802670(148)
802682(159)
802687(149)
802691(134)
802693(172)
802697(153)
802737(159)
802746(181)
803147(146)
803153(124)
803166(119)
803173(128)
803179(134)
803180(121)
803181(127)
803187(137)
803194(151)
803195(136)
803129(130)
803132(99)
803137(150)
803138(133)
803143(113)
803069(139)
803074(128)
803080(135)
803085(128)
803087(106)
803092(107)
803107(123)
803113(130)
803122(123)
803126(144)
803142(177)
803144(153)
803149(160)
803156(167)
803161(177)
803170(171)
803171(171)
803176(170)
803178(158)
803182(223)
803127(189)
803130(152)
803131(150)
803135(154)
803141(152)
803056(166)
803058(167)
803061(198)
803063(156)
803068(186)
803072(153)
803075(176)
803088(134)
803093(155)
803115(176)
803186(189)
803188(179)
803190(167)
803192(170)
803193(172)
803247(203)
803249(160)
803256(196)
803267(177)
803270(183)
803280(200)
803286(187)
803223(239)
803234(230)
803235(214)
803240(164)
803242(186)
803196(228)
803198(194)
803201(208)
803203(204)
803210(180)
803213(204)
803216(193)
803217(202)
803218(173)
803221(191)
12
803591(223)
803592(180)
803601(170)
803616(190)
803618(200)
803620(219)
803643(160)
803645(198)
803650(166)
803652(145)
803557(153)
803560(180)
803571(201)
803577(165)
803585(152)
803502(148)
803505(188)
803516(201)
803518(226)
803521(193)
803531(200)
803536(209)
803539(219)
803546(163)
803553(219)
803668(137)
803669(136)
803676(162)
803677(152)
803691(178)
803704(151)
803713(174)
803725(150)
803727(150)
803729(161)
803565(234)
803568(207)
803578(251)
803580(220)
803590(238)
803593(220)
803598(247)
803605(226)
803606(232)
803608(234)
803548(261)
803549(251)
803550(231)
803555(204)
803562(212)
803503(252)
803504(240)
803506(208)
803512(220)
803513(235)
803525(252)
803538(213)
803540(212)
803544(206)
803547(234)
803609(229)
803610(218)
803611(208)
803615(231)
803617(211)
803760(300)
803762(227)
803768(228)
803773(231)
803782(257)
803785(202)
803788(199)
803708(205)
803715(176)
803749(200)
803755(201)
803759(214)
803619(174)
803633(222)
803638(208)
803641(213)
803644(211)
803646(244)
803647(267)
803663(252)
803686(265)
803690(177)
803769(300)
803771(226)
803772(283)
803778(297)
803563(318)
803567(262)
803569(260)
803572(274)
803573(332)
803574(307)
803575(304)
803576(416)
803581(291)
803583(296)
803551(316)
803552(277)
803554(313)
803559(266)
803561(282)
803507(399)
803514(288)
803517(330)
803522(302)
803523(280)
803532(315)
803533(442)
803534(401)
803535(311)
803543(330)
803684(363)
803688(251)
803696(263)
803705(255)
803706(244)
803707(297)
803711(218)
803741(252)
803744(259)
803766(267)
803632(241)
803640(263)
803656(258)
803664(346)
803665(247)
803586(279)
803597(288)
803607(325)
803612(220)
803613(264)
803621(331)
803622(291)
803624(273)
803625(250)
803627(260)
Govt. City College (Evening)
802986(25)
802987(35)
803004(23)
803011(34)
803016(37)
802971(19)
802977(19)
802978(20)
802982(21)
802985(20)
802783(52)
802940(33)
802953(22)
802954(22)
802962(22)
803205(36)
803103(25)
803120(24)
803164(22)
803169(21)
803204(37)
803039(20)
803060(19)
803064(17)
803077(34)
803089(19)
803102(61)
803108(44)
803109(56)
803114(61)
803117(43)
803121(47)
803139(55)
803154(57)
803174(46)
803220(62)
803226(69)
803230(47)
13
804708(217)
804711(233)
804724(240)
804725(247)
804728(252)
804767(364)
804774(263)
804777(332)
804780(291)
804782(293)
804788(256)
804794(308)
804800(233)
804802(337)
804805(234)
804727(366)
804729(273)
804731(389)
804733(348)
804735(321)
804738(332)
804747(245)
804757(274)
804758(259)
804762(376)
804812(280)
804817(268)
804821(303)
804822(240)
804829(309)
804889(277)
804892(304)
804893(279)
804895(332)
804901(280)
804902(310)
804911(398)
804913(278)
804921(268)
804923(329)
804832(356)
804838(291)
804839(315)
804850(308)
804851(324)
804852(358)
804860(242)
804862(370)
804871(339)
804882(341)
Govt. Boys Comprehensive H.S.School Azizabad F.B.Area
803649(45)
803694(34)
803721(27)
803724(34)
803739(34)
803776(22)
803651(52)
803672(74)
803679(60)
803682(55)
803689(47)
803510(65)
803519(70)
803520(70)
803556(61)
803587(74)
803747(61)
803774(53)
803786(71)
803697(72)
803703(50)
803714(68)
803717(49)
803737(53)
803635(83)
803639(123)
803642(101)
803648(89)
803654(76)
803655(99)
803660(94)
803662(87)
803670(98)
803678(72)
803509(97)
803524(107)
803526(104)
803530(104)
803542(113)
803596(79)
803600(94)
803628(95)
803630(96)
803634(107)
803726(106)
803731(84)
803745(97)
803748(90)
803751(83)
803752(91)
803680(82)
803698(96)
803699(86)
803700(88)
803709(89)
803710(101)
803716(85)
803718(63)
803719(77)
803722(114)
803588(124)
803599(142)
803604(126)
803614(157)
803623(118)
803626(169)
803629(145)
803637(142)
803658(119)
803659(131)
803508(182)
803511(166)
803515(189)
803527(159)
803528(129)
803529(153)
803545(114)
803558(122)
803579(171)
803582(130)
803712(131)
803733(137)
803736(127)
803746(115)
803757(134)
803767(110)
803779(141)
803790(148)
803795(145)
803661(129)
803667(129)
803671(119)
803673(113)
803674(121)
803675(109)
803681(139)
803687(111)
803692(134)
803693(129)
803754(199)
803761(153)
803765(235)
803770(198)
803775(170)
803730(150)
803732(198)
803734(140)
803738(164)
803740(143)
803794(164)
803780(181)
803781(186)
803783(177)
803784(172)
803789(168)
14
805101(320)
805102(429)
805103(387)
805104(311)
805105(305)
Aga Khan Higher Secondary School
804771(37)
804776(23)
804791(34)
804803(25)
804804(26)
804722(19)
804730(20)
804750(21)
804766(33)
804769(19)
804816(17)
804846(35)
804855(21)
804859(25)
804872(35)
804909(34)
804917(37)
804935(26)
804885(23)
804888(17)
804906(26)
804907(24)
804908(28)
804810(63)
804813(64)
804819(57)
804825(54)
804836(74)
804770(54)
804778(68)
804786(53)
804796(64)
804797(47)
804701(69)
804702(62)
804743(57)
804760(70)
804761(56)
804840(58)
804853(46)
804858(60)
804861(63)
804864(56)
804931(57)
804932(75)
804933(60)
804919(52)
804920(58)
804924(79)
804926(56)
804929(52)
804868(63)
804873(47)
804890(51)
804899(65)
804914(57)
804815(93)
804818(112)
804830(83)
804833(105)
804843(94)
804856(77)
804875(85)
804883(90)
804891(77)
804894(102)
804910(98)
804916(83)
804918(87)
804927(95)
804930(85)
804784(82)
804792(114)
804799(77)
804807(116)
804808(100)
804703(86)
804718(91)
804720(86)
804726(104)
804748(90)
804787(137)
804789(108)
804798(125)
804814(137)
804823(128)
804736(144)
804746(136)
804754(126)
804755(126)
804785(129)
804707(108)
804715(119)
804716(120)
804717(133)
804723(139)
804934(157)
804936(125)
804874(123)
804887(123)
804903(131)
804904(118)
804928(130)
804824(111)
804845(142)
804847(149)
804854(97)
804867(119)
804763(133)
804764(188)
804790(136)
804795(200)
804801(181)
804737(166)
804739(175)
804742(182)
804749(157)
804751(164)
804704(180)
804706(171)
804712(156)
804713(178)
804719(181)
804809(153)
804826(171)
804834(162)
804835(168)
804841(164)
804925(142)
804881(203)
804886(174)
804896(153)
804900(165)
804912(173)
804842(173)
804844(181)
804876(137)
804877(154)
804878(147)
804753(237)
804756(266)
804759(182)
804768(179)
804772(201)
804732(214)
804734(168)
804740(255)
804745(232)
804752(224)
804775(196)
804781(189)
804806(188)
804811(210)
804820(219)
804869(198)
804879(226)
804884(223)
804905(174)
804915(208)
804828(228)
804837(253)
804848(254)
804849(280)
804857(218)
15
805271(299)
855701(315)
855702(325)
855703(365)
855704(268)
Mehran Degree College
805205(25)
805207(18)
805212(22)
805214(30)
805219(21)
805203(73)
805211(53)
805221(50)
805204(91)
805206(92)
805213(87)
805209(181)
805218(188)
805202(264)
805208(253)
805210(414)
805215(371)
805216(289)
805217(348)
855601(372)
Dehli Science & Commerce College, Karimabad
855501(345)
855503(298)
805116(362)
805117(365)
805118(382)
805119(390)
805120(383)
805121(431)
805122(391)
805123(442)
805124(442)
805125(407)
805106(385)
805107(416)
805108(279)
805109(442)
805110(348)
805111(457)
805112(384)
805113(402)
805114(403)
805115(375)
855502(469)
855504(414)
855505(385)
855506(391)
855507(370)
855518(389)
855519(359)
855520(417)
855521(368)
855522(396)
855523(354)
855524(452)
855525(376)
855526(401)
855508(437)
855509(484)
855510(406)
855511(365)
855512(419)
855513(329)
855514(437)
855515(427)
855516(384)
855517(485)
16
805462(402)
805463(321)
805464(345)
805465(274)
805466(322)
805467(357)
805468(407)
805470(405)
805472(445)
805473(378)
805451(343)
805452(411)
805453(464)
805454(380)
805455(339)
805456(471)
805457(342)
805458(409)
805460(306)
805461(327)
805474(390)
805475(399)
805476(317)
805477(310)
805478(447)
Sir Adamjee Institute
805322(87)
805336(106)
805364(94)
805369(83)
805325(157)
805328(155)
805367(101)
805324(148)
805346(197)
805321(251)
805333(217)
805344(236)
805345(237)
805350(203)
805360(224)
856012(213)
856016(372)
856017(287)
856019(443)
805347(318)
805348(397)
805349(473)
805351(325)
805352(357)
805353(342)
805354(298)
805355(288)
805357(253)
805358(333)
805339(319)
805340(304)
805341(319)
805342(344)
805343(336)
805323(340)
805326(304)
805329(421)
805330(348)
805331(348)
805332(484)
805334(259)
805335(334)
805337(359)
805338(430)
856005(419)
856006(341)
856007(310)
856008(390)
856009(387)
856010(339)
856011(354)
856013(325)
856014(387)
856015(333)
805375(337)
856001(422)
856002(378)
856003(372)
856004(415)
805359(325)
805361(403)
805362(316)
805365(367)
805366(423)
805370(445)
805371(270)
805372(312)
805373(326)
805374(347)
Shah Commerce College, F.B. Area
17
805604(95)
805605(83)
805614(95)
805618(102)
805603(116)
805611(135)
805620(132)
805601(190)
805612(162)
805617(198)
805607(261)
805616(278)
805602(261)
805606(297)
805608(322)
805609(328)
856301(453)
856302(427)
856303(285)
856304(268)
856305(422)
856307(277)
856308(306)
856309(299)
856310(357)
856311(317)
College for Advanced Studies
805459(90)
805490(165)
805469(218)
805471(223)
856140(237)
856108(396)
856109(338)
856110(440)
856111(344)
856112(359)
856103(490)
856104(367)
856105(378)
856106(328)
856107(367)
856119(475)
856120(437)
856121(411)
856122(338)
856123(470)
856113(420)
856115(389)
856116(417)
856117(482)
856118(438)
805484(393)
805485(414)
805486(367)
805487(402)
805488(341)
805479(349)
805480(380)
805481(415)
805482(337)
805483(318)
805495(354)
805496(392)
805497(327)
856101(475)
856102(358)
805489(324)
805491(278)
805492(309)
805493(462)
805494(306)
856124(347)
856125(390)
856126(431)
856127(457)
856128(436)
856156(435)
856157(379)
856158(427)
856159(308)
856160(402)
856151(398)
856152(471)
856153(339)
856154(360)
856155(462)
856166(424)
856167(364)
856168(390)
856161(358)
856162(351)
856163(399)
856164(380)
856165(369)
856135(487)
856136(460)
856137(447)
856138(339)
856139(455)
856130(473)
856131(339)
856132(376)
856133(380)
856134(432)
856146(349)
856147(374)
856148(380)
856149(474)
856150(364)
856141(352)
856142(474)
856143(405)
856144(354)
856145(407)
18
806007(334)
806008(296)
806009(326)
806010(415)
806011(359)
806001(281)
806002(376)
806003(315)
806005(326)
806006(402)
Govt. Degree Boys College No. 1 Gulistan-e-Jauhar
856401(203)
805721(289)
805722(383)
805724(328)
805725(342)
805726(321)
856402(255)
The Smart College, F.B. Area
856362(145)
856358(189)
856361(179)
856357(230)
856363(233)
805676(337)
805677(336)
805678(402)
805679(292)
805680(369)
805671(317)
805672(271)
805673(409)
805674(302)
805675(272)
856351(379)
856352(308)
856353(322)
856354(333)
856355(391)
856366(315)
856356(428)
856359(418)
856360(276)
856364(264)
856365(413)
The Caspian College
805613(20)
805621(26)
805619(52)
805622(66)
856306(56)
19
806191(331)
806192(418)
806193(321)
806195(345)
806196(338)
806185(339)
806186(231)
806187(279)
806189(291)
806190(297)
806197(279)
806198(316)
806199(347)
806200(333)
806201(302)
806210(303)
806211(379)
806213(376)
806215(294)
806216(323)
806203(294)
806206(334)
806207(338)
806208(285)
806209(289)
806179(352)
806180(272)
806181(397)
806182(325)
806183(382)
806156(362)
806157(334)
806158(367)
806159(346)
806160(332)
806161(320)
806162(304)
806163(317)
806164(313)
806165(362)
806174(373)
806175(344)
806176(432)
806177(290)
806178(335)
806166(397)
806168(348)
806169(387)
806170(350)
806173(358)
806218(318)
806219(302)
806220(389)
806221(383)
806222(323)
806263(326)
806264(343)
806265(308)
806266(308)
806267(331)
806258(309)
806259(371)
806260(406)
806261(327)
806262(328)
806268(315)
806269(367)
806270(440)
806271(291)
806274(307)
806253(375)
806254(356)
806255(436)
806256(315)
806257(350)
806230(361)
806231(342)
806232(305)
806233(391)
806235(330)
806223(319)
806224(353)
806225(256)
806227(353)
806228(307)
806238(340)
806239(349)
806240(366)
806241(248)
806242(297)
806248(362)
806249(371)
806250(353)
806251(393)
806252(346)
806243(307)
806244(386)
806245(305)
806246(303)
806247(349)
806053(370)
806054(288)
806055(393)
806057(390)
806058(283)
806042(304)
806043(393)
806046(299)
806050(334)
806052(423)
806059(301)
806060(289)
806061(369)
806063(379)
806064(377)
806072(466)
806073(253)
806074(300)
806075(278)
806076(294)
806065(315)
806066(379)
806067(369)
806068(391)
806069(316)
806037(386)
806038(315)
806039(354)
806040(344)
806041(310)
806013(345)
806015(434)
806016(303)
806017(325)
806018(374)
806151(360)
806152(365)
806153(412)
806154(363)
806155(361)
806019(335)
806020(387)
806021(302)
806022(267)
806024(297)
806030(282)
806031(356)
806032(247)
806033(437)
806034(384)
806025(392)
806026(370)
806027(315)
806028(400)
806029(348)
806078(296)
806079(364)
806080(245)
806081(373)
806082(374)
806129(294)
806131(277)
806132(323)
806133(394)
806134(337)
806123(325)
806124(339)
806125(305)
806126(318)
806128(358)
806135(286)
806136(350)
806137(285)
806138(352)
806139(341)
806145(342)
806147(320)
806148(320)
806149(345)
806150(333)
806140(350)
806141(350)
806142(453)
806143(348)
806144(286)
806118(376)
806119(322)
806120(350)
806121(280)
806122(372)
806091(247)
806092(401)
806094(360)
806095(337)
806096(369)
806083(332)
806084(398)
806085(406)
806086(331)
806089(299)
806097(318)
806099(292)
806100(345)
806102(365)
806103(338)
806112(319)
806113(374)
806114(334)
806115(254)
806117(399)
806104(254)
806105(285)
806108(306)
806110(427)
806111(312)
20
806711(291)
806714(267)
806746(279)
806762(252)
806764(270)
806765(298)
806793(354)
806800(317)
806805(324)
806806(337)
806676(250)
806677(243)
806700(311)
806706(327)
806709(278)
806618(293)
806629(289)
806639(340)
806651(283)
806658(236)
806659(298)
806660(311)
806665(321)
806666(368)
806675(205)
806807(332)
806818(227)
806821(292)
806828(297)
806842(266)
806844(308)
806853(342)
806856(365)
806858(291)
806859(299)
Govt. Degree Boys College No. 2 Gulistan-e-Jauhar
806205(167)
806226(147)
806036(242)
806047(162)
806048(175)
806056(189)
806062(175)
806087(185)
806088(181)
806090(187)
806276(237)
806292(205)
806319(227)
806322(201)
806336(207)
806093(289)
806098(247)
806101(251)
806106(238)
806107(247)
806109(231)
806116(268)
806127(258)
806130(239)
806167(350)
806012(275)
806014(197)
806035(234)
806044(311)
806045(272)
806049(256)
806051(227)
806070(262)
806071(267)
806077(226)
806171(328)
806172(285)
806184(271)
806188(273)
806194(238)
806273(301)
806282(236)
806293(227)
806307(331)
806310(291)
806311(253)
806321(299)
806344(235)
806202(232)
806204(221)
806212(270)
806214(310)
806217(242)
806229(295)
806234(210)
806236(268)
806237(236)
806272(319)
806294(375)
806295(333)
806296(374)
806297(387)
806299(335)
806300(337)
806301(394)
806302(294)
806303(355)
806304(371)
806305(312)
806306(356)
806308(390)
806309(364)
806313(352)
806275(250)
806277(353)
806278(339)
806279(347)
806280(359)
806281(345)
806283(402)
806284(420)
806285(401)
806286(362)
806287(377)
806288(362)
806289(354)
806290(313)
806291(414)
806335(354)
806337(368)
806338(300)
806339(350)
806340(260)
806341(303)
806342(350)
806343(330)
806346(302)
806347(326)
806348(327)
806349(363)
806350(372)
806314(379)
806315(351)
806316(369)
806317(347)
806318(361)
806323(327)
806325(290)
806326(394)
806327(348)
806329(326)
806330(383)
806331(397)
806332(315)
806333(373)
806334(317)
21
806698(94)
806701(139)
806729(116)
806730(126)
806735(107)
806654(112)
806672(104)
806685(135)
806688(143)
806697(116)
806627(134)
806634(100)
806643(134)
806647(120)
806653(162)
806724(161)
806727(176)
806728(179)
806756(138)
806772(183)
806781(172)
806796(169)
806814(153)
806819(207)
806827(188)
806848(206)
806849(214)
806866(148)
806870(149)
806879(181)
806699(155)
806716(161)
806718(185)
806719(146)
806720(210)
806601(162)
806606(167)
806607(161)
806611(197)
806631(148)
806632(162)
806642(147)
806652(193)
806657(166)
806674(158)
806680(132)
806682(166)
806687(171)
806689(182)
806692(191)
807050(177)
807061(128)
807063(167)
807071(189)
807072(144)
807079(159)
807088(165)
807091(180)
807094(177)
807104(173)
807110(177)
807113(156)
806994(183)
806996(164)
807002(142)
807016(151)
807024(153)
806881(151)
806882(156)
806888(152)
806893(168)
806899(179)
806900(189)
806914(193)
806925(170)
806926(164)
806935(184)
806947(178)
806958(201)
806964(149)
806969(167)
806984(162)
807102(280)
807106(210)
807108(253)
807109(247)
807054(183)
807056(192)
807082(212)
807096(209)
807101(265)
806725(191)
806726(198)
806737(222)
806750(206)
806752(288)
806760(178)
806768(209)
806777(210)
806782(187)
806787(209)
806810(214)
806829(216)
806843(222)
806846(224)
806871(204)
806603(198)
806604(223)
806605(213)
806609(219)
806610(213)
806613(222)
806615(282)
806616(206)
806621(191)
806628(200)
806656(204)
806662(230)
806690(258)
806702(223)
806717(220)
806872(206)
806880(187)
806885(242)
806887(286)
806898(231)
806978(209)
806983(252)
806987(197)
806997(211)
807000(199)
807001(175)
807005(179)
807006(185)
807007(256)
807014(234)
807015(228)
807020(184)
807026(200)
807027(231)
807040(208)
806910(236)
806912(216)
806918(219)
806919(186)
806924(234)
806929(238)
806943(205)
806944(197)
806948(207)
806949(228)
806955(208)
806960(227)
806962(200)
806963(194)
806967(246)
806989(255)
806991(356)
806992(295)
806993(337)
806995(261)
807003(203)
807008(272)
807032(289)
807041(342)
807043(273)
806861(322)
806891(289)
806923(309)
806937(292)
806954(284)
806957(251)
806959(285)
806966(240)
806977(294)
806986(294)
807078(245)
807080(257)
807087(217)
807099(295)
807111(267)
807112(285)
807047(220)
807049(331)
807053(232)
807066(233)
807067(282)
807068(218)
807069(248)
807070(226)
807076(256)
807077(246)
22
806710(27)
806713(38)
806721(17)
806723(17)
806736(25)
806635(19)
806640(33)
806645(35)
806668(26)
806703(21)
806612(26)
806619(42)
806622(31)
806623(28)
806626(20)
806739(62)
806744(35)
806747(55)
806754(58)
806761(47)
806766(52)
806769(76)
806771(60)
806773(59)
806776(77)
806780(58)
806790(53)
806801(81)
806809(58)
806816(52)
806602(51)
806608(84)
806617(58)
806620(69)
806630(45)
806655(50)
806664(85)
806673(59)
806681(61)
806686(43)
806693(69)
806704(71)
806707(73)
806715(47)
806732(74)
806952(68)
806970(57)
806972(53)
806976(62)
806981(41)
806999(43)
807010(63)
807011(73)
807022(54)
807029(68)
807044(49)
807073(37)
807085(38)
807095(62)
806820(51)
806824(38)
806836(36)
806847(67)
806857(55)
806862(71)
806889(54)
806894(50)
806909(65)
806917(60)
806921(49)
806927(52)
806928(45)
806934(57)
806950(67)
807018(77)
807019(85)
807033(78)
807034(84)
807037(89)
807052(82)
807057(75)
807059(81)
807062(93)
807081(101)
807093(97)
807103(97)
806965(85)
806968(96)
806973(104)
806974(92)
806982(101)
806708(82)
806722(107)
806733(118)
806738(122)
806745(96)
806763(103)
806775(96)
806784(83)
806802(98)
806804(95)
806624(80)
806636(86)
806650(97)
806661(83)
806663(111)
806669(104)
806671(99)
806679(86)
806694(119)
806696(90)
806808(78)
806815(110)
806823(73)
806825(85)
806831(114)
806883(109)
806895(101)
806905(96)
806906(86)
806911(100)
806913(95)
806915(84)
806938(82)
806942(116)
806946(77)
806832(81)
806833(82)
806835(94)
806841(96)
806850(103)
806860(101)
806865(81)
806869(107)
806876(102)
806878(92)
806812(135)
806822(164)
806830(107)
806834(144)
806837(105)
806852(132)
806854(153)
806874(129)
806892(140)
806903(123)
806904(139)
806907(130)
806920(157)
806930(160)
806932(126)
806740(132)
806741(122)
806742(108)
806748(129)
806751(135)
806753(129)
806757(161)
806759(145)
806767(155)
806778(144)
806779(132)
806785(117)
806789(116)
806798(167)
806811(139)
807051(107)
807058(123)
807060(105)
807074(100)
807075(110)
807083(116)
807089(142)
807090(132)
807097(122)
807098(135)
807100(143)
807107(168)
807114(121)
806933(122)
806936(139)
806940(140)
806956(129)
806971(144)
806975(157)
806979(147)
807013(149)
807021(120)
807023(133)
807025(118)
807031(154)
807036(121)
807038(123)
807046(121)
23
807900(292)
807903(240)
807907(343)
807909(411)
807913(333)
807879(371)
807886(275)
807887(389)
807888(256)
807898(444)
807922(220)
807925(325)
807929(363)
807931(321)
807935(296)
807952(271)
807953(276)
807954(269)
807957(337)
807958(295)
807937(395)
807940(267)
807941(322)
807942(341)
807944(386)
807868(446)
807869(316)
807871(397)
807872(355)
807875(341)
807819(345)
807822(349)
807825(336)
807827(339)
807828(318)
807839(295)
807840(267)
807842(294)
807843(315)
807844(315)
807853(301)
807854(366)
807857(307)
807858(442)
807863(335)
807845(276)
807848(274)
807849(306)
807851(331)
807852(314)
807961(351)
807962(308)
807963(322)
807964(367)
807967(292)
808046(307)
808047(341)
808049(264)
808052(299)
808053(284)
808037(297)
808040(364)
808042(386)
808043(368)
808045(307)
808054(388)
808056(301)
808058(251)
808059(288)
808061(239)
808028(294)
808029(252)
808030(300)
808032(383)
808033(290)
807982(262)
807984(327)
807988(286)
807990(378)
807995(348)
807968(365)
807969(313)
807978(237)
807980(308)
807981(235)
807998(406)
808002(329)
808003(244)
808004(278)
808006(250)
808020(333)
808023(261)
808025(290)
808026(221)
808027(369)
808007(354)
808012(253)
808015(358)
808016(264)
808018(420)
807714(256)
807720(336)
807721(378)
807722(340)
807724(316)
807727(292)
807728(291)
807730(381)
807732(256)
807733(237)
807735(417)
807736(311)
807738(280)
807739(359)
807741(311)
807706(325)
807707(240)
807708(368)
807711(275)
807713(278)
807813(328)
807814(340)
807815(293)
807816(243)
807817(365)
807676(275)
807678(261)
807685(309)
807686(267)
807691(288)
807692(326)
807694(264)
807695(302)
807699(348)
807702(369)
807783(245)
807784(265)
807785(358)
807786(262)
807788(305)
807792(319)
807793(261)
807795(269)
807796(349)
807797(365)
807801(277)
807803(283)
807805(392)
807808(298)
807812(333)
807767(325)
807769(333)
807771(273)
807778(282)
807780(351)
807742(379)
807743(330)
807744(382)
807749(299)
807751(332)
807752(381)
807753(302)
807754(329)
807755(302)
807757(237)
807758(423)
807759(257)
807763(306)
807765(369)
807766(351)
Govt. Deg. Sc./Commerce College Block 7, Gulshan-e-Iqbal
806826(22)
806838(20)
806840(22)
806845(23)
806851(25)
806791(41)
806797(33)
806799(34)
806803(24)
806813(22)
806755(25)
806758(17)
806770(31)
806783(25)
806786(22)
806985(34)
806988(36)
806990(23)
807009(30)
807012(37)
807017(22)
807028(27)
807030(21)
807039(28)
806863(35)
806864(22)
806897(22)
806908(19)
806922(18)
806931(18)
806939(26)
806945(20)
806953(21)
806961(23)
24
808293(285)
808294(303)
808295(365)
808296(298)
808297(273)
808285(260)
808286(254)
808287(306)
808288(333)
808289(347)
808299(270)
808302(330)
808303(260)
808306(403)
808307(291)
808314(326)
808321(379)
808326(282)
808329(250)
808332(318)
808308(318)
808309(362)
808311(289)
808312(351)
808313(305)
808274(385)
808275(372)
808279(313)
808283(349)
808284(322)
808241(322)
808243(277)
808244(316)
808245(335)
808246(329)
808248(311)
808252(272)
808254(328)
808255(340)
808259(428)
808267(391)
808269(315)
808270(384)
808271(283)
808273(399)
808261(278)
808262(337)
808263(338)
808264(333)
808266(410)
808333(319)
808334(325)
808344(241)
808348(284)
857351(360)
857402(277)
857403(439)
857404(426)
857406(345)
857407(311)
857396(367)
857398(330)
857399(422)
857400(370)
857401(372)
857408(389)
857411(339)
857414(451)
857415(422)
857416(440)
857388(410)
857389(351)
857390(365)
857391(341)
857392(418)
857358(457)
857359(388)
857360(412)
857362(348)
857363(332)
857352(349)
857353(449)
857354(241)
857355(411)
857357(335)
857364(300)
857365(321)
857367(225)
857368(422)
857369(442)
857376(286)
857379(316)
857381(292)
857382(408)
857386(384)
857371(336)
857372(293)
857373(281)
857374(346)
857375(394)
808120(331)
808122(303)
808125(349)
808126(295)
808127(342)
808111(321)
808116(354)
808117(299)
808118(323)
808119(354)
808129(266)
808130(305)
808132(296)
808136(395)
808137(333)
808144(310)
808146(392)
808147(279)
808148(347)
808149(348)
808138(430)
808139(295)
808140(364)
808141(352)
808143(338)
808104(349)
808106(276)
808107(292)
808108(325)
808109(332)
808062(291)
808063(241)
808070(220)
808071(389)
808072(333)
808236(348)
808237(350)
808238(320)
808239(320)
808240(418)
808073(329)
808074(363)
808075(260)
808076(447)
808087(424)
808094(264)
808095(281)
808098(363)
808099(387)
808100(324)
808088(304)
808089(362)
808090(404)
808091(353)
808093(248)
808150(379)
808151(349)
808152(289)
808153(359)
808155(375)
808213(379)
808214(363)
808215(372)
808217(383)
808218(380)
808208(395)
808209(348)
808210(412)
808211(405)
808212(393)
808219(309)
808220(362)
808221(344)
808223(407)
808224(359)
808230(352)
808231(376)
808233(377)
808234(394)
808235(348)
808225(315)
808226(315)
808227(375)
808228(326)
808229(389)
808198(395)
808200(320)
808201(332)
808206(396)
808207(387)
808162(355)
808163(368)
808164(379)
808165(378)
808166(321)
808156(367)
808157(346)
808159(436)
808160(389)
808161(377)
808169(448)
808170(355)
808171(347)
808172(274)
808175(358)
808191(382)
808192(378)
808194(330)
808195(342)
808197(421)
808177(434)
808178(379)
808179(344)
808180(434)
808189(318)
25
807837(202)
807838(266)
807847(216)
807867(264)
807906(290)
807794(201)
807802(216)
807818(235)
807826(210)
807831(221)
807921(240)
807930(242)
807933(231)
807948(222)
807949(217)
807908(267)
807914(259)
807915(272)
807918(273)
807919(226)
807689(193)
807696(174)
807701(282)
807710(271)
807725(185)
807674(219)
807675(200)
807677(237)
807687(226)
807688(213)
807777(281)
807779(243)
807787(264)
807790(242)
807791(203)
807746(197)
807761(273)
807768(236)
807774(195)
807775(208)
807960(219)
807965(228)
807972(205)
807989(227)
808000(216)
808096(210)
808097(221)
808102(257)
808105(239)
808112(253)
808024(200)
808036(279)
808039(257)
808041(221)
808044(222)
808001(198)
808008(193)
808013(209)
808017(216)
808019(256)
808079(282)
808080(206)
808083(251)
808085(279)
808086(185)
808050(222)
808051(238)
808064(259)
808065(302)
808069(247)
857579(385)
857580(327)
857581(414)
857583(369)
857585(342)
857574(378)
857575(400)
857576(430)
857577(384)
857578(331)
857586(426)
857587(463)
857588(390)
857589(383)
857590(311)
857599(318)
857600(269)
857592(324)
857593(310)
857594(388)
857595(410)
857596(371)
857569(383)
857570(307)
857571(353)
857572(342)
857573(317)
857466(387)
857468(340)
857469(334)
857470(292)
857471(363)
857460(369)
857461(350)
857462(353)
857463(268)
857464(365)
857472(350)
857473(396)
857475(375)
857476(447)
857477(317)
857486(375)
857488(419)
857492(381)
857493(299)
857495(343)
857478(392)
857481(326)
857482(375)
857483(367)
857485(411)
857454(383)
857456(373)
857457(338)
857458(307)
857459(440)
857423(317)
857426(401)
857427(400)
857428(326)
857429(306)
857417(369)
857418(443)
857420(250)
857421(349)
857422(330)
857430(341)
857434(363)
857436(386)
857438(419)
857439(285)
857446(265)
857450(312)
857451(274)
857452(283)
857453(282)
857440(355)
857441(319)
857442(346)
857443(281)
857445(403)
857545(314)
857546(423)
857547(425)
857548(352)
857549(445)
857540(384)
857541(434)
857542(410)
857543(346)
857544(309)
857550(352)
857552(411)
857553(280)
857554(328)
857555(388)
857564(410)
857565(401)
857566(450)
857567(456)
857568(349)
857557(432)
857558(401)
857559(356)
857560(379)
857561(313)
857532(363)
857533(362)
857537(394)
857538(413)
857539(378)
857504(334)
857506(248)
857507(375)
857509(287)
857510(429)
857498(358)
857499(419)
857500(382)
857501(350)
857502(355)
857511(386)
857512(434)
857513(388)
857514(468)
857515(430)
857527(404)
857528(432)
857529(260)
857530(417)
857531(417)
857518(314)
857519(399)
857521(359)
857523(342)
857524(424)
26
807820(137)
807824(162)
807856(114)
807873(115)
807874(129)
807745(155)
807748(125)
807776(108)
807800(123)
807810(129)
807684(147)
807704(129)
807705(135)
807719(156)
807740(107)
807878(132)
807882(139)
807889(128)
807902(161)
807936(121)
807945(189)
807947(170)
807951(182)
807955(222)
807956(163)
807970(163)
807971(145)
807973(165)
807979(176)
807987(181)
808009(154)
808014(170)
808022(199)
808031(194)
808034(159)
807920(199)
807926(231)
807927(197)
807928(187)
807932(164)
807807(197)
807829(195)
807832(213)
807833(211)
807846(188)
807850(175)
807855(158)
807859(173)
807861(165)
807865(146)
807880(198)
807881(180)
807893(230)
807910(182)
807912(184)
808035(164)
808057(148)
808068(153)
808081(145)
808082(174)
857356(215)
857361(204)
857366(209)
857410(215)
857437(231)
857489(235)
857494(250)
857497(216)
857522(197)
857534(157)
857563(165)
808328(255)
808341(210)
808342(197)
808346(224)
808349(200)
808113(213)
808124(240)
808133(208)
808135(192)
808168(200)
808196(224)
808205(241)
808216(202)
808222(231)
808250(191)
808291(168)
808315(251)
808317(241)
808320(235)
808327(234)
807781(154)
807789(189)
807799(162)
807804(191)
807806(166)
807682(174)
807683(164)
807690(180)
807700(183)
807703(188)
807715(216)
807723(163)
807726(210)
807729(220)
807731(173)
807734(155)
807737(167)
807747(173)
807750(188)
807773(180)
808265(317)
808268(269)
808272(243)
808276(247)
808277(236)
808247(224)
808249(244)
808256(244)
808257(250)
808260(223)
808298(241)
808300(189)
808301(258)
808304(248)
808305(224)
808278(236)
808281(227)
808282(245)
808290(260)
808292(281)
808199(226)
808202(227)
808203(343)
808232(272)
808242(323)
808131(252)
808134(322)
808142(238)
808145(276)
808154(214)
808114(289)
808115(271)
808121(283)
808123(257)
808128(244)
808185(219)
808186(230)
808187(190)
808188(270)
808193(339)
808158(288)
808173(267)
808174(250)
808176(292)
808184(305)
857503(316)
857535(224)
857536(257)
857551(309)
857556(181)
857480(236)
857487(233)
857490(328)
857491(332)
857496(296)
857598(312)
857601(283)
857562(257)
857582(243)
857584(262)
857591(277)
857597(229)
857444(297)
857447(212)
857449(284)
857465(320)
857479(266)
808330(272)
808331(203)
808335(222)
808336(250)
808337(284)
808310(289)
808318(337)
808323(233)
808324(251)
808325(245)
857405(224)
857413(217)
857419(275)
857424(254)
857432(212)
808338(260)
808339(314)
808343(260)
857377(221)
857380(294)
27
808481(299)
808482(404)
808483(381)
808484(423)
808485(403)
Commecs College
808405(217)
808402(247)
858551(257)
808401(348)
808403(294)
808404(327)
808406(277)
808407(249)
858552(318)
Bahria Foundation College (Gulshan-e-Iqbal Campus)
807901(30)
807977(38)
808048(37)
808319(36)
807671(35)
807698(33)
807836(20)
807841(51)
807877(21)
807896(53)
807899(52)
807911(75)
807950(36)
807975(42)
807718(89)
807830(61)
807862(55)
807884(58)
807891(37)
807672(60)
807681(49)
807712(77)
807716(60)
807717(74)
808183(75)
857394(60)
857409(34)
857525(67)
808077(54)
808078(89)
808084(83)
808092(59)
808181(87)
807983(53)
807991(65)
807993(62)
807997(50)
808021(63)
807876(90)
807885(84)
807892(95)
807894(87)
807904(93)
807772(91)
807809(90)
807811(83)
807864(99)
807866(96)
807693(80)
807697(99)
807756(127)
807764(96)
807770(72)
807916(96)
807917(100)
807938(89)
807939(101)
807976(107)
857387(121)
857393(97)
857412(97)
857520(125)
857526(115)
808067(101)
808182(105)
808347(113)
857384(86)
857385(111)
807986(83)
807994(85)
808005(68)
808011(100)
808038(89)
808066(128)
808167(158)
808190(195)
808253(186)
808316(169)
807992(131)
807996(153)
807999(122)
808055(127)
808060(133)
807943(150)
807946(137)
807959(119)
807966(121)
807985(158)
857448(145)
857474(180)
857484(152)
857517(130)
857395(165)
857397(135)
857431(161)
857433(181)
857435(153)
808340(142)
808350(153)
857370(124)
857378(142)
857383(180)
28
808511(187)
808528(241)
808514(252)
808526(337)
808561(233)
858654(281)
858632(449)
858633(489)
858634(454)
858635(483)
858636(473)
858627(408)
858628(391)
858629(468)
858630(445)
858631(481)
858622(422)
858623(483)
858624(500)
858625(399)
858626(456)
858637(444)
858638(431)
858639(469)
858640(462)
858642(409)
858653(407)
858655(461)
858656(463)
858648(408)
858649(465)
858650(460)
858651(443)
858652(483)
858643(480)
858644(476)
858645(454)
858646(458)
858647(492)
808523(366)
808524(373)
808525(393)
808527(448)
808529(407)
808518(387)
808519(392)
808520(337)
808521(367)
808522(381)
808530(409)
808531(289)
808532(404)
808533(342)
808534(411)
808540(350)
808541(369)
808542(412)
808543(412)
808544(421)
808535(412)
808536(417)
808537(311)
808538(396)
808539(413)
808512(408)
808513(383)
808515(415)
808516(417)
808517(415)
808491(394)
808492(258)
808493(366)
808494(323)
808495(322)
808486(406)
808487(404)
808488(413)
808489(395)
808490(376)
808496(417)
808497(377)
808498(364)
808499(454)
808500(405)
808506(359)
808507(391)
808508(348)
808509(421)
808510(394)
808501(410)
808502(449)
808503(386)
808504(262)
808505(277)
808545(374)
808546(388)
808547(399)
808548(436)
808549(430)
858602(443)
858603(383)
858604(434)
858605(465)
858606(465)
808581(473)
808582(392)
808583(320)
808584(368)
858601(346)
858607(418)
858608(420)
858609(407)
858610(405)
858611(461)
858617(499)
858618(389)
858619(450)
858620(475)
858621(447)
858612(395)
858613(411)
858614(371)
858615(463)
858616(482)
808576(417)
808577(332)
808578(375)
808579(355)
808580(278)
808555(404)
808556(313)
808557(424)
808558(411)
808559(351)
808550(377)
808551(367)
808552(380)
808553(428)
808554(372)
808560(443)
808562(354)
808563(411)
808564(374)
808565(436)
808571(362)
808572(359)
808573(424)
808574(363)
808575(396)
808566(341)
808567(402)
808568(435)
808569(328)
808570(340)
29
808901(294)
808902(303)
808905(249)
808904(307)
859101(460)
859102(353)
859103(435)
Metropolitan Intermediate College, Gulistan-e-Jauhar
808731(187)
808732(290)
858852(223)
858851(285)
Ideal Grammer Higher Secondary School, Suparco Road
858751(168)
858752(203)
808662(315)
858753(336)
Ghazi Foundation College, Gulshan-e-Iqbal
30
859459(433)
859460(435)
859461(366)
859462(463)
859463(478)
859464(450)
859465(484)
859466(424)
859467(454)
859468(454)
859469(482)
859470(431)
859471(410)
859472(365)
859473(376)
809051(361)
809052(418)
809053(357)
809054(390)
809055(412)
809056(386)
809057(419)
859451(435)
859452(473)
859453(448)
859454(463)
859455(476)
859456(472)
859457(436)
859458(466)
859489(460)
859490(389)
859491(402)
859492(388)
859493(429)
859494(421)
859495(395)
859496(381)
859497(499)
859498(471)
859499(398)
859500(377)
859501(329)
859502(457)
859474(362)
859475(461)
859476(411)
859477(466)
859478(479)
859479(443)
859480(395)
859481(464)
859482(449)
859483(452)
859484(381)
859485(463)
859486(471)
859487(464)
859488(501)
809036(432)
809037(456)
809038(366)
809039(444)
809040(364)
809031(419)
809032(443)
809033(432)
809034(430)
809035(435)
809046(397)
809047(441)
809048(410)
809049(475)
809050(410)
809041(448)
809042(385)
809043(434)
809044(470)
809045(445)
Bahria College (Karsaz)
808962(352)
808963(354)
808964(331)
808965(315)
859201(441)
Shaheen Public College, Gulistan-e-Jauhar
31
809401(353)
809402(315)
809403(346)
809404(333)
809405(289)
The Smart College, University Road
859906(79)
859904(158)
809307(144)
859901(179)
809312(423)
809313(418)
809314(427)
809315(420)
809316(332)
809306(426)
809308(387)
809309(290)
809310(401)
809311(376)
809317(357)
809318(329)
809319(367)
809320(426)
809321(360)
859903(321)
859905(439)
809322(422)
809323(396)
809324(391)
809325(369)
859902(296)
809301(385)
809302(377)
809303(393)
809304(369)
809305(329)
Rowan College
809258(110)
809260(115)
859855(96)
809252(213)
809257(277)
809259(233)
809261(224)
859851(237)
809251(326)
809253(290)
809254(311)
809255(326)
809256(303)
809262(329)
859852(318)
859853(324)
859854(354)
Adler College
32
809502(309)
809510(289)
809507(384)
809508(412)
809509(381)
809511(313)
809512(378)
809501(380)
809503(322)
809504(369)
809505(346)
809506(343)
809513(360)
809514(310)
809515(313)
809516(386)
809517(293)
860106(298)
860101(433)
860102(397)
860103(413)
860104(404)
860105(403)
Shah Commerce College (Gulshan Campus)
860052(60)
809464(90)
809462(216)
860051(240)
809461(335)
809463(347)
809465(346)
809466(332)
The Smart College, Gulshan-e-Iqbal Block-6
860001(301)
33
809721(260)
809722(330)
860451(311)
Everest Grammar Higher Secondary School, Block-13, Gulistan-e-Jauhar
809677(355)
860401(305)
860402(353)
860403(311)
860404(329)
860405(350)
809671(370)
809672(385)
809673(312)
809674(410)
809676(347)
Beaconhouse School System Higher Secondary Gulistan-e-Jauhar Campus
809559(119)
809554(215)
809557(172)
860275(176)
809552(241)
809558(224)
860272(220)
809553(271)
809555(384)
809560(331)
860271(431)
860273(387)
860274(368)
860276(412)
The City School, University Road Campus
34
810068(196)
810074(281)
810079(194)
810094(196)
810097(241)
810022(201)
810023(206)
810028(211)
810040(225)
810064(194)
810002(237)
810005(185)
810013(203)
810019(206)
810020(193)
810355(270)
810359(353)
810360(291)
810366(281)
810367(360)
810340(320)
810342(375)
810346(302)
810350(252)
810352(321)
810379(309)
810381(365)
810382(265)
810383(304)
810384(315)
810371(281)
810372(279)
810373(321)
810374(310)
810378(284)
810313(325)
810314(274)
810315(305)
810318(261)
810320(257)
810305(377)
810306(320)
810307(364)
810309(320)
810311(308)
810334(364)
810335(381)
810336(320)
810337(306)
810339(302)
810322(277)
810323(363)
810325(343)
810327(278)
810333(249)
810457(258)
810460(288)
810461(274)
810462(303)
810463(384)
810438(257)
810444(367)
810447(315)
810448(248)
810452(296)
810495(279)
810503(263)
810505(303)
810506(302)
810465(280)
810473(287)
810479(310)
810480(308)
810494(295)
810399(288)
810400(301)
810403(253)
810407(274)
810408(309)
810390(291)
810391(292)
810393(281)
810394(261)
810395(262)
810423(285)
810425(269)
810430(322)
810434(279)
810435(281)
810409(302)
810411(337)
810414(267)
810415(285)
810416(347)
810292(306)
810293(377)
810295(323)
810296(238)
810302(312)
810078(248)
810083(218)
810085(234)
810088(227)
810096(320)
810099(237)
810106(273)
810110(289)
810112(215)
810125(239)
810070(332)
810071(288)
810072(321)
810075(362)
810076(225)
810027(261)
810031(246)
810034(302)
810037(316)
810048(244)
810049(276)
810052(245)
810056(335)
810059(366)
810069(257)
810247(303)
810260(284)
810261(298)
810264(296)
810270(262)
810281(282)
810284(322)
810287(336)
810288(283)
810290(315)
810194(233)
810208(288)
810216(252)
810228(268)
810229(239)
810155(318)
810162(389)
810165(259)
810177(240)
810179(266)
810181(293)
810183(276)
810187(239)
810192(212)
810193(211)
Aisha Bawany Govt. College (Evening)
809728(23)
809723(106)
809724(214)
809725(199)
809726(214)
809727(211)
35
810066(123)
810082(105)
810086(98)
810122(147)
810124(127)
810130(114)
810137(136)
810149(146)
810157(112)
810159(120)
810003(121)
810009(143)
810012(148)
810017(132)
810032(115)
810036(97)
810047(112)
810050(126)
810057(142)
810063(143)
810166(149)
810169(116)
810172(116)
810213(184)
810223(132)
810232(160)
810254(130)
810259(151)
810265(152)
810271(149)
810217(168)
810225(163)
810230(186)
810233(189)
810234(191)
810238(168)
810242(152)
810246(160)
810248(149)
810253(186)
810267(201)
810294(219)
810300(198)
810303(179)
810304(261)
810140(162)
810141(177)
810142(169)
810153(182)
810154(199)
810167(172)
810168(166)
810170(217)
810173(162)
810174(197)
810178(162)
810180(178)
810185(164)
810207(209)
810209(132)
810321(232)
810329(181)
810330(190)
810343(188)
810344(169)
810426(184)
810431(167)
810443(184)
810445(179)
810446(197)
810449(191)
810451(170)
810453(184)
810459(208)
810472(178)
810477(175)
810482(205)
810347(181)
810361(172)
810362(171)
810363(193)
810364(188)
810370(182)
810387(190)
810388(200)
810392(183)
810397(184)
810398(183)
810401(185)
810402(181)
810413(202)
810422(246)
810114(192)
810115(164)
810123(159)
810126(178)
810132(152)
810004(177)
810007(168)
810010(211)
810016(170)
810018(179)
810021(194)
810041(189)
810042(135)
810053(148)
810058(141)
810077(159)
810095(162)
810098(168)
810101(188)
810113(166)
810301(228)
810312(272)
810319(266)
810324(199)
810326(253)
810285(209)
810286(261)
810291(246)
810297(186)
810298(226)
810354(196)
810356(215)
810357(238)
810358(202)
810368(259)
810332(218)
810341(294)
810345(297)
810349(252)
810351(300)
810263(245)
810266(243)
810269(210)
810274(223)
810278(213)
810118(193)
810120(189)
810145(199)
810146(217)
810158(216)
810102(273)
810105(209)
810107(213)
810109(213)
810116(204)
810224(206)
810245(244)
810249(234)
810256(167)
810262(266)
810184(255)
810199(198)
810204(213)
810212(235)
810218(228)
810481(258)
810483(270)
810484(241)
810485(260)
810486(251)
810468(290)
810474(217)
810475(280)
810476(269)
810478(196)
810497(234)
810498(252)
810488(258)
810489(204)
810490(195)
810492(262)
810493(215)
810442(231)
810456(235)
810464(229)
810466(254)
810467(261)
810389(260)
810406(253)
810412(207)
810417(211)
810420(203)
810369(259)
810375(268)
810380(188)
810385(247)
810386(225)
810432(263)
810433(239)
810437(248)
810440(287)
810441(189)
810421(200)
810424(239)
810427(221)
810428(191)
810429(265)
36
810723(283)
810724(304)
810725(276)
810726(264)
810727(362)
810728(357)
810731(309)
810732(313)
810733(322)
810734(318)
810735(338)
810736(379)
810737(296)
810738(363)
810739(312)
810718(341)
810719(427)
810720(266)
810721(319)
810722(349)
810702(330)
810703(342)
810704(287)
810705(337)
810706(362)
810707(303)
810708(294)
810709(337)
810710(329)
810711(312)
810712(345)
810714(401)
810715(339)
810716(354)
810717(315)
810762(343)
810763(349)
810765(345)
810766(352)
810767(407)
810740(317)
810741(297)
810742(349)
810744(335)
810745(325)
810746(398)
810747(346)
810748(374)
810749(305)
810751(326)
810752(322)
810755(334)
810756(364)
810757(357)
810761(366)
Aisha Bawany Govt. College (Morning)
810108(17)
810119(25)
810121(18)
810128(38)
810133(25)
810039(18)
810046(28)
810065(29)
810084(42)
810100(24)
810152(17)
810161(25)
810164(25)
810176(40)
810182(36)
810268(23)
810283(30)
810198(23)
810205(38)
810240(32)
810241(17)
810251(39)
810272(55)
810273(59)
810279(67)
810282(65)
810299(79)
810227(71)
810237(59)
810243(43)
810244(67)
810250(57)
810111(67)
810127(66)
810134(53)
810138(51)
810160(36)
810067(58)
810087(53)
810089(60)
810091(63)
810093(51)
810008(50)
810015(61)
810025(66)
810045(72)
810060(51)
810214(61)
810219(50)
810220(54)
810221(67)
810226(55)
810202(65)
810203(59)
810206(51)
810210(73)
810211(64)
810163(60)
810171(54)
810188(44)
810189(59)
810197(51)
810104(87)
810117(83)
810129(87)
810131(91)
810139(80)
810143(90)
810144(93)
810148(81)
810150(91)
810156(86)
810054(99)
810055(77)
810061(99)
810090(85)
810103(97)
810011(80)
810024(101)
810026(92)
810029(93)
810030(96)
810033(81)
810038(94)
810043(98)
810044(79)
810051(73)
810331(118)
810365(88)
810376(112)
810499(87)
810500(84)
810502(117)
810255(98)
810257(94)
810275(73)
810277(77)
810280(79)
810186(96)
810190(109)
810191(93)
810200(95)
810201(92)
810222(85)
810231(104)
810235(94)
810236(87)
810239(96)
810377(146)
810396(132)
810404(127)
810436(160)
810439(161)
810276(151)
810316(145)
810328(121)
810338(172)
810353(170)
810504(116)
810507(148)
810508(129)
810450(137)
810454(150)
810469(167)
810470(136)
810501(150)
37
811050(310)
811062(289)
811063(273)
811064(301)
811071(255)
811038(253)
811039(321)
811047(356)
811048(279)
811049(294)
811073(264)
811085(244)
811105(260)
811107(322)
811119(249)
811132(253)
811136(237)
811137(264)
811138(244)
811140(251)
811120(272)
811121(273)
811127(256)
811128(224)
811129(234)
811012(299)
811014(261)
811016(272)
811019(279)
811031(253)
810979(286)
810980(289)
810981(298)
810982(334)
810983(269)
810956(267)
810972(286)
810975(276)
810976(281)
810978(278)
810984(285)
810986(293)
810987(307)
810988(357)
810989(358)
811005(261)
811008(330)
811009(298)
811010(269)
811011(339)
810990(303)
810992(268)
810997(278)
810998(317)
810999(326)
811269(263)
811270(286)
811271(290)
811280(350)
811298(253)
811239(238)
811242(271)
811244(266)
811245(278)
811261(251)
811230(388)
811231(351)
811235(283)
811236(265)
811237(259)
811162(273)
811178(238)
811179(335)
811180(294)
811197(298)
811145(258)
811153(300)
811154(248)
811155(226)
811156(265)
811198(297)
811199(253)
811200(283)
811203(265)
811204(259)
811213(309)
811221(322)
811222(291)
811225(337)
811227(309)
811205(258)
811206(252)
811207(279)
811209(274)
811212(302)
Govt. Degree Boys College, KMC Store Nishter Road
810773(42)
810743(111)
810812(118)
810729(170)
810750(195)
810785(191)
810758(344)
810759(258)
810760(248)
810764(261)
810769(338)
810701(307)
810713(218)
810730(283)
810753(311)
810754(279)
810795(272)
810797(298)
810800(262)
810803(255)
810774(270)
810776(274)
810779(233)
810780(246)
810781(247)
810786(321)
810787(332)
810788(318)
810789(382)
810790(304)
810777(346)
810778(296)
810782(303)
810783(343)
810784(356)
810768(289)
810770(411)
810771(351)
810772(357)
810775(420)
810791(380)
810792(303)
810793(322)
810794(400)
810796(362)
810810(308)
810811(324)
810813(356)
810814(347)
810815(321)
810805(352)
810806(311)
810807(358)
810808(311)
810809(339)
810798(350)
810799(341)
810801(341)
810802(357)
810804(326)
38
811059(208)
811061(177)
811070(170)
811078(195)
811087(177)
811090(182)
811092(197)
811095(194)
811100(174)
811102(193)
811110(165)
811112(177)
811118(148)
811131(173)
811141(168)
810952(187)
810963(173)
810964(154)
810968(183)
811001(191)
811003(186)
811004(182)
811024(162)
811027(179)
811037(189)
811040(177)
811041(205)
811043(169)
811046(192)
811056(182)
811148(190)
811149(174)
811151(169)
811160(193)
811163(173)
811167(166)
811170(164)
811174(227)
811192(153)
811194(155)
811196(215)
811210(166)
811215(178)
811216(188)
811219(199)
811226(201)
811234(188)
811248(170)
811273(192)
811278(189)
811339(263)
811340(278)
811344(255)
811348(216)
811351(241)
811359(239)
811362(249)
811368(236)
811369(224)
811372(275)
811289(240)
811299(234)
811306(248)
811308(209)
811311(254)
811312(243)
811317(218)
811322(235)
811330(283)
811338(231)
811375(236)
811380(247)
811383(264)
811387(253)
811388(251)
811421(240)
811424(228)
811429(219)
811430(218)
811435(257)
811450(230)
811392(201)
811404(198)
811405(252)
811407(218)
811411(239)
811412(269)
811413(271)
811414(239)
811418(257)
811420(188)
811263(201)
811274(239)
811279(209)
811283(208)
811288(304)
811013(225)
811018(237)
811044(208)
811045(225)
811051(236)
811053(192)
811054(220)
811055(247)
811060(237)
811072(288)
811093(236)
811096(220)
811097(249)
811098(219)
811104(246)
810951(192)
810955(231)
810959(204)
810960(241)
810961(233)
810962(219)
810967(267)
810970(206)
810971(246)
810973(237)
810977(218)
810991(212)
810993(252)
810995(212)
811000(237)
811106(225)
811108(216)
811139(206)
811142(197)
811143(245)
811208(245)
811211(191)
811214(194)
811217(216)
811220(252)
811229(286)
811240(220)
811241(237)
811243(227)
811246(284)
811247(178)
811257(207)
811259(211)
811260(216)
811262(213)
811146(248)
811147(236)
811150(215)
811161(228)
811164(225)
811165(203)
811166(190)
811173(247)
811175(182)
811176(229)
811177(202)
811186(247)
811195(244)
811201(234)
811202(223)
811352(285)
811370(266)
811371(353)
811373(305)
811377(361)
811378(305)
811382(300)
811384(296)
811389(284)
811391(321)
811300(241)
811301(338)
811302(341)
811303(340)
811304(319)
811321(275)
811323(245)
811337(273)
811341(415)
811342(381)
811438(330)
811440(316)
811442(292)
811444(284)
811447(331)
811448(342)
811451(310)
811453(278)
811454(351)
811455(244)
811395(329)
811415(274)
811416(275)
811419(244)
811422(284)
811428(285)
811431(295)
811432(275)
811433(280)
811437(257)
39
811705(316)
811709(315)
811713(327)
811714(277)
811715(305)
Govt. National College (Evening)
811026(29)
811030(26)
811068(37)
811077(33)
811079(37)
811250(23)
811252(36)
811266(27)
811267(38)
811268(38)
811116(62)
811117(65)
811133(63)
811134(66)
811158(50)
811080(63)
811091(63)
811111(63)
811113(71)
811114(88)
810966(50)
810969(50)
811023(63)
811028(44)
811076(74)
811168(62)
811169(67)
811172(62)
811182(65)
811183(73)
811399(54)
811434(72)
811285(76)
811326(65)
811327(63)
811331(74)
811333(79)
811228(71)
811255(69)
811256(54)
811275(60)
811284(80)
811125(98)
811130(111)
811181(109)
811184(93)
811233(127)
811058(91)
811065(83)
811083(120)
811084(93)
811122(105)
810954(124)
811017(146)
811025(98)
811029(97)
811032(94)
811357(119)
811358(123)
811360(123)
811364(118)
811398(142)
811334(78)
811336(110)
811353(103)
811354(92)
811355(113)
811276(98)
811287(111)
811293(121)
811307(120)
811332(113)
811086(130)
811089(117)
811099(148)
811101(152)
811123(129)
811126(139)
811157(117)
811159(173)
811171(135)
811185(149)
811188(153)
811189(152)
811190(142)
811191(145)
811193(121)
810953(130)
810974(172)
810994(157)
811022(143)
811034(152)
811035(122)
811036(147)
811052(126)
811057(124)
811066(138)
811067(147)
811069(130)
811074(159)
811075(124)
811081(160)
811297(157)
811310(139)
811319(147)
811324(144)
811325(153)
811346(140)
811361(164)
811363(171)
811366(194)
811379(188)
811397(202)
811426(163)
811456(159)
811218(141)
811223(167)
811232(148)
811238(163)
811253(130)
811254(114)
811258(143)
811272(141)
811277(140)
811281(168)
811282(151)
811286(146)
811291(161)
811292(157)
811296(130)
811329(240)
811335(203)
811343(207)
811345(224)
811347(250)
811349(211)
811350(224)
811356(201)
811365(237)
811367(238)
811290(210)
811295(189)
811305(192)
811309(208)
811313(198)
811314(197)
811315(176)
811316(178)
811318(155)
811320(158)
811374(267)
811381(166)
811385(227)
811386(261)
811390(200)
811417(191)
811425(190)
811427(192)
811439(170)
811441(204)
811443(213)
811452(224)
811393(202)
811394(205)
811400(221)
811401(195)
811402(197)
811403(193)
811406(211)
811408(173)
811409(188)
811410(198)
40
811993(336)
811998(266)
812000(282)
812003(335)
812006(313)
811988(316)
811989(280)
811990(328)
811991(292)
811992(332)
812010(244)
812011(326)
812012(303)
812013(330)
812014(251)
812034(364)
812035(330)
812036(311)
812037(311)
812041(344)
812015(311)
812019(284)
812024(287)
812029(328)
812032(272)
811972(337)
811974(303)
811975(408)
811983(326)
811986(333)
811943(312)
811944(249)
811945(256)
811946(328)
811947(264)
811948(282)
811949(261)
811950(275)
811951(268)
811955(293)
811962(297)
811964(329)
811965(298)
811968(352)
811969(296)
811956(369)
811957(304)
811959(255)
811960(383)
811961(399)
812042(292)
812043(348)
812044(388)
812045(331)
812047(358)
812110(260)
812111(298)
812112(252)
812115(240)
812117(327)
812104(288)
812105(272)
812106(295)
812107(314)
812108(257)
812118(308)
812119(269)
812121(337)
812123(299)
812124(317)
812093(277)
812098(294)
812099(362)
812101(358)
812103(289)
812057(307)
812058(326)
812060(298)
812063(307)
812064(257)
812049(297)
812052(288)
812053(347)
812054(278)
812055(279)
812065(293)
812068(255)
812070(238)
812071(274)
812072(295)
812083(259)
812086(339)
812090(230)
812091(281)
812092(277)
812073(294)
812077(350)
812078(274)
812080(303)
812081(375)
811755(336)
811756(274)
811757(269)
811758(277)
811760(318)
811750(286)
811751(291)
811752(385)
811753(280)
811754(319)
811761(313)
811764(300)
811765(364)
811766(279)
811769(261)
811776(317)
811777(311)
811778(302)
811779(280)
811782(279)
811770(308)
811771(270)
811772(302)
811774(345)
811775(337)
811743(239)
811744(329)
811745(277)
811747(299)
811748(325)
811716(310)
811717(297)
811718(271)
811719(300)
811721(265)
811930(320)
811935(339)
811936(342)
811938(315)
811941(345)
811723(327)
811725(299)
811726(307)
811728(333)
811729(369)
811736(371)
811737(300)
811739(385)
811741(291)
811742(298)
811730(319)
811731(337)
811732(410)
811734(402)
811735(362)
811783(357)
811784(267)
811791(290)
811800(252)
811806(321)
811886(272)
811889(304)
811890(281)
811892(310)
811897(319)
811878(357)
811880(317)
811881(345)
811883(333)
811884(334)
811899(249)
811901(274)
811902(332)
811905(336)
811907(253)
811921(396)
811925(324)
811927(310)
811928(264)
811929(288)
811908(306)
811913(283)
811915(356)
811918(256)
811920(252)
811871(288)
811874(257)
811875(299)
811876(361)
811877(341)
811832(340)
811833(284)
811834(254)
811835(311)
811838(336)
811807(272)
811823(289)
811825(296)
811826(291)
811827(326)
811839(310)
811840(394)
811841(310)
811842(289)
811847(237)
811864(326)
811867(283)
811868(341)
811869(373)
811870(370)
811848(386)
811850(344)
811859(316)
811862(234)
811863(315)
41
811815(196)
811818(208)
811829(213)
811830(206)
811837(224)
811733(224)
811785(203)
811797(198)
811802(180)
811803(182)
811707(205)
811708(215)
811722(212)
811724(218)
811727(175)
811849(224)
811854(212)
811856(222)
811873(195)
811879(193)
812022(245)
812028(227)
812030(237)
812031(246)
812038(210)
812040(203)
812046(238)
812050(238)
812056(216)
812062(204)
812069(213)
812076(251)
812079(193)
812084(237)
812094(197)
812007(193)
812009(258)
812017(212)
812018(198)
812020(197)
811966(233)
811971(285)
811973(233)
811976(255)
811977(233)
811978(223)
811979(241)
811981(284)
811984(217)
811985(203)
811987(255)
811996(196)
811997(233)
812002(192)
812004(189)
812095(219)
812100(258)
812113(331)
812114(260)
812122(248)
812202(223)
812203(241)
812208(209)
812212(232)
812213(209)
812214(210)
812219(224)
812220(261)
812224(215)
812225(233)
812232(193)
812193(244)
812194(227)
812195(228)
812196(253)
812201(249)
812127(215)
812144(212)
812145(233)
812148(229)
812154(219)
812160(223)
812165(233)
812168(242)
812178(218)
812181(270)
812182(224)
812183(280)
812184(235)
812188(234)
812192(192)
811934(182)
811942(261)
811954(271)
811958(204)
811963(257)
811793(238)
811794(226)
811801(235)
811805(195)
811809(254)
811810(268)
811811(258)
811814(213)
811817(283)
811819(234)
811773(247)
811780(227)
811781(197)
811790(278)
811792(210)
811703(260)
811704(215)
811706(266)
811746(263)
811749(211)
811759(254)
811762(243)
811763(272)
811767(275)
811768(264)
811821(225)
811822(239)
811824(230)
811828(288)
811831(260)
811903(226)
811909(285)
811910(216)
811914(298)
811917(226)
811919(217)
811922(252)
811923(251)
811931(303)
811932(231)
811885(197)
811893(226)
811894(226)
811896(215)
811898(217)
811836(241)
811844(227)
811845(266)
811846(230)
811851(269)
811852(233)
811855(238)
811858(255)
811866(271)
811882(256)
812146(325)
812147(258)
812149(282)
812151(248)
812152(284)
812155(328)
812156(323)
812157(292)
812171(346)
812172(293)
812137(267)
812139(249)
812140(354)
812141(341)
812142(268)
812125(299)
812126(295)
812128(358)
812130(385)
812131(323)
812132(272)
812133(297)
812134(288)
812135(278)
812136(292)
812216(261)
812226(331)
812227(312)
812228(277)
812230(245)
812231(254)
812235(329)
812238(317)
812239(277)
812240(264)
812200(310)
812204(265)
812209(263)
812211(338)
812215(284)
812174(322)
812175(278)
812176(275)
812179(299)
812186(289)
812187(319)
812189(320)
812190(309)
812191(281)
812199(318)
42
812646(262)
812653(267)
812655(306)
812658(314)
812660(322)
812639(290)
812640(401)
812641(264)
812644(259)
812645(287)
812670(269)
812673(392)
812675(341)
812677(317)
812678(277)
812662(323)
812663(268)
812666(322)
812667(372)
812668(334)
812631(273)
812634(415)
812635(323)
812636(247)
812638(243)
812606(315)
812608(257)
812609(296)
812610(442)
812611(342)
812601(437)
812602(387)
812603(281)
812604(327)
812605(352)
812622(307)
812625(327)
812626(254)
812628(370)
812630(354)
812612(307)
812613(268)
812614(254)
812620(345)
812621(257)
812725(263)
812726(373)
812729(437)
812731(254)
812733(400)
812712(275)
812714(332)
812715(261)
812720(289)
812723(318)
812684(325)
812687(259)
812689(302)
812691(285)
812697(319)
812679(301)
812680(297)
812681(325)
812682(372)
812683(245)
812705(283)
812706(239)
812707(305)
812709(330)
812711(353)
812699(326)
812700(310)
812701(274)
812703(278)
812704(229)
Govt. National College (Morning)
812074(64)
812166(60)
812205(79)
811701(81)
811702(81)
811891(51)
812039(67)
812048(91)
811787(111)
811861(118)
811906(107)
811953(101)
811980(87)
812023(103)
812061(89)
812066(88)
812085(88)
812197(99)
812198(114)
812217(114)
812233(127)
812236(107)
812237(99)
811804(137)
811808(119)
811812(143)
811816(136)
811820(146)
811788(138)
811789(150)
811796(155)
811798(184)
811799(144)
811710(128)
811711(162)
811712(160)
811720(130)
811740(134)
811853(170)
811857(172)
811911(159)
811940(133)
811952(130)
812153(148)
812161(188)
812164(151)
812210(132)
812229(138)
812082(147)
812087(139)
812097(130)
812116(149)
812129(133)
811967(132)
812026(132)
812033(122)
812051(155)
812067(152)
811939(206)
811970(201)
811999(184)
812001(177)
812005(161)
812016(191)
812021(183)
812025(202)
812027(196)
812059(179)
811887(164)
811888(206)
811895(182)
811900(173)
811904(206)
811912(191)
811924(199)
811926(188)
811933(172)
811937(186)
812075(172)
812089(202)
812096(186)
812102(182)
812109(204)
812177(168)
812180(169)
812185(209)
812206(156)
812207(186)
812218(212)
812223(203)
812234(169)
812120(172)
812138(245)
812150(184)
812158(203)
812162(204)
812163(182)
812167(191)
812169(188)
812170(191)
812173(217)
43
812695(238)
812702(218)
812710(218)
812716(236)
812717(255)
812721(217)
812724(238)
812727(245)
812732(227)
812745(216)
812751(292)
812754(220)
812758(234)
812759(241)
812760(256)
812607(209)
812615(275)
812616(259)
812617(225)
812618(239)
812624(238)
812629(288)
812649(248)
812657(246)
812664(228)
812665(195)
812669(280)
812674(194)
812676(208)
812693(201)
812762(229)
812765(226)
812771(347)
812776(240)
812787(206)
812930(309)
812932(300)
812933(271)
812934(269)
812935(253)
812790(268)
812796(279)
812803(273)
812805(230)
812809(290)
812835(274)
812837(266)
812840(267)
812846(236)
812847(306)
812850(265)
812892(294)
812907(233)
812922(281)
812926(305)
812902(295)
812903(321)
812906(323)
812908(386)
812909(315)
812910(361)
812911(287)
812912(257)
812913(376)
812914(329)
812891(333)
812893(362)
812894(368)
812895(353)
812896(374)
812897(333)
812898(372)
812899(314)
812900(347)
812901(315)
812927(357)
812928(368)
812929(358)
812931(362)
812947(280)
812948(255)
812953(291)
812955(310)
812956(435)
812957(316)
812915(331)
812916(316)
812917(371)
812918(358)
812919(314)
812920(302)
812921(325)
812923(383)
812924(317)
812925(321)
812797(387)
812798(381)
812800(338)
812801(348)
812802(326)
812789(316)
812791(283)
812793(394)
812794(282)
812795(325)
812804(324)
812806(325)
812807(382)
812808(376)
812810(339)
812816(398)
812817(346)
812818(344)
812819(393)
812820(397)
812811(303)
812812(311)
812813(385)
812814(405)
812815(289)
812783(406)
812784(343)
812785(341)
812786(360)
812788(329)
812742(287)
812747(330)
812748(292)
812749(228)
812750(284)
812734(217)
812736(315)
812738(300)
812740(249)
812741(385)
812752(338)
812753(280)
812757(272)
812761(317)
812763(331)
812774(356)
812779(282)
812780(381)
812781(309)
812782(354)
812764(305)
812767(294)
812769(283)
812770(369)
812772(344)
812821(309)
812822(318)
812823(339)
812824(393)
812825(343)
812870(420)
812871(401)
812872(398)
812873(396)
812874(397)
812865(339)
812866(356)
812867(338)
812868(386)
812869(389)
812875(244)
812876(268)
812877(269)
812878(301)
812880(373)
812886(331)
812887(288)
812888(364)
812889(317)
812890(361)
812881(398)
812882(362)
812883(315)
812884(366)
812885(355)
812860(366)
812861(339)
812862(312)
812863(374)
812864(331)
812832(368)
812833(325)
812834(320)
812836(313)
812841(305)
812827(322)
812828(364)
812829(307)
812830(376)
812831(335)
812842(389)
812843(355)
812844(357)
812845(326)
812848(287)
812855(368)
812856(389)
812857(368)
812858(364)
812859(337)
812849(329)
812851(379)
812852(363)
812853(348)
812854(371)
44
813282(402)
813285(318)
813286(457)
813287(442)
813288(436)
813276(450)
813278(383)
813279(408)
813280(483)
813281(359)
813271(422)
813272(346)
813273(434)
813274(390)
813275(389)
813294(309)
813295(326)
813296(409)
813297(380)
813298(421)
813289(391)
813290(434)
813291(445)
813292(441)
813293(431)
Askari Inter College, Bahadurabad
862803(330)
862804(384)
813212(389)
813213(375)
813214(429)
862801(407)
862802(329)
813201(447)
813202(434)
813203(416)
813204(439)
813205(417)
813206(377)
813208(352)
813209(362)
813210(361)
813211(415)
Al-Hamd College of Professional Education
812661(20)
812737(39)
812959(19)
812652(65)
812688(61)
812690(71)
812728(51)
812735(59)
812633(112)
812637(98)
812651(104)
812659(128)
812698(97)
812719(123)
812744(91)
812766(120)
812943(113)
812648(133)
812654(144)
812692(135)
812696(128)
812708(120)
812746(134)
812755(159)
812768(122)
812792(134)
812879(140)
812643(167)
812647(194)
812650(195)
812671(188)
812672(190)
812619(148)
812623(173)
812627(159)
812632(145)
812642(147)
812685(183)
812686(171)
812713(213)
812730(227)
812743(193)
812905(265)
812945(181)
812952(217)
812954(175)
812958(234)
812773(162)
812777(188)
812778(178)
812799(157)
812826(168)
812936(258)
812937(275)
812939(258)
812941(278)
812942(277)
812944(212)
812946(240)
812949(256)
812951(262)
45
813469(274)
862953(204)
862955(247)
813451(340)
813452(371)
813453(297)
813454(328)
813455(399)
813456(332)
813457(357)
813458(370)
813459(415)
813460(358)
813441(391)
813442(350)
813443(359)
813444(365)
813445(367)
813446(334)
813447(383)
813448(371)
813449(333)
813450(391)
862954(302)
862956(365)
862957(330)
862958(305)
862959(324)
862960(393)
862961(391)
862962(415)
862963(357)
862964(405)
813461(400)
813462(409)
813463(375)
813464(375)
813465(417)
813466(361)
813467(417)
813468(404)
862951(400)
862952(350)
813436(315)
813437(362)
813438(403)
813439(354)
813440(360)
813411(349)
813412(339)
813413(390)
813414(394)
813415(330)
813406(395)
813407(440)
813408(377)
813409(414)
813410(409)
813401(360)
813402(462)
813403(408)
813404(301)
813405(361)
813416(369)
813417(396)
813418(327)
813419(371)
813420(400)
813431(416)
813432(284)
813433(384)
813434(343)
813435(392)
813426(366)
813427(389)
813428(393)
813429(348)
813430(392)
813421(401)
813422(379)
813423(334)
813424(371)
813425(307)
College of Accounting and Management Sciences PECHS Campus
862852(177)
813277(303)
813283(319)
813284(370)
813299(236)
813300(283)
862853(369)
862854(452)
862855(412)
862856(376)
46
813879(424)
813880(392)
813881(431)
813882(273)
813883(350)
813870(390)
813873(369)
813874(340)
813875(357)
813877(363)
813861(364)
813863(353)
813865(419)
813866(412)
813869(394)
813895(377)
813889(368)
813890(343)
813891(354)
813892(350)
813893(368)
813884(262)
813885(277)
813886(284)
813887(355)
813888(386)
Fatimiyah College Boys Campus
813620(84)
813638(100)
813607(149)
813619(253)
813625(345)
863161(211)
863163(232)
813635(433)
813636(377)
813637(420)
813639(383)
813640(373)
813630(353)
813631(468)
813632(467)
813633(356)
813634(391)
813641(355)
813642(379)
813643(377)
813644(376)
813645(390)
813651(394)
813652(432)
813653(331)
813654(427)
813655(414)
813646(372)
813647(437)
813648(394)
813649(419)
813650(380)
813606(372)
813608(394)
813609(427)
813610(416)
813611(354)
813601(327)
813602(415)
813603(384)
813604(429)
813605(375)
813612(434)
813613(376)
813614(345)
813615(355)
813616(392)
813624(426)
813626(396)
813627(400)
813628(419)
813629(371)
813617(340)
813618(426)
813621(419)
813622(387)
813623(440)
813656(423)
813657(422)
813658(400)
813659(382)
813660(428)
863158(303)
863159(415)
863160(404)
863162(369)
863164(258)
863153(411)
863154(379)
863155(359)
863156(367)
863157(381)
863165(300)
863166(370)
863167(401)
863168(309)
863169(426)
863175(311)
863176(305)
863170(273)
863171(439)
863172(348)
863173(365)
863174(296)
813666(419)
813667(308)
813668(405)
813669(367)
813670(343)
813661(374)
813662(437)
813663(362)
813664(369)
813665(313)
813671(378)
813672(443)
813673(443)
813674(422)
813675(397)
813681(376)
813682(381)
813683(348)
863151(343)
863152(387)
813676(407)
813677(331)
813678(457)
813679(346)
813680(415)
College of Emerging Technologies
47
814026(378)
814027(381)
814028(390)
814029(420)
814030(421)
814021(394)
814022(385)
814023(444)
814024(395)
814025(404)
814036(465)
814037(426)
814038(458)
814039(421)
814040(457)
814031(309)
814032(362)
814033(364)
814034(439)
814035(450)
814006(417)
814007(382)
814008(363)
814009(385)
814010(401)
814001(399)
814002(429)
814003(410)
814004(436)
814005(443)
814016(387)
814017(394)
814018(407)
814019(390)
814020(407)
814011(412)
814012(392)
814013(381)
814014(444)
814015(425)
814061(366)
814062(393)
814063(416)
814064(428)
814065(298)
814046(469)
814047(372)
814048(465)
814049(432)
814050(368)
814041(366)
814042(442)
814043(433)
814044(463)
814045(446)
814056(390)
814057(465)
814058(443)
814059(427)
814060(357)
814051(418)
814052(418)
814053(306)
814054(350)
814055(378)
Tabani's College
813962(261)
813963(255)
813965(277)
813961(357)
813964(321)
Gulistan Shah Abdul Latif Boys Higher Secondary School
813862(258)
813864(252)
813871(259)
813872(290)
813876(231)
813878(280)
813894(302)
48
863803(174)
814351(224)
863804(195)
814352(265)
814353(264)
South City Institute of Management & Technology
863704(137)
814261(180)
814266(249)
814264(235)
814271(272)
863709(343)
863710(372)
814269(310)
814270(409)
814272(298)
814273(337)
814274(430)
814262(246)
814263(268)
814265(350)
814267(359)
814268(270)
863703(470)
863705(294)
863706(317)
863707(353)
863708(385)
814275(304)
814276(357)
814277(440)
863701(410)
863702(402)
Meritorious Science College
863501(468)
863502(471)
863503(469)
863504(357)
863505(459)
814066(332)
814067(440)
814068(442)
814069(468)
814070(317)
863506(446)
863507(455)
863508(394)
863509(448)
863510(468)
863516(423)
863511(385)
863512(460)
863513(430)
863514(338)
863515(473)
49
814812(443)
814813(324)
814814(371)
814815(346)
814816(449)
814807(392)
814808(429)
814809(392)
814810(284)
814811(447)
814801(384)
814802(397)
814804(316)
814805(439)
814806(420)
864609(294)
864610(441)
814822(409)
814823(407)
814824(380)
864601(424)
864605(403)
814817(354)
814818(348)
814819(340)
814820(376)
814821(407)
A.L.K College, PECHS
864379(42)
864382(44)
814561(59)
864378(61)
864373(99)
864377(93)
814599(174)
864353(171)
864366(160)
864372(133)
864374(133)
864381(153)
814566(170)
814568(206)
814577(192)
814586(207)
814594(195)
814598(156)
864369(202)
864370(193)
864371(203)
864380(178)
814588(264)
814589(270)
814591(276)
814593(234)
814597(227)
814572(253)
814575(259)
814576(217)
814579(216)
814584(234)
814600(247)
814601(253)
814602(221)
814603(208)
864351(201)
864368(218)
864356(236)
864359(251)
864363(277)
864364(264)
864367(227)
814580(341)
814581(263)
814582(260)
814583(272)
814585(289)
814570(264)
814571(281)
814573(292)
814574(304)
814578(287)
814562(322)
814564(320)
814565(248)
814567(285)
814569(264)
864361(262)
864362(364)
864365(290)
864375(254)
864376(319)
864352(294)
864354(265)
864355(315)
864357(256)
864358(295)
814587(238)
814590(310)
814595(274)
814596(300)
814604(249)
C.M.S Govt. Higher Secondary (Campus School) Boys & Girls, Nishter Road
814354(31)
863802(128)
50
815320(135)
815324(142)
815327(171)
815344(148)
815352(133)
815304(140)
815306(141)
815308(127)
815309(127)
815311(135)
815316(174)
815322(194)
815328(189)
815336(242)
815338(155)
815302(222)
815303(168)
815307(208)
815313(164)
815315(163)
815363(157)
815379(207)
815341(190)
815345(205)
815348(176)
815350(175)
815357(183)
815318(251)
815319(198)
815325(193)
815326(192)
815330(227)
815335(191)
815337(212)
815342(195)
815346(220)
815356(226)
815370(272)
815347(309)
815385(303)
Govt. Degree College Jungle Shah, Keamari
815203(122)
815201(183)
815204(184)
815202(263)
815206(194)
815205(329)
Govt. Degree Boys College Shams Peer Baba Bith
814803(315)
864602(202)
864603(270)
864604(253)
864606(361)
864607(356)
51
815914(271)
815917(339)
815918(271)
815919(246)
815922(239)
815923(267)
815924(271)
815925(261)
815926(356)
815927(321)
815930(304)
815932(348)
815933(274)
815934(281)
815935(268)
815852(360)
815853(311)
815856(317)
815859(322)
815866(326)
815867(271)
815872(308)
815873(268)
815881(283)
815885(273)
815899(291)
815902(276)
815906(268)
815911(390)
815912(273)
815936(315)
815937(363)
815938(309)
815939(341)
815940(336)
815941(290)
815942(284)
815944(309)
815946(307)
815947(316)
815948(286)
815949(336)
815950(318)
815951(364)
815952(302)
815954(333)
815955(321)
815957(321)
815958(300)
815959(276)
Govt. Deg. Arts & Comm. College for Men (Evening) Korangi 6
865067(68)
865052(103)
865065(96)
865066(84)
815632(190)
815640(165)
815646(164)
865054(155)
865062(123)
865053(173)
865057(156)
865059(152)
865061(168)
815633(206)
815638(222)
815644(218)
815650(196)
865051(203)
815631(224)
815635(248)
815641(294)
815645(299)
815652(251)
865058(202)
865063(214)
865068(180)
815634(321)
815636(333)
815639(291)
815647(320)
815649(345)
865055(248)
865060(233)
865064(239)
Govt. Boys & Girls Higher Secondary School, Younusabad
815314(37)
815358(35)
815362(22)
815317(58)
815331(62)
815334(63)
815351(72)
815355(53)
815369(82)
815372(78)
815382(69)
815339(120)
815340(106)
815343(117)
815349(88)
815359(107)
815301(98)
815305(98)
815312(114)
815329(109)
815333(109)
815361(112)
815365(135)
815366(105)
815367(89)
815371(98)
815386(139)
815373(85)
815375(113)
815377(123)
815381(97)
815383(91)
815353(139)
815354(155)
815360(125)
815364(139)
815374(143)
815378(128)
52
815996(158)
816001(151)
816008(180)
816010(139)
816015(145)
815892(142)
815894(125)
815910(133)
815970(124)
815971(173)
816019(154)
816027(120)
816038(130)
816043(167)
816101(140)
815909(185)
815916(199)
815965(169)
815967(193)
815974(231)
815878(151)
815880(159)
815895(180)
815896(202)
815907(193)
815854(204)
815855(235)
815864(191)
815874(158)
815875(166)
815975(209)
815976(195)
815980(182)
815990(192)
816002(170)
816099(187)
816125(174)
816132(166)
816140(194)
816145(197)
816052(166)
816058(193)
816072(213)
816075(180)
816096(195)
816021(139)
816024(167)
816034(182)
816037(176)
816051(171)
816053(212)
816055(202)
816060(230)
816064(217)
816068(213)
816071(241)
816073(255)
816074(211)
816078(224)
816079(223)
815986(224)
815994(266)
815998(284)
816003(222)
816004(218)
816005(225)
816036(238)
816044(222)
816048(191)
816050(215)
816128(200)
816130(200)
816136(212)
816137(214)
816143(259)
816144(221)
816080(241)
816083(212)
816085(214)
816093(272)
816100(252)
816102(251)
816106(241)
816108(263)
816122(204)
816124(207)
815953(254)
815961(223)
815968(223)
815973(263)
815985(269)
815876(204)
815883(202)
815884(212)
815886(244)
815889(216)
815865(239)
815868(253)
815869(181)
815870(211)
815871(242)
815857(214)
815858(306)
815860(284)
815862(242)
815863(238)
815920(201)
815921(209)
815928(233)
815931(242)
815943(266)
815904(190)
815905(249)
815908(215)
815913(242)
815915(207)
815890(239)
815891(240)
815897(225)
815900(217)
815901(215)
816033(355)
816040(264)
816041(258)
816042(245)
816047(421)
816049(225)
816054(249)
816056(261)
816062(294)
816063(287)
816065(327)
816066(272)
816069(274)
816070(277)
816077(236)
816012(301)
816013(273)
816025(251)
816029(251)
816031(293)
815960(243)
815962(281)
815963(281)
815964(310)
815972(291)
815978(278)
815979(402)
815981(316)
815982(316)
815987(279)
815988(282)
815991(244)
815997(317)
816000(247)
816011(293)
816081(290)
816082(267)
816084(235)
816086(302)
816087(306)
816119(320)
816120(306)
816121(317)
816123(267)
816129(286)
816131(255)
816134(266)
816135(272)
816138(302)
816139(249)
816141(288)
816113(324)
816115(312)
816116(282)
816117(272)
816118(274)
816088(294)
816089(336)
816090(341)
816091(294)
816095(316)
816097(304)
816098(370)
816103(354)
816104(315)
816105(307)
816107(306)
816109(344)
816110(405)
816111(361)
816112(340)
53
816794(302)
816795(307)
816798(325)
816799(323)
816800(326)
816770(260)
816771(276)
816772(313)
816789(329)
816790(347)
816802(294)
816808(281)
816809(348)
816812(288)
816813(296)
816823(290)
816825(250)
816826(291)
816827(329)
816829(252)
816814(326)
816815(309)
816816(289)
816817(329)
816818(281)
816758(280)
816760(292)
816761(284)
816762(332)
816769(276)
816703(356)
816704(308)
816705(304)
816708(251)
816714(303)
816718(339)
816724(255)
816726(272)
816735(263)
816738(263)
816752(326)
816753(258)
816754(317)
816755(325)
816757(333)
816740(256)
816741(261)
816746(266)
816750(280)
816751(326)
816831(274)
816832(310)
816833(288)
816834(357)
816837(247)
816917(289)
816919(282)
816920(287)
816921(291)
816922(279)
816894(316)
816895(264)
816900(276)
816903(258)
816909(299)
816923(293)
816924(283)
816925(296)
816926(297)
816927(300)
816880(323)
816881(413)
816882(294)
816883(292)
816893(302)
816846(269)
816848(309)
816849(275)
816850(287)
816851(268)
816838(287)
816839(259)
816840(296)
816841(290)
816845(276)
816852(282)
816853(287)
816854(333)
816857(277)
816859(287)
816875(290)
816876(379)
816877(259)
816878(261)
816879(253)
816862(282)
816871(298)
816872(295)
816873(278)
816874(388)
816606(321)
816608(310)
816610(243)
816613(239)
816616(269)
816618(265)
816620(253)
816621(255)
816622(259)
816623(291)
816693(315)
816696(341)
816697(278)
816701(316)
816702(286)
816601(254)
816602(327)
816603(309)
816604(260)
816605(232)
816624(322)
816625(349)
816626(306)
816628(290)
816634(306)
816657(292)
816665(306)
816666(313)
816674(312)
816682(322)
816686(321)
816688(309)
816689(340)
816690(371)
816692(404)
816635(349)
816636(354)
816637(350)
816638(277)
816640(277)
816641(296)
816642(301)
816643(308)
816651(298)
816656(288)
Govt. Degree Science & Commerce College Landhi/Korangi
815977(35)
816016(22)
816022(19)
816023(17)
816030(26)
816039(28)
816046(35)
815888(58)
815983(80)
815989(54)
815993(85)
815995(102)
816142(57)
815999(74)
816026(70)
816028(70)
816045(61)
816057(60)
815861(105)
815879(97)
815887(70)
815929(123)
815969(116)
816126(94)
816133(108)
816146(104)
815984(94)
816006(103)
816009(92)
816017(113)
816020(89)
816127(128)
54
816756(266)
816759(265)
816763(249)
816765(284)
816767(273)
816743(237)
816744(222)
816745(201)
816747(229)
816749(228)
816768(263)
816773(257)
816774(230)
816776(214)
816778(246)
816788(248)
816791(265)
816792(263)
816793(256)
816796(268)
816780(280)
816782(299)
816785(226)
816786(278)
816787(273)
816731(248)
816734(247)
816736(208)
816737(267)
816742(244)
816668(226)
816669(218)
816670(214)
816671(234)
816672(259)
816673(257)
816675(255)
816676(277)
816685(276)
816691(263)
816710(267)
816712(226)
816713(236)
816723(245)
816729(257)
816694(311)
816698(235)
816706(274)
816707(294)
816709(222)
816797(256)
816801(243)
816803(225)
816804(228)
816805(276)
816915(237)
816916(216)
816932(276)
816937(212)
816938(228)
816905(217)
816907(245)
816908(237)
816912(215)
816914(219)
816945(266)
816948(248)
816950(239)
816953(205)
816954(218)
816890(245)
816896(265)
816897(240)
816898(248)
816899(251)
816828(240)
816830(245)
816836(259)
816842(221)
816843(215)
816806(272)
816810(250)
816811(251)
816819(242)
816820(266)
816844(214)
816847(265)
816855(226)
816856(226)
816861(235)
816869(223)
816884(236)
816887(279)
816888(257)
816889(315)
816863(211)
816864(254)
816866(230)
816867(205)
816868(220)
816611(266)
816612(288)
816614(224)
816615(268)
816627(236)
816655(257)
816660(232)
816661(225)
816662(216)
816667(230)
816646(220)
816648(218)
816649(215)
816653(229)
816654(262)
816630(237)
816632(225)
816633(224)
816644(224)
816645(226)
816973(286)
816975(312)
816976(241)
816978(307)
816980(275)
816965(287)
816966(359)
816967(325)
816968(394)
816972(320)
816990(280)
816992(280)
816993(287)
816996(325)
816999(346)
816981(243)
816983(283)
816984(285)
816987(327)
816989(269)
816934(321)
816936(300)
816940(261)
816941(258)
816942(273)
816928(307)
816929(330)
816930(360)
816931(336)
816933(306)
816955(264)
816956(295)
816957(303)
816958(321)
816961(291)
816943(311)
816944(346)
816947(297)
816951(262)
816952(292)
817000(327)
817002(258)
817008(336)
817009(353)
817010(359)
817079(361)
817080(309)
817081(328)
817082(344)
817083(341)
817058(291)
817060(285)
817076(313)
817077(309)
817078(281)
817142(316)
817143(281)
817144(304)
817145(318)
817085(377)
817101(285)
817102(311)
817111(271)
817132(270)
817050(298)
817052(305)
817054(301)
817055(328)
817057(306)
817023(285)
817025(287)
817026(268)
817027(369)
817029(353)
817011(290)
817012(288)
817013(319)
817014(338)
817016(259)
817041(299)
817043(282)
817047(312)
817048(306)
817049(303)
817033(290)
817034(298)
817035(260)
817039(236)
817040(285)
55
816678(49)
816607(69)
816658(65)
816902(95)
817045(75)
816687(88)
816835(111)
816911(105)
816918(117)
817046(117)
817135(131)
816699(155)
816715(197)
816733(175)
816807(159)
816886(183)
816609(132)
816664(162)
816677(194)
816679(149)
816681(144)
816913(139)
816946(143)
817019(160)
817059(145)
817062(112)
817137(144)
817139(142)
817140(157)
817070(187)
817115(165)
817116(169)
817119(156)
817128(134)
817105(225)
817106(209)
817108(195)
817110(198)
817113(237)
817087(254)
817089(209)
817098(184)
817103(206)
817104(189)
817114(202)
817117(210)
817118(213)
817120(221)
817121(181)
817129(175)
817134(205)
817136(194)
817138(179)
817146(180)
817123(192)
817124(199)
817125(191)
817126(187)
817127(185)
817069(183)
817072(196)
817073(190)
817074(172)
817084(245)
816725(192)
816727(233)
816728(197)
816730(221)
816732(202)
816739(175)
816764(190)
816766(238)
816775(213)
816777(229)
816711(223)
816719(177)
816720(214)
816721(209)
816722(194)
816619(210)
816639(171)
816647(190)
816650(180)
816652(221)
816659(189)
816663(193)
816680(194)
816684(202)
816700(247)
816949(188)
816974(202)
816988(183)
817005(193)
817006(210)
817017(172)
817022(189)
817024(227)
817028(227)
817063(209)
816891(175)
816892(158)
816901(223)
816904(201)
816910(207)
816779(209)
816781(254)
816783(194)
816784(191)
816821(186)
816822(182)
816824(203)
816860(185)
816865(168)
816870(183)
817004(227)
817007(279)
817015(245)
817018(260)
817020(239)
817021(284)
817030(304)
817031(242)
817032(258)
817036(247)
816991(198)
816994(226)
816998(255)
817001(226)
817003(252)
816959(214)
816960(219)
816962(219)
816963(231)
816964(223)
816971(281)
816977(274)
816979(211)
816982(212)
816986(229)
817037(233)
817042(238)
817044(220)
817051(222)
817053(236)
817097(221)
817099(221)
817100(234)
817107(211)
817109(232)
817112(202)
817122(231)
817131(221)
817133(232)
817141(192)
817092(270)
817093(232)
817094(201)
817095(252)
817096(253)
817064(251)
817065(228)
817066(237)
817067(231)
817068(244)
817071(240)
817075(262)
817088(294)
817090(245)
817091(271)
56
817877(285)
817878(353)
817879(269)
817880(259)
817881(282)
817872(400)
817873(361)
817874(332)
817875(310)
817876(311)
817882(332)
817883(369)
817884(302)
817885(335)
817887(331)
817895(331)
817896(358)
817897(326)
817898(292)
817900(313)
817889(291)
817891(356)
817892(350)
817893(319)
817894(271)
817866(337)
817867(303)
817868(298)
817870(309)
817871(269)
817839(410)
817840(287)
817841(349)
817843(371)
817844(388)
817830(370)
817831(329)
817834(280)
817836(324)
817838(415)
817847(345)
817848(365)
817849(326)
817850(323)
817852(402)
817861(401)
817862(337)
817863(341)
817864(346)
817865(333)
817853(355)
817854(343)
817855(349)
817856(321)
817859(302)
817949(327)
817951(310)
817952(352)
817955(303)
817976(266)
817941(312)
817944(327)
817945(292)
817946(279)
817948(286)
817977(280)
817983(240)
817984(325)
817991(322)
817992(289)
817993(306)
817999(341)
818000(291)
818001(378)
818002(347)
817935(230)
817937(364)
817938(354)
817939(297)
817940(316)
817909(318)
817911(314)
817912(360)
817913(333)
817915(295)
817901(394)
817902(370)
817904(358)
817905(369)
817908(351)
817918(281)
817920(315)
817921(336)
817922(309)
817923(300)
817929(331)
817930(290)
817931(296)
817932(320)
817934(339)
817924(270)
817925(295)
817926(309)
817927(307)
817928(277)
817664(283)
817667(380)
817668(302)
817670(281)
817671(296)
817646(240)
817655(326)
817656(262)
817658(323)
817659(324)
817672(340)
817677(427)
817681(277)
817684(347)
817685(328)
817705(348)
817707(293)
817712(280)
817721(343)
817722(364)
817687(309)
817688(341)
817690(314)
817700(309)
817703(313)
817460(309)
817472(372)
817487(270)
817488(280)
817491(247)
817823(324)
817824(322)
817825(268)
817828(324)
817829(372)
817493(237)
817494(310)
817498(235)
817501(269)
817515(303)
817589(261)
817614(269)
817638(262)
817643(248)
817644(262)
817535(250)
817549(340)
817552(279)
817555(273)
817560(264)
817725(300)
817727(356)
817728(353)
817731(411)
817732(334)
817792(315)
817793(326)
817794(361)
817796(300)
817798(322)
817785(326)
817786(326)
817787(314)
817789(290)
817791(381)
817799(396)
817800(351)
817802(394)
817804(268)
817805(318)
817818(256)
817819(334)
817820(281)
817821(258)
817822(265)
817807(298)
817812(285)
817813(316)
817816(307)
817817(288)
817750(346)
817754(313)
817755(361)
817756(342)
817757(345)
817733(353)
817742(329)
817743(392)
817744(410)
817745(339)
817760(345)
817761(337)
817766(287)
817767(320)
817769(339)
817779(356)
817780(361)
817781(403)
817783(316)
817784(337)
817770(325)
817772(369)
817775(360)
817776(358)
817777(380)
Govt. Degree Boys College Korangi 2-1/2
57
817548(162)
817551(182)
817553(173)
817556(182)
817558(175)
817563(174)
817569(182)
817570(187)
817579(192)
817580(180)
817586(194)
817593(158)
817595(166)
817596(153)
817600(159)
817539(157)
817542(201)
817544(180)
817545(154)
817547(198)
817458(204)
817469(203)
817478(185)
817481(165)
817490(186)
817496(192)
817499(160)
817504(149)
817509(156)
817512(172)
817513(165)
817516(164)
817524(206)
817525(175)
817538(173)
817666(165)
817675(194)
817678(243)
817686(260)
817692(213)
817601(177)
817605(158)
817607(162)
817624(152)
817625(156)
817626(164)
817627(164)
817630(168)
817636(182)
817642(180)
817645(178)
817648(201)
817649(182)
817651(223)
817665(191)
817917(308)
817919(294)
817933(275)
817936(237)
817947(225)
817950(307)
817953(234)
817956(242)
817957(276)
817959(270)
817851(240)
817858(302)
817860(318)
817869(258)
817888(270)
817890(296)
817907(272)
817910(276)
817914(262)
817916(237)
817986(262)
817988(229)
817989(231)
817994(268)
817995(248)
817996(313)
817997(230)
817998(297)
818009(236)
817962(265)
817963(263)
817967(263)
817968(278)
817970(236)
817972(275)
817973(219)
817979(324)
817980(279)
817985(243)
817833(284)
817835(247)
817837(198)
817842(215)
817845(327)
817633(213)
817635(184)
817637(278)
817639(197)
817650(296)
817609(205)
817612(198)
817613(210)
817622(197)
817632(193)
817661(269)
817662(248)
817663(229)
817669(334)
817674(226)
817652(247)
817653(222)
817654(222)
817657(268)
817660(230)
817571(192)
817581(231)
817590(212)
817602(195)
817606(240)
817505(240)
817506(200)
817507(237)
817517(222)
817518(221)
817461(238)
817462(230)
817480(240)
817495(182)
817500(200)
817546(228)
817557(216)
817559(250)
817562(246)
817566(263)
817527(218)
817531(227)
817533(222)
817534(215)
817543(219)
817676(308)
817679(244)
817680(296)
817691(258)
817693(270)
817768(251)
817773(258)
817782(303)
817788(298)
817795(279)
817758(240)
817762(239)
817763(213)
817764(213)
817765(237)
817810(244)
817814(282)
817815(238)
817826(203)
817827(231)
817797(278)
817801(267)
817803(261)
817806(275)
817808(214)
817740(238)
817746(278)
817747(249)
817748(278)
817753(233)
817710(305)
817711(271)
817713(259)
817715(268)
817718(236)
817694(269)
817701(230)
817702(250)
817706(294)
817709(288)
817730(275)
817734(249)
817735(285)
817738(306)
817739(245)
817719(293)
817720(252)
817723(247)
817726(336)
817729(282)
818003(321)
818004(360)
818005(340)
818006(332)
818007(297)
818008(365)
818010(312)
58
818336(314)
818340(299)
818341(248)
818350(330)
818351(350)
818354(372)
818355(354)
818361(301)
818362(315)
818363(281)
818323(321)
818325(295)
818327(274)
818332(254)
818335(276)
818304(312)
818305(377)
818306(319)
818307(288)
818311(320)
818313(317)
818314(368)
818317(401)
818318(279)
818319(358)
818364(287)
818365(328)
818367(274)
818372(372)
818374(277)
818391(291)
818392(319)
818394(265)
818396(249)
818398(274)
818376(239)
818377(294)
818378(274)
818379(265)
818380(313)
818381(305)
818382(309)
818383(282)
818388(281)
818389(275)
Govt. Degree Boys College Ibrahim Hyderi
817453(34)
817456(17)
817467(33)
817468(27)
817485(28)
817503(28)
817514(20)
817529(19)
817620(17)
817623(35)
817752(21)
817455(75)
817497(67)
817537(58)
817540(54)
817541(65)
817573(55)
817588(73)
817592(59)
817617(70)
817641(74)
817714(56)
817846(109)
817965(84)
817778(91)
817961(161)
817971(122)
817473(102)
817474(92)
817483(106)
817502(104)
817510(103)
817459(108)
817463(83)
817464(125)
817465(97)
817466(99)
817523(103)
817528(109)
817530(103)
817536(105)
817550(102)
817634(106)
817640(100)
817682(143)
817699(99)
817716(116)
817565(108)
817582(103)
817583(87)
817618(107)
817628(92)
817519(138)
817520(129)
817521(125)
817522(116)
817526(113)
817532(146)
817554(136)
817564(140)
817567(135)
817568(150)
817484(127)
817486(143)
817489(144)
817492(141)
817508(113)
817452(155)
817454(138)
817457(130)
817470(131)
817471(159)
817475(135)
817476(177)
817477(157)
817479(156)
817482(136)
817574(121)
817577(116)
817578(141)
817585(121)
817587(148)
817689(145)
817698(156)
817708(154)
817717(172)
817724(165)
817832(156)
817886(147)
817942(154)
817964(174)
817966(194)
817619(130)
817629(104)
817631(110)
817647(114)
817683(208)
817591(123)
817594(123)
817597(133)
817599(119)
817603(109)
817604(129)
817608(109)
817611(135)
817615(141)
817616(125)
817749(236)
817751(209)
817771(191)
817774(199)
817790(200)
817695(185)
817696(181)
817697(193)
817704(186)
817741(174)
817809(156)
817811(188)
817857(200)
817903(215)
817906(239)
817978(216)
817981(180)
817987(170)
817958(211)
817960(197)
817969(247)
817974(157)
817975(192)
59
819061(85)
819065(79)
819054(146)
819060(133)
819066(151)
819062(146)
819063(157)
819080(177)
819051(279)
819052(216)
819053(210)
819056(222)
819058(179)
819059(187)
819071(224)
819074(216)
819076(231)
819077(262)
819081(249)
819057(269)
819067(375)
819068(294)
819069(290)
819070(290)
819078(269)
Govt. Comprehensive Boys Higher Sec. School Korangi 3
818439(32)
818455(29)
818334(68)
818432(68)
818435(70)
818446(63)
818444(118)
818454(74)
818329(146)
818368(128)
818385(141)
818425(100)
818442(101)
818315(116)
818322(172)
818326(164)
818375(133)
818404(147)
818419(129)
818433(141)
818434(131)
818437(150)
818452(149)
818390(197)
818409(171)
818410(200)
818412(164)
818415(174)
818301(201)
818342(192)
818343(173)
818370(211)
818373(193)
818431(182)
818436(195)
818441(157)
818449(166)
818417(194)
818422(211)
818424(176)
818429(215)
818430(179)
818339(284)
818344(233)
818345(233)
818346(236)
818347(255)
818349(296)
818352(294)
818353(253)
818356(294)
818357(238)
818330(220)
818331(229)
818333(242)
818337(270)
818338(296)
818302(266)
818303(252)
818308(263)
818310(264)
818312(244)
818316(233)
818320(257)
818321(260)
818324(219)
818328(251)
818416(248)
818420(232)
818427(250)
818428(222)
818438(251)
818443(265)
818450(215)
818451(211)
818456(245)
818401(220)
818402(226)
818405(238)
818411(215)
818413(189)
818358(247)
818360(220)
818366(260)
818369(357)
818371(261)
818386(240)
818387(265)
818395(215)
818397(258)
818399(285)
818400(317)
818403(300)
818406(373)
818407(314)
818414(264)
818418(270)
818421(285)
818448(299)
60
868281(144)
819304(208)
819303(260)
819301(250)
819302(308)
819305(287)
Pak Askari Intermediate College
868109(159)
819152(366)
819151(426)
819153(427)
819154(417)
819155(401)
819157(420)
819158(407)
819159(426)
819160(399)
819161(422)
819162(406)
819141(383)
819142(414)
819143(279)
819144(393)
819145(429)
819146(444)
819147(402)
819148(414)
819149(388)
819150(409)
819163(408)
819164(437)
819166(443)
819167(403)
819168(405)
868106(380)
868107(434)
868108(304)
868110(383)
868111(273)
868112(319)
868113(340)
868114(428)
868115(325)
868116(317)
819169(410)
819170(420)
819171(427)
819172(352)
819173(354)
868101(339)
868102(460)
868103(489)
868104(474)
868105(395)
SSAT Degree College
819064(53)
819075(59)
61
819828(332)
819829(320)
819832(324)
819836(266)
819838(326)
819841(369)
819843(319)
819844(280)
819848(316)
819870(277)
819804(298)
819810(289)
819811(304)
819817(277)
819818(412)
819821(341)
819822(315)
819824(294)
819825(314)
819826(355)
819872(329)
819873(287)
819874(286)
819875(343)
819877(336)
819954(351)
819955(370)
819956(336)
819962(225)
819966(324)
819967(358)
819883(336)
819888(324)
819901(314)
819902(372)
819910(357)
819919(281)
819934(258)
819937(365)
819946(350)
819948(367)
Govt. Degree Boys College, 36-B Landhi 4
868406(186)
819406(279)
819411(241)
868405(264)
819401(267)
819403(348)
819404(344)
819405(294)
819407(343)
819408(236)
819409(289)
819410(360)
819412(279)
819413(340)
868401(453)
868402(325)
868403(330)
868404(358)
868407(284)
Guard Public College Korangi No. 2 1/2
819352(66)
868352(249)
819351(251)
819353(309)
819354(393)
819355(387)
868353(313)
868354(314)
868355(416)
868356(434)
Hira Institute of Emerging Sciences (HIES) Intermediate (Evening Shift)
62
820317(327)
820318(287)
820321(279)
820322(269)
820323(263)
820309(276)
820311(232)
820313(275)
820315(283)
820316(278)
820301(305)
820302(341)
820304(305)
820305(309)
820306(268)
Govt. Degree Boys College Quaidabad
819815(60)
819819(71)
819851(65)
819904(67)
819905(68)
819911(76)
819912(75)
819814(98)
819831(108)
819839(138)
819857(119)
819906(115)
819907(125)
819932(126)
819960(114)
819994(101)
819850(172)
819856(176)
819864(152)
819889(161)
819892(122)
819806(150)
819812(144)
819830(128)
819833(139)
819849(149)
819893(127)
819894(134)
819895(139)
819899(140)
819913(168)
819953(153)
819957(123)
819964(158)
819991(137)
819992(138)
819920(172)
819930(142)
819931(168)
819941(161)
819950(162)
819979(168)
819984(200)
819987(200)
819990(187)
819993(197)
819971(228)
819973(183)
819975(163)
819977(193)
819978(186)
819863(211)
819865(197)
819876(180)
819884(221)
819887(194)
819846(197)
819847(194)
819854(195)
819860(204)
819862(190)
819805(196)
819807(171)
819808(173)
819835(198)
819845(196)
819890(187)
819891(167)
819903(197)
819908(176)
819914(196)
819949(197)
819952(202)
819959(215)
819968(227)
819969(214)
819933(169)
819935(205)
819939(201)
819940(210)
819944(182)
819916(213)
819917(181)
819918(213)
819922(213)
819928(190)
819855(262)
819858(281)
819861(286)
819866(257)
819867(261)
819868(235)
819869(225)
819871(329)
819878(243)
819879(232)
819880(266)
819881(222)
819882(275)
819885(291)
819886(289)
819801(254)
819802(267)
819803(233)
819809(237)
819813(196)
819816(279)
819820(220)
819823(216)
819827(280)
819834(336)
819837(234)
819840(291)
819842(266)
819852(330)
819853(330)
819896(245)
819897(248)
819898(243)
819900(274)
819909(210)
819958(242)
819961(262)
819963(250)
819965(268)
819970(205)
819974(214)
819976(352)
819980(338)
819981(207)
819982(228)
819983(234)
819985(302)
819988(223)
819989(234)
819915(216)
819921(221)
819923(217)
819924(268)
819925(206)
819926(267)
819927(296)
819929(221)
819936(253)
819938(273)
819942(241)
819943(250)
819945(278)
819947(195)
819951(253)
63
820913(378)
820914(295)
820915(317)
820916(331)
820917(352)
820918(333)
820920(394)
820921(357)
820926(410)
820930(309)
820903(398)
820904(351)
820905(367)
820906(355)
820907(369)
820908(341)
820909(380)
820910(248)
820911(356)
820912(389)
820932(386)
820935(334)
820937(285)
820938(317)
820939(386)
820943(402)
820944(333)
820945(396)
820946(389)
820949(286)
Govt. College For Men Nazimabad
820631(386)
820632(304)
820633(339)
820634(328)
R.J Memorial Higher Secondary School
820355(33)
820347(162)
820310(193)
820329(207)
820343(237)
820344(221)
820354(171)
820356(156)
820357(218)
820363(234)
820364(241)
820320(257)
820327(282)
820330(252)
820334(252)
820336(240)
820307(211)
820308(221)
820312(229)
820314(231)
820319(233)
820339(255)
820340(223)
820342(253)
820345(247)
820346(270)
820360(256)
820362(285)
820367(262)
820351(227)
820352(248)
820353(220)
820358(223)
820359(209)
820324(276)
820325(317)
820326(292)
820328(322)
820332(215)
820333(301)
820335(266)
820337(299)
820338(292)
820348(314)
820349(288)
820350(304)
820361(267)
820366(335)
820368(287)
64
821204(398)
821205(377)
821206(361)
821207(393)
821208(393)
821199(268)
821200(298)
821201(411)
821202(280)
821203(286)
821209(395)
821210(397)
821211(382)
821212(406)
821213(406)
821221(433)
821222(397)
821223(382)
821224(471)
821225(360)
821215(380)
821216(430)
821218(364)
821219(341)
821220(364)
821187(444)
821188(337)
821194(379)
821196(316)
821198(347)
821155(371)
821156(349)
821157(278)
821158(274)
821160(409)
821161(369)
821163(338)
821171(295)
821172(277)
821173(339)
821181(478)
821182(336)
821183(308)
821184(404)
821186(311)
821174(364)
821176(297)
821177(410)
821178(322)
821180(368)
821226(333)
821228(414)
821229(398)
821230(354)
821231(466)
821273(366)
821274(307)
821275(359)
821276(345)
821277(353)
821268(332)
821269(332)
821270(391)
821271(385)
821272(400)
821278(418)
821279(338)
821280(399)
821281(381)
821282(407)
821261(374)
821262(323)
821264(366)
821265(338)
821266(371)
821239(321)
821241(443)
821242(448)
821243(312)
821244(323)
821232(338)
821233(445)
821235(380)
821236(419)
821238(353)
821245(303)
821246(397)
821247(365)
821248(406)
821250(384)
821256(366)
821257(398)
821258(368)
821259(369)
821260(365)
821251(433)
821252(413)
821253(410)
821254(393)
821255(350)
821004(253)
821006(385)
821007(286)
821008(307)
821009(294)
820996(306)
820998(264)
820999(345)
821002(248)
821003(337)
821014(313)
821015(361)
821019(280)
821020(385)
821021(325)
821029(457)
821032(344)
821033(434)
821035(454)
821036(429)
821023(428)
821024(457)
821025(307)
821027(351)
821028(373)
820988(439)
820989(379)
820990(414)
820991(240)
820995(314)
820951(311)
820953(276)
820954(316)
820955(344)
820956(334)
821150(320)
821151(307)
821152(397)
821153(392)
821154(431)
820957(264)
820958(390)
820959(279)
820960(275)
820961(262)
820979(340)
820981(400)
820983(423)
820985(365)
820986(370)
820966(381)
820970(270)
820971(338)
820976(266)
820978(246)
821037(268)
821039(394)
821041(409)
821043(283)
821045(358)
821121(404)
821123(322)
821125(306)
821127(379)
821130(298)
821111(297)
821113(358)
821117(365)
821119(352)
821120(397)
821131(405)
821132(331)
821133(368)
821134(333)
821135(302)
821141(275)
821143(312)
821147(322)
821148(318)
821149(414)
821136(274)
821137(247)
821138(322)
821139(283)
821140(320)
821106(374)
821107(334)
821108(337)
821109(320)
821110(387)
821057(445)
821058(402)
821059(276)
821070(333)
821071(321)
821047(272)
821051(294)
821054(307)
821055(351)
821056(329)
821073(385)
821074(321)
821075(278)
821076(400)
821079(312)
821091(343)
821094(326)
821099(416)
821100(319)
821101(367)
821082(413)
821083(321)
821084(299)
821088(309)
821089(280)
65
821016(180)
821022(157)
821034(172)
821046(170)
821048(168)
820982(170)
820993(159)
820994(184)
821005(178)
821011(211)
820950(199)
820963(202)
820972(191)
820973(186)
820980(215)
820997(219)
821000(279)
821001(199)
821010(258)
821013(214)
821018(238)
821030(245)
821031(273)
821038(215)
821040(243)
821042(268)
821050(300)
821052(308)
821061(246)
821068(254)
820974(235)
820975(262)
820977(268)
820984(249)
820987(206)
820901(221)
820902(269)
820922(249)
820923(247)
820924(275)
820927(217)
820929(245)
820931(213)
820934(231)
820941(349)
820942(232)
820952(250)
820965(257)
820967(255)
820969(238)
821234(281)
821237(253)
821240(237)
821249(281)
821263(290)
821267(324)
821289(306)
821299(250)
821319(289)
821334(308)
821336(239)
821345(283)
821346(312)
821166(257)
821192(241)
821195(264)
821214(298)
821227(257)
821078(236)
821081(229)
821090(258)
821093(281)
821097(252)
821105(304)
821115(231)
821118(207)
821126(210)
821129(241)
821142(225)
821144(201)
821145(231)
821164(181)
821165(281)
821412(345)
821413(351)
821414(386)
821415(322)
821406(372)
821407(325)
821408(348)
821409(290)
821410(350)
821323(377)
821324(362)
821325(339)
821326(450)
821327(359)
821317(341)
821318(344)
821320(386)
821321(333)
821322(319)
821328(313)
821329(367)
821330(366)
821332(421)
821333(371)
821341(314)
821343(314)
821344(393)
821347(324)
821349(330)
821335(366)
821337(395)
821338(341)
821339(300)
821340(285)
821312(352)
821313(475)
821314(446)
821315(350)
821316(357)
821290(347)
821291(338)
821292(367)
821293(388)
821294(398)
821283(447)
821285(407)
821286(426)
821287(397)
821288(344)
821295(376)
821296(339)
821297(369)
821298(334)
821301(434)
821307(331)
821308(391)
821309(350)
821310(300)
821311(328)
821302(451)
821303(425)
821304(488)
821305(421)
821306(384)
821385(318)
821386(311)
821387(422)
821388(301)
821389(344)
821380(356)
821381(330)
821382(309)
821383(359)
821384(406)
821390(326)
821391(399)
821392(322)
821393(356)
821394(348)
821401(259)
821402(342)
821403(355)
821404(393)
821405(409)
821396(313)
821397(336)
821398(320)
821399(370)
821400(306)
821375(337)
821376(357)
821377(349)
821378(370)
821379(343)
821355(448)
821356(377)
821357(377)
821358(338)
821359(346)
821350(373)
821351(360)
821352(332)
821353(350)
821354(332)
821360(306)
821361(408)
821362(288)
821363(334)
821364(382)
821370(342)
821371(336)
821372(348)
821373(370)
821374(430)
821365(357)
821366(403)
821367(395)
821368(353)
821369(364)
66
821677(424)
821679(354)
821680(365)
821681(342)
821682(341)
821672(317)
821673(344)
821674(321)
821675(363)
821676(316)
821684(341)
821685(360)
821686(287)
821687(283)
821688(307)
821696(321)
821698(332)
821699(294)
821700(345)
821702(309)
821690(311)
821691(315)
821693(338)
821694(337)
821695(347)
821666(294)
821667(371)
821668(303)
821669(316)
821670(310)
821634(305)
821637(314)
821639(348)
821640(321)
821643(314)
821644(270)
821645(296)
821646(362)
821649(378)
821651(310)
821659(306)
821660(388)
821661(371)
821662(334)
821665(387)
821652(297)
821654(292)
821655(310)
821656(332)
821658(420)
821703(383)
821706(309)
821707(393)
821708(337)
821709(339)
821763(365)
821764(364)
821765(398)
821766(341)
821767(310)
821756(374)
821757(363)
821758(376)
821759(375)
821760(435)
821768(297)
821770(360)
821771(389)
821772(386)
821773(394)
821751(287)
821752(361)
821753(352)
821754(355)
821755(386)
821717(330)
821719(372)
821721(314)
821722(394)
821723(305)
821711(282)
821712(350)
821713(277)
821715(289)
821716(316)
821724(273)
821726(285)
821727(317)
821728(261)
821729(314)
821744(368)
821746(327)
821747(286)
821748(278)
821749(331)
821730(323)
821733(338)
821741(298)
821742(321)
821743(361)
821601(358)
821602(336)
821603(364)
821604(363)
821606(397)
821629(321)
821630(392)
821631(366)
821632(280)
821633(363)
821607(376)
821608(346)
821609(374)
821610(295)
821611(410)
821621(349)
821622(339)
821623(374)
821626(399)
821628(326)
821612(288)
821613(322)
821616(364)
821618(358)
821620(315)
Govt. Degree Science & Commerce College Asifabad
821017(19)
821063(19)
821086(22)
821116(36)
821175(35)
820928(78)
821284(77)
821026(127)
821064(107)
821087(154)
821114(99)
821168(104)
821169(109)
821185(104)
820919(171)
820940(141)
820947(183)
820948(171)
820962(182)
821062(126)
821080(129)
821122(131)
821159(156)
821190(158)
820964(137)
820968(146)
820992(129)
821044(184)
821049(184)
821095(216)
821096(185)
821098(206)
821102(207)
821103(186)
821065(156)
821066(154)
821067(237)
821077(179)
821085(207)
821193(188)
821197(200)
821167(199)
821170(162)
821179(198)
821189(208)
821191(211)
821104(222)
821112(171)
821128(192)
821146(194)
821162(199)
67
821731(84)
821750(117)
821852(98)
821605(149)
821734(123)
821869(191)
821615(172)
821642(220)
821657(180)
821671(248)
821714(229)
821736(214)
821811(231)
821812(203)
821847(206)
821900(198)
821692(261)
821701(262)
821705(254)
821710(281)
821718(318)
821720(222)
821735(261)
821737(254)
821738(311)
821739(227)
821653(234)
821663(235)
821678(286)
821683(230)
821689(269)
821614(252)
821617(253)
821619(292)
821625(267)
821635(207)
821638(263)
821641(281)
821647(301)
821648(301)
821650(227)
821862(286)
821872(244)
821875(289)
821883(295)
821888(274)
821889(234)
821899(270)
821901(254)
821919(296)
821831(234)
821833(241)
821837(285)
821838(228)
821840(236)
821740(248)
821745(284)
821761(217)
821782(302)
821784(262)
821799(293)
821808(330)
821813(208)
821819(279)
821825(276)
821818(364)
821820(251)
821821(332)
821822(336)
821823(296)
821810(367)
821814(415)
821815(369)
821816(318)
821817(327)
821824(374)
821828(369)
821829(370)
821830(394)
821832(349)
821843(290)
821844(300)
821845(302)
821846(388)
821848(311)
821834(346)
821835(276)
821839(351)
821841(305)
821842(325)
821803(334)
821804(344)
821805(360)
821806(372)
821809(251)
821779(353)
821780(366)
821781(356)
821783(308)
821785(335)
821774(317)
821775(332)
821776(301)
821777(354)
821778(366)
821786(317)
821787(335)
821788(337)
821789(334)
821791(347)
821797(286)
821798(300)
821800(285)
821801(286)
821802(317)
821792(267)
821793(321)
821794(334)
821795(250)
821796(377)
821895(333)
821897(303)
821898(350)
821902(348)
821903(383)
821887(373)
821890(316)
821891(310)
821893(347)
821894(297)
821904(315)
821905(309)
821906(349)
821907(304)
821908(351)
821914(325)
821915(307)
821916(337)
821917(321)
821918(328)
821909(318)
821910(316)
821911(325)
821912(316)
821913(290)
821880(306)
821881(332)
821882(324)
821884(306)
821885(346)
821855(362)
821856(357)
821857(338)
821858(410)
821859(321)
821849(323)
821850(351)
821851(331)
821853(366)
821854(340)
821860(326)
821861(326)
821863(337)
821864(366)
821865(391)
821874(369)
821876(343)
821877(325)
821878(292)
821879(318)
821866(357)
821867(384)
821868(357)
821871(333)
821873(298)
68
822749(273)
822767(209)
822781(299)
822791(240)
822802(235)
822665(312)
822674(313)
822684(228)
822693(294)
822701(211)
822817(213)
822845(263)
822851(276)
822863(240)
822891(316)
822897(255)
822898(270)
822899(334)
822904(245)
822914(280)
Sirajuddaullah Govt. College (Evening)
822291(23)
822297(20)
822308(51)
822326(27)
822327(33)
822329(35)
822370(24)
822371(17)
822373(29)
822379(33)
822388(37)
822265(84)
822274(67)
822275(58)
822295(71)
822318(64)
822341(60)
822349(61)
822351(91)
822376(55)
822382(60)
822319(94)
822323(109)
822325(85)
822328(98)
822339(89)
822273(108)
822281(118)
822288(105)
822293(100)
822315(128)
822368(99)
822378(100)
822384(122)
822385(110)
822350(111)
822361(114)
822363(129)
822364(100)
822367(89)
822352(151)
822353(146)
822354(140)
822365(148)
822372(116)
822390(130)
822317(127)
822321(160)
822340(138)
822342(178)
822346(116)
822266(142)
822269(155)
822270(167)
822271(130)
822276(112)
822283(135)
822286(102)
822287(117)
822290(175)
822294(139)
822296(116)
822298(131)
822306(155)
822309(149)
822310(149)
822272(170)
822278(196)
822284(179)
822292(182)
822304(204)
822256(191)
822258(210)
822261(186)
822264(200)
822268(192)
822305(181)
822313(184)
822320(229)
822338(171)
822343(171)
822366(188)
822375(160)
822344(195)
822355(198)
822356(207)
822359(206)
822360(187)
822260(214)
822262(200)
822267(206)
822277(221)
822299(252)
822316(202)
822330(236)
822333(229)
822335(234)
822336(240)
822337(238)
822345(219)
822358(204)
822362(235)
822387(234)
822263(307)
822279(290)
822285(312)
822300(337)
822301(341)
822252(245)
822254(285)
822255(285)
822257(313)
822259(260)
822347(296)
822348(296)
822302(255)
822303(310)
822314(299)
822331(279)
822332(264)
Quaid-e-Millat Govt. College (Evening)
821725(29)
821762(53)
821807(54)
821870(36)
69
822690(63)
822696(45)
822703(65)
822704(61)
822707(62)
822666(72)
822673(69)
822680(69)
822683(49)
822689(58)
822724(111)
822728(101)
822733(105)
822739(87)
822747(95)
822752(95)
822754(78)
822756(105)
822758(84)
822789(92)
822793(80)
822797(107)
822800(91)
822801(81)
822803(79)
822653(97)
822655(97)
822657(90)
822667(95)
822668(106)
822676(90)
822678(114)
822679(100)
822681(100)
822682(93)
822686(113)
822692(104)
822700(99)
822711(83)
822716(91)
822811(87)
822812(104)
822814(110)
822815(98)
822824(92)
822930(98)
822933(94)
822937(117)
822938(88)
822949(121)
822951(109)
822952(100)
822955(89)
822957(99)
822969(92)
822972(91)
822825(72)
822857(117)
822868(85)
822876(78)
822880(90)
822882(100)
822888(94)
822889(97)
822893(95)
822894(92)
822906(97)
822910(86)
822925(99)
822928(90)
822929(84)
822917(160)
822921(117)
822926(126)
822927(144)
822934(140)
822936(129)
822944(137)
822945(119)
822946(122)
822947(168)
822954(144)
822877(126)
822884(114)
822895(131)
822909(137)
822913(117)
822725(124)
822727(152)
822729(112)
822730(108)
822731(123)
822685(139)
822691(140)
822698(162)
822705(134)
822722(132)
822659(140)
822662(127)
822669(112)
822675(144)
822677(117)
822732(131)
822738(114)
822753(115)
822759(129)
822761(121)
822855(172)
822858(130)
822864(136)
822874(133)
822875(113)
822816(128)
822823(127)
822833(130)
822850(126)
822853(112)
822774(142)
822775(135)
822783(149)
822785(140)
822810(136)
822726(183)
822743(158)
822755(168)
822779(207)
822809(162)
822697(153)
822710(168)
822714(167)
822715(181)
822717(150)
822651(163)
822652(156)
822654(162)
822664(192)
822671(153)
822961(155)
822963(173)
822973(196)
822848(148)
822856(196)
822918(169)
822919(179)
822960(186)
822826(176)
822827(163)
822829(156)
822844(194)
822846(153)
822723(243)
822737(193)
822828(226)
822831(175)
822832(212)
822663(236)
822688(219)
822695(225)
822702(239)
822708(257)
822835(246)
822838(208)
822839(199)
822840(220)
822849(195)
822940(185)
822971(185)
822854(201)
822860(192)
822896(218)
822900(259)
822922(220)
822916(309)
70
823757(362)
823758(325)
823759(275)
823760(324)
823761(316)
823752(329)
823753(324)
823754(335)
823755(253)
823756(319)
823762(291)
823763(288)
823764(319)
823765(373)
823766(312)
823775(300)
823776(247)
823780(265)
823781(264)
823782(326)
823768(267)
823769(329)
823770(290)
823773(235)
823774(304)
823746(239)
823748(256)
823749(294)
823750(371)
823751(304)
823712(322)
823713(320)
823714(347)
823715(357)
823717(313)
823719(366)
823720(306)
823721(357)
823722(326)
823724(357)
823736(315)
823739(280)
823740(328)
823743(323)
823745(301)
823725(302)
823727(278)
823728(261)
823730(335)
823731(315)
823783(313)
823787(259)
823788(305)
823789(366)
823796(305)
823862(365)
823863(387)
823867(327)
823868(332)
823869(337)
823855(301)
823856(323)
823857(358)
823859(300)
823861(285)
823870(341)
823871(305)
823872(266)
823874(320)
823875(280)
823847(321)
823848(302)
823849(368)
823851(293)
823853(289)
823809(303)
823810(289)
823814(306)
823815(258)
823818(238)
823799(287)
823802(320)
823803(340)
823804(309)
823808(277)
823819(280)
823820(309)
823823(296)
823824(296)
823826(301)
823836(272)
823839(303)
823841(324)
823843(341)
823846(245)
823827(320)
823828(302)
823830(279)
823831(263)
823835(278)
823707(315)
823708(334)
823709(372)
823710(382)
823711(373)
823702(395)
823703(326)
823704(316)
823705(363)
823706(391)
Sirajuddaullah Govt. College (Morning)
822736(28)
822740(20)
822741(23)
822748(18)
822760(25)
822762(23)
822778(20)
822780(18)
822786(33)
822788(31)
822656(34)
822661(18)
822670(28)
822694(34)
822706(19)
822709(35)
822713(35)
822718(45)
822734(33)
822735(34)
822790(23)
822805(20)
822807(24)
822820(35)
822822(22)
822932(23)
822943(35)
822948(27)
822953(20)
822958(25)
822962(40)
822964(18)
822965(43)
822967(21)
822968(33)
822905(36)
822912(40)
822915(17)
822924(22)
822931(43)
822830(31)
822841(20)
822842(17)
822843(34)
822867(34)
822869(22)
822879(34)
822881(35)
822885(33)
822890(37)
822794(55)
822806(46)
822808(64)
822813(67)
822818(47)
822773(56)
822776(55)
822777(56)
822784(54)
822792(46)
822720(67)
822750(47)
822763(46)
822769(53)
822772(54)
822821(60)
822834(56)
822861(75)
822862(52)
822871(73)
822920(59)
822935(50)
822939(69)
822941(85)
822956(50)
822959(51)
822970(56)
822872(83)
822883(59)
822886(73)
822892(51)
822901(60)
822902(59)
822903(53)
822907(54)
822908(75)
822911(57)
71
823914(56)
823918(66)
823716(86)
823790(112)
823822(111)
823833(107)
823837(118)
823718(169)
823825(150)
823834(168)
823882(155)
823883(128)
823888(170)
823901(168)
823903(135)
823909(149)
823911(134)
823919(127)
823937(159)
823944(105)
823986(150)
823993(151)
823821(185)
823838(191)
823840(183)
823844(237)
823845(171)
823860(211)
823885(215)
823891(177)
823894(158)
823900(233)
823733(224)
823772(165)
823778(178)
823779(172)
823784(219)
823785(207)
823791(178)
823794(169)
823806(175)
823812(181)
823946(191)
823959(208)
823962(248)
823965(228)
823969(213)
823976(185)
823982(184)
823989(186)
823992(218)
823995(202)
823904(195)
823908(202)
823913(159)
823923(170)
823925(191)
823932(184)
823933(232)
823934(178)
823939(220)
823945(263)
823973(241)
823974(246)
823977(245)
823978(259)
823979(231)
823980(218)
823987(236)
823988(192)
823991(215)
823792(277)
823793(253)
823795(235)
823797(224)
823798(254)
823800(225)
823801(276)
823805(257)
823807(239)
823811(228)
823813(226)
823816(206)
823817(237)
823829(192)
823850(220)
823701(305)
823723(231)
823726(278)
823729(286)
823732(233)
823735(270)
823737(234)
823738(227)
823741(219)
823742(254)
823744(230)
823747(262)
823767(283)
823771(254)
823786(174)
823924(229)
823926(232)
823931(235)
823935(272)
823936(274)
823941(217)
823942(234)
823948(237)
823958(232)
823961(258)
823963(236)
823964(248)
823968(248)
823970(246)
823972(272)
823854(245)
823858(254)
823864(260)
823865(249)
823866(297)
823873(245)
823889(232)
823892(212)
823899(265)
823906(211)
823907(213)
823912(245)
823916(231)
823917(201)
823921(215)
823902(276)
823905(251)
823910(281)
823915(300)
823920(318)
823922(260)
823927(320)
823928(288)
823929(354)
823930(353)
823893(290)
823895(267)
823896(304)
823897(266)
823898(286)
823876(321)
823877(265)
823878(309)
823879(313)
823880(292)
823881(281)
823884(369)
823886(308)
823887(270)
823890(250)
823967(371)
823971(271)
823975(265)
823981(245)
823983(294)
823984(361)
823985(300)
823955(245)
823956(287)
823957(347)
823960(322)
823966(308)
823938(291)
823940(309)
823943(359)
823947(270)
823949(313)
823950(272)
823951(287)
823952(390)
823953(396)
823954(386)
72
824933(223)
824934(220)
824937(235)
824941(288)
824945(228)
824901(195)
824905(213)
824909(264)
824921(271)
824922(249)
825005(265)
825008(333)
825009(294)
825010(249)
825011(348)
824987(275)
824990(329)
824991(322)
824992(295)
825000(319)
825029(295)
825031(262)
825032(282)
825033(264)
825035(282)
825012(290)
825015(245)
825017(255)
825023(266)
825025(324)
824952(306)
824955(273)
824956(335)
824958(259)
824961(312)
824943(288)
824944(298)
824946(308)
824949(294)
824950(301)
824978(313)
824979(295)
824980(302)
824981(306)
824983(322)
824963(256)
824965(290)
824966(297)
824971(311)
824972(241)
825038(279)
825039(269)
825042(330)
825043(301)
825046(301)
825144(242)
825150(277)
825151(324)
825153(227)
825154(258)
825122(248)
825123(277)
825138(233)
825139(252)
825142(261)
825169(320)
825170(283)
825173(246)
825174(252)
825185(310)
825158(293)
825160(221)
825163(311)
825167(248)
825168(262)
825064(312)
825065(298)
825066(240)
825075(291)
825078(304)
825056(308)
825057(276)
825059(338)
825060(248)
825063(295)
825094(306)
825095(293)
825101(276)
825104(259)
825121(272)
825081(283)
825083(391)
825085(278)
825088(293)
825089(358)
824936(295)
824938(319)
824939(338)
824940(337)
824942(336)
824903(256)
824904(251)
824906(322)
824907(359)
824912(265)
824916(322)
824918(285)
824920(327)
824923(324)
824925(243)
824927(281)
824928(267)
824929(273)
824930(248)
824935(272)
Govt. Degree Science & Commerce College Lyari
824305(20)
824301(69)
824306(82)
824302(163)
824304(223)
824303(276)
872301(379)
Bahria Foundation College (Nazimabad Campus)
73
825435(258)
825440(267)
825441(325)
825443(274)
825444(378)
825422(374)
825424(276)
825425(328)
825428(314)
825433(284)
825403(270)
825409(320)
825411(276)
825416(359)
825419(367)
825448(377)
825453(319)
825460(279)
825463(279)
825464(272)
Haji Abdullah Haroon Govt. College (Evening)
824931(27)
825133(31)
825156(35)
824988(73)
825053(68)
825073(76)
825140(57)
825152(61)
825179(80)
824924(95)
824986(160)
825007(103)
825027(90)
825082(97)
825112(126)
825113(95)
825117(96)
825119(108)
825124(84)
825143(108)
825157(104)
825166(94)
825030(160)
825036(139)
825040(149)
825041(138)
825048(135)
824911(138)
824915(191)
824953(144)
825001(177)
825002(125)
825052(146)
825058(143)
825070(129)
825091(138)
825098(126)
825134(118)
825164(156)
825175(135)
825183(173)
825186(147)
825103(134)
825114(126)
825127(110)
825129(163)
825132(149)
824964(165)
824976(226)
824984(243)
825004(171)
825006(190)
825018(198)
825051(201)
825055(218)
825062(197)
825069(184)
824902(166)
824910(190)
824913(219)
824914(169)
824917(157)
824926(184)
824932(145)
824948(203)
824957(184)
824962(189)
825131(207)
825136(155)
825137(185)
825148(215)
825161(174)
825172(239)
825184(178)
825076(205)
825080(179)
825087(185)
825099(223)
825106(158)
825107(175)
825109(196)
825115(170)
825120(170)
825130(158)
824996(227)
824998(236)
824999(285)
825003(226)
825014(252)
825016(243)
825019(202)
825021(212)
825022(236)
825024(228)
825026(227)
825028(271)
825034(242)
825037(228)
825044(281)
824947(262)
824954(254)
824959(257)
824967(300)
824968(217)
824970(238)
824973(252)
824974(250)
824975(248)
824977(226)
824985(223)
824989(288)
824993(246)
824994(209)
824995(211)
825045(243)
825047(239)
825049(203)
825050(237)
825054(267)
825118(264)
825125(211)
825126(233)
825128(233)
825135(222)
825149(193)
825155(229)
825159(209)
825162(231)
825171(205)
825176(244)
825177(247)
825178(200)
825180(237)
825061(298)
825071(258)
825072(304)
825077(262)
825079(214)
825084(222)
825086(236)
825092(221)
825093(270)
825096(236)
825097(261)
825102(220)
825105(222)
825111(222)
825116(251)
74
825754(285)
825763(272)
825768(239)
825777(369)
873852(335)
Memon Degree College (Intermediate)
825451(32)
825521(61)
825547(83)
825549(56)
825430(97)
825494(70)
825503(110)
825522(118)
825523(116)
825524(122)
825527(86)
825535(99)
825544(95)
825546(116)
825564(115)
825565(123)
825581(131)
825502(154)
825520(148)
825528(171)
825529(173)
825532(153)
825485(171)
825487(142)
825493(164)
825495(166)
825496(175)
825404(156)
825466(129)
825475(190)
825477(159)
825478(176)
825534(148)
825536(151)
825539(139)
825540(153)
825542(157)
825571(183)
825572(141)
825576(177)
825556(176)
825567(197)
825568(175)
825569(172)
825570(180)
825545(135)
825548(139)
825553(140)
825554(148)
825555(180)
825578(222)
825583(218)
825584(161)
825589(225)
825563(186)
825566(197)
825573(189)
825574(209)
825577(205)
825473(178)
825476(208)
825484(205)
825486(190)
825488(208)
825454(201)
825455(187)
825462(169)
825467(192)
825472(186)
825414(196)
825434(221)
825437(184)
825438(207)
825442(194)
825543(193)
825551(206)
825552(216)
825558(223)
825561(181)
825531(190)
825533(188)
825537(234)
825538(210)
825541(221)
825491(223)
825492(218)
825504(183)
825518(208)
825530(159)
825436(270)
825439(207)
825445(266)
825446(229)
825447(223)
825449(279)
825457(236)
825458(231)
825461(237)
825465(253)
825421(275)
825426(253)
825427(240)
825429(239)
825432(234)
825401(223)
825402(228)
825406(230)
825407(244)
825408(314)
825412(216)
825413(202)
825415(244)
825418(248)
825420(280)
825516(260)
825517(240)
825519(242)
825557(241)
825560(252)
825575(243)
825579(238)
825580(232)
825586(239)
825588(250)
825509(217)
825510(212)
825512(243)
825513(236)
825515(268)
825480(181)
825483(224)
825489(247)
825497(204)
825500(260)
825501(268)
825505(216)
825506(244)
825507(231)
825508(227)
825481(256)
825482(280)
825490(299)
825498(221)
825499(299)
825468(260)
825469(238)
825470(242)
825471(260)
825474(247)
825587(305)
825511(307)
825514(299)
825550(288)
825559(284)
825582(279)
75
825935(134)
825949(143)
825951(137)
825955(144)
825956(149)
825971(136)
825975(144)
825976(130)
825977(137)
825990(131)
825994(125)
825995(137)
826002(187)
826014(175)
825931(192)
825934(168)
825939(168)
825954(184)
825965(170)
826007(193)
826019(194)
826034(179)
825952(219)
826021(201)
825940(290)
825980(236)
825981(248)
825983(260)
Nusrat Bhutto Govt. Degree Boys College Lyari
825853(59)
874203(99)
874201(192)
874202(186)
874207(170)
825851(232)
874205(251)
825852(374)
874204(267)
874206(260)
874208(294)
Saqib Rose Intermediate College
825758(18)
825759(32)
825766(20)
825771(20)
825774(40)
873862(20)
825762(53)
825765(57)
825767(49)
825770(83)
825773(77)
825756(79)
825757(100)
873855(86)
825776(161)
873853(151)
873854(123)
873857(138)
825753(179)
825755(169)
825761(154)
825764(158)
825769(175)
825775(192)
825780(223)
873856(156)
873861(165)
825779(211)
873851(273)
873860(255)
873859(299)
76
826708(383)
826714(331)
826717(265)
826721(318)
826744(268)
826754(315)
826760(394)
826781(328)
826786(364)
826789(276)
826797(277)
826802(387)
826808(289)
826842(321)
826870(290)
Abdul Razzak Gabol Govt. Degree Boys & Girls, Razzakabad, Bin Qasim
826513(56)
826501(114)
826520(69)
826521(93)
826522(81)
826534(104)
826538(85)
826509(151)
826510(152)
826516(105)
826518(118)
826519(138)
826523(112)
826540(114)
826504(221)
826508(185)
826511(165)
826529(160)
826531(149)
826536(169)
826537(154)
826503(212)
826506(285)
826525(213)
826530(202)
826532(222)
826535(187)
826507(299)
826512(268)
826514(221)
826515(222)
826526(250)
826528(310)
826533(281)
Govt. Degree Arts & Commerce College Malir (Evening)
825950(26)
825958(31)
825959(22)
825961(26)
825966(30)
825941(34)
825942(35)
825944(17)
825945(18)
825946(24)
825967(37)
825969(32)
825972(37)
825974(30)
825979(35)
826023(21)
826027(20)
826029(21)
825982(21)
825984(27)
825985(25)
825988(45)
825997(26)
825960(59)
825962(56)
825964(70)
825973(81)
825978(69)
825937(56)
825943(71)
825947(55)
825948(66)
825953(61)
825987(51)
825991(67)
825993(56)
825999(64)
826011(54)
826025(47)
826028(53)
826030(58)
826012(67)
826013(53)
826017(60)
826018(52)
826024(48)
825968(101)
825970(93)
825986(92)
825989(105)
825992(100)
825932(120)
825936(99)
825938(115)
825957(76)
825963(97)
825998(91)
826001(111)
826003(108)
826004(105)
826006(96)
826031(95)
826008(112)
826009(84)
826010(108)
826015(90)
826020(115)
77
827024(107)
827032(79)
827067(82)
827028(113)
827056(118)
827060(157)
827082(190)
827054(240)
827022(383)
827035(274)
Govt. Degree Sc., Arts & Comm. College Murad Memon Goth
826767(22)
826770(18)
826771(38)
826776(18)
826782(23)
826783(28)
826791(25)
826796(17)
826798(20)
826803(19)
826703(18)
826705(28)
826707(39)
826709(35)
826711(17)
826716(72)
826727(43)
826730(36)
826750(18)
826763(20)
826814(20)
826816(27)
826820(27)
826822(18)
826826(22)
826857(17)
826860(20)
826863(24)
826864(26)
826866(20)
826868(27)
826869(19)
826827(34)
826831(20)
826832(17)
826834(33)
826836(41)
826843(17)
826844(17)
826845(37)
826849(18)
826852(27)
826752(54)
826757(44)
826761(53)
826762(48)
826766(51)
826731(60)
826737(50)
826739(78)
826743(52)
826747(58)
826704(67)
826706(54)
826710(70)
826718(85)
826722(75)
826871(60)
826823(46)
826833(50)
826840(68)
826848(50)
826854(52)
826774(59)
826777(50)
826778(50)
826794(73)
826811(57)
826729(118)
826733(97)
826741(105)
826745(84)
826748(86)
826701(111)
826712(135)
826713(113)
826720(89)
826723(115)
826758(100)
826764(98)
826768(90)
826773(101)
826775(107)
826841(89)
826846(93)
826853(93)
826859(72)
826809(68)
826810(87)
826824(142)
826835(87)
826837(107)
826725(127)
826726(133)
826780(132)
826785(141)
826792(143)
826799(132)
826806(128)
826829(139)
826862(133)
826715(192)
826732(175)
826788(171)
826795(188)
826800(167)
826828(168)
826851(153)
826855(163)
826865(155)
826719(249)
826740(256)
826765(226)
826769(267)
826793(231)
826817(239)
826818(259)
826819(240)
826856(216)
78
827371(155)
827373(150)
827382(164)
827383(148)
827386(189)
827336(178)
827341(211)
827347(157)
827349(154)
827370(187)
827303(152)
827319(178)
827321(161)
827325(181)
827335(142)
827393(173)
827399(190)
827402(151)
827404(152)
827408(211)
827415(218)
827416(242)
827417(306)
827420(247)
827432(239)
827435(226)
827439(187)
827440(221)
827441(228)
827442(219)
827446(196)
827448(199)
827455(200)
827456(255)
827457(225)
827305(273)
827306(185)
827313(194)
827315(201)
827316(239)
827330(223)
827353(226)
827362(189)
827364(214)
827375(256)
827379(204)
827388(208)
827394(252)
827395(226)
827407(200)
827459(178)
827463(232)
827464(212)
827467(238)
827473(239)
827544(204)
827551(245)
827556(208)
827559(237)
827566(230)
827573(188)
827574(195)
827575(217)
827581(187)
827586(222)
827588(199)
827590(213)
827483(209)
827486(267)
827497(251)
827499(200)
827500(193)
827501(208)
827517(194)
827526(188)
827527(220)
827530(173)
827531(213)
827532(229)
827537(210)
827538(198)
827543(216)
827580(231)
827587(234)
827563(337)
827565(439)
827567(226)
827576(273)
827578(288)
827409(279)
827410(279)
827412(226)
827419(254)
827424(380)
827427(311)
827444(311)
827449(303)
827451(275)
827452(362)
827374(341)
827377(243)
827380(207)
827398(316)
827405(270)
827310(240)
827312(268)
827324(285)
827327(285)
827334(270)
827350(205)
827352(347)
827360(273)
827361(250)
827367(316)
827524(292)
827534(280)
827535(286)
827539(254)
827549(336)
827550(317)
827552(257)
827554(384)
827557(330)
827562(261)
827505(292)
827509(312)
827514(295)
827518(281)
827521(434)
827460(267)
827461(318)
827465(329)
827476(337)
827488(330)
827494(227)
827495(296)
827496(281)
827498(283)
827504(295)
Govt. Degree Science/Commerce College Malir at Saudabad
827033(25)
827037(18)
827039(28)
827040(30)
827041(19)
827018(23)
827020(21)
827023(26)
827030(27)
827031(22)
827001(18)
827003(23)
827005(21)
827013(17)
827015(18)
827072(28)
827084(20)
827086(32)
827090(27)
827092(27)
827057(21)
827058(21)
827059(25)
827064(17)
827069(20)
827042(30)
827043(26)
827047(27)
827048(25)
827055(19)
827002(65)
827004(69)
827008(77)
827036(51)
827045(50)
827085(72)
827089(55)
827101(61)
79
827742(285)
827744(270)
827747(333)
827748(282)
827754(376)
827756(305)
827757(350)
827758(322)
827759(354)
827761(297)
827733(323)
827734(340)
827735(312)
827736(289)
827740(341)
827701(345)
827707(334)
827708(351)
827710(291)
827713(295)
827714(329)
827718(353)
827719(382)
827722(331)
827728(374)
827765(355)
827766(332)
827767(275)
827770(290)
827771(277)
827774(337)
827775(313)
827776(306)
827782(307)
827785(313)
Jamia Millia Govt. College Malir (Evening)
827301(27)
827311(28)
827326(33)
827329(23)
827331(19)
827389(23)
827392(26)
827423(41)
827469(24)
827318(55)
827332(55)
827337(54)
827339(71)
827346(41)
827302(45)
827307(76)
827308(75)
827309(48)
827317(56)
827348(71)
827356(55)
827357(54)
827358(70)
827381(52)
827487(67)
827507(69)
827516(61)
827572(64)
827593(69)
827390(38)
827437(52)
827472(48)
827479(59)
827482(57)
827468(97)
827477(105)
827492(92)
827493(110)
827512(99)
827541(81)
827547(77)
827553(78)
827569(116)
827585(113)
827368(100)
827385(81)
827430(94)
827450(119)
827454(113)
827304(85)
827314(114)
827320(94)
827322(106)
827328(79)
827340(84)
827343(96)
827344(109)
827351(82)
827366(107)
827391(140)
827396(120)
827400(112)
827401(137)
827403(99)
827406(149)
827413(130)
827422(113)
827425(149)
827428(148)
827429(152)
827434(151)
827458(151)
827462(118)
827466(147)
827323(149)
827333(144)
827338(136)
827342(113)
827345(131)
827354(113)
827355(96)
827363(110)
827365(127)
827369(154)
827372(111)
827376(118)
827378(126)
827384(117)
827387(111)
827525(134)
827528(123)
827529(147)
827536(127)
827540(144)
827555(112)
827560(131)
827561(112)
827570(119)
827583(134)
827589(129)
827592(167)
827470(168)
827475(130)
827478(156)
827489(122)
827490(144)
827491(153)
827502(129)
827510(148)
827511(135)
827513(148)
827515(177)
827519(128)
827520(127)
827522(138)
827523(117)
827484(171)
827485(167)
827503(165)
827506(210)
827508(188)
827445(197)
827471(193)
827474(148)
827480(180)
827481(231)
827411(157)
827418(142)
827421(185)
827426(194)
827433(180)
827582(182)
827584(175)
827591(174)
827564(174)
827568(175)
827571(159)
827577(142)
827579(190)
827533(168)
827542(144)
827546(146)
827548(193)
827558(182)
80
828053(346)
828057(325)
828059(302)
828061(328)
828062(339)
828045(295)
828047(278)
828048(290)
828049(304)
828052(279)
828010(290)
828011(302)
828023(296)
828032(250)
828038(312)
828063(345)
828065(283)
828067(322)
828071(324)
828073(348)
Liaquat Govt. College (Evening) Malir
827704(50)
827749(90)
827772(130)
827781(108)
827788(113)
827712(130)
827727(172)
827739(178)
827780(129)
827789(140)
827803(138)
827825(124)
827835(143)
827839(154)
827845(137)
827855(141)
827777(170)
827779(213)
827790(214)
827801(252)
827807(196)
827752(195)
827755(234)
827760(202)
827762(186)
827768(206)
827838(175)
827840(205)
827844(174)
827846(187)
827850(153)
827809(163)
827810(204)
827826(172)
827831(180)
827834(201)
827716(228)
827729(169)
827730(203)
827743(231)
827751(189)
827737(257)
827738(255)
827741(250)
827745(341)
827746(262)
827750(282)
827753(264)
827763(218)
827764(254)
827769(269)
827773(228)
827778(256)
827783(260)
827784(243)
827786(258)
827702(264)
827703(232)
827705(228)
827706(253)
827709(267)
827711(267)
827715(290)
827717(209)
827720(262)
827721(208)
827724(291)
827725(322)
827726(298)
827731(290)
827732(186)
827849(234)
827852(254)
827856(241)
827859(269)
827860(275)
827861(289)
827863(272)
827864(296)
827865(264)
827867(262)
827869(281)
827787(261)
827802(266)
827804(261)
827805(282)
827811(271)
827813(243)
827817(215)
827820(219)
827824(236)
827827(203)
827828(222)
827833(209)
827836(218)
827837(230)
827847(233)
827806(299)
827812(300)
827814(323)
827815(394)
827816(273)
827818(314)
827819(273)
827821(388)
827822(283)
827823(369)
827791(308)
827792(284)
827793(378)
827794(314)
827795(327)
827796(341)
827797(254)
827798(351)
827799(308)
827800(223)
827857(290)
827858(267)
827862(335)
827866(316)
827868(281)
827870(312)
827871(282)
827872(289)
827829(324)
827830(269)
827832(306)
827841(324)
827842(285)
827843(277)
827848(282)
827851(282)
827853(278)
827854(276)
81
828019(137)
828030(104)
828051(73)
828072(116)
828114(141)
828099(175)
828108(142)
828111(196)
828124(138)
828132(146)
828029(145)
828031(149)
828033(171)
828056(159)
828081(163)
828003(166)
828009(168)
828013(133)
828025(152)
828028(177)
828198(133)
828200(163)
828203(183)
828230(116)
828231(158)
828176(158)
828182(147)
828183(134)
828192(141)
828197(150)
828137(138)
828145(144)
828150(120)
828162(203)
828173(165)
828050(211)
828055(223)
828064(195)
828066(256)
828069(219)
828082(228)
828085(201)
828089(204)
828106(196)
828113(187)
828039(197)
828041(184)
828042(210)
828043(207)
828044(202)
828012(181)
828015(201)
828017(200)
828018(183)
828020(177)
828022(197)
828024(190)
828027(169)
828036(182)
828037(183)
828115(203)
828116(205)
828119(233)
828120(212)
828126(235)
828180(234)
828184(202)
828185(213)
828187(234)
828195(189)
828199(228)
828204(220)
828225(172)
828236(219)
828170(207)
828174(193)
828175(190)
828178(190)
828179(170)
828136(192)
828139(181)
828141(168)
828149(162)
828154(175)
828156(192)
828161(256)
828165(221)
828166(249)
828169(195)
828001(176)
828004(177)
828005(202)
828006(179)
828007(204)
828098(215)
828100(259)
828103(236)
828104(247)
828105(231)
828110(250)
828112(220)
828117(232)
828118(210)
828121(236)
828076(266)
828077(293)
828078(215)
828083(241)
828097(259)
828014(214)
828016(237)
828021(256)
828040(250)
828046(268)
828054(292)
828058(237)
828060(273)
828068(254)
828070(279)
828122(240)
828123(236)
828125(254)
828130(266)
828133(218)
828194(241)
828202(223)
828206(244)
828207(270)
828221(240)
828222(297)
828223(242)
828224(268)
828228(277)
828235(196)
828177(256)
828186(395)
828189(281)
828190(275)
828191(257)
828134(219)
828153(222)
828155(216)
828158(236)
828159(217)
828160(257)
828163(231)
828164(231)
828168(290)
828171(282)
828092(256)
828093(333)
828094(311)
828095(284)
828096(301)
828102(313)
828107(309)
828109(246)
828127(272)
828128(303)
828074(287)
828075(335)
828079(355)
828080(300)
828084(337)
828086(376)
828087(321)
828088(311)
828090(361)
828091(328)
828129(245)
828131(267)
828135(280)
828138(298)
828142(268)
828210(330)
828212(329)
828213(363)
828217(345)
828218(289)
828219(229)
828229(324)
828232(437)
828233(310)
828144(281)
828146(298)
828147(416)
828148(307)
828152(303)
828157(262)
828172(348)
828201(277)
828208(328)
828209(297)
82
829009(287)
829013(252)
829014(270)
829015(262)
829016(358)
Govt. Degree Boys Sc./Arts/Comm. College 5-L New Karachi
876401(55)
828631(193)
828636(202)
876402(136)
876406(240)
828646(371)
876403(450)
876404(293)
876405(352)
876407(395)
828634(425)
828637(369)
828639(397)
828644(362)
828645(371)
876413(464)
876414(254)
876408(350)
876409(250)
876410(401)
876411(266)
876412(317)
Qamar-e-Bani Hashim Higher Secondary School
828547(25)
876360(20)
876354(58)
876356(49)
876351(83)
876355(117)
876362(82)
828541(127)
876353(100)
876352(165)
876359(192)
828543(210)
876358(219)
828531(343)
828533(322)
828536(393)
828538(308)
828540(374)
828542(305)
828548(287)
876357(297)
876361(329)
Kent College of Science & Commerce
828140(60)
828188(25)
828205(21)
828151(135)
828167(137)
828181(109)
828211(110)
828214(112)
828216(106)
828220(94)
828226(120)
828227(118)
83
829006(115)
829018(142)
829022(134)
829024(145)
829025(132)
829097(217)
829102(206)
829116(195)
829117(203)
829118(206)
829132(202)
829133(172)
829140(173)
829157(185)
829159(186)
829162(199)
829163(180)
829172(177)
829178(190)
829182(170)
829085(188)
829087(188)
829088(165)
829091(180)
829092(197)
829001(204)
829003(180)
829007(161)
829011(165)
829012(203)
829019(200)
829020(187)
829029(171)
829030(144)
829034(166)
829049(188)
829065(158)
829070(175)
829078(171)
829084(153)
829286(154)
829296(186)
829306(253)
829311(219)
829315(226)
829316(217)
829323(198)
829331(169)
829339(185)
829375(207)
829377(192)
829378(146)
829381(172)
829386(173)
829253(148)
829274(170)
829276(180)
829277(188)
829283(170)
829193(171)
829202(182)
829207(182)
829212(177)
829214(207)
829215(183)
829217(158)
829219(220)
829224(178)
829225(184)
829226(192)
829231(219)
829233(188)
829234(194)
829238(217)
829303(219)
829310(207)
829318(255)
829328(207)
829332(204)
829334(226)
829336(186)
829340(264)
829341(166)
829343(225)
829372(207)
829382(224)
829385(181)
829241(241)
829246(231)
829268(224)
829281(201)
829290(229)
829044(244)
829053(224)
829064(246)
829080(215)
829096(206)
829098(316)
829107(267)
829121(279)
829122(262)
829123(263)
829004(210)
829005(242)
829010(210)
829027(220)
829028(190)
829033(198)
829035(286)
829038(196)
829042(196)
829043(208)
829201(205)
829203(228)
829209(211)
829213(227)
829222(211)
829223(236)
829230(242)
829232(220)
829235(219)
829237(200)
829124(216)
829130(233)
829134(247)
829136(298)
829161(234)
829165(274)
829177(275)
829181(215)
829184(217)
829200(240)
829094(206)
829095(284)
829099(340)
829100(279)
829105(257)
829106(325)
829111(276)
829112(338)
829113(244)
829115(258)
829125(237)
829135(278)
829151(258)
829152(240)
829173(289)
829017(250)
829021(303)
829026(292)
829031(275)
829037(263)
829039(338)
829041(255)
829048(282)
829051(265)
829052(262)
829072(315)
829083(354)
829089(302)
829090(294)
829093(312)
829174(243)
829186(291)
829190(285)
829195(248)
829198(254)
829319(340)
829320(348)
829324(326)
829325(316)
829337(311)
829338(265)
829344(228)
829345(271)
829346(238)
829347(258)
829349(265)
829350(322)
829360(288)
829228(251)
829236(356)
829239(274)
829255(349)
829256(217)
829260(286)
829275(359)
829280(309)
829284(233)
829294(319)
829295(246)
829298(304)
829301(273)
829308(269)
829313(271)
84
829800(274)
829801(285)
829807(254)
829811(282)
829820(230)
829760(261)
829764(286)
829788(279)
829794(288)
829799(274)
829704(251)
829707(231)
829716(238)
829722(227)
829734(288)
Govt. Degree Boys College, Surjani Town
829068(43)
829086(30)
829141(20)
829150(31)
829204(27)
829251(27)
829257(33)
829287(19)
829309(40)
829317(51)
829352(34)
829365(36)
829367(21)
829380(37)
829108(63)
829110(78)
829114(60)
829119(81)
829139(79)
829142(77)
829145(74)
829148(80)
829175(70)
829187(45)
829008(54)
829032(50)
829046(59)
829055(64)
829058(66)
829061(64)
829063(68)
829067(70)
829074(49)
829082(58)
829189(59)
829205(57)
829211(57)
829221(70)
829248(67)
829342(60)
829353(51)
829354(47)
829357(59)
829368(72)
829373(56)
829250(66)
829259(52)
829261(62)
829264(46)
829266(54)
829269(47)
829270(48)
829272(72)
829273(64)
829288(55)
829383(80)
829355(88)
829356(90)
829361(94)
829363(109)
829379(125)
829079(83)
829103(100)
829120(120)
829126(129)
829127(107)
829129(116)
829131(99)
829138(131)
829143(114)
829144(91)
829002(90)
829040(102)
829047(136)
829056(89)
829059(84)
829060(116)
829062(104)
829066(116)
829069(97)
829071(90)
829146(104)
829147(100)
829149(119)
829158(120)
829164(108)
829247(125)
829252(112)
829258(77)
829262(72)
829271(104)
829282(89)
829285(101)
829292(90)
829302(94)
829322(118)
829166(94)
829169(102)
829188(75)
829191(94)
829194(88)
829199(95)
829210(91)
829218(105)
829220(131)
829240(104)
829156(140)
829160(169)
829168(120)
829170(141)
829171(159)
829179(149)
829180(131)
829183(121)
829185(142)
829192(121)
829196(166)
829197(143)
829208(135)
829243(153)
829244(157)
829036(105)
829045(113)
829054(133)
829073(140)
829075(148)
829076(138)
829077(123)
829101(154)
829104(149)
829109(121)
829128(129)
829137(154)
829153(123)
829154(135)
829155(142)
829330(146)
829335(130)
829351(166)
829358(153)
829362(100)
829366(155)
829370(164)
829371(138)
829374(124)
829376(116)
829384(139)
829245(155)
829254(135)
829265(135)
829278(115)
829279(123)
829289(128)
829291(114)
829293(134)
829297(124)
829304(164)
829312(182)
829314(123)
829321(188)
829327(141)
829329(119)
85
829755(34)
829758(24)
829767(23)
829775(25)
829786(20)
829708(39)
829712(18)
829718(30)
829725(24)
829738(21)
829873(59)
829879(42)
829885(38)
829791(21)
829803(22)
829828(18)
829833(17)
829848(33)
829735(63)
829750(59)
829757(54)
829761(72)
829770(62)
829713(66)
829717(64)
829724(78)
829729(59)
829731(76)
829771(66)
829772(60)
829773(54)
829778(63)
829783(57)
829845(67)
829892(63)
829893(59)
829898(119)
829815(54)
829817(56)
829822(66)
829824(47)
829840(42)
829768(99)
829769(104)
829774(104)
829777(87)
829779(67)
829746(119)
829749(84)
829751(95)
829753(100)
829763(96)
829702(102)
829719(86)
829730(100)
829737(88)
829745(96)
829781(100)
829782(90)
829790(87)
829796(82)
829804(88)
829846(106)
829847(92)
829874(115)
829830(90)
829831(88)
829834(83)
829837(88)
829841(98)
829808(132)
829810(112)
829814(89)
829819(100)
829823(99)
829868(129)
829882(134)
829901(174)
829903(190)
829839(131)
829844(158)
829852(132)
829861(175)
829863(178)
829701(137)
829710(143)
829711(121)
829715(135)
829726(137)
829759(157)
829762(146)
829776(117)
829785(128)
829787(139)
829792(149)
829795(136)
829802(155)
829809(135)
829818(144)
829765(172)
829784(178)
829789(162)
829793(188)
829797(169)
829744(143)
829747(145)
829748(154)
829752(187)
829754(163)
829705(176)
829709(171)
829720(218)
829733(195)
829742(159)
829798(162)
829805(150)
829812(164)
829813(211)
829829(178)
829880(180)
829894(186)
829900(224)
829856(183)
829857(184)
829870(189)
829875(157)
829877(219)
829832(165)
829836(168)
829838(165)
829849(170)
829853(186)
829855(264)
829859(234)
829860(258)
829869(229)
829871(230)
829743(189)
829766(202)
829826(193)
829842(191)
829854(222)
829703(185)
829706(213)
829714(177)
829721(262)
829741(253)
829899(282)
829887(208)
829888(198)
829889(228)
829895(231)
829896(294)
829872(260)
829876(263)
829878(229)
829881(210)
829883(241)
829821(248)
829825(238)
829851(323)
829858(301)
829865(239)
829866(286)
829867(334)
829886(264)
829890(262)
829891(271)
829897(365)
829902(273)
86
830924(387)
830930(276)
830931(301)
830936(286)
830937(341)
830912(238)
830917(263)
830918(331)
830922(324)
830923(278)
830939(295)
830941(283)
830951(283)
830954(244)
830959(266)
830973(251)
830974(256)
830975(323)
830982(289)
830983(295)
830960(255)
830964(349)
830966(288)
830969(295)
830971(273)
830901(276)
830902(264)
830908(267)
830910(298)
830911(324)
830835(300)
830836(269)
830838(241)
830840(331)
830842(257)
830826(272)
830827(264)
830828(282)
830829(301)
830833(291)
830843(343)
830845(332)
830846(313)
830848(320)
830854(301)
830875(294)
830880(320)
830883(326)
830884(377)
830887(281)
830855(283)
830858(311)
830860(314)
830865(244)
830866(251)
831088(249)
831089(266)
831090(327)
831091(327)
831092(375)
831079(339)
831080(267)
831085(302)
831086(338)
831087(295)
831094(285)
831095(290)
831096(343)
831098(378)
831099(308)
831100(323)
831101(380)
831102(302)
831106(301)
831107(270)
831071(335)
831073(341)
831076(330)
831077(284)
831078(281)
830999(283)
831013(310)
831015(253)
831017(317)
831022(345)
830985(236)
830986(278)
830987(310)
830988(292)
830998(324)
831023(439)
831024(315)
831026(295)
831028(270)
831029(275)
831061(315)
831066(362)
831067(321)
831069(292)
831070(258)
831040(286)
831044(309)
831048(248)
831056(287)
831058(295)
830763(275)
830765(247)
830767(314)
830769(246)
830774(306)
830820(315)
830821(240)
830822(326)
830823(307)
830825(321)
830782(327)
830783(301)
830789(279)
830792(273)
830795(271)
830811(360)
830812(234)
830816(277)
830818(277)
830819(310)
830797(284)
830798(269)
830802(324)
830803(297)
830810(310)
Govt. Degree College for Boys 7-D/2, North Karachi
830473(262)
877953(293)
877954(326)
830471(314)
830472(309)
830474(312)
877951(279)
877952(315)
Hamdard Intermediate College for Science & Commerce, Block-H, North Nazimabad
87
830905(161)
830906(177)
830929(217)
830935(191)
830943(186)
830944(237)
830950(209)
830952(188)
830953(175)
830961(178)
830963(197)
830970(215)
830980(266)
830992(200)
830994(160)
830773(211)
830779(165)
830801(185)
830805(145)
830809(199)
830813(175)
830814(201)
830844(210)
830857(178)
830869(193)
830873(187)
830879(193)
830891(160)
830899(166)
830904(179)
830995(209)
831003(155)
831004(151)
831007(175)
831008(232)
831121(159)
831127(172)
831129(213)
831130(245)
831134(208)
831136(174)
831137(158)
831140(151)
831142(190)
831143(220)
831147(204)
831155(158)
831159(196)
831171(192)
831009(199)
831010(181)
831012(207)
831030(180)
831031(204)
831036(192)
831041(191)
831047(215)
831051(205)
831053(212)
831057(182)
831062(168)
831075(219)
831084(209)
831103(189)
831119(239)
831123(231)
831131(235)
831132(254)
831135(247)
831105(284)
831109(232)
831112(243)
831116(200)
831117(225)
831145(267)
831148(215)
831149(207)
831154(213)
831157(241)
831170(254)
831175(282)
831163(273)
831164(199)
831165(230)
831166(243)
831168(304)
831074(304)
831082(304)
831093(264)
831097(212)
831104(302)
830868(217)
830874(224)
830876(244)
830877(193)
830885(274)
830856(197)
830861(213)
830862(182)
830863(243)
830864(220)
830897(221)
830900(238)
830903(239)
830907(225)
830913(274)
830890(212)
830892(219)
830894(205)
830895(248)
830896(232)
830847(247)
830849(195)
830850(281)
830852(240)
830853(234)
830781(229)
830790(237)
830791(240)
830793(218)
830794(220)
830761(205)
830766(212)
830768(231)
830770(256)
830775(222)
830817(223)
830832(239)
830837(176)
830839(214)
830841(265)
830799(212)
830800(220)
830804(236)
830806(223)
830815(280)
831039(237)
831042(218)
831043(233)
831046(287)
831049(257)
831018(242)
831019(259)
831035(203)
831037(260)
831038(248)
831063(219)
831064(238)
831065(275)
831068(288)
831072(258)
831052(261)
831054(260)
831055(212)
831059(241)
831060(251)
830997(220)
831000(237)
831006(206)
831014(275)
831016(260)
830927(275)
830928(218)
830932(224)
830938(214)
830942(204)
830915(257)
830916(237)
830920(218)
830925(327)
830926(329)
830957(213)
830958(195)
830965(228)
830967(232)
830990(203)
830946(284)
830948(220)
830949(237)
830955(230)
830956(267)
831110(304)
831111(294)
831113(267)
831115(345)
831118(294)
831120(241)
831122(281)
831124(318)
831139(259)
831151(269)
831156(305)
831160(255)
831161(296)
88
831293(297)
831296(252)
831297(386)
831300(262)
831301(301)
831286(280)
831287(367)
831290(289)
831291(241)
831292(280)
831302(303)
831303(328)
831304(304)
831305(281)
831306(286)
831313(299)
831314(365)
831315(262)
831316(279)
831318(315)
831308(298)
831309(294)
831310(275)
831311(261)
831312(305)
831278(373)
831281(244)
831282(273)
831283(323)
831285(409)
831246(328)
831247(326)
831249(312)
831250(318)
831253(259)
831254(295)
831255(296)
831256(309)
831258(306)
831260(248)
831269(278)
831270(298)
831271(296)
831272(271)
831273(347)
831262(360)
831264(316)
831266(318)
831267(342)
831268(359)
831320(300)
831322(296)
831324(330)
831326(331)
831327(321)
831370(299)
831371(308)
831372(351)
831373(274)
831374(343)
831365(297)
831366(246)
831367(271)
831368(245)
831369(253)
831376(285)
831377(297)
831378(320)
831379(324)
831381(391)
831359(294)
831360(284)
831362(300)
831363(344)
831364(319)
831333(274)
831337(269)
831338(336)
831339(323)
831340(280)
831328(321)
831329(315)
831330(339)
831331(314)
831332(341)
831343(382)
831344(276)
831345(264)
831346(296)
831347(295)
831354(304)
831355(266)
831356(357)
831357(289)
831358(306)
831348(367)
831349(315)
831351(391)
831352(331)
831353(303)
831225(323)
831242(321)
831243(341)
831244(334)
831245(334)
831204(293)
831206(257)
831209(303)
831222(343)
831223(296)
Pakistan Shipowner's Govt. College
831027(26)
830787(36)
830807(31)
830871(33)
830878(27)
831005(27)
831169(95)
830808(56)
830831(56)
830979(52)
830991(59)
831162(43)
830872(120)
830886(97)
830919(94)
830945(104)
830977(117)
831034(87)
831150(109)
831172(104)
830984(101)
830993(97)
831011(114)
831020(110)
831033(118)
830881(125)
830882(134)
830888(134)
830893(135)
830898(133)
830785(129)
830786(125)
830796(156)
830824(161)
830870(125)
830762(162)
830772(124)
830776(125)
830778(133)
830784(127)
830914(135)
830921(125)
830933(145)
830934(176)
830940(141)
831126(155)
831138(129)
831141(111)
831146(129)
831153(128)
831158(143)
831167(154)
831173(131)
831174(177)
830962(120)
830968(181)
830981(170)
831001(178)
831002(120)
831021(150)
831025(166)
831032(161)
831083(182)
831108(181)
89
831688(227)
831690(226)
831695(234)
831711(366)
831714(259)
831675(303)
831679(282)
831681(381)
831683(244)
831685(348)
831656(291)
831660(239)
831669(226)
831672(279)
831673(304)
831715(309)
831716(283)
831718(293)
831719(253)
831731(317)
Govt. Boys Degree College Buffer Zone
831284(62)
831299(52)
831442(39)
831203(142)
831211(116)
831201(143)
831396(115)
831404(188)
831407(126)
831417(144)
831319(203)
831335(176)
831342(197)
831389(215)
831393(190)
831202(196)
831276(173)
831279(165)
831289(200)
831298(196)
831423(146)
831426(164)
831440(204)
831459(195)
831394(160)
831395(177)
831397(162)
831416(215)
831419(183)
831441(196)
831453(230)
831425(241)
831429(226)
831433(252)
831435(220)
831437(232)
831252(248)
831257(236)
831259(253)
831263(180)
831265(237)
831275(209)
831277(217)
831280(212)
831295(244)
831307(227)
831205(254)
831208(237)
831210(250)
831218(277)
831219(219)
831228(231)
831230(230)
831237(233)
831241(278)
831248(279)
831391(195)
831392(183)
831398(229)
831409(213)
831413(229)
831414(209)
831415(213)
831418(231)
831422(213)
831424(233)
831317(229)
831321(268)
831323(227)
831334(277)
831336(270)
831341(231)
831350(256)
831361(233)
831375(258)
831390(221)
831410(318)
831411(370)
831412(300)
831420(421)
831421(259)
831427(323)
831428(373)
831430(277)
831431(296)
831432(313)
831434(415)
831436(294)
831438(302)
831439(281)
831443(321)
831382(314)
831383(344)
831384(327)
831385(334)
831386(327)
831387(259)
831388(298)
831399(289)
831400(287)
831401(314)
831402(282)
831403(298)
831405(279)
831406(309)
831408(285)
831444(308)
831445(283)
831446(304)
831447(314)
831448(338)
831466(302)
831467(323)
831468(307)
831469(355)
831470(298)
831471(262)
831472(319)
831473(311)
831474(264)
831475(298)
831476(260)
831449(336)
831450(291)
831451(305)
831452(387)
831454(373)
831455(324)
831456(294)
831457(333)
831458(339)
831460(400)
831461(363)
831462(358)
831463(350)
831464(360)
831465(315)
90
831758(195)
831760(211)
831770(228)
831774(220)
831778(244)
831729(224)
831732(250)
831741(222)
831749(211)
831752(220)
831781(227)
831785(218)
831793(201)
831798(199)
831809(207)
831817(242)
831818(199)
831820(239)
831821(189)
831826(229)
831811(232)
831812(237)
831813(207)
831814(229)
831816(219)
831659(224)
831663(233)
831665(228)
831668(201)
831670(209)
831651(246)
831652(189)
831655(219)
831657(219)
831658(189)
831671(248)
831676(232)
831680(205)
831682(227)
831684(215)
831712(300)
831721(248)
831724(233)
831726(246)
831727(222)
831686(212)
831702(224)
831703(194)
831704(269)
831706(311)
831832(184)
831838(190)
831842(229)
831843(188)
831848(258)
831971(242)
831979(249)
831987(226)
832000(194)
832001(226)
831941(235)
831943(224)
831949(184)
831958(252)
831968(197)
831865(242)
831869(241)
831876(236)
831880(200)
831887(188)
831850(259)
831852(227)
831859(258)
831861(249)
831863(271)
831888(249)
831895(208)
831901(190)
831902(204)
831911(224)
831935(258)
831937(216)
831938(219)
831939(214)
831940(230)
831914(194)
831924(257)
831926(247)
831927(241)
831928(233)
832097(258)
832110(241)
832120(290)
832123(290)
832125(304)
832080(339)
832082(287)
832083(256)
832089(262)
832092(284)
831856(244)
831857(297)
831858(265)
831860(353)
831862(403)
831846(356)
831847(258)
831849(324)
831853(277)
831854(262)
831864(235)
831872(288)
831874(285)
831875(256)
831878(296)
831894(300)
831898(270)
831904(347)
831907(297)
831908(375)
831889(257)
831890(336)
831891(269)
831892(343)
831893(308)
831836(338)
831840(293)
831841(196)
831844(349)
831845(292)
831751(262)
831756(250)
831757(290)
831759(290)
831767(315)
831733(221)
831736(298)
831739(316)
831740(285)
831750(299)
831768(278)
831769(335)
831773(302)
831776(319)
831783(354)
831819(250)
831823(287)
831824(306)
831831(387)
831833(266)
831786(288)
831796(308)
831804(236)
831808(237)
831815(326)
832029(272)
832030(290)
832033(236)
832038(266)
832040(250)
832017(284)
832020(292)
832021(232)
832022(304)
832026(279)
832042(294)
832047(255)
832048(286)
832049(290)
832050(331)
832068(366)
832070(284)
832075(249)
832076(239)
832079(272)
832051(255)
832058(349)
832060(381)
832066(235)
832067(332)
831997(280)
832006(267)
832009(295)
832012(285)
832014(236)
831936(299)
831942(285)
831955(346)
831963(239)
831965(260)
831917(305)
831922(300)
831925(323)
831929(298)
831933(279)
831966(367)
831969(287)
831972(289)
831975(260)
831976(256)
831989(247)
831990(239)
831992(292)
831993(275)
831994(250)
831980(284)
831981(261)
831982(318)
831983(338)
831986(283)
91
831825(80)
831883(109)
831918(82)
831920(92)
831934(122)
831743(97)
831744(88)
831775(88)
831784(115)
831789(107)
831654(104)
831692(109)
831693(79)
831699(72)
831708(90)
831946(85)
831956(90)
831959(99)
831995(110)
831998(86)
832119(103)
832084(76)
832106(84)
832107(101)
832111(103)
832112(102)
832003(79)
832013(76)
832019(99)
832056(96)
832057(75)
831797(138)
831806(109)
831827(136)
831829(132)
831834(133)
831835(139)
831851(162)
831870(147)
831877(123)
831899(128)
831764(164)
831779(113)
831780(132)
831788(120)
831791(114)
831698(133)
831700(134)
831701(128)
831710(119)
831734(130)
831742(140)
831745(179)
831746(148)
831753(116)
831762(129)
831916(146)
831930(169)
831945(170)
831947(156)
831953(117)
832044(154)
832046(105)
832059(159)
832085(145)
832093(139)
832100(148)
832103(117)
832109(159)
832113(135)
832114(136)
832005(132)
832016(126)
832034(130)
832035(132)
832036(118)
831954(134)
831961(125)
831962(144)
831977(120)
831978(123)
831985(137)
831988(136)
831991(115)
831999(121)
832004(136)
831662(119)
831667(153)
831689(124)
831694(124)
831696(113)
831803(178)
831805(187)
831807(149)
831810(133)
831822(165)
831828(157)
831830(167)
831839(149)
831855(154)
831866(174)
831873(155)
831881(204)
831885(154)
831897(173)
831903(173)
831777(173)
831787(160)
831792(179)
831799(164)
831800(168)
831674(180)
831687(189)
831697(152)
831707(157)
831713(191)
831720(202)
831722(139)
831725(192)
831728(156)
831730(153)
831748(159)
831754(166)
831755(136)
831766(179)
831771(159)
831905(167)
831906(172)
831910(170)
831912(199)
831913(188)
832064(173)
832065(167)
832071(180)
832074(216)
832077(161)
832087(179)
832088(216)
832090(196)
832096(189)
832098(198)
832104(218)
832105(179)
832115(153)
832043(165)
832045(196)
832053(169)
832054(167)
832061(180)
831915(169)
831923(197)
831931(203)
831948(193)
831952(166)
831957(181)
831964(180)
831967(154)
831974(176)
832007(182)
832008(168)
832018(169)
832023(174)
832025(183)
832032(177)
832037(207)
832039(253)
832041(222)
832055(217)
832062(205)
832002(183)
832011(188)
832015(229)
832027(214)
832028(189)
832069(253)
832073(222)
832078(213)
832081(188)
832086(253)
832117(220)
832121(245)
832122(182)
832124(242)
832091(254)
832094(236)
832095(222)
832099(208)
832102(253)
92
832831(298)
832833(260)
832837(277)
832853(318)
832857(333)
832814(259)
832817(352)
832818(340)
832819(436)
832829(302)
832858(303)
832859(315)
832862(271)
832863(312)
832864(369)
832872(318)
832873(296)
832874(300)
832876(330)
832877(329)
832865(332)
832866(263)
832868(310)
832869(297)
832871(299)
832796(401)
832797(360)
832808(275)
832811(294)
832812(269)
832710(305)
832713(278)
832715(331)
832724(349)
832727(394)
832728(332)
832740(276)
832741(305)
832748(280)
832750(340)
832773(278)
832776(268)
832779(302)
832780(279)
832795(338)
832755(309)
832758(273)
832763(270)
832766(307)
832772(316)
832878(230)
832880(310)
832883(305)
832884(378)
832887(299)
832944(308)
832945(301)
832946(298)
832947(277)
832948(298)
832932(386)
832933(305)
832934(329)
832937(294)
832940(335)
832949(297)
832950(324)
832952(307)
832953(316)
832955(336)
832926(315)
832927(283)
832928(293)
832929(276)
832931(283)
832893(314)
832897(267)
832899(295)
832900(311)
832902(287)
832888(293)
832889(378)
832890(291)
832891(388)
832892(421)
832903(299)
832904(295)
832907(349)
832908(268)
832909(300)
832916(285)
832917(266)
832918(368)
832919(322)
832921(269)
832910(349)
832911(294)
832913(303)
832914(296)
832915(251)
832447(279)
832450(232)
832464(271)
832500(350)
832516(265)
832524(299)
832526(266)
832530(336)
832533(279)
832537(297)
832412(270)
832421(355)
832422(366)
832423(275)
832429(306)
832686(273)
832689(346)
832692(305)
832693(333)
832697(331)
832354(301)
832358(326)
832371(250)
832372(321)
832411(333)
832539(268)
832540(268)
832542(290)
832543(279)
832544(271)
832640(278)
832645(260)
832646(259)
832648(265)
832654(257)
832661(308)
832662(299)
832663(281)
832670(256)
832674(359)
832596(350)
832608(344)
832611(265)
832617(256)
832639(253)
832556(273)
832562(350)
832563(362)
832564(234)
832565(360)
832566(257)
832577(283)
832587(361)
832593(259)
832595(413)
Jinnah Govt. College Nazimabad
831765(22)
831795(33)
831868(17)
831960(26)
832072(25)
831705(23)
831717(46)
831723(24)
831735(33)
831738(19)
831709(45)
831737(51)
831747(43)
831761(70)
831763(52)
831653(68)
831664(67)
831677(59)
831678(64)
831691(53)
831772(56)
831782(58)
831790(53)
831794(61)
831801(55)
832118(38)
831896(48)
831900(61)
831973(54)
832024(61)
832101(78)
831802(60)
831879(58)
831882(83)
831884(67)
831886(70)
93
832424(221)
832428(258)
832434(215)
832436(232)
832439(199)
832440(266)
832441(233)
832442(255)
832449(182)
832456(187)
832355(213)
832356(242)
832357(253)
832359(238)
832361(250)
832362(238)
832365(240)
832374(239)
832392(231)
832394(246)
832458(218)
832461(208)
832473(231)
832476(213)
832481(210)
833198(347)
833199(341)
833203(304)
833205(344)
833206(359)
833207(313)
833209(274)
833210(306)
833215(269)
833216(287)
833218(383)
833220(258)
833223(320)
833224(314)
833232(370)
833190(317)
833193(294)
833195(268)
833196(268)
833197(326)
833160(297)
833162(295)
833163(266)
833164(328)
833166(298)
833167(309)
833169(314)
833171(279)
833172(303)
833174(324)
833175(344)
833178(303)
833184(324)
833185(283)
833188(253)
833269(342)
833270(379)
833272(337)
833274(282)
833277(298)
833279(297)
833280(317)
833285(233)
833286(248)
833287(262)
833289(231)
833290(312)
833291(313)
833261(377)
833262(236)
833263(350)
833264(319)
833267(302)
833233(284)
833234(328)
833236(306)
833238(324)
833239(285)
833241(343)
833245(271)
833249(281)
833250(353)
833253(315)
833254(296)
833255(258)
833257(284)
833259(335)
833260(299)
833155(312)
833156(301)
833157(301)
833158(284)
833159(323)
833014(354)
833015(328)
833018(347)
833021(273)
833023(226)
833007(277)
833009(279)
833010(299)
833011(225)
833013(276)
833024(246)
833026(320)
833029(353)
833033(313)
833034(319)
833041(347)
833042(360)
833043(331)
833045(316)
833046(288)
833035(313)
833036(359)
833038(261)
833039(321)
833040(274)
833000(298)
833001(251)
833002(241)
833004(300)
833006(248)
832964(349)
832965(378)
832966(322)
832967(332)
832972(387)
832957(359)
832960(299)
832961(367)
832962(299)
832963(343)
832974(293)
832975(315)
832977(285)
832978(306)
832981(259)
832992(354)
832995(368)
832996(310)
832997(310)
832998(257)
832983(302)
832985(291)
832986(288)
832989(271)
832991(284)
833100(322)
833101(243)
833105(314)
833107(325)
833110(353)
833093(336)
833095(297)
833096(294)
833098(302)
833099(291)
833114(286)
833118(320)
833121(273)
833124(334)
833125(267)
833139(328)
833143(418)
833144(410)
833151(328)
833152(314)
833130(285)
833131(284)
833132(282)
833133(282)
833138(269)
833084(321)
833085(296)
833088(259)
833090(311)
833092(293)
833053(284)
833054(343)
833056(347)
833057(297)
833059(307)
833048(302)
833049(275)
833050(392)
833051(310)
833052(286)
833061(325)
833063(293)
833064(337)
833066(317)
833068(263)
833076(300)
833077(263)
833078(255)
833080(394)
833082(300)
833069(269)
833070(298)
833072(294)
833073(280)
833075(267)
94
832443(181)
832444(174)
832448(177)
832455(162)
832463(187)
832467(180)
832479(160)
832483(183)
832506(192)
832513(132)
832514(169)
832515(179)
832520(184)
832523(172)
832536(174)
832363(160)
832364(166)
832367(147)
832375(144)
832376(197)
832377(170)
832380(162)
832390(140)
832395(198)
832400(164)
832410(179)
832414(214)
832425(217)
832431(214)
832438(171)
832538(177)
832541(206)
832545(159)
832548(171)
832552(191)
832561(169)
832570(190)
832580(178)
832589(170)
832592(204)
832600(137)
832607(163)
832618(187)
832620(138)
832624(170)
832632(151)
832650(150)
832657(168)
832664(169)
832676(198)
833173(232)
833183(230)
833186(238)
833187(213)
833189(195)
833191(274)
833192(209)
833194(210)
833200(231)
833202(246)
833135(217)
833136(218)
833140(252)
833141(262)
833142(258)
833145(224)
833147(228)
833149(227)
833150(212)
833170(221)
833204(197)
833211(241)
833212(230)
833219(229)
833222(257)
833256(213)
833258(231)
833265(211)
833266(219)
833268(243)
833273(191)
833275(191)
833278(228)
833284(211)
833288(211)
833227(215)
833228(256)
833235(281)
833237(190)
833243(236)
833246(227)
833247(224)
833248(195)
833251(237)
833252(277)
833123(242)
833126(234)
833127(217)
833128(212)
833129(256)
832732(298)
832733(305)
832736(202)
832739(249)
832744(220)
832690(229)
832700(226)
832706(233)
832716(251)
832731(205)
832747(204)
832754(187)
832765(245)
832774(228)
832778(229)
832851(280)
832855(237)
832860(219)
832861(231)
832870(220)
832793(189)
832798(220)
832815(190)
832835(195)
832836(246)
832647(248)
832652(192)
832653(198)
832677(313)
832684(203)
832521(213)
832522(218)
832525(222)
832532(254)
832535(206)
832490(195)
832491(236)
832492(195)
832508(228)
832512(201)
832569(231)
832576(242)
832586(273)
832588(209)
832590(241)
832622(277)
832627(212)
832629(199)
832631(183)
832633(181)
832591(211)
832599(187)
832609(256)
832610(208)
832621(227)
833047(241)
833055(210)
833058(281)
833060(239)
833065(256)
833025(225)
833031(187)
833032(249)
833037(229)
833044(285)
833071(247)
833079(235)
833081(236)
833086(271)
833087(249)
833109(248)
833111(245)
833112(219)
833115(237)
833120(247)
833094(249)
833097(231)
833104(210)
833106(250)
833108(233)
833008(285)
833012(220)
833017(249)
833019(286)
833022(260)
832922(230)
832924(283)
832925(285)
832935(296)
832936(247)
832881(245)
832885(228)
832886(248)
832898(218)
832905(210)
832938(266)
832942(234)
832958(254)
832968(213)
832969(227)
832987(231)
832988(233)
832993(250)
833003(247)
833005(300)
832970(264)
832971(262)
832976(216)
832979(230)
832984(256)
95
832484(84)
832485(77)
832501(101)
832503(93)
832509(76)
832510(80)
832547(79)
832551(94)
832553(88)
832558(88)
832446(94)
832452(86)
832472(95)
832474(103)
832482(73)
832351(94)
832379(98)
832384(91)
832386(87)
832387(85)
832391(86)
832396(76)
832404(79)
832437(92)
832445(104)
832559(101)
832575(95)
832581(96)
832583(106)
832598(96)
832615(98)
832623(99)
832625(92)
832626(81)
832634(79)
832685(131)
832694(141)
832695(158)
832698(131)
832702(168)
832709(189)
832712(133)
832718(133)
832722(126)
832734(127)
832753(128)
832760(156)
832761(133)
832764(123)
832775(138)
832572(114)
832578(183)
832582(142)
832604(136)
832612(151)
832614(123)
832635(106)
832637(136)
832638(159)
832643(184)
832649(132)
832667(118)
832672(154)
832679(122)
832680(131)
832879(155)
832894(169)
832923(128)
832943(160)
833067(151)
833102(138)
833117(131)
833122(119)
833134(156)
833154(141)
833229(118)
833244(141)
833276(140)
833283(133)
832777(133)
832792(159)
832794(147)
832802(154)
832803(162)
832821(135)
832824(167)
832825(178)
832826(123)
832834(142)
832846(136)
832848(129)
832850(108)
832852(113)
832856(154)
832527(113)
832529(132)
832549(125)
832555(152)
832568(160)
832405(116)
832407(109)
832413(126)
832415(169)
832416(157)
832398(126)
832399(118)
832401(109)
832402(130)
832403(110)
832352(138)
832360(138)
832373(115)
832378(138)
832397(133)
832498(98)
832504(114)
832511(142)
832517(131)
832518(140)
832477(163)
832478(113)
832480(143)
832488(132)
832495(151)
832419(165)
832430(141)
832432(142)
832453(110)
832460(134)
832827(165)
832828(172)
832830(205)
832832(195)
832843(179)
832847(186)
832849(171)
832867(210)
832875(191)
832895(178)
832896(190)
832906(186)
832939(177)
832951(187)
832956(215)
832804(182)
832809(156)
832813(150)
832822(184)
832823(129)
832696(162)
832703(166)
832708(191)
832711(151)
832714(179)
832737(171)
832745(197)
832746(229)
832749(169)
832762(177)
832768(148)
832769(161)
832787(168)
832799(217)
832800(170)
832973(184)
832982(193)
833016(214)
833027(192)
833028(205)
833201(156)
833213(178)
833214(203)
833221(186)
833225(174)
833226(157)
833230(208)
833231(139)
833240(205)
833242(186)
833271(171)
833282(176)
833292(218)
833293(189)
833177(182)
833179(163)
833180(142)
833181(167)
833182(170)
833030(191)
833062(194)
833083(184)
833089(202)
833091(204)
833103(224)
833113(203)
833116(163)
833119(242)
833137(177)
833146(192)
833148(175)
833153(173)
833165(209)
833176(189)
96
833439(286)
833440(342)
833441(341)
833442(322)
833443(325)
833434(359)
833435(321)
833436(279)
833437(324)
833438(337)
833451(355)
833452(269)
833453(313)
833454(277)
833457(277)
833444(320)
833445(277)
833446(246)
833448(299)
833450(341)
833428(283)
833429(281)
833431(323)
833432(336)
833433(312)
833407(304)
833410(291)
833411(347)
833412(365)
833413(310)
833401(337)
833402(332)
833403(321)
833404(315)
833405(257)
833421(335)
833422(333)
833423(277)
833426(373)
833427(348)
833414(348)
833415(308)
833417(278)
833418(438)
833420(326)
833494(329)
833495(382)
833496(378)
833497(337)
833498(374)
833488(299)
833489(258)
833491(250)
833492(316)
833493(347)
833465(310)
833466(286)
833467(230)
833468(346)
833470(342)
833460(289)
833461(363)
833462(310)
833463(281)
833464(289)
833478(263)
833482(235)
833484(222)
833486(274)
833487(306)
833471(289)
833472(348)
833473(319)
833474(298)
833475(349)
Premier Govt. College (Evening)
832584(27)
832603(17)
832606(36)
832619(21)
832642(29)
832651(21)
832656(20)
832681(33)
832729(24)
832738(27)
832759(27)
832785(31)
832842(38)
832920(38)
833217(29)
832459(21)
832462(26)
832471(19)
832546(47)
832573(29)
832353(21)
832385(17)
832408(30)
832427(33)
832454(33)
832470(49)
832475(71)
832487(67)
832496(61)
832497(59)
832502(78)
832505(39)
832528(75)
832554(70)
832567(59)
832426(64)
832433(71)
832457(73)
832465(59)
832466(45)
832366(55)
832369(47)
832370(57)
832381(62)
832389(46)
832393(41)
832406(50)
832409(57)
832418(49)
832420(49)
832574(59)
832579(67)
832585(70)
832597(68)
832602(59)
832767(57)
832771(51)
832789(63)
832791(64)
832806(101)
833168(46)
832701(51)
832705(72)
832717(65)
832720(75)
832756(55)
832613(73)
832630(64)
832641(68)
832659(62)
832665(48)
832666(45)
832671(69)
832682(74)
832687(55)
832691(78)
832688(94)
832699(94)
832707(110)
832719(117)
832721(115)
832726(92)
832735(109)
832751(94)
832752(86)
832757(95)
832636(90)
832644(105)
832655(79)
832658(99)
832660(95)
832668(127)
832669(107)
832675(93)
832678(93)
832683(109)
832839(97)
832840(92)
832841(77)
832844(125)
832954(107)
833281(97)
832770(85)
832783(83)
832784(82)
832786(86)
832790(82)
832801(113)
832807(121)
832810(82)
832816(92)
832838(105)
97
833745(265)
833747(364)
833748(386)
833749(360)
833750(337)
833739(292)
833740(343)
833742(363)
833743(376)
833744(273)
833751(356)
833752(398)
833753(339)
833754(390)
833756(332)
833764(421)
833765(327)
833767(293)
833768(306)
833769(339)
833757(351)
833759(290)
833761(332)
833762(317)
833763(400)
833731(351)
833732(393)
833734(311)
833735(341)
833736(318)
833703(338)
833704(322)
833706(309)
833707(358)
833709(298)
833710(344)
833712(357)
833713(332)
833714(324)
833715(334)
833724(308)
833725(374)
833728(340)
833729(307)
833730(352)
833717(357)
833718(334)
833719(385)
833720(330)
833722(265)
833770(364)
833772(353)
833773(288)
833774(359)
833775(308)
833818(362)
833819(363)
833820(346)
833821(322)
833822(360)
833813(381)
833814(381)
833815(322)
833816(311)
833817(353)
833823(358)
833824(339)
833825(365)
833826(417)
833827(340)
833806(389)
833808(356)
833810(367)
833811(373)
833812(391)
833784(322)
833785(337)
833786(329)
833787(367)
833789(287)
833777(319)
833779(287)
833780(305)
833782(361)
833783(335)
833790(305)
833791(279)
833792(256)
833793(370)
833794(364)
833801(324)
833802(311)
833803(346)
833804(408)
833805(399)
833795(291)
833797(380)
833798(353)
833799(343)
833800(342)
833567(307)
833568(331)
833570(309)
833571(285)
833572(304)
833560(344)
833561(297)
833562(303)
833564(369)
833565(351)
833573(324)
833574(309)
833577(341)
833581(311)
833582(273)
833591(335)
833592(378)
833593(337)
833594(382)
833595(343)
833583(239)
833586(331)
833587(320)
833588(316)
833590(379)
833553(312)
833554(342)
833555(365)
833557(347)
833558(333)
833500(311)
833501(306)
833502(309)
833511(224)
833512(366)
833695(377)
833696(312)
833698(330)
833701(338)
833702(339)
833513(353)
833519(302)
833520(284)
833522(257)
833526(265)
833546(306)
833547(274)
833548(347)
833549(296)
833550(304)
833527(296)
833539(308)
833540(325)
833541(366)
833545(306)
833596(315)
833597(329)
833598(375)
833599(383)
833600(349)
833650(353)
833651(310)
833652(368)
833653(312)
833654(286)
833644(344)
833645(306)
833646(335)
833647(311)
833648(293)
833656(299)
833658(319)
833659(335)
833660(356)
833661(308)
833677(305)
833678(314)
833688(278)
833690(320)
833693(356)
833662(338)
833664(244)
833665(266)
833668(287)
833670(276)
833637(324)
833638(354)
833639(403)
833640(328)
833641(279)
833607(287)
833608(337)
833610(367)
833614(304)
833617(315)
833601(355)
833602(323)
833603(348)
833604(292)
833606(333)
833619(259)
833621(292)
833622(310)
833623(330)
833624(320)
833630(319)
833632(420)
833633(300)
833634(324)
833635(323)
833625(307)
833626(329)
833627(381)
833628(295)
833629(342)
98
834013(378)
834014(391)
834015(308)
834016(406)
834017(359)
834007(335)
834008(383)
834009(334)
834011(389)
834012(331)
834018(343)
834019(375)
834020(354)
834021(405)
834022(374)
834029(341)
834030(340)
834031(360)
834032(337)
834033(389)
834023(344)
834024(369)
834025(362)
834026(270)
834027(370)
834002(330)
834003(364)
834004(342)
834005(358)
834006(346)
833977(356)
833978(288)
833979(357)
833980(352)
833981(402)
833982(404)
833983(349)
833985(389)
833986(350)
833987(404)
833996(314)
833997(363)
833998(368)
833999(350)
834000(332)
833989(291)
833990(322)
833991(392)
833992(366)
833993(355)
834034(381)
834035(414)
834036(398)
834038(371)
834040(355)
834081(335)
834082(316)
834083(360)
834084(349)
834085(328)
834076(289)
834077(331)
834078(315)
834079(340)
834080(340)
834086(357)
834087(328)
834088(288)
834089(329)
834091(351)
834071(332)
834072(359)
834073(355)
834074(344)
834075(345)
834046(380)
834048(421)
834050(264)
834051(350)
834052(367)
834041(284)
834042(353)
834043(382)
834044(381)
834045(330)
834053(345)
834055(319)
834056(348)
834057(334)
834058(347)
834065(337)
834066(390)
834067(316)
834068(305)
834069(346)
834059(358)
834060(377)
834061(324)
834063(316)
834064(347)
833864(321)
833865(323)
833866(368)
833867(268)
833868(314)
833858(294)
833859(339)
833861(348)
833862(350)
833863(343)
833870(278)
833871(319)
833873(288)
833874(327)
833875(310)
833884(341)
833885(302)
833886(284)
833887(374)
833888(349)
833876(383)
833877(288)
833878(337)
833882(316)
833883(283)
833851(277)
833852(280)
833853(306)
833855(356)
833856(303)
833828(377)
833829(341)
833830(366)
833831(368)
833832(367)
833971(329)
833972(344)
833973(249)
833974(262)
833976(325)
833834(284)
833836(410)
833837(329)
833838(284)
833839(277)
833846(348)
833847(308)
833848(402)
833849(372)
833850(270)
833840(323)
833842(423)
833843(427)
833844(419)
833845(338)
833890(286)
833892(334)
833893(298)
833894(334)
833895(281)
833941(349)
833942(285)
833944(336)
833945(297)
833946(357)
833933(310)
833936(263)
833938(348)
833939(326)
833940(347)
833947(317)
833948(330)
833952(290)
833954(289)
833955(393)
833966(291)
833967(288)
833968(350)
833969(330)
833970(311)
833957(305)
833960(284)
833962(294)
833963(346)
833965(367)
833928(309)
833929(365)
833930(254)
833931(347)
833932(340)
833901(302)
833902(390)
833903(269)
833905(320)
833906(271)
833896(362)
833897(353)
833898(332)
833899(339)
833900(282)
833908(300)
833909(250)
833910(312)
833913(310)
833914(292)
833921(328)
833922(281)
833924(374)
833925(404)
833926(404)
833915(301)
833916(359)
833917(368)
833918(407)
833919(415)
99
834276(272)
834279(245)
834280(390)
834281(340)
834282(248)
834264(273)
834268(308)
834269(258)
834272(303)
834273(226)
834284(267)
834292(319)
834296(360)
834297(301)
834298(237)
834305(295)
834307(413)
834308(293)
834309(260)
834314(312)
834299(278)
834300(258)
834301(305)
834302(283)
834303(288)
834253(222)
834259(422)
834261(308)
834262(313)
834263(272)
834224(323)
834226(294)
834227(382)
834228(325)
834232(316)
834233(273)
834235(393)
834236(310)
834238(295)
834239(343)
834246(309)
834247(281)
834248(305)
834249(306)
834250(354)
834240(322)
834241(398)
834243(311)
834244(280)
834245(387)
834315(282)
834322(301)
834325(284)
834330(297)
834334(309)
834438(267)
834439(272)
834440(298)
834443(295)
834444(298)
834431(296)
834432(279)
834433(276)
834435(343)
834437(269)
834446(282)
834447(258)
834448(256)
834451(253)
834455(296)
834415(287)
834421(255)
834423(230)
834429(241)
834430(294)
834343(241)
834349(271)
834354(290)
834360(301)
834363(269)
834335(290)
834336(321)
834338(367)
834339(275)
834341(262)
834365(335)
834369(302)
834375(288)
834383(306)
834385(280)
834399(245)
834402(299)
834403(329)
834405(324)
834408(373)
834390(308)
834393(276)
834394(305)
834395(288)
834397(284)
834129(317)
834130(372)
834131(331)
834132(310)
834133(292)
834124(308)
834125(323)
834126(379)
834127(333)
834128(285)
834134(316)
834135(316)
834136(319)
834137(326)
834138(381)
834145(315)
834146(291)
834148(348)
834149(373)
834150(343)
834140(385)
834141(385)
834142(363)
834143(348)
834144(325)
834117(342)
834119(317)
834120(320)
834122(316)
834123(283)
834094(292)
834095(290)
834096(291)
834097(355)
834098(243)
834218(355)
834219(329)
834221(360)
834222(292)
834223(314)
834099(304)
834100(356)
834101(291)
834102(300)
834103(343)
834110(346)
834111(279)
834112(301)
834113(359)
834116(324)
834104(370)
834105(366)
834106(377)
834107(319)
834108(290)
834151(344)
834152(336)
834153(361)
834154(374)
834155(315)
834197(336)
834198(358)
834199(323)
834200(313)
834201(345)
834192(339)
834193(414)
834194(295)
834195(273)
834196(319)
834202(292)
834203(384)
834204(302)
834205(306)
834206(316)
834212(361)
834213(351)
834215(320)
834216(334)
834217(332)
834207(350)
834208(334)
834209(345)
834210(278)
834211(330)
834186(311)
834187(322)
834189(333)
834190(354)
834191(269)
834162(366)
834164(334)
834165(299)
834168(320)
834169(257)
834156(364)
834157(345)
834158(298)
834159(280)
834160(287)
834170(283)
834171(394)
834173(374)
834174(344)
834175(279)
834181(391)
834182(309)
834183(308)
834184(284)
834185(305)
834176(305)
834177(324)
834178(297)
834179(287)
834180(356)
100
833964(261)
833975(225)
833984(253)
833988(233)
833994(244)
833949(217)
833950(217)
833953(280)
833959(273)
833961(285)
834010(248)
834028(240)
834039(258)
834047(262)
834062(267)
834167(254)
834172(349)
834188(279)
834220(277)
834225(262)
834090(279)
834109(228)
834115(249)
834118(247)
834161(291)
833891(306)
833907(211)
833920(268)
833927(224)
833935(299)
833726(293)
833733(296)
833738(256)
833741(238)
833746(235)
833755(255)
833766(259)
833771(265)
833781(248)
833788(282)
833857(253)
833860(240)
833879(316)
833880(260)
833889(239)
833796(223)
833807(288)
833809(295)
833841(232)
833854(244)
834229(244)
834231(248)
834237(225)
834251(230)
834256(179)
834388(217)
834389(218)
834391(271)
834396(221)
834400(230)
834366(216)
834367(199)
834368(240)
834372(255)
834387(203)
834401(265)
834404(212)
834406(219)
834407(275)
834411(254)
834355(201)
834356(218)
834357(176)
834358(245)
834361(232)
834285(205)
834286(226)
834287(207)
834288(199)
834295(247)
834257(195)
834270(232)
834271(227)
834277(221)
834283(267)
834306(208)
834321(177)
834324(271)
834327(244)
834328(189)
834345(183)
834346(197)
834350(223)
834352(222)
834353(232)
834332(208)
834333(233)
834337(185)
834340(235)
834344(255)
833477(200)
833480(252)
833481(257)
833483(187)
833485(250)
833490(245)
833499(244)
833503(219)
833504(241)
833505(225)
833506(279)
833507(281)
833514(224)
833515(264)
833517(247)
833700(271)
833711(272)
833716(293)
833721(278)
833723(268)
833406(274)
833408(247)
833409(265)
833419(283)
833425(286)
833447(240)
833456(201)
833458(243)
833469(243)
833476(303)
833518(271)
833530(241)
833531(235)
833532(254)
833533(200)
833615(259)
833616(242)
833620(245)
833655(220)
833657(208)
833669(301)
833671(239)
833682(246)
833683(229)
833684(217)
833686(284)
833687(248)
833689(317)
833694(248)
833697(230)
833535(224)
833536(261)
833538(293)
833542(258)
833543(221)
833544(255)
833551(272)
833552(244)
833559(252)
833576(235)
833580(240)
833584(314)
833585(295)
833605(259)
833611(239)
834490(250)
834493(255)
834496(259)
834498(261)
834500(252)
834501(295)
834502(268)
834504(296)
834505(249)
834506(271)
834457(252)
834462(301)
834463(265)
834466(243)
834471(276)
834473(233)
834477(264)
834478(328)
834482(277)
834488(243)
834540(313)
834542(334)
834543(281)
834544(272)
834548(330)
834558(217)
834559(310)
834560(263)
834533(325)
834534(291)
834536(284)
834537(344)
834539(267)
834507(267)
834509(301)
834512(268)
834516(266)
834520(282)
834521(302)
834522(241)
834530(315)
834531(293)
834532(226)
101
834374(18)
833612(66)
833675(75)
833676(59)
833833(69)
833943(80)
834518(73)
834525(54)
834547(57)
833521(101)
833680(104)
833835(105)
834252(97)
834317(77)
834323(111)
834347(89)
834381(103)
834413(77)
834464(87)
834489(99)
834289(126)
834290(166)
834294(157)
834319(119)
834362(155)
833679(137)
833681(138)
833691(194)
834037(181)
834278(121)
833455(157)
833529(162)
833534(159)
833575(197)
833672(142)
834513(119)
834519(130)
834527(126)
834528(121)
834476(137)
834480(146)
834485(146)
834486(146)
834491(175)
834373(139)
834378(124)
834417(155)
834420(149)
834422(133)
834470(163)
834484(181)
834494(182)
834499(154)
834503(181)
834511(138)
834517(179)
834523(153)
834526(166)
834529(153)
834549(181)
834550(236)
834409(172)
834414(166)
834426(182)
834436(153)
834445(158)
833613(238)
833618(195)
833636(171)
833642(197)
833643(205)
833649(191)
833663(197)
833666(168)
833667(161)
833673(189)
833685(200)
833692(246)
833699(225)
833705(232)
833708(244)
833416(174)
833430(205)
833449(204)
833459(202)
833479(167)
833508(208)
833509(220)
833510(176)
833516(217)
833524(206)
833528(193)
833537(199)
833556(218)
833566(246)
833579(229)
833737(193)
833776(186)
833778(211)
833869(166)
833872(236)
834274(187)
834275(174)
834291(190)
834293(164)
834310(140)
834311(161)
834316(188)
834318(222)
834326(223)
834329(205)
834331(242)
834348(160)
834351(154)
834371(166)
834380(207)
833911(175)
833951(204)
834049(233)
834054(202)
834092(150)
834093(161)
834114(188)
834139(264)
834234(214)
834242(232)
834254(187)
834255(170)
834258(165)
834260(195)
834265(152)
834454(243)
834456(236)
834458(191)
834459(223)
834460(207)
834461(205)
834467(213)
834468(267)
834472(197)
834474(251)
834416(245)
834418(225)
834424(275)
834425(239)
834427(208)
834428(232)
834441(217)
834442(265)
834449(251)
834450(235)
834545(287)
834546(245)
834551(235)
834554(274)
834556(220)
834557(258)
834479(255)
834481(216)
834483(205)
834495(196)
834497(211)
834508(216)
834514(220)
834515(221)
834538(313)
834541(291)
102
834940(377)
834942(286)
834944(215)
834946(250)
834948(355)
834929(291)
834931(277)
834934(292)
834937(237)
834939(268)
834949(314)
834950(313)
834951(291)
834952(243)
834953(256)
834959(296)
834960(337)
834961(257)
834962(328)
834963(353)
834954(244)
834955(293)
834956(261)
834957(241)
834958(328)
834923(360)
834924(278)
834926(265)
834927(356)
834928(285)
834896(429)
834897(252)
834898(392)
834902(277)
834903(286)
834889(264)
834891(313)
834892(315)
834893(292)
834895(290)
834904(299)
834906(303)
834907(211)
834908(358)
834909(303)
834915(303)
834916(366)
834919(243)
834921(474)
834922(388)
834910(384)
834911(221)
834912(350)
834913(258)
834914(221)
835017(352)
835019(279)
835020(287)
835021(339)
835022(384)
835010(323)
835011(316)
835013(408)
835014(295)
835015(380)
835023(343)
835024(342)
835025(330)
835026(417)
835027(376)
835029(422)
835030(306)
835032(301)
835036(328)
835037(399)
835003(345)
835004(273)
835005(233)
835006(327)
835007(307)
834971(327)
834972(326)
834973(307)
834974(259)
834975(384)
834964(289)
834965(360)
834966(289)
834967(359)
834970(394)
834978(317)
834979(245)
834980(375)
834981(324)
834983(273)
834994(307)
834995(373)
834998(256)
834999(338)
835002(380)
834987(349)
834988(239)
834990(287)
834991(283)
834993(233)
834754(330)
834755(330)
834756(310)
834761(322)
834763(347)
834746(260)
834747(288)
834748(356)
834749(302)
834752(270)
834764(364)
834768(259)
834770(284)
834771(317)
834772(349)
834781(284)
834783(353)
834784(422)
834785(399)
834786(389)
834773(308)
834774(341)
834776(308)
834779(322)
834780(379)
834702(276)
834708(227)
834709(367)
834710(290)
834711(337)
834883(429)
834884(311)
834885(373)
834886(447)
834888(310)
834714(348)
834716(256)
834718(294)
834719(344)
834721(285)
834734(339)
834735(337)
834741(283)
834742(367)
834743(285)
834722(247)
834724(299)
834727(323)
834729(280)
834730(346)
834791(313)
834792(326)
834794(292)
834795(363)
834796(310)
834847(376)
834849(317)
834850(307)
834854(320)
834856(427)
834837(297)
834838(287)
834839(301)
834841(281)
834843(263)
834860(292)
834863(375)
834866(374)
834867(326)
834869(362)
834878(260)
834879(354)
834880(338)
834881(358)
834882(351)
834870(305)
834871(317)
834872(400)
834873(330)
834874(276)
834806(373)
834807(341)
834809(329)
834810(389)
834811(334)
834800(414)
834801(274)
834802(260)
834803(247)
834805(261)
834812(263)
834814(302)
834815(375)
834816(250)
834819(302)
834828(335)
834829(286)
834831(353)
834834(301)
834835(305)
834821(283)
834822(258)
834825(326)
834826(399)
834827(275)
Premier Govt. College (Morning)
103
835288(302)
835290(361)
835293(334)
835294(309)
835295(407)
835280(338)
835281(269)
835284(328)
835285(364)
835287(358)
835297(232)
835298(318)
835300(354)
835302(341)
835303(373)
835309(325)
835310(349)
835312(354)
835313(331)
835314(353)
835304(399)
835305(341)
835306(346)
835307(351)
835308(310)
835273(312)
835275(339)
835276(234)
835277(291)
835278(318)
835244(433)
835245(328)
835246(346)
835249(338)
835250(228)
835252(379)
835253(315)
835254(349)
835255(365)
835258(339)
835266(331)
835267(284)
835268(296)
835269(372)
835271(285)
835259(288)
835260(325)
835261(332)
835264(293)
835265(369)
835317(364)
835318(413)
835319(378)
835322(359)
835323(408)
835370(362)
835371(390)
835372(321)
835374(353)
835377(434)
835365(385)
835366(364)
835367(397)
835368(449)
835369(376)
835378(334)
835379(378)
835380(337)
835381(346)
835382(392)
835360(362)
835361(335)
835362(371)
835363(355)
835364(367)
835334(403)
835335(362)
835336(358)
835337(396)
835338(319)
835329(386)
835330(388)
835331(412)
835332(356)
835333(387)
835339(345)
835341(344)
835342(369)
835344(363)
835345(368)
835353(370)
835355(306)
835356(312)
835357(359)
835358(386)
835346(365)
835347(327)
835349(387)
835350(381)
835352(326)
835086(408)
835087(311)
835090(336)
835093(329)
835094(370)
835078(444)
835079(342)
835080(373)
835081(435)
835084(347)
835095(332)
835097(352)
835100(319)
835101(379)
835102(398)
835110(289)
835111(303)
835113(322)
835114(322)
835116(415)
835103(346)
835105(355)
835106(324)
835107(418)
835108(415)
835072(276)
835073(358)
835075(338)
835076(346)
835077(297)
835038(328)
835043(327)
835044(346)
835047(343)
835048(403)
835237(302)
835238(325)
835239(394)
835242(280)
835243(297)
835049(340)
835050(316)
835051(330)
835054(388)
835058(344)
835066(309)
835068(338)
835069(348)
835070(309)
835071(296)
835060(323)
835061(397)
835063(350)
835064(363)
835065(316)
835117(351)
835118(388)
835121(329)
835122(269)
835123(364)
835195(340)
835198(354)
835201(344)
835202(361)
835203(406)
835175(312)
835177(394)
835180(337)
835183(364)
835190(339)
835204(345)
835205(328)
835210(332)
835213(341)
835216(342)
835224(412)
835227(343)
835229(343)
835234(298)
835235(305)
835217(350)
835219(342)
835220(349)
835222(291)
835223(329)
835159(326)
835166(292)
835167(312)
835169(329)
835171(361)
835130(289)
835132(367)
835133(356)
835135(328)
835139(331)
835124(295)
835125(373)
835127(394)
835128(370)
835129(315)
835141(314)
835142(289)
835143(309)
835144(412)
835145(359)
835152(375)
835153(302)
835154(307)
835156(253)
835158(333)
835146(309)
835147(276)
835148(393)
835149(370)
835150(405)
104
835560(403)
835561(347)
835566(305)
835569(329)
835570(253)
835552(314)
835553(305)
835556(381)
835557(344)
835558(352)
835571(381)
835572(283)
835575(393)
835578(270)
835580(355)
835591(330)
835592(373)
835595(347)
835599(347)
835600(315)
835582(338)
835583(449)
835585(354)
835589(392)
835590(262)
835545(381)
835548(353)
835549(299)
835550(302)
835551(317)
835513(356)
835514(381)
835515(348)
835516(345)
835517(374)
835519(348)
835521(301)
835522(353)
835524(318)
835525(312)
835537(286)
835539(398)
835541(330)
835542(398)
835544(373)
835526(330)
835527(285)
835529(373)
835533(340)
835535(321)
835601(397)
835604(312)
835606(406)
835607(285)
835608(324)
835668(315)
835670(299)
835673(388)
835674(384)
835675(366)
835662(376)
835663(405)
835665(411)
835666(333)
835667(502)
835676(359)
835678(408)
835679(419)
835680(378)
835681(410)
835655(283)
835657(350)
835658(335)
835659(340)
835660(388)
835619(269)
835624(327)
835625(390)
835627(301)
835631(323)
835610(413)
835612(394)
835614(311)
835615(380)
835616(305)
835632(271)
835633(281)
835634(324)
835635(318)
835636(307)
835648(410)
835650(361)
835651(350)
835652(286)
835653(356)
835637(374)
835642(323)
835643(352)
835646(467)
835647(421)
835416(331)
835417(390)
835418(364)
835419(343)
835420(393)
835411(337)
835412(312)
835413(316)
835414(312)
835415(339)
835421(367)
835422(362)
835423(317)
835424(350)
835425(344)
835431(361)
835432(377)
835433(369)
835434(339)
835435(356)
835426(315)
835427(328)
835428(337)
835429(360)
835430(320)
835406(357)
835407(334)
835408(306)
835409(319)
835410(280)
835384(345)
835385(356)
835386(364)
835387(391)
835388(367)
835508(396)
835509(356)
835510(406)
835511(352)
835512(391)
835389(343)
835390(317)
835391(276)
835393(383)
835394(334)
835400(351)
835401(308)
835402(346)
835404(361)
835405(319)
835395(296)
835396(348)
835397(293)
835398(305)
835399(321)
835436(335)
835437(356)
835438(327)
835439(409)
835440(368)
835483(355)
835485(360)
835486(313)
835487(324)
835488(365)
835477(309)
835479(374)
835480(316)
835481(349)
835482(406)
835489(389)
835490(333)
835491(321)
835492(324)
835493(387)
835500(369)
835501(330)
835502(370)
835503(370)
835506(393)
835494(390)
835496(403)
835497(372)
835498(305)
835499(348)
835472(365)
835473(307)
835474(347)
835475(331)
835476(313)
835447(279)
835448(332)
835449(367)
835450(294)
835451(409)
835441(357)
835443(350)
835444(325)
835445(305)
835446(371)
835452(400)
835454(365)
835455(367)
835456(304)
835458(342)
835466(347)
835468(334)
835469(364)
835470(333)
835471(404)
835459(352)
835461(368)
835462(315)
835463(325)
835465(369)
105
834918(246)
834920(230)
834935(192)
834936(189)
834938(287)
834877(259)
834899(229)
834901(225)
834905(243)
834917(220)
834943(236)
834945(246)
834968(236)
834969(231)
834976(281)
835009(269)
835012(211)
835016(245)
835033(243)
835035(280)
834977(250)
834985(259)
834989(251)
834996(218)
835008(253)
834852(188)
834859(217)
834868(213)
834875(254)
834876(285)
834739(185)
834740(249)
834753(225)
834760(240)
834767(270)
834705(212)
834707(197)
834715(227)
834717(226)
834733(194)
834775(279)
834777(311)
834778(214)
834782(224)
834787(227)
834824(283)
834833(214)
834836(234)
834840(259)
834845(207)
834790(247)
834798(255)
834808(204)
834817(228)
834818(190)
835041(284)
835053(236)
835055(259)
835057(233)
835059(317)
835206(326)
835207(286)
835209(245)
835211(271)
835212(337)
835191(273)
835193(312)
835196(276)
835199(236)
835200(293)
835181(238)
835182(270)
835187(276)
835188(251)
835189(276)
835109(263)
835112(248)
835115(224)
835119(265)
835120(256)
835082(274)
835083(265)
835092(276)
835098(215)
835104(313)
835131(305)
835134(274)
835136(318)
835138(267)
835140(288)
835164(308)
835165(318)
835170(273)
835173(252)
835178(281)
835157(228)
835160(271)
835161(287)
835162(311)
835163(253)
835727(426)
835728(287)
835729(316)
835730(276)
835733(364)
835717(417)
835718(406)
835719(309)
835722(304)
835724(355)
835734(293)
835735(407)
835737(362)
835738(412)
835739(351)
835746(283)
835747(314)
835748(364)
835749(372)
835750(357)
835740(340)
835742(328)
835743(277)
835744(349)
835745(335)
835711(325)
835712(292)
835713(341)
835714(345)
835715(427)
835687(387)
835688(496)
835689(367)
835690(328)
835691(386)
835682(347)
835683(414)
835684(416)
835685(341)
835686(431)
835692(291)
835693(289)
835694(329)
835695(339)
835698(284)
835705(351)
835706(311)
835707(276)
835709(323)
835710(317)
835699(402)
835700(344)
835701(341)
835702(354)
835704(339)
835792(337)
835793(341)
835794(374)
835795(383)
835796(309)
835785(320)
835786(325)
835787(356)
835788(277)
835791(332)
835797(360)
835798(389)
835799(281)
835801(340)
835802(347)
835808(289)
835803(325)
835804(293)
835805(325)
835806(304)
835807(343)
835780(318)
835781(347)
835782(317)
835783(360)
835784(347)
835757(387)
835758(365)
835759(328)
835760(347)
835761(355)
835751(372)
835752(337)
835754(285)
835755(396)
835756(362)
835762(306)
835763(374)
835764(361)
835765(285)
835766(347)
835772(357)
835773(344)
835775(303)
835776(370)
835779(455)
835767(362)
835768(367)
835769(326)
835770(372)
835771(397)
106
834846(143)
834851(199)
834861(122)
834933(127)
834947(122)
834766(126)
834769(124)
834788(140)
834830(134)
834844(131)
834712(141)
834745(134)
834751(148)
834757(138)
834759(174)
834982(146)
834984(108)
834992(156)
834997(132)
835031(114)
834986(215)
835000(176)
835001(172)
835028(204)
835034(263)
835045(229)
835046(197)
835052(195)
835062(193)
835067(169)
835085(225)
835099(165)
835126(223)
835137(189)
835151(180)
834865(207)
834887(192)
834894(195)
834900(168)
834925(161)
834737(179)
834750(196)
834758(209)
834762(166)
834765(194)
834789(174)
834793(173)
834799(185)
834804(162)
834823(213)
834832(178)
834842(159)
834855(169)
834857(226)
834858(174)
835172(229)
835174(205)
835176(201)
835179(203)
835184(222)
835596(200)
835602(195)
835609(232)
835623(209)
835638(185)
835640(189)
835644(149)
835654(247)
835661(162)
835677(229)
835708(227)
835721(170)
835774(195)
835777(203)
835576(173)
835581(246)
835587(169)
835593(232)
835594(221)
835185(139)
835186(192)
835192(261)
835194(228)
835197(212)
835225(223)
835233(172)
835263(227)
835279(200)
835286(161)
835291(183)
835292(209)
835299(208)
835359(212)
835563(179)
834703(186)
834704(183)
834725(207)
834731(182)
834736(166)
835325(259)
835327(240)
835328(225)
835340(275)
835348(353)
835315(280)
835316(284)
835320(271)
835321(263)
835324(224)
835354(305)
835373(274)
835375(283)
835376(238)
835383(321)
835460(281)
835464(308)
835467(258)
835478(268)
835484(273)
835392(212)
835403(251)
835442(289)
835453(278)
835457(294)
835228(256)
835230(282)
835231(275)
835232(266)
835236(237)
835214(269)
835215(315)
835218(333)
835221(294)
835226(258)
835240(266)
835241(301)
835247(218)
835248(258)
835251(299)
835282(262)
835283(220)
835289(291)
835296(272)
835311(219)
835256(239)
835257(244)
835262(263)
835270(182)
835274(199)
835495(282)
835504(258)
835505(263)
835518(216)
835520(265)
835664(252)
835669(305)
835671(298)
835672(256)
835696(286)
835622(237)
835626(263)
835628(248)
835630(228)
835641(230)
835697(258)
835703(276)
835716(257)
835720(289)
835723(287)
835778(256)
835789(245)
835800(265)
835809(232)
835726(286)
835731(275)
835732(276)
835736(265)
835753(222)
835540(223)
835543(252)
835554(212)
835555(235)
835562(226)
835528(244)
835530(279)
835532(241)
835536(200)
835538(242)
835565(259)
835568(202)
835574(195)
835577(248)
835579(226)
835611(286)
835613(222)
835617(272)
835618(253)
835620(239)
835584(272)
835586(209)
835597(278)
835598(291)
835605(241)
107
836074(281)
836079(274)
836081(303)
836087(215)
836088(247)
836091(243)
836093(239)
836098(244)
836100(245)
836103(240)
836054(265)
836057(240)
836062(275)
836064(263)
836065(273)
836066(227)
836067(247)
836069(266)
836070(228)
836072(253)
836116(226)
836119(278)
836120(189)
836124(211)
836127(258)
836212(273)
836213(290)
836214(284)
836216(250)
836222(305)
836229(318)
836230(253)
836234(271)
836237(296)
836238(314)
836239(275)
836247(307)
836248(333)
836252(272)
836256(272)
836191(257)
836200(261)
836203(254)
836205(242)
836211(249)
836154(257)
836157(302)
836161(263)
836162(276)
836165(342)
836166(254)
836168(293)
836169(276)
836170(279)
836171(333)
836172(256)
836173(294)
836180(322)
836182(256)
836190(313)
836298(296)
836299(303)
836300(314)
836304(295)
836305(292)
836307(292)
836309(289)
836310(286)
836311(321)
836313(289)
836314(334)
836315(296)
836319(282)
836320(311)
836290(300)
836291(289)
836293(293)
836294(274)
836295(277)
836259(276)
836260(260)
836262(300)
836263(271)
836264(369)
836271(241)
836272(266)
836275(236)
836276(249)
836277(272)
836279(321)
836280(270)
836284(281)
836285(288)
836288(317)
836144(265)
836145(278)
836146(286)
836150(270)
836151(329)
836068(290)
836073(265)
836075(311)
836077(269)
836078(313)
836058(349)
836059(276)
836060(356)
836061(297)
836063(303)
836051(303)
836052(258)
836053(308)
836055(297)
836056(308)
836082(309)
836083(349)
836085(296)
836092(264)
836094(359)
836131(254)
836133(269)
836137(288)
836140(291)
836143(288)
836114(286)
836115(299)
836121(283)
836126(293)
836129(301)
836095(275)
836102(309)
836106(249)
836110(275)
836111(353)
Govt. Deg. Science & Commerce College 11-A, North Karachi
834720(48)
834738(32)
834797(37)
834701(68)
834726(73)
834728(61)
834744(73)
834820(82)
834862(45)
834930(61)
834932(69)
835042(67)
835629(57)
835790(70)
834723(94)
834848(103)
834864(114)
834890(99)
834941(89)
835018(124)
835089(142)
835096(103)
835546(113)
835639(109)
835272(154)
835531(125)
835534(144)
835547(132)
835564(165)
835039(157)
835040(137)
835091(176)
835168(177)
835208(192)
835649(176)
835741(176)
835567(140)
835588(148)
835603(154)
835621(169)
835645(111)
108
882604(348)
882605(379)
882606(382)
882607(341)
882608(335)
836456(365)
836457(385)
836458(352)
882601(361)
882602(297)
836451(308)
836452(348)
836453(361)
836454(382)
836455(309)
882624(415)
882618(335)
882619(329)
882620(350)
882621(288)
882623(331)
882610(264)
882611(413)
882612(414)
882614(361)
882617(313)
Al-Khair College of Higher Education
836232(67)
836076(123)
836080(101)
836104(104)
836152(104)
836187(106)
836194(142)
836228(110)
836267(138)
836282(117)
836317(101)
836179(142)
836185(156)
836188(147)
836192(166)
836202(131)
836096(134)
836097(178)
836099(107)
836109(121)
836174(146)
836301(140)
836219(131)
836225(144)
836249(119)
836266(113)
836270(159)
836117(169)
836118(168)
836122(202)
836123(179)
836125(163)
836132(158)
836139(197)
836142(177)
836148(187)
836149(170)
836084(202)
836086(213)
836089(242)
836090(168)
836101(206)
836105(169)
836107(154)
836108(176)
836112(164)
836113(186)
836220(212)
836223(145)
836224(217)
836240(204)
836242(164)
836250(157)
836251(181)
836258(199)
836268(156)
836308(192)
836158(194)
836159(191)
836167(169)
836177(188)
836184(197)
836195(185)
836201(157)
836206(190)
836215(199)
836218(218)
836183(258)
836186(238)
836189(217)
836193(240)
836196(240)
836198(247)
836199(253)
836204(238)
836207(215)
836208(235)
836210(220)
836217(225)
836221(221)
836226(210)
836227(254)
836128(246)
836130(213)
836135(233)
836138(231)
836141(242)
836147(211)
836153(208)
836155(234)
836156(233)
836160(261)
836163(239)
836164(189)
836175(204)
836176(244)
836178(258)
836231(211)
836233(231)
836235(229)
836236(234)
836241(211)
836286(188)
836287(277)
836289(243)
836292(241)
836296(241)
836297(236)
836303(250)
836306(270)
836312(244)
836316(238)
836318(275)
836321(246)
836243(195)
836244(228)
836245(201)
836246(211)
836253(247)
836254(275)
836255(243)
836257(218)
836261(225)
836265(201)
836269(232)
836273(197)
836274(182)
836278(256)
836281(237)
109
836629(249)
882752(252)
836626(331)
836627(270)
836628(357)
836630(305)
836631(323)
836621(374)
836622(305)
836623(368)
836624(422)
836625(363)
882754(292)
882756(246)
882757(394)
882758(309)
836632(291)
836633(326)
836634(332)
882751(337)
882753(406)
Quaid-e-Azam Rangers Public School & College
836531(428)
836532(426)
836533(413)
836534(408)
836535(388)
836526(420)
836527(465)
836528(357)
836529(445)
836530(416)
836521(387)
836522(373)
836523(439)
836524(415)
836525(358)
836536(317)
836537(454)
836538(456)
836539(416)
836540(429)
882706(492)
882707(499)
882701(341)
882702(336)
882703(383)
882704(370)
882705(489)
836541(369)
836542(422)
836543(399)
836544(448)
836545(395)
Tabani's College, North Nazimabad Campus
882622(19)
882603(142)
882615(207)
882609(289)
882613(253)
882616(219)
110
Govt. Boys Baba Willayat Ali Shah Higher Secondary School
883052(276)
836971(319)
883051(299)
Dr. Ziauddin Intermediate College
836871(466)
836872(327)
836873(379)
836874(441)
836875(442)
836876(392)
836877(464)
836878(405)
836879(452)
836880(398)
836881(446)
836882(415)
Iqra Huffaz Boys College
882755(108)
111
837659(95)
837669(112)
837691(126)
837705(128)
837651(161)
837654(161)
837658(166)
837671(145)
837690(146)
837692(160)
837693(162)
837695(128)
837697(133)
837698(169)
837670(179)
837672(189)
837674(182)
837679(224)
837684(223)
837689(134)
837694(190)
837700(178)
837653(250)
837661(206)
837664(284)
837681(242)
837685(268)
837688(258)
837699(232)
837701(256)
837707(274)
837708(248)
837711(272)
837713(266)
837721(263)
837722(218)
837706(312)
837709(264)
837710(310)
837712(296)
837717(330)
837720(326)
837723(312)
837687(285)
837696(261)
837702(287)
837703(326)
837704(326)
837652(314)
837655(341)
837656(285)
837660(313)
837665(332)
837666(349)
837667(340)
837668(323)
837675(316)
837676(318)
837678(396)
837680(315)
837682(373)
837683(338)
837686(318)
Govt. Degree Science & Commerce College Orangi Town
837501(37)
837510(28)
837513(24)
837503(64)
837506(70)
837514(72)
837515(60)
837516(60)
837517(76)
837519(72)
837525(69)
837538(60)
837540(72)
837544(70)
837548(95)
837509(115)
837520(91)
837521(102)
837531(125)
837537(100)
837539(98)
837552(105)
837504(139)
837523(151)
837524(133)
837527(128)
837542(152)
837546(148)
837547(153)
837550(167)
837518(192)
837526(156)
837528(191)
837533(158)
837545(178)
837551(206)
837505(200)
837508(275)
837530(250)
837543(246)
837549(233)
112
838650(238)
838658(260)
838662(338)
838668(315)
838678(270)
838682(354)
838694(394)
838695(360)
838696(287)
838697(300)
838634(245)
838637(360)
838638(311)
838647(260)
838648(251)
838608(301)
838620(257)
838621(257)
838622(322)
838627(236)
838628(299)
838630(262)
838631(300)
838632(387)
838633(308)
838700(273)
838702(362)
838703(286)
838707(248)
838709(359)
838730(282)
838735(252)
838736(358)
838738(290)
838744(253)
838711(301)
838712(272)
838714(341)
838715(340)
838716(291)
838723(240)
838724(350)
838725(277)
838726(252)
838727(267)
Govt. College of Commerce & Economics (Evening)
838005(178)
838047(136)
838071(147)
838006(198)
838029(214)
838061(248)
838066(248)
838015(293)
838032(265)
838040(221)
838049(213)
838052(273)
838002(261)
838007(270)
838012(223)
838013(246)
838014(246)
838062(225)
838064(245)
838067(247)
838072(284)
838073(271)
838095(252)
838098(253)
838101(248)
838104(261)
838074(314)
838075(318)
838082(286)
838083(231)
838086(301)
838030(263)
838031(334)
838033(307)
838034(295)
838035(313)
838036(248)
838037(344)
838038(325)
838039(272)
838041(299)
838042(288)
838044(302)
838045(290)
838046(291)
838048(317)
838024(318)
838025(317)
838026(300)
838027(308)
838028(270)
838001(330)
838003(293)
838004(330)
838008(298)
838009(251)
838010(274)
838011(252)
838016(353)
838017(317)
838018(277)
838019(296)
838020(333)
838021(319)
838022(279)
838023(314)
838050(298)
838051(300)
838053(321)
838054(326)
838055(317)
838089(346)
838090(295)
838091(340)
838092(298)
838093(324)
838094(296)
838096(396)
838097(354)
838099(346)
838100(309)
838102(381)
838081(336)
838084(330)
838085(364)
838087(297)
838088(380)
838056(345)
838057(259)
838058(315)
838059(332)
838060(343)
838063(378)
838065(374)
838068(369)
838069(311)
838070(305)
838076(347)
838077(340)
838078(354)
838079(386)
838080(381)
Shaheed Zulfiqar Ali Bhutto Govt. Boys Degree College
113
838672(174)
838679(159)
838680(174)
838698(196)
838699(172)
838704(167)
838705(173)
838710(164)
838737(160)
838747(226)
838603(176)
838612(178)
838613(146)
838619(185)
838635(191)
838646(180)
838651(195)
838657(184)
838661(169)
838669(176)
838783(164)
838786(160)
838789(179)
838791(200)
838793(169)
838797(217)
838799(220)
838801(208)
838811(209)
838819(279)
838824(207)
838826(200)
838829(195)
838835(185)
838836(202)
838849(232)
838852(229)
838855(255)
838856(217)
838861(222)
838769(232)
838776(221)
838777(233)
838779(197)
838785(198)
838684(217)
838686(222)
838692(191)
838701(264)
838717(223)
838719(254)
838720(251)
838728(202)
838731(255)
838734(185)
838739(258)
838740(206)
838749(201)
838756(246)
838761(236)
838959(225)
838965(217)
838982(191)
838983(237)
839014(221)
839016(258)
839022(193)
839025(209)
839028(236)
839043(228)
839046(193)
839047(234)
839050(197)
838930(265)
838943(215)
838948(245)
838949(235)
838952(228)
838870(251)
838871(205)
838883(244)
838887(200)
838897(263)
838907(233)
838911(205)
838912(209)
838916(221)
838917(230)
838918(216)
838920(269)
838922(293)
838925(312)
838929(214)
838673(224)
838674(237)
838676(197)
838677(205)
838683(186)
838609(186)
838610(286)
838642(183)
838644(229)
838653(250)
838654(222)
838656(230)
838663(237)
838664(201)
838667(249)
838809(271)
838810(278)
838817(346)
838820(290)
838821(302)
838798(275)
838803(276)
838804(314)
838805(256)
838808(295)
838838(274)
838843(281)
838846(337)
838851(278)
838857(244)
838822(416)
838827(280)
838828(387)
838831(387)
838832(254)
838782(378)
838784(257)
838787(281)
838792(284)
838795(243)
838754(283)
838755(325)
838757(373)
838758(303)
838759(251)
838748(364)
838750(302)
838751(325)
838752(373)
838753(302)
838771(391)
838773(275)
838778(325)
838780(271)
838781(306)
838760(315)
838763(270)
838764(276)
838767(269)
838770(362)
838862(285)
838863(344)
838864(365)
838865(322)
838866(287)
838980(328)
838985(273)
838987(264)
838989(325)
838990(285)
838962(304)
838963(237)
838967(299)
838968(310)
838978(302)
839007(289)
839008(336)
839032(294)
839036(367)
838998(328)
838999(296)
839002(266)
839005(295)
839006(274)
838940(316)
838941(284)
838951(305)
838955(279)
838960(369)
838878(325)
838879(296)
838888(345)
838891(266)
838892(306)
838867(345)
838868(311)
838869(352)
838874(313)
838875(317)
838926(286)
838927(280)
838928(247)
838934(300)
838935(303)
838896(397)
838898(279)
838906(256)
838910(289)
838914(312)
114
839451(345)
839452(274)
839453(442)
839454(464)
839455(373)
Govt. College of Commerce & Economics No. 1
838706(17)
838762(34)
838830(25)
838876(38)
838915(28)
838626(25)
838641(18)
838687(29)
838690(22)
838693(40)
839027(17)
839031(33)
838919(36)
838958(49)
838961(17)
838970(22)
839021(29)
838708(70)
838774(59)
838788(61)
838872(65)
838902(67)
838611(69)
838615(35)
838645(63)
838660(70)
838675(57)
839034(67)
839039(69)
839040(61)
838903(58)
838923(85)
838942(75)
838953(88)
838964(77)
838881(95)
838886(127)
838899(94)
838901(97)
838908(104)
838794(93)
838816(69)
838839(94)
838845(107)
838880(91)
838722(92)
838729(83)
838732(92)
838741(114)
838765(79)
838931(110)
838932(118)
838936(94)
838946(115)
838966(73)
839049(109)
839018(106)
839019(99)
839023(81)
839033(136)
839038(114)
838972(96)
838974(114)
838995(120)
839011(72)
839012(107)
838670(80)
838681(100)
838691(92)
838718(93)
838721(96)
838601(75)
838623(141)
838640(110)
838643(117)
838666(90)
838665(137)
838671(153)
838733(133)
838742(122)
838743(120)
838768(110)
838772(136)
838775(109)
838807(158)
838812(122)
838606(120)
838607(140)
838614(129)
838618(153)
838624(150)
838629(126)
838636(156)
838639(146)
838652(144)
838659(136)
838841(120)
838847(151)
838853(129)
838854(114)
838873(142)
838986(131)
838996(143)
839003(128)
839010(143)
839020(148)
839026(135)
839037(120)
839048(130)
838884(136)
838885(128)
838889(121)
838895(155)
838905(164)
838933(162)
838938(108)
838973(174)
838975(141)
838981(126)
838859(153)
838860(185)
838890(165)
838893(172)
838894(203)
838904(186)
838909(210)
838921(178)
838924(172)
838937(213)
838837(183)
838842(155)
838844(177)
838848(165)
838850(169)
838796(177)
838800(188)
838802(201)
838806(185)
838814(170)
838815(159)
838818(191)
838823(177)
838825(221)
838834(191)
839001(164)
839004(183)
839013(231)
839015(178)
839024(181)
839029(178)
839030(166)
839042(178)
839044(184)
839045(179)
838984(167)
838988(189)
838993(175)
838994(202)
838997(207)
838939(171)
838945(177)
838947(140)
838950(177)
838954(153)
838956(167)
838957(175)
838969(159)
838971(140)
838979(181)
115
839634(254)
839635(331)
839637(341)
839638(326)
839639(347)
839628(290)
839629(407)
839630(297)
839631(385)
839633(456)
839640(297)
839641(288)
839642(272)
839644(306)
839645(283)
839652(329)
839653(351)
839654(297)
839655(437)
839656(418)
839646(348)
839648(353)
839649(395)
839650(305)
839651(288)
839617(306)
839618(409)
839619(325)
839620(346)
839626(351)
839594(388)
839595(340)
839596(304)
839598(323)
839599(320)
839600(258)
839601(331)
839603(364)
839604(401)
839605(431)
839612(372)
839613(333)
839614(358)
839615(303)
839616(262)
839606(346)
839607(328)
839608(227)
839610(261)
839611(369)
839661(327)
839662(332)
839663(282)
839664(398)
839665(288)
839721(433)
839722(364)
839723(329)
839724(303)
839725(280)
839707(353)
839708(327)
839710(289)
839714(287)
839719(284)
839726(362)
839727(391)
839732(361)
839733(306)
839734(304)
839701(358)
839702(355)
839704(325)
839705(270)
839706(400)
839673(384)
839675(336)
839676(359)
839677(358)
839678(355)
839667(301)
839668(325)
839670(377)
839671(367)
839672(338)
839679(408)
839680(303)
839682(267)
839684(409)
839685(230)
839693(351)
839694(296)
839696(321)
839699(327)
839700(320)
839688(346)
839689(387)
839690(323)
839691(345)
839692(280)
839486(302)
839487(380)
839488(243)
839489(298)
839490(373)
839481(351)
839482(284)
839483(323)
839484(354)
839485(366)
839491(349)
839492(376)
839494(342)
839495(433)
839496(401)
839504(288)
839506(341)
839507(436)
839508(319)
839509(266)
839497(395)
839498(393)
839499(369)
839502(248)
839503(321)
839476(362)
839477(320)
839478(367)
839479(334)
839480(388)
839456(462)
839457(374)
839458(410)
839459(462)
839460(349)
839587(435)
839588(354)
839589(363)
839590(301)
839593(370)
839461(304)
839462(402)
839463(307)
839464(391)
839465(416)
839471(348)
839472(319)
839473(421)
839474(321)
839475(327)
839466(380)
839467(388)
839468(448)
839469(453)
839470(341)
839511(305)
839512(373)
839513(451)
839515(380)
839516(298)
839564(326)
839565(426)
839566(459)
839567(349)
839568(301)
839558(337)
839559(309)
839560(356)
839562(355)
839563(362)
839569(322)
839570(374)
839571(324)
839572(353)
839573(320)
839580(418)
839581(311)
839582(386)
839583(423)
839586(268)
839574(390)
839575(272)
839576(389)
839578(305)
839579(309)
839550(355)
839552(392)
839553(337)
839555(313)
839557(332)
839522(336)
839524(375)
839525(314)
839527(287)
839528(368)
839517(415)
839518(361)
839519(390)
839520(362)
839521(328)
839529(377)
839530(322)
839531(270)
839532(342)
839534(408)
839540(333)
839542(369)
839543(287)
839546(371)
839547(369)
839535(263)
839536(390)
839537(309)
839538(288)
839539(346)
116
839946(355)
839947(346)
839948(306)
839951(288)
839954(245)
839937(354)
839939(381)
839941(296)
839942(343)
839944(295)
839955(312)
839956(327)
839957(458)
839958(384)
839959(277)
839967(387)
839968(405)
839972(280)
839973(318)
839977(378)
839960(301)
839961(319)
839963(329)
839964(353)
839965(281)
839932(363)
839933(346)
839934(336)
839935(325)
839936(343)
839903(334)
839906(349)
839907(275)
839909(298)
839910(314)
839911(326)
839912(363)
839915(329)
839918(262)
839919(416)
839926(336)
839927(325)
839929(252)
839930(376)
839931(362)
839920(392)
839921(378)
839922(433)
839923(297)
839924(320)
839978(368)
839979(423)
839980(322)
839981(345)
839982(282)
840025(391)
840026(301)
840028(332)
840029(430)
840031(334)
840020(317)
840021(370)
840022(305)
840023(340)
840024(377)
840034(274)
840035(356)
840036(370)
840039(275)
840040(331)
840013(287)
840015(456)
840017(355)
840018(329)
840019(288)
839988(359)
839989(305)
839990(250)
839991(307)
839992(334)
839983(290)
839984(343)
839985(259)
839986(266)
839987(376)
839993(370)
839995(372)
839996(403)
839997(391)
840001(323)
840008(372)
840009(345)
840010(328)
840011(407)
840012(387)
840002(252)
840003(334)
840004(318)
840005(343)
840007(342)
839778(391)
839779(307)
839780(328)
839784(359)
839788(348)
839765(335)
839767(362)
839773(425)
839774(388)
839776(265)
839789(388)
839793(340)
839796(240)
839798(356)
839799(328)
839806(242)
839807(323)
839808(297)
839809(321)
839810(247)
839800(341)
839801(282)
839803(306)
839804(308)
839805(391)
839759(386)
839760(325)
839761(449)
839762(343)
839763(328)
839735(403)
839736(299)
839738(355)
839740(408)
839741(406)
839894(414)
839899(365)
839900(282)
839901(332)
839902(419)
839742(423)
839743(273)
839744(326)
839745(301)
839746(344)
839754(463)
839755(413)
839756(372)
839757(389)
839758(357)
839748(302)
839749(340)
839751(487)
839752(308)
839753(438)
839811(351)
839812(400)
839814(440)
839815(305)
839816(359)
839863(338)
839864(351)
839865(347)
839866(297)
839867(295)
839855(228)
839857(349)
839859(288)
839861(331)
839862(258)
839868(429)
839869(398)
839872(308)
839873(312)
839874(294)
839884(394)
839885(356)
839889(331)
839892(325)
839893(420)
839877(322)
839878(384)
839879(300)
839882(402)
839883(291)
839847(435)
839851(342)
839852(381)
839853(405)
839854(394)
839825(377)
839826(381)
839827(380)
839828(389)
839829(337)
839817(282)
839818(404)
839819(378)
839821(304)
839824(351)
839830(317)
839831(413)
839832(397)
839833(419)
839834(429)
839841(380)
839842(360)
839844(366)
839845(371)
839846(390)
839835(328)
839836(299)
839837(303)
839839(349)
839840(337)
117
840245(304)
840246(354)
840247(396)
840248(314)
840249(345)
840239(378)
840241(307)
840242(269)
840243(430)
840244(424)
840250(430)
840251(316)
840252(416)
840253(385)
840255(400)
840262(329)
840263(341)
840266(337)
840267(350)
840269(437)
840256(351)
840258(374)
840259(374)
840260(431)
840261(289)
840234(305)
840235(347)
840236(391)
840237(350)
840238(365)
840210(344)
840211(292)
840214(348)
840215(290)
840216(296)
840217(299)
840218(334)
840219(361)
840220(245)
840221(366)
840227(364)
840229(322)
840230(320)
840232(319)
840233(288)
840222(271)
840223(309)
840224(293)
840225(357)
840226(318)
840271(359)
840272(325)
840273(334)
840274(383)
840277(423)
840329(383)
840332(321)
840334(292)
840335(337)
840336(309)
840322(300)
840324(319)
840325(280)
840326(370)
840327(328)
840339(341)
840341(301)
840342(295)
840346(297)
840348(284)
840311(297)
840313(331)
840314(386)
840316(320)
840320(302)
840283(317)
840285(457)
840287(371)
840288(330)
840289(308)
840278(396)
840279(274)
840280(420)
840281(311)
840282(290)
840291(354)
840293(418)
840294(312)
840295(373)
840296(353)
840306(347)
840307(377)
840308(348)
840309(378)
840310(367)
840297(292)
840298(291)
840300(337)
840301(420)
840305(397)
840085(348)
840086(291)
840089(307)
840090(333)
840091(343)
840079(330)
840080(351)
840081(297)
840083(354)
840084(317)
840092(369)
840093(314)
840094(354)
840096(360)
840098(421)
840104(349)
840106(364)
840109(306)
840110(334)
840112(471)
840099(337)
840100(409)
840101(340)
840102(395)
840103(313)
840072(353)
840073(369)
840074(334)
840076(317)
840077(411)
840042(323)
840044(326)
840045(371)
840046(315)
840047(344)
840204(340)
840205(341)
840206(303)
840208(290)
840209(348)
840049(292)
840050(295)
840051(300)
840052(359)
840053(325)
840064(314)
840065(317)
840069(283)
840070(389)
840071(290)
840054(344)
840056(313)
840058(362)
840059(361)
840061(338)
840113(295)
840116(307)
840117(299)
840118(337)
840119(361)
840176(318)
840177(295)
840178(306)
840179(299)
840181(268)
840168(305)
840170(335)
840172(356)
840173(382)
840175(415)
840182(374)
840184(312)
840186(294)
840187(321)
840188(340)
840197(321)
840199(364)
840200(339)
840201(310)
840202(339)
840189(273)
840193(310)
840194(264)
840195(330)
840196(305)
840162(262)
840163(323)
840164(389)
840165(369)
840166(368)
840126(335)
840128(380)
840130(281)
840131(327)
840133(415)
840120(305)
840121(283)
840122(316)
840124(328)
840125(350)
840135(308)
840137(351)
840138(278)
840139(425)
840140(414)
840154(291)
840155(301)
840156(386)
840158(372)
840161(362)
840142(370)
840143(364)
840149(361)
840151(338)
840153(278)
118
885404(341)
885405(349)
885406(338)
885409(389)
885410(312)
885398(387)
885399(308)
885401(351)
885402(332)
885403(333)
885412(358)
885413(415)
885414(431)
885415(361)
885416(420)
885423(419)
885424(440)
885425(346)
885427(287)
885428(379)
885418(357)
885419(362)
885420(356)
885421(354)
885422(406)
885390(407)
885391(334)
885393(354)
885395(255)
885397(401)
885367(302)
885368(405)
885369(354)
885370(331)
885371(328)
885372(437)
885373(342)
885374(456)
885376(351)
885377(314)
885383(407)
885384(400)
885385(307)
885386(399)
885389(321)
885378(401)
885379(397)
885380(278)
885381(459)
885382(318)
885429(420)
885430(341)
885431(331)
885432(308)
885433(330)
885477(280)
885478(352)
885479(332)
885480(391)
885481(377)
885472(452)
885473(424)
885474(413)
885475(397)
885476(391)
885482(396)
885483(308)
885484(350)
885486(332)
885487(352)
885467(340)
885468(404)
885469(425)
885470(365)
885471(379)
885441(278)
885442(335)
885443(449)
885444(439)
885445(320)
885435(319)
885436(360)
885437(326)
885438(303)
885439(404)
885447(393)
885448(336)
885449(322)
885452(306)
885454(324)
885460(299)
885461(400)
885462(276)
885464(391)
885466(294)
885455(286)
885456(375)
885457(335)
885458(365)
885459(424)
840390(345)
840391(273)
840392(265)
840394(341)
840396(328)
840385(357)
840386(287)
840387(236)
840388(334)
840389(299)
840397(284)
840398(325)
840399(355)
840400(314)
840401(331)
840409(316)
840410(293)
840411(391)
840412(274)
840413(406)
840402(299)
840404(326)
840406(307)
840407(293)
840408(337)
840378(300)
840381(304)
840382(322)
840383(313)
840384(281)
840349(292)
840350(304)
840352(290)
840354(319)
840355(381)
885361(375)
885362(289)
885363(335)
885365(317)
885366(402)
840356(302)
840358(278)
840359(283)
840364(278)
840365(354)
840373(342)
840374(329)
840375(329)
840376(308)
840377(268)
840367(320)
840368(389)
840369(289)
840370(291)
840371(327)
840414(326)
840415(375)
840416(390)
840419(286)
840420(399)
885338(275)
885340(327)
885341(339)
885342(387)
885343(327)
885332(335)
885333(312)
885334(332)
885336(425)
885337(238)
885344(362)
885346(375)
885347(383)
885348(365)
885350(406)
885356(376)
885357(361)
885358(367)
885359(286)
885360(372)
885351(365)
885352(439)
885353(419)
885354(361)
885355(355)
885325(291)
885326(422)
885328(425)
885330(275)
885331(451)
840427(322)
840430(334)
840435(324)
840436(286)
840437(289)
840421(336)
840422(332)
840423(334)
840425(422)
840426(369)
885304(324)
885305(304)
885306(317)
885307(382)
885311(361)
885319(340)
885320(377)
885321(319)
885322(294)
885324(336)
885312(328)
885313(342)
885314(300)
885317(330)
885318(288)
119
885674(352)
885676(366)
885677(349)
885678(380)
885679(306)
885667(338)
885668(433)
885671(299)
885672(380)
885673(316)
885680(301)
885681(306)
885682(368)
885684(460)
885685(301)
885693(307)
885694(280)
885697(368)
885698(405)
885699(363)
885686(337)
885687(282)
885688(296)
885689(310)
885690(342)
885659(411)
885661(390)
885662(360)
885665(361)
885666(425)
885634(375)
885635(355)
885636(311)
885637(275)
885639(345)
885640(352)
885641(289)
885642(291)
885643(378)
885644(365)
885653(266)
885655(393)
885656(354)
885657(342)
885658(353)
885646(417)
885647(319)
885649(372)
885651(334)
885652(273)
885701(331)
885702(377)
885703(407)
885706(307)
885709(340)
885770(298)
885771(375)
885772(328)
885773(329)
885774(280)
885764(389)
885765(334)
885767(307)
885768(263)
885769(409)
885776(343)
885777(260)
885779(344)
885780(362)
885782(390)
885757(333)
885759(353)
885760(412)
885761(336)
885763(401)
885719(327)
885720(276)
885724(344)
885725(317)
885727(293)
885710(287)
885711(279)
885714(350)
885716(364)
885717(440)
885728(276)
885729(310)
885730(257)
885735(366)
885738(279)
885747(333)
885750(404)
885751(328)
885752(382)
885755(301)
885741(379)
885743(442)
885744(457)
885745(336)
885746(418)
885522(356)
885523(415)
885524(355)
885525(340)
885526(340)
885516(397)
885517(381)
885518(311)
885519(245)
885520(271)
885527(318)
885528(330)
885529(262)
885530(309)
885531(424)
885537(371)
885538(415)
885539(310)
885540(340)
885541(314)
885532(436)
885533(334)
885534(347)
885535(290)
885536(302)
885509(280)
885510(374)
885511(341)
885513(296)
885515(337)
885488(317)
885489(417)
885491(340)
885492(385)
885493(388)
885627(407)
885628(330)
885629(327)
885630(390)
885632(396)
885494(347)
885495(270)
885496(347)
885497(396)
885498(300)
885504(377)
885505(331)
885506(395)
885507(315)
885508(299)
885499(321)
885500(317)
885501(309)
885502(306)
885503(363)
885543(363)
885544(363)
885545(385)
885547(372)
885548(302)
885594(318)
885595(309)
885597(304)
885599(358)
885602(313)
885587(335)
885588(355)
885589(377)
885591(335)
885592(436)
885603(341)
885604(391)
885605(365)
885606(359)
885608(353)
885621(375)
885622(363)
885623(324)
885624(475)
885625(257)
885609(313)
885613(365)
885614(288)
885615(293)
885620(327)
885578(356)
885579(336)
885580(302)
885584(333)
885586(352)
885554(308)
885555(346)
885556(351)
885557(319)
885559(421)
885549(293)
885550(309)
885551(346)
885552(372)
885553(247)
885560(294)
885561(416)
885562(344)
885563(330)
885565(362)
885571(403)
885573(342)
885575(381)
885576(368)
885577(404)
885566(295)
885567(330)
885568(328)
885569(357)
885570(448)
120
839697(251)
839703(224)
839709(204)
839711(238)
839715(267)
839660(207)
839666(210)
839674(265)
839681(269)
839683(290)
839764(230)
839775(232)
839781(271)
839782(255)
839783(240)
839718(209)
839729(274)
839737(240)
839739(218)
839750(207)
839549(249)
839551(236)
839554(224)
839561(226)
839577(223)
839500(256)
839505(240)
839514(239)
839526(214)
839544(224)
839622(270)
839624(237)
839625(264)
839627(277)
839643(273)
839591(224)
839592(257)
839597(224)
839602(225)
839621(252)
839897(295)
839898(217)
839908(232)
839916(305)
839917(253)
839794(202)
839795(218)
839797(190)
839802(274)
839822(249)
839785(250)
839786(237)
839787(332)
839791(231)
839792(237)
839870(236)
839876(243)
839887(242)
839888(200)
839896(204)
839823(251)
839843(285)
839848(263)
839856(184)
839858(222)
885951(298)
885952(376)
885953(323)
885955(338)
885956(236)
885945(384)
885947(323)
885948(355)
885949(312)
885950(458)
885935(346)
885936(378)
885940(257)
885941(276)
885942(365)
885979(365)
885983(358)
885967(319)
885973(306)
885976(383)
885977(306)
885978(357)
885957(283)
885958(310)
885959(328)
885962(288)
885965(295)
885928(326)
885930(351)
885931(396)
885933(329)
885934(369)
885829(286)
885831(307)
885832(345)
885835(405)
885836(348)
885824(350)
885825(296)
885826(263)
885827(245)
885828(399)
885837(351)
885838(412)
885839(420)
885840(345)
885841(396)
885851(341)
885852(268)
885853(338)
885854(334)
885856(324)
885843(363)
885845(278)
885846(288)
885849(417)
885850(370)
885818(414)
885819(321)
885821(349)
885822(335)
885823(330)
885791(382)
885792(379)
885793(321)
885794(271)
885795(386)
885785(294)
885786(324)
885787(335)
885788(322)
885790(330)
885796(381)
885797(354)
885798(309)
885801(319)
885802(368)
885811(331)
885813(274)
885814(336)
885815(282)
885816(351)
885803(317)
885805(331)
885806(313)
885809(321)
885810(358)
885900(425)
885901(286)
885902(440)
885903(399)
885905(307)
885895(342)
885896(347)
885897(341)
885898(328)
885899(298)
885906(346)
885907(405)
885908(379)
885909(424)
885913(347)
885922(390)
885923(345)
885925(388)
885926(344)
885927(303)
885914(373)
885915(366)
885917(305)
885918(265)
885919(268)
885888(385)
885890(307)
885891(408)
885892(368)
885894(351)
885863(379)
885864(343)
885865(382)
885866(422)
885867(264)
885857(367)
885858(372)
885860(344)
885861(348)
885862(350)
885868(387)
885869(313)
885871(286)
885874(320)
885876(318)
885882(371)
885883(312)
885885(385)
885886(367)
885887(368)
885877(340)
885878(317)
885879(371)
885880(330)
885881(332)
121
839695(192)
839712(194)
839713(200)
839728(216)
839730(184)
839632(197)
839636(204)
839658(156)
839686(172)
839687(186)
839493(193)
839510(165)
839541(199)
839556(211)
839585(231)
885712(274)
885715(210)
885722(248)
885723(249)
885726(264)
885683(214)
885691(269)
885695(235)
885700(203)
885704(246)
885742(276)
885748(314)
885749(279)
885754(284)
885756(279)
885731(243)
885733(281)
885736(224)
885739(212)
885740(237)
885583(245)
885585(226)
885590(291)
885593(229)
885598(316)
885450(257)
885451(250)
885514(260)
885558(267)
885574(204)
885619(218)
885631(235)
885633(248)
885650(241)
885669(246)
885600(235)
885601(207)
885607(251)
885611(268)
885618(242)
885924(288)
885938(207)
885939(248)
885943(241)
885944(288)
885893(221)
885910(232)
885916(231)
885920(239)
885921(270)
885974(253)
885975(275)
885963(275)
885966(222)
885969(273)
885970(258)
885972(273)
885783(234)
885784(246)
885799(247)
885800(210)
885804(270)
885758(234)
885762(265)
885766(257)
885775(269)
885781(213)
885855(243)
885870(231)
885872(226)
885875(288)
885889(226)
885808(251)
885812(220)
885833(231)
885847(200)
885848(287)
885411(230)
885417(248)
885426(255)
885440(239)
885446(276)
840134(229)
840136(261)
840144(235)
840145(267)
840146(274)
840111(285)
840114(287)
840127(243)
840129(260)
840132(272)
840147(223)
840148(218)
840152(215)
840159(276)
840160(312)
840183(266)
840185(310)
840190(236)
840191(274)
840192(277)
840167(262)
840169(212)
840171(220)
840174(231)
840180(256)
840088(239)
840095(249)
840097(240)
840107(263)
840108(300)
839950(269)
839966(244)
839974(302)
839975(313)
839994(230)
839928(241)
839938(224)
839943(221)
839945(281)
839949(255)
840006(189)
840014(280)
840016(228)
840032(249)
840033(207)
840062(261)
840063(296)
840066(267)
840067(292)
840068(189)
840041(226)
840043(253)
840048(250)
840055(243)
840060(266)
840403(244)
840405(319)
840417(325)
840428(225)
840429(248)
840363(281)
840372(249)
840379(240)
840380(224)
840393(214)
840431(212)
840433(257)
885301(228)
885308(267)
885315(225)
885364(246)
885387(334)
885392(168)
885394(248)
885407(255)
885316(254)
885323(232)
885327(207)
885345(249)
885349(312)
840351(242)
840353(262)
840360(277)
840361(260)
840362(228)
840231(259)
840240(277)
840264(228)
840265(211)
840268(244)
840198(253)
840203(203)
840212(232)
840213(265)
840228(206)
840270(313)
840275(307)
840284(244)
840286(237)
840303(231)
840331(254)
840338(287)
840340(243)
840343(263)
840347(209)
840315(252)
840318(264)
840321(266)
840323(270)
840328(254)
122
840682(270)
840686(257)
840687(270)
840689(262)
840690(232)
840693(264)
840694(277)
840695(254)
840697(267)
840698(294)
840665(293)
840666(287)
840667(261)
840668(305)
840669(285)
840676(242)
840677(228)
840678(282)
840679(289)
840680(278)
840700(237)
840701(261)
840707(263)
840708(272)
840709(257)
Islamia Govt. Arts & Commerce College (Evening)
839584(17)
839875(30)
885564(17)
885581(23)
885670(28)
885873(33)
839890(51)
839953(46)
839976(64)
840317(88)
885610(78)
885612(49)
885626(64)
885638(62)
885817(61)
885820(48)
839820(87)
839886(103)
839940(123)
839970(92)
840037(110)
839533(104)
839623(75)
839659(59)
839669(92)
839772(82)
885981(74)
840434(92)
885546(79)
885617(90)
885737(79)
885834(84)
885705(132)
885732(186)
885778(134)
885830(107)
885844(156)
885968(143)
885980(145)
885453(127)
885572(154)
885596(154)
885645(152)
885696(143)
839766(151)
839770(131)
839871(140)
839880(147)
839905(141)
839657(137)
839716(136)
839717(138)
839720(130)
839747(181)
839523(141)
839545(185)
839548(161)
839609(128)
839647(158)
840424(200)
885302(160)
885303(142)
885396(150)
885434(126)
840292(168)
840299(163)
840302(177)
840337(155)
840344(147)
839925(129)
839962(162)
840030(128)
840075(145)
840078(98)
840027(209)
840038(183)
840057(210)
840087(189)
840115(224)
840123(173)
840150(183)
840157(197)
840207(234)
840254(221)
840257(217)
840290(223)
840304(201)
840312(239)
840319(168)
839952(155)
839971(219)
839998(224)
839999(218)
840000(189)
839768(133)
839771(190)
839777(211)
839790(207)
839813(215)
839838(196)
839849(208)
839850(244)
839860(173)
839881(199)
839891(188)
839895(212)
839904(161)
839913(171)
839914(183)
840330(201)
840333(201)
840345(211)
840357(201)
840418(171)
885721(191)
885734(197)
885753(181)
885807(195)
885842(178)
885859(215)
885884(149)
885929(174)
885937(192)
885946(167)
885954(164)
885961(167)
885971(173)
885664(186)
885675(140)
885692(154)
885713(153)
885718(204)
885309(232)
885329(174)
885339(163)
885388(164)
885400(178)
885408(217)
885465(200)
885485(196)
885512(208)
885521(189)
885582(179)
885616(178)
885648(172)
885654(175)
885660(177)
123
840735(247)
840740(268)
840752(260)
840763(255)
840764(270)
840765(242)
840766(298)
840768(270)
840770(231)
840771(236)
840722(247)
840723(210)
840725(254)
840726(212)
840730(284)
840662(232)
840663(232)
840670(253)
840671(233)
840672(224)
840674(203)
840675(192)
840704(227)
840706(243)
840720(227)
840772(239)
840773(230)
840776(286)
840777(285)
840779(252)
840780(254)
840781(217)
840784(229)
840787(234)
840789(257)
840794(241)
840796(220)
840801(244)
840804(209)
840812(227)
841063(330)
841064(352)
841066(371)
841067(346)
841068(363)
841069(379)
841070(319)
841071(333)
841072(318)
841073(285)
841053(317)
841054(306)
841058(316)
841059(250)
841061(320)
840998(316)
841000(293)
841004(314)
841006(327)
841023(249)
841026(315)
841032(351)
841033(299)
841035(343)
841041(286)
841074(322)
841076(444)
841086(260)
841095(295)
841102(240)
841149(258)
841153(273)
841154(277)
841155(262)
841159(280)
841166(254)
841172(262)
841183(256)
841138(241)
841141(273)
841142(236)
841144(351)
841148(278)
841103(265)
841110(264)
841111(225)
841112(286)
841116(313)
841122(310)
841125(309)
841126(356)
841135(265)
841137(219)
840987(282)
840988(293)
840989(297)
840990(288)
840995(409)
840778(318)
840783(248)
840786(247)
840788(255)
840790(258)
840762(251)
840767(316)
840769(303)
840774(294)
840775(310)
840793(317)
840795(255)
840797(284)
840798(289)
840799(350)
840822(248)
840825(314)
840831(213)
840832(219)
840834(302)
840807(257)
840808(255)
840811(315)
840813(302)
840814(299)
840756(289)
840757(272)
840759(341)
840760(347)
840761(351)
840724(261)
840727(335)
840728(328)
840729(319)
840732(321)
840710(263)
840711(295)
840712(267)
840718(230)
840721(293)
840733(275)
840734(294)
840736(286)
840737(284)
840738(317)
840748(307)
840749(272)
840751(310)
840754(301)
840755(323)
840739(333)
840742(296)
840743(396)
840745(281)
840746(330)
840929(272)
840930(280)
840943(306)
840944(243)
840945(322)
840920(275)
840921(285)
840922(278)
840927(336)
840928(330)
840949(344)
840950(323)
840954(282)
840955(319)
840961(309)
840977(285)
840978(295)
840980(283)
840985(289)
840986(265)
840962(316)
840965(271)
840974(252)
840975(290)
840976(241)
840911(230)
840912(264)
840916(258)
840917(302)
840919(281)
840864(311)
840873(291)
840874(305)
840875(276)
840877(244)
840835(309)
840844(298)
840847(316)
840849(307)
840854(293)
840878(248)
840879(334)
840884(325)
840891(276)
840892(307)
840904(312)
840905(327)
840906(307)
840908(263)
840909(297)
840895(355)
840898(281)
840900(263)
840902(338)
840903(363)
124
840886(189)
840888(182)
840889(189)
840918(183)
840936(176)
840833(138)
840836(190)
840859(209)
840861(182)
840883(196)
840960(220)
840970(166)
840971(166)
840983(195)
840984(191)
840938(202)
840952(169)
840956(187)
840957(185)
840959(181)
840692(161)
840702(168)
840703(157)
840713(191)
840741(234)
840661(186)
840673(169)
840681(175)
840688(178)
840691(167)
840806(174)
840819(172)
840821(170)
840823(184)
840824(181)
840750(184)
840753(221)
840758(191)
840782(184)
840800(165)
840997(173)
840999(179)
841003(193)
841009(163)
841010(175)
841164(169)
841165(160)
841170(170)
841171(150)
841173(169)
841134(187)
841139(178)
841158(157)
841160(181)
841163(187)
841193(195)
841174(176)
841175(189)
841178(170)
841185(163)
841189(139)
841060(221)
841078(268)
841080(205)
841083(204)
841085(191)
841024(180)
841029(199)
841036(206)
841047(205)
841055(204)
841114(186)
841115(202)
841118(176)
841128(192)
841133(161)
841089(205)
841091(231)
841097(210)
841101(226)
841113(167)
841176(222)
841177(217)
841179(213)
841182(237)
841188(204)
841190(201)
841191(227)
841152(238)
841156(221)
841162(210)
841167(252)
841168(217)
840925(234)
840926(242)
840931(245)
840933(222)
840934(235)
840897(252)
840899(217)
840901(246)
840907(252)
840924(228)
840935(278)
840937(261)
840940(281)
840941(223)
840942(273)
840964(226)
840966(192)
840967(202)
840972(217)
840973(219)
840947(245)
840948(314)
840953(221)
840958(221)
840963(236)
840887(212)
840890(228)
840893(235)
840894(318)
840896(236)
840839(197)
840842(250)
840843(236)
840846(215)
840848(267)
840815(215)
840816(238)
840820(215)
840826(207)
840838(212)
840850(256)
840860(238)
840862(247)
840865(243)
840866(195)
840872(287)
840876(191)
840880(222)
840881(233)
840882(235)
840867(220)
840868(254)
840869(210)
840870(241)
840871(273)
841096(236)
841098(222)
841099(279)
841104(223)
841108(227)
841081(299)
841082(232)
841087(272)
841090(243)
841094(241)
841109(198)
841117(265)
841119(278)
841120(248)
841124(258)
841143(269)
841145(235)
841146(237)
841147(218)
841150(224)
841127(270)
841129(254)
841131(272)
841132(200)
841140(218)
841057(325)
841062(282)
841065(290)
841077(286)
841079(220)
840996(208)
841005(252)
841008(267)
841011(273)
841012(231)
840979(252)
840981(209)
840991(235)
840992(266)
840994(252)
841013(193)
841015(195)
841019(202)
841020(209)
841025(252)
841042(237)
841043(218)
841050(219)
841051(214)
841052(251)
841027(260)
841028(202)
841030(192)
841034(243)
841038(227)
125
841632(310)
841636(384)
841639(257)
841641(297)
841642(348)
841615(261)
841616(307)
841623(321)
841625(301)
841631(305)
841644(364)
841645(299)
841652(269)
841653(417)
841655(296)
841671(399)
841676(418)
841678(363)
841682(390)
841686(337)
841660(344)
841661(322)
841663(258)
841664(293)
841667(277)
841597(247)
841603(351)
841604(398)
841608(337)
841612(280)
841541(306)
841542(224)
841544(280)
841546(362)
841547(372)
841549(352)
841551(269)
841553(341)
841554(378)
841556(282)
841580(395)
841586(266)
841587(332)
841593(307)
841596(289)
841560(364)
841562(309)
841568(269)
841569(258)
841573(349)
841691(379)
841693(346)
841698(347)
841699(331)
841700(295)
841811(328)
841813(358)
841814(394)
841815(345)
841816(315)
841790(309)
841800(331)
841801(313)
841804(286)
841808(263)
841819(276)
841820(307)
841826(256)
841827(339)
841828(297)
841784(412)
841785(335)
841787(371)
841788(368)
841789(322)
841716(317)
841723(354)
841725(316)
841728(355)
841729(278)
841702(351)
841703(367)
841704(333)
841711(329)
841712(308)
841731(432)
841736(256)
841737(449)
841740(345)
841745(305)
841769(302)
841770(347)
841777(285)
841778(251)
841782(341)
841748(288)
841757(333)
841758(352)
841760(379)
841767(337)
841529(273)
841530(254)
841532(275)
841534(252)
841535(257)
841501(329)
841504(360)
841513(218)
841514(245)
841517(309)
Islamia Govt. Arts & Commerce College (Morning)
840785(28)
841021(46)
841186(36)
840715(51)
840830(56)
840858(81)
840946(56)
841044(55)
841194(73)
840837(91)
840853(93)
840857(100)
840885(111)
840915(104)
840684(86)
840696(98)
840716(91)
840717(91)
840828(98)
841181(83)
841187(88)
841092(117)
841093(99)
841100(121)
841107(82)
841180(102)
840982(108)
841002(95)
841017(102)
841040(95)
841046(92)
840829(139)
840840(125)
840845(153)
840851(150)
840852(140)
840803(141)
840805(104)
840810(154)
840818(127)
840827(126)
840683(107)
840699(131)
840705(141)
840791(125)
840802(132)
841045(121)
841048(113)
841049(109)
841084(153)
841106(131)
841151(140)
841157(133)
841169(149)
841184(121)
841192(160)
840855(140)
840856(158)
840863(154)
840932(140)
840951(138)
840968(134)
841001(169)
841016(132)
841018(148)
841037(188)
126
841610(234)
841621(259)
841627(139)
841638(191)
841648(228)
841668(171)
841669(177)
841670(160)
841672(175)
841673(197)
841674(165)
841685(162)
841696(183)
841706(167)
841707(180)
841511(156)
841515(208)
841516(156)
841533(164)
841538(163)
841540(169)
841555(170)
841557(155)
841575(171)
841576(192)
841585(161)
841594(147)
841595(176)
841605(237)
841609(191)
841708(259)
841709(197)
841717(181)
841719(197)
841724(171)
841735(149)
841738(205)
841753(202)
841756(207)
841762(204)
841765(221)
841771(216)
841792(207)
841794(216)
841803(211)
841805(183)
841823(210)
841825(236)
841829(178)
841831(212)
841802(228)
841807(230)
841809(256)
841810(189)
841812(247)
841817(252)
841818(264)
841821(246)
841822(217)
841830(232)
841772(279)
841773(244)
841783(200)
841791(254)
841793(280)
841795(268)
841796(222)
841797(276)
841798(260)
841799(309)
841841(226)
841842(208)
841845(256)
841846(242)
841869(226)
841928(216)
841929(239)
841952(186)
841963(182)
841966(240)
841968(198)
841976(216)
841982(252)
841871(232)
841874(243)
841879(255)
841902(228)
841903(234)
841904(290)
841905(283)
841914(268)
841916(278)
841925(299)
841750(244)
841759(303)
841761(232)
841763(251)
841768(236)
841614(255)
841617(227)
841619(249)
841624(237)
841626(298)
841570(233)
841571(248)
841572(244)
841591(214)
841611(250)
841512(229)
841545(225)
841559(242)
841563(192)
841564(278)
841629(248)
841630(232)
841637(246)
841647(190)
841656(221)
841739(238)
841742(243)
841743(210)
841744(202)
841749(253)
841683(301)
841713(213)
841714(245)
841718(201)
841730(250)
841657(292)
841659(304)
841662(208)
841666(243)
841677(199)
841873(305)
841875(380)
841876(310)
841877(316)
841878(348)
841880(280)
841881(234)
841882(320)
841883(299)
841884(338)
841885(343)
841886(349)
841888(288)
841890(333)
841891(372)
841866(271)
841867(313)
841868(288)
841870(289)
841872(302)
841834(325)
841837(326)
841838(356)
841840(329)
841850(273)
841851(295)
841853(320)
841854(308)
841855(294)
841858(297)
841859(316)
841862(262)
841863(294)
841864(343)
841865(317)
841935(282)
841937(333)
841938(321)
841942(295)
841944(278)
841946(336)
841948(286)
841949(304)
841950(330)
841955(269)
841961(293)
841964(288)
841969(251)
841970(273)
841973(307)
841915(285)
841923(294)
841927(311)
841930(332)
841932(308)
841892(349)
841894(349)
841895(339)
841897(303)
841898(373)
841899(326)
841901(347)
841906(353)
841907(417)
841908(406)
841909(316)
841910(332)
841911(289)
841912(300)
841913(420)
127
842350(275)
842378(255)
842380(244)
842398(269)
842416(350)
842302(284)
842303(263)
842307(265)
842315(263)
842341(248)
842417(279)
842418(293)
842434(290)
842458(285)
842460(293)
842465(346)
842476(262)
842481(273)
842483(263)
842515(358)
S.M. Govt. Arts & Commerce College (Evening)
841574(26)
841599(29)
841710(30)
841715(45)
841722(25)
841506(35)
841521(36)
841526(38)
841548(18)
841567(23)
841991(32)
841918(26)
841954(56)
841975(39)
841983(20)
841984(36)
841651(57)
841687(109)
841694(82)
841695(82)
841726(61)
841520(71)
841528(83)
841531(61)
841536(55)
841620(58)
841986(97)
841741(52)
841824(64)
841934(64)
841941(50)
841957(64)
841781(110)
841861(94)
841924(98)
841933(146)
841940(100)
841690(104)
841721(83)
841727(95)
841734(74)
841775(134)
841989(97)
841956(128)
841958(126)
841960(86)
841985(93)
841988(107)
841633(78)
841643(96)
841649(133)
841665(109)
841675(91)
841508(76)
841510(91)
841537(117)
841543(81)
841558(79)
841565(102)
841581(87)
841582(115)
841583(113)
841584(99)
841589(111)
841600(87)
841601(122)
841607(117)
841628(135)
841635(137)
841640(141)
841650(107)
841679(132)
841681(134)
841684(179)
841688(160)
841689(146)
841697(134)
841701(149)
841592(135)
841598(171)
841602(134)
841618(174)
841634(162)
841507(142)
841518(153)
841525(94)
841527(152)
841539(128)
841550(148)
841552(178)
841577(169)
841579(140)
841588(135)
841720(150)
841732(131)
841733(135)
841746(103)
841747(148)
841939(132)
841945(150)
841959(119)
841965(144)
841967(139)
841977(173)
841978(121)
841980(144)
841981(143)
841847(145)
841857(172)
841919(185)
841922(167)
841936(160)
841752(150)
841755(164)
841764(160)
841766(205)
841774(137)
841776(167)
841779(207)
841780(176)
841786(188)
841806(147)
841860(181)
841889(252)
841893(198)
841896(218)
841900(224)
841844(195)
841848(188)
841849(156)
841852(188)
841856(169)
841832(207)
841835(196)
841836(212)
841839(226)
841843(207)
841972(232)
841974(170)
841979(168)
841987(201)
841947(238)
841951(154)
841953(157)
841962(237)
841971(196)
841917(229)
841920(219)
841921(194)
841931(181)
841943(180)
128
842340(102)
842364(94)
842367(106)
842376(83)
842382(94)
842324(109)
842326(123)
842332(103)
842337(83)
842339(105)
842301(102)
842308(80)
842309(75)
842317(85)
842323(82)
842383(79)
842386(107)
842389(95)
842405(128)
842427(96)
842400(133)
842402(118)
842404(136)
842423(119)
842426(136)
842428(143)
842432(124)
842441(117)
842448(145)
842452(145)
842455(153)
842479(136)
842480(134)
842484(121)
842491(120)
842374(128)
842377(147)
842384(128)
842390(109)
842397(162)
842305(133)
842306(139)
842310(147)
842313(135)
842314(114)
842319(149)
842320(171)
842321(146)
842330(126)
842335(169)
842343(120)
842348(129)
842349(142)
842360(145)
842372(117)
842492(129)
842498(140)
842511(136)
842517(191)
842519(118)
842608(137)
842616(134)
842618(119)
842621(117)
842622(155)
842623(145)
842630(119)
842636(136)
842642(133)
842651(125)
842659(117)
842594(138)
842596(169)
842601(118)
842606(129)
842607(108)
842520(169)
842522(124)
842524(139)
842527(152)
842541(140)
842546(131)
842548(121)
842552(109)
842568(128)
842570(106)
842571(127)
842579(129)
842580(146)
842584(109)
842585(118)
842429(144)
842430(165)
842431(163)
842449(151)
842454(150)
842459(169)
842466(174)
842468(176)
842469(183)
842470(173)
842391(176)
842393(191)
842411(198)
842421(166)
842424(149)
842304(161)
842329(158)
842336(194)
842354(183)
842355(167)
842357(167)
842358(170)
842362(160)
842370(169)
842371(182)
842472(164)
842473(145)
842474(142)
842475(148)
842503(166)
842613(185)
842615(170)
842632(158)
842633(189)
842644(207)
842648(177)
844412(158)
844415(155)
842589(169)
842595(170)
842602(161)
842603(140)
842604(213)
842505(147)
842516(228)
842523(152)
842531(171)
842545(168)
842556(191)
842559(198)
842577(165)
842578(172)
842581(156)
842388(178)
842406(246)
842407(240)
842412(272)
842413(238)
842415(279)
842420(263)
842422(179)
842425(184)
842433(236)
842311(225)
842316(186)
842322(217)
842338(210)
842344(219)
842345(231)
842353(274)
842359(204)
842379(204)
842387(220)
842512(206)
842530(233)
842560(234)
842569(202)
842586(224)
842650(212)
842435(209)
842437(273)
842447(221)
842450(177)
842464(260)
842485(207)
842487(211)
842490(198)
842499(241)
842506(201)
842590(256)
842593(290)
842597(245)
842599(285)
842611(360)
129
843339(292)
843342(315)
843344(334)
843345(341)
843346(278)
843354(276)
843356(271)
843357(290)
843358(230)
843359(292)
843360(316)
843361(371)
843362(287)
843363(373)
843364(285)
843326(229)
843330(217)
843336(318)
843337(352)
843338(337)
843301(256)
843302(277)
843303(267)
843305(324)
843307(262)
843308(292)
843309(239)
843310(254)
843311(244)
843312(258)
843314(257)
843315(296)
843319(284)
843323(261)
843325(294)
843365(258)
843366(345)
843367(343)
843368(289)
843369(365)
843390(356)
843391(296)
843393(257)
843394(309)
843395(345)
843370(375)
843371(371)
843372(364)
843374(347)
843375(337)
843376(307)
843377(361)
843382(281)
843383(274)
843384(331)
843385(290)
843386(340)
843387(349)
843388(313)
843389(330)
S.M. Govt. Arts & Commerce College (Morning)
842557(18)
842565(19)
842583(36)
842587(37)
842591(20)
842544(19)
842547(20)
842550(18)
842551(21)
842553(19)
842525(26)
842529(17)
842534(26)
842538(18)
842539(22)
842656(24)
842661(33)
842662(24)
842663(22)
842666(30)
842638(33)
842640(26)
842645(29)
842649(30)
842652(22)
842610(34)
842619(30)
842627(31)
842635(27)
842637(35)
842440(18)
842451(22)
842477(18)
842501(23)
842502(23)
842325(38)
842327(37)
842342(26)
842346(27)
842369(41)
842385(33)
842394(17)
842403(21)
842409(19)
842410(22)
842436(41)
842442(48)
842444(45)
842461(52)
842467(70)
842482(62)
842494(55)
842500(65)
842507(51)
842508(71)
842375(45)
842392(72)
842399(63)
842408(81)
842419(50)
842312(52)
842318(71)
842328(88)
842331(63)
842333(71)
842334(68)
842347(43)
842352(67)
842356(52)
842363(62)
842509(67)
842513(73)
842518(52)
842526(58)
842528(64)
842609(73)
842624(53)
842628(71)
842631(67)
842641(73)
842647(83)
842657(64)
842664(66)
842575(67)
842576(49)
842582(76)
842600(74)
842605(61)
842540(61)
842543(61)
842554(70)
842558(66)
842561(51)
842563(60)
842564(39)
842567(38)
842572(73)
842573(68)
842497(122)
842504(91)
842510(117)
842514(84)
842521(92)
842478(85)
842486(88)
842489(72)
842495(98)
842496(92)
842438(81)
842453(97)
842456(108)
842462(81)
842463(97)
842532(92)
842533(92)
842537(78)
842542(134)
842555(86)
842634(118)
842643(120)
842646(106)
842617(88)
842620(101)
842625(93)
842626(97)
842629(85)
842574(111)
842588(99)
842598(82)
842612(100)
842614(127)
130
843582(260)
843583(269)
843584(356)
843585(355)
843587(357)
843573(326)
843574(330)
843577(384)
843580(361)
843581(285)
843588(320)
843589(374)
843591(280)
843592(337)
843593(335)
843599(309)
843600(333)
843601(346)
843602(336)
843603(399)
843594(334)
843595(326)
843596(243)
843597(376)
843598(288)
843564(286)
843568(320)
843569(304)
843570(336)
843571(313)
843537(318)
843539(380)
843540(350)
843541(298)
843543(291)
843544(282)
843545(382)
843546(391)
843547(352)
843548(350)
843556(342)
843559(341)
843561(372)
843562(306)
843563(322)
843549(291)
843550(291)
843551(349)
843553(359)
843555(329)
843604(348)
843605(316)
843606(358)
843607(321)
843608(306)
843647(345)
843648(265)
843649(383)
843650(393)
843651(395)
843641(326)
843642(300)
843643(345)
843645(380)
843646(400)
843652(320)
843653(365)
843654(294)
843656(388)
843659(397)
843636(365)
843637(344)
843638(372)
843639(330)
843640(368)
843615(344)
843616(336)
843617(335)
843619(346)
843620(377)
843609(342)
843610(352)
843611(359)
843612(342)
843613(352)
843621(373)
843622(344)
843623(253)
843624(355)
843625(374)
843631(293)
843632(339)
843633(365)
843634(329)
843635(333)
843626(332)
843627(372)
843628(362)
843629(359)
843630(380)
843437(278)
843438(246)
843439(313)
843440(341)
843441(297)
843432(325)
843433(304)
843434(301)
843435(302)
843436(284)
843442(306)
843443(315)
843444(307)
843445(315)
843446(322)
843452(309)
843453(330)
843454(297)
843455(325)
843456(309)
843447(351)
843448(324)
843449(307)
843450(290)
843451(314)
843425(296)
843427(302)
843428(307)
843429(297)
843431(285)
843396(331)
843397(298)
843398(304)
843399(348)
843400(320)
843532(340)
843533(341)
843534(371)
843535(368)
843536(348)
843401(250)
843402(290)
843403(307)
843404(319)
843406(335)
843420(382)
843421(282)
843422(279)
843423(339)
843424(276)
843407(303)
843408(310)
843416(284)
843418(324)
843419(290)
843457(341)
843458(320)
843459(311)
843460(356)
843462(337)
843509(308)
843510(352)
843512(348)
843513(353)
843514(338)
843501(363)
843502(343)
843504(302)
843507(363)
843508(358)
843515(342)
843516(348)
843517(273)
843518(325)
843519(415)
843526(391)
843527(363)
843528(352)
843529(331)
843531(338)
843520(378)
843521(322)
843522(358)
843523(345)
843524(383)
843492(348)
843495(357)
843496(332)
843497(354)
843498(316)
843469(359)
843470(301)
843471(346)
843472(340)
843473(345)
843463(333)
843464(351)
843465(357)
843467(301)
843468(363)
843474(284)
843475(414)
843478(408)
843479(305)
843480(311)
843487(325)
843488(308)
843489(324)
843490(294)
843491(293)
843481(382)
843482(304)
843484(368)
843485(359)
843486(328)
131
843855(235)
843856(226)
843861(271)
843862(259)
843865(355)
843848(240)
843849(249)
843850(391)
843851(311)
843854(312)
843868(308)
843872(363)
843873(255)
843874(283)
843878(265)
843907(248)
843909(277)
843913(279)
843914(273)
843915(300)
843880(317)
843882(261)
843886(328)
843893(308)
843901(309)
843838(266)
843839(312)
843842(263)
843843(344)
843844(356)
843790(376)
843791(363)
843792(459)
843793(318)
843794(275)
843795(356)
843796(381)
843798(383)
843799(340)
843800(386)
843830(361)
843831(278)
843833(285)
843834(287)
843835(288)
843808(303)
843816(306)
843817(303)
843821(343)
843828(376)
843920(330)
843925(338)
843928(282)
843939(237)
843945(239)
844031(324)
844032(244)
844033(294)
844034(265)
844035(314)
844019(355)
844020(227)
844022(309)
844024(323)
844029(281)
844036(294)
844039(305)
844045(280)
844048(262)
844049(298)
844000(279)
844001(380)
844006(256)
844013(263)
844014(245)
843956(268)
843957(267)
843961(285)
843962(298)
843963(265)
843946(265)
843947(334)
843948(264)
843950(349)
843951(244)
843964(305)
843966(328)
843969(289)
843973(265)
843976(269)
843989(322)
843990(342)
843991(389)
843992(276)
843997(252)
843977(243)
843979(265)
843982(312)
843985(310)
843987(279)
843700(386)
843701(342)
843702(370)
843703(388)
843704(330)
843695(374)
843696(342)
843697(375)
843698(259)
843699(297)
843705(405)
843706(353)
843707(304)
843708(384)
843709(354)
843715(377)
843716(386)
843718(335)
843719(394)
843720(416)
843710(388)
843711(292)
843712(384)
843713(387)
843714(395)
843690(283)
843691(295)
843692(318)
843693(341)
843694(348)
843661(395)
843662(323)
843663(306)
843664(323)
843665(336)
843785(340)
843786(390)
843787(369)
843788(363)
843789(316)
843667(339)
843668(343)
843669(300)
843670(350)
843672(326)
843678(344)
843679(355)
843685(347)
843687(373)
843688(399)
843673(313)
843674(336)
843675(333)
843676(385)
843677(380)
843721(365)
843722(333)
843723(391)
843724(351)
843725(394)
843764(403)
843765(334)
843766(366)
843767(370)
843768(327)
843758(398)
843759(369)
843760(287)
843761(356)
843763(312)
843769(372)
843770(381)
843772(371)
843773(307)
843774(378)
843780(339)
843781(376)
843782(323)
843783(354)
843784(321)
843775(370)
843776(336)
843777(322)
843778(381)
843779(363)
843753(412)
843754(371)
843755(366)
843756(322)
843757(314)
843731(394)
843732(381)
843733(415)
843734(364)
843735(376)
843726(393)
843727(367)
843728(374)
843729(397)
843730(392)
843736(363)
843739(386)
843740(348)
843741(387)
843742(345)
843748(359)
843749(366)
843750(284)
843751(342)
843752(389)
843743(349)
843744(375)
843745(386)
843746(387)
843747(373)
132
843417(186)
843426(261)
843466(262)
843477(246)
843499(315)
843392(279)
843405(225)
843409(251)
843410(229)
843412(279)
843500(249)
843503(224)
843511(270)
843525(313)
843530(228)
843565(283)
843566(256)
843567(263)
843572(268)
843575(304)
843538(294)
843542(262)
843557(274)
843558(294)
843560(250)
843320(222)
843322(236)
843324(268)
843327(214)
843328(237)
843304(281)
843313(207)
843316(250)
843317(276)
843318(215)
843329(193)
843333(240)
843334(224)
843335(207)
843340(230)
843373(191)
843378(238)
843379(272)
843380(309)
843381(260)
843341(242)
843347(235)
843350(262)
843351(257)
843355(230)
843881(220)
843883(224)
843891(246)
843894(263)
843895(201)
843857(290)
843860(255)
843875(231)
843876(208)
843879(259)
843671(274)
843681(323)
843682(291)
843683(314)
843684(327)
843614(314)
843618(335)
843655(278)
843657(296)
843666(305)
843689(339)
843717(256)
843762(258)
843805(211)
843814(237)
843827(231)
843840(217)
843841(256)
843847(205)
843853(217)
843815(226)
843818(234)
843820(213)
843822(202)
843826(193)
844363(290)
844378(340)
844394(257)
844400(308)
844401(254)
844402(440)
844418(310)
844337(251)
844345(312)
844356(302)
844357(320)
844358(252)
844125(281)
844126(232)
844128(330)
844131(280)
844132(331)
844110(291)
844112(269)
844117(370)
844122(293)
844123(367)
844133(318)
844134(352)
844136(308)
844137(234)
844139(325)
844149(267)
844151(389)
844152(377)
844153(311)
844154(280)
844142(284)
844143(283)
844144(372)
844145(300)
844148(318)
844104(269)
844105(404)
844106(374)
844107(307)
844109(276)
844061(282)
844062(242)
844063(316)
844064(349)
844065(365)
844051(273)
844052(230)
844055(264)
844056(364)
844057(262)
844067(386)
844068(298)
844071(354)
844074(343)
844080(301)
844096(352)
844097(413)
844098(343)
844101(323)
844102(348)
844083(335)
844085(311)
844088(255)
844090(238)
844095(322)
844250(324)
844251(353)
844252(260)
844255(303)
844256(319)
844230(352)
844232(381)
844234(358)
844244(276)
844249(257)
844258(274)
844267(278)
844269(295)
844271(290)
844274(320)
844316(272)
844318(393)
844322(275)
844329(262)
844330(294)
844282(293)
844285(321)
844286(282)
844293(306)
844297(264)
844221(369)
844222(370)
844223(336)
844224(333)
844226(362)
844172(311)
844174(261)
844179(321)
844180(343)
844182(390)
844161(315)
844163(395)
844167(263)
844169(300)
844171(364)
844183(327)
844185(293)
844186(282)
844188(351)
844189(327)
844207(361)
844209(340)
844210(370)
844212(353)
844219(346)
844192(278)
844194(314)
844195(323)
844203(335)
844205(296)
133
843927(176)
843929(177)
843938(174)
843940(172)
843952(204)
843888(205)
843889(192)
843905(174)
843918(158)
843921(204)
843971(200)
843974(165)
843981(178)
843984(200)
843986(163)
844005(153)
844021(205)
844037(176)
844040(176)
844043(199)
843988(192)
843993(237)
843994(174)
843995(188)
843998(195)
843413(189)
843414(216)
843415(180)
843493(227)
843552(240)
843321(175)
843331(194)
843343(194)
843349(155)
843353(189)
843554(245)
843579(240)
843586(232)
843590(194)
843644(191)
843866(254)
843867(255)
843877(193)
843884(161)
843887(184)
843686(245)
843771(195)
843832(196)
843837(180)
843845(191)
844050(207)
844072(192)
844078(197)
844079(226)
844081(187)
844284(226)
844289(161)
844294(221)
844299(178)
844302(200)
844259(195)
844266(188)
844275(197)
844276(198)
844279(179)
844304(158)
844306(152)
844309(176)
844317(222)
844320(170)
844124(213)
844127(231)
844135(201)
844138(209)
844140(132)
844087(177)
844089(184)
844114(220)
844118(207)
844120(143)
844150(237)
844159(161)
844162(223)
844165(164)
844168(187)
844235(292)
844238(260)
844245(189)
844246(168)
844248(200)
844193(189)
844196(221)
844200(218)
844211(240)
844214(297)
844059(222)
844066(259)
844073(217)
844075(237)
844076(278)
844042(245)
844047(211)
844053(247)
844054(236)
844058(239)
844077(216)
844082(222)
844094(248)
844100(289)
844108(226)
844121(279)
844129(203)
844130(247)
844141(218)
844147(216)
844111(215)
844113(248)
844115(236)
844116(239)
844119(207)
844015(193)
844017(239)
844023(211)
844025(227)
844028(214)
843917(192)
843924(199)
843931(215)
843935(243)
843937(227)
843897(260)
843899(289)
843903(209)
843904(249)
843910(248)
843941(230)
843944(247)
843949(192)
843953(230)
843954(257)
843996(211)
844004(235)
844007(232)
844008(243)
844010(212)
843958(247)
843960(216)
843972(236)
843975(214)
843980(201)
844155(245)
844158(238)
844170(222)
844184(198)
844187(238)
844312(172)
844319(244)
844327(260)
844328(229)
844332(236)
844291(214)
844295(225)
844296(208)
844298(212)
844308(270)
844334(245)
844338(213)
844347(196)
844351(181)
844360(234)
844411(251)
844417(222)
844421(205)
844362(191)
844395(221)
844405(200)
844407(206)
844410(225)
844278(216)
844281(230)
844283(210)
844287(222)
844288(232)
844201(328)
844202(332)
844208(322)
844215(359)
844216(299)
844190(292)
844191(207)
844197(241)
844198(220)
844199(285)
844217(297)
844225(332)
844227(308)
844231(340)
844240(344)
844260(326)
844262(243)
844265(221)
844270(230)
844273(225)
844243(308)
844247(278)
844253(238)
844254(256)
844257(259)
134
844501(393)
844502(387)
844503(411)
844504(391)
844505(381)
N.J.V. Govt. Higher Secondary School (Campus), Saeed Manzil
843802(25)
843864(24)
843936(23)
843942(40)
844041(19)
844213(19)
844340(28)
844344(19)
844346(20)
844369(26)
844372(35)
844382(31)
844389(22)
844397(27)
844424(20)
843967(66)
844002(58)
844009(42)
844011(71)
844030(53)
843911(63)
843912(79)
843923(57)
843933(55)
843934(73)
843576(74)
843803(62)
843810(70)
843859(58)
843900(61)
844038(66)
844157(64)
844160(56)
844166(69)
844239(80)
844396(71)
844416(50)
844423(68)
844349(67)
844367(57)
844370(64)
844374(41)
844388(66)
844263(53)
844311(68)
844313(59)
844335(60)
844341(58)
844242(144)
844261(106)
844305(113)
844310(98)
844315(97)
844175(94)
844181(105)
844218(111)
844228(106)
844229(138)
844325(87)
844326(87)
844339(84)
844350(80)
844353(75)
844393(109)
844399(100)
844413(92)
844414(96)
844359(101)
844377(95)
844379(112)
844381(115)
844391(85)
843959(107)
844003(122)
844026(91)
844092(97)
844173(111)
843807(86)
843824(107)
843829(90)
843836(101)
843852(91)
843863(71)
843890(123)
843908(85)
843916(83)
843926(85)
843943(136)
843965(129)
843970(179)
843978(170)
843983(108)
843902(149)
843906(168)
843919(161)
843922(138)
843930(153)
844091(154)
844093(161)
844103(185)
844146(159)
844156(145)
843999(131)
844044(151)
844046(124)
844060(139)
844084(190)
843806(124)
843809(151)
843811(157)
843813(130)
843819(120)
843332(145)
843352(138)
843430(154)
843505(145)
843578(135)
843871(151)
843885(156)
843892(159)
843896(135)
843898(142)
843823(124)
843846(126)
843858(158)
843869(135)
843870(107)
844375(134)
844380(149)
844383(133)
844386(123)
844387(114)
844354(136)
844364(119)
844366(112)
844368(138)
844373(131)
844419(116)
844390(144)
844398(110)
844403(159)
844404(142)
844409(132)
844233(184)
844237(186)
844264(171)
844268(188)
844272(143)
844176(142)
844177(135)
844178(137)
844206(167)
844220(194)
844324(121)
844331(175)
844336(138)
844343(154)
844352(141)
844290(116)
844303(119)
844307(128)
844314(109)
844323(97)
844321(182)
844333(164)
844361(199)
844376(178)
844384(149)
844385(145)
844392(196)
844406(176)
844408(169)
844422(172)
135
844641(294)
844642(431)
844643(399)
844644(344)
844645(358)
Bahria College (M.T. Khan Road)
844586(261)
887003(454)
887004(375)
887005(457)
887006(346)
887007(368)
844583(383)
844584(350)
844585(439)
887001(413)
887002(353)
887008(378)
887009(453)
887010(440)
887011(448)
887012(405)
887018(369)
887013(405)
887014(413)
887015(449)
887016(428)
887017(461)
844578(396)
844579(394)
844580(389)
844581(367)
844582(367)
844561(470)
844562(390)
844563(396)
844564(412)
844565(333)
844566(365)
844568(332)
844569(399)
844571(373)
844572(349)
844573(379)
844574(371)
844575(397)
844576(412)
844577(430)
Army Public College, Saddar
844511(394)
844512(416)
844513(417)
844514(372)
844515(369)
844506(369)
844507(401)
844508(410)
844509(391)
844510(410)
844516(396)
844517(366)
844518(381)
844519(368)
844520(374)
886905(323)
844521(380)
886901(314)
886902(346)
886903(381)
886904(342)
136
844810(199)
844811(179)
844801(197)
844804(243)
844805(287)
844815(215)
844838(253)
844824(392)
844825(400)
844826(356)
844827(341)
844828(308)
844818(310)
844819(268)
844821(335)
844822(284)
844823(328)
844812(248)
844813(401)
844814(388)
844816(331)
844817(270)
844829(290)
844830(252)
844831(325)
844832(320)
844833(349)
887408(307)
887403(390)
887404(356)
887405(400)
887406(399)
887407(334)
844834(314)
844835(305)
844836(342)
844837(405)
887402(291)
844802(342)
844803(388)
844807(363)
844808(397)
844809(378)
Guard Public Higher Secondary School
844660(283)
844656(434)
844657(423)
844658(360)
844659(394)
887101(369)
887102(410)
887103(427)
887104(457)
887105(460)
887106(474)
844646(437)
844647(459)
844648(432)
844649(407)
844650(407)
844651(463)
844652(330)
844653(294)
844654(396)
844655(355)
887117(472)
887118(430)
887119(397)
887120(433)
887121(354)
887122(420)
887123(435)
887124(443)
887125(408)
887126(423)
887107(466)
887108(466)
887109(466)
887110(496)
887111(412)
887112(454)
887113(447)
887114(464)
887115(471)
887116(437)
137
844966(196)
844979(189)
844988(192)
844990(184)
844995(184)
845005(215)
845010(214)
845012(225)
845013(215)
845014(204)
844987(263)
844999(252)
845000(213)
845004(242)
845008(221)
844971(223)
844973(257)
844975(269)
844981(222)
844986(265)
844954(262)
844958(218)
844962(253)
844963(245)
844967(213)
887592(260)
887595(308)
887582(280)
887583(231)
887584(238)
887587(265)
887591(207)
887563(218)
887568(195)
887576(280)
887579(287)
887581(205)
887558(413)
887559(448)
887560(425)
887561(431)
887564(396)
887565(311)
887567(294)
887570(411)
887571(416)
887572(387)
887553(351)
887554(403)
887555(267)
887556(317)
887557(345)
844992(309)
844996(266)
844997(369)
845001(302)
845002(429)
845003(330)
845006(329)
845007(250)
845011(290)
887551(324)
887598(384)
887599(389)
887600(362)
887601(364)
887602(304)
887603(288)
887590(364)
887593(326)
887594(340)
887596(354)
887597(420)
887573(372)
887574(296)
887575(392)
887577(266)
887578(270)
887580(294)
887585(312)
887586(300)
887588(330)
887589(309)
844982(289)
844983(316)
844985(380)
844989(310)
844991(342)
844951(347)
844952(314)
844953(342)
844955(300)
844956(339)
844946(335)
844947(229)
844948(289)
844949(249)
844950(288)
844941(393)
844942(376)
844943(410)
844944(344)
844945(328)
844974(335)
844976(281)
844977(282)
844978(327)
844980(267)
844965(318)
844968(295)
844969(356)
844970(310)
844972(290)
844957(322)
844959(322)
844960(300)
844961(241)
844964(288)
St. Patrick's College (Morning)
844901(175)
The American College, Clifton
138
845562(335)
845563(344)
845564(429)
845565(380)
845566(304)
845556(320)
845557(326)
845558(323)
845560(343)
845561(379)
845551(354)
845552(343)
845553(335)
845554(417)
845555(395)
845567(365)
845571(328)
845572(343)
845573(360)
845574(248)
DHACSS Degree College (Intermediate)
845240(17)
845250(36)
845249(158)
845236(180)
845244(200)
845246(238)
887723(163)
845206(246)
845212(208)
845216(258)
845238(251)
845241(222)
845242(220)
845243(206)
845248(207)
887704(181)
887711(186)
887718(203)
887720(223)
887729(205)
887727(424)
887728(260)
887730(418)
845221(294)
845222(296)
845223(332)
845224(331)
845225(290)
845226(350)
845227(333)
845228(291)
845229(318)
845230(280)
845215(303)
845217(319)
845218(325)
845219(279)
845220(308)
845201(276)
845202(277)
845205(371)
845207(312)
845208(279)
845209(329)
845210(273)
845211(309)
845213(315)
845214(301)
845231(341)
845232(320)
845233(293)
845234(291)
845235(336)
887714(276)
887715(266)
887716(298)
887717(336)
887719(383)
887721(300)
887722(376)
887724(377)
887725(320)
887726(284)
887708(336)
887709(420)
887710(303)
887712(420)
887713(294)
845237(273)
845239(257)
845245(328)
845247(286)
887701(318)
887702(312)
887703(289)
887705(231)
887706(319)
887707(293)
St. Patrick's College (Evening)
845009(45)
844993(136)
844994(125)
887569(125)
887552(172)
887562(164)
139
845754(199)
845757(261)
845760(292)
845761(232)
888302(243)
845752(329)
845753(389)
845755(298)
845758(293)
845759(309)
845762(346)
845763(334)
888301(393)
888303(428)
Pace College of Advance Studies Clifton
845588(69)
845587(88)
845611(111)
845628(181)
845635(222)
845642(235)
845651(217)
888159(194)
845568(249)
845569(327)
845570(243)
845582(259)
845584(297)
845597(185)
845603(227)
845613(257)
845621(288)
845626(326)
845638(290)
845639(270)
845643(306)
845656(272)
845600(411)
845601(303)
845602(361)
845604(280)
845605(292)
845606(326)
845607(363)
845608(331)
845609(391)
845610(303)
845612(361)
845614(323)
845616(314)
845617(344)
845618(314)
845594(333)
845595(392)
845596(364)
845598(315)
845599(254)
845575(347)
845576(343)
845577(354)
845578(300)
845579(299)
845580(377)
845581(310)
845583(380)
845585(389)
845586(434)
845589(384)
845590(349)
845591(369)
845592(377)
845593(371)
845647(338)
845648(345)
845649(280)
845650(317)
845652(378)
845653(390)
845654(365)
845655(315)
888151(350)
888152(350)
888153(393)
888154(391)
888156(404)
888157(388)
888158(348)
845640(316)
845641(343)
845644(337)
845645(331)
845646(346)
845619(358)
845620(286)
845622(371)
845623(444)
845624(364)
845625(361)
845627(340)
845629(294)
845630(374)
845631(387)
845632(356)
845633(310)
845634(266)
845636(323)
845637(340)
140
846422(278)
846423(211)
846432(258)
846443(221)
846445(253)
846402(198)
846407(210)
846413(250)
846415(223)
846418(251)
846446(225)
846460(270)
846465(226)
846471(228)
846472(212)
846435(274)
846441(267)
846442(262)
846444(329)
846447(249)
846405(302)
846408(288)
846409(294)
846410(248)
846421(345)
846448(403)
846452(308)
846456(312)
846458(261)
846463(274)
846492(378)
846496(277)
846498(286)
846500(267)
846464(323)
846473(279)
846479(294)
846480(257)
846481(286)
Govt. Allama Iqbal Degree College (Evening)
888401(63)
845854(188)
845852(201)
845851(300)
845853(354)
845855(260)
888402(284)
Defence Public Higher Secondary School Punjab Colony
845803(28)
845808(74)
845809(85)
845805(219)
888351(202)
845801(356)
845802(363)
845804(358)
845806(287)
845807(301)
The City School, Darakhshan Campus
141
846753(307)
846754(330)
846764(310)
846765(296)
846766(280)
846746(356)
846748(233)
846749(254)
846750(317)
846752(295)
846769(272)
846776(343)
846777(295)
846779(328)
846786(325)
846802(262)
846804(385)
846811(293)
846812(301)
846817(344)
846787(298)
846790(332)
846792(246)
846794(270)
846795(323)
846732(381)
846737(259)
846738(290)
846740(337)
846742(308)
846669(362)
846671(262)
846679(336)
846680(280)
846682(255)
846684(334)
846690(353)
846694(320)
846700(266)
846701(244)
846713(345)
846714(256)
846716(302)
846718(352)
846720(370)
846704(285)
846705(299)
846708(297)
846709(341)
846712(386)
846819(292)
846821(256)
846826(277)
846829(260)
846831(299)
846918(323)
846920(290)
846922(289)
846923(319)
846924(242)
846906(328)
846907(318)
846909(431)
846912(259)
846916(305)
846925(222)
846927(282)
846929(276)
846930(287)
846938(317)
846898(279)
846899(347)
846900(365)
846903(297)
846905(358)
846862(337)
846868(388)
846874(273)
846875(331)
846876(367)
846832(309)
846837(291)
846839(255)
846847(287)
846861(349)
846878(271)
846879(350)
846881(328)
846882(322)
846883(311)
846890(309)
846891(320)
846894(312)
846895(360)
846896(380)
846884(292)
846885(264)
846886(290)
846887(337)
846888(249)
846658(329)
846661(287)
846663(221)
846667(255)
846668(245)
846604(282)
846608(310)
846611(401)
846616(461)
846627(309)
846634(310)
846637(276)
846641(303)
846643(297)
846656(288)
Govt. Superior Commerce College (Evening)
846427(68)
846439(55)
846474(94)
846495(85)
846403(118)
846416(114)
846424(138)
846425(127)
846437(120)
846459(96)
846482(73)
846485(120)
846486(99)
846501(97)
846406(130)
846411(145)
846414(154)
846417(179)
846428(166)
846429(128)
846430(136)
846440(178)
846449(124)
846455(121)
846488(122)
846497(122)
846504(133)
846462(164)
846466(147)
846468(146)
846470(149)
846475(150)
846401(173)
846419(164)
846426(195)
846431(209)
846433(195)
846483(182)
846493(204)
846494(197)
846453(178)
846454(180)
846457(187)
846467(177)
846478(194)
846476(255)
846477(230)
846484(239)
846487(224)
846490(210)
846491(234)
846499(218)
846502(253)
142
846768(232)
846772(204)
846778(220)
846781(231)
846782(264)
846739(247)
846745(259)
846747(202)
846757(218)
846758(240)
846783(251)
846788(186)
846791(243)
846797(265)
846798(200)
846820(216)
846822(218)
846823(216)
846825(198)
846827(228)
846799(201)
846803(195)
846806(232)
846809(209)
846818(237)
846715(262)
846723(232)
846733(227)
846735(234)
846736(227)
846635(215)
846640(231)
846645(201)
846646(184)
846650(210)
846605(301)
846606(221)
846610(204)
846625(239)
846632(239)
846652(250)
846662(208)
846665(222)
846672(231)
846674(217)
846691(235)
846697(230)
846702(235)
846707(217)
846710(251)
846675(210)
846681(206)
846685(222)
846686(221)
846689(239)
847009(213)
847010(251)
847012(239)
847023(235)
847028(209)
846995(214)
846999(253)
847000(297)
847002(204)
847004(224)
846977(261)
846979(246)
846985(209)
846986(267)
846990(262)
846853(251)
846872(252)
846873(275)
846877(268)
846880(275)
846830(257)
846833(229)
846834(221)
846835(228)
846840(233)
846889(227)
846892(294)
846910(229)
846914(219)
846915(208)
846964(270)
846965(267)
846970(221)
846972(238)
846973(203)
846940(198)
846942(183)
846948(178)
846952(265)
846958(252)
847210(275)
847217(290)
847011(327)
847015(284)
847016(338)
847017(273)
847019(262)
847003(282)
847005(308)
847006(321)
847007(375)
847008(357)
847021(269)
847022(274)
847024(345)
847025(301)
847031(283)
847048(269)
847051(287)
847054(265)
847055(318)
847062(259)
847034(266)
847036(243)
847038(272)
847040(292)
847044(276)
846993(311)
846994(328)
846996(314)
846997(264)
846998(366)
846955(337)
846956(324)
846957(349)
846959(269)
846961(276)
846943(236)
846944(275)
846947(276)
846951(313)
846953(298)
846962(278)
846963(270)
846971(279)
846974(255)
846975(265)
846987(295)
846988(314)
846989(355)
846991(286)
846992(325)
846978(320)
846980(320)
846981(252)
846983(318)
846984(267)
847157(259)
847158(301)
847159(296)
847162(278)
847166(297)
847146(275)
847148(296)
847149(315)
847151(293)
847155(361)
847167(255)
847168(325)
847171(291)
847173(297)
847178(358)
847187(271)
847193(290)
847194(316)
847197(331)
847209(295)
847179(305)
847181(266)
847182(271)
847184(338)
847186(305)
847133(284)
847134(326)
847135(290)
847140(357)
847143(315)
847073(286)
847076(270)
847077(313)
847078(355)
847079(317)
847063(347)
847064(343)
847067(322)
847069(369)
847072(381)
847085(317)
847086(342)
847093(258)
847095(331)
847097(268)
847108(326)
847110(257)
847120(255)
847124(309)
847130(331)
847099(299)
847101(307)
847103(308)
847104(292)
847106(285)
143
846731(140)
846743(158)
846751(114)
846762(163)
846771(158)
846780(119)
846789(132)
846796(135)
846801(134)
846814(161)
846666(168)
846687(138)
846721(159)
846725(147)
846730(180)
846602(126)
846603(153)
846609(131)
846617(132)
846620(140)
846626(126)
846633(138)
846642(134)
846647(120)
846659(127)
846816(137)
846824(136)
846836(135)
846850(142)
846852(141)
846856(139)
846859(166)
846864(139)
846865(127)
846893(181)
847026(169)
847029(192)
847030(166)
847032(180)
847039(191)
847041(191)
847042(169)
847053(206)
847058(203)
847060(201)
847071(226)
847074(173)
847075(225)
847080(170)
847084(181)
846913(161)
846917(175)
846921(171)
846933(150)
846934(195)
846939(134)
846950(162)
846954(233)
846960(182)
846966(223)
846967(189)
846976(183)
846982(228)
847013(219)
847014(199)
847172(243)
847174(179)
847190(172)
847192(172)
847196(192)
847200(148)
847201(169)
847203(177)
847204(176)
847212(172)
847214(173)
847219(188)
847221(175)
847222(172)
847109(174)
847112(218)
847114(172)
847115(169)
847117(162)
847119(228)
847127(178)
847128(156)
847137(174)
847141(233)
847145(208)
847147(217)
847153(238)
847154(186)
847161(189)
846851(220)
846857(224)
846860(159)
846867(185)
846871(212)
846678(189)
846683(176)
846688(227)
846692(196)
846693(186)
846695(203)
846699(176)
846706(261)
846711(210)
846717(186)
846654(179)
846657(178)
846660(173)
846676(141)
846677(198)
846607(174)
846612(187)
846615(209)
846621(181)
846622(143)
846624(156)
846631(191)
846638(182)
846639(167)
846644(169)
846775(211)
846784(210)
846793(185)
846805(184)
846808(150)
846810(170)
846815(152)
846828(165)
846841(223)
846842(186)
846759(171)
846761(148)
846770(214)
846773(181)
846774(160)
846719(205)
846722(190)
846724(225)
846726(180)
846727(190)
846728(186)
846729(208)
846744(204)
846755(213)
846756(152)
847087(257)
847089(227)
847090(249)
847091(256)
847092(217)
847094(224)
847096(234)
847098(202)
847102(256)
847105(232)
847066(213)
847068(288)
847070(274)
847081(251)
847082(217)
847037(204)
847043(274)
847045(257)
847047(227)
847049(207)
847050(220)
847052(245)
847059(213)
847061(208)
847065(236)
847107(246)
847111(201)
847113(254)
847118(265)
847121(212)
847180(245)
847183(212)
847185(236)
847188(180)
847189(238)
847191(216)
847202(230)
847216(209)
847220(210)
847160(278)
847163(283)
847164(236)
847165(221)
847169(241)
847125(259)
847129(217)
847131(203)
847132(227)
847136(196)
847138(216)
847139(252)
847144(232)
847150(249)
847152(211)
144
847551(401)
847552(368)
847553(349)
847554(385)
847555(305)
847556(302)
847557(304)
847558(348)
847559(351)
847560(290)
847561(324)
847562(290)
890001(328)
890002(446)
KBV CAA Model School & College
889903(80)
847403(251)
847404(252)
847405(257)
847406(187)
847402(298)
889901(315)
889902(326)
Ali Higher Secondary School, Shah Faisal Colony No.3
846613(22)
846630(18)
846664(36)
846670(19)
846741(19)
846763(21)
846800(35)
846849(22)
847057(25)
846629(59)
846636(77)
846649(67)
846696(53)
846813(55)
846844(85)
846846(78)
846848(65)
846858(72)
847033(62)
847046(71)
847156(73)
847218(69)
846855(104)
846863(81)
846869(103)
846870(143)
846911(102)
846673(113)
846734(136)
846843(126)
846845(124)
846854(160)
846614(92)
846619(126)
846628(115)
846651(115)
846655(71)
847195(118)
847199(112)
847205(108)
847206(101)
847207(87)
847056(85)
847123(106)
847126(102)
847170(115)
847175(113)
846931(96)
846932(81)
846935(82)
846969(106)
847018(127)
846919(113)
846945(136)
846949(106)
846968(150)
847035(147)
846897(155)
846901(110)
846902(126)
846904(161)
846908(144)
847177(142)
847211(123)
847215(137)
847083(174)
847116(159)
847122(131)
847142(126)
847176(138)
145
847802(328)
847804(324)
847807(353)
890302(271)
890303(422)
Cantt. Public Degree College Faisal Cantt.
890151(66)
847752(213)
847754(162)
890152(187)
847753(262)
890153(292)
Bright Success College
847621(357)
847622(373)
847623(407)
847624(346)
847625(395)
847626(315)
847627(347)
847628(371)
847629(359)
847630(331)
847631(388)
890051(317)
890052(396)
890053(379)
New Fazaia Intermediate College, Shahrah-e-Faisal
146
848354(269)
848369(312)
848376(244)
848377(259)
848391(268)
Govt Boys College Manghopir
848125(49)
848109(104)
848136(121)
848186(78)
848190(109)
848122(157)
848128(137)
848133(143)
848135(162)
848145(154)
848172(141)
848178(125)
848180(148)
848107(169)
848110(160)
848118(174)
848120(168)
848126(209)
848130(208)
848162(187)
848165(181)
848166(175)
848171(157)
848176(167)
848185(194)
848187(176)
848189(180)
848192(161)
848155(222)
848157(230)
848159(229)
848164(212)
848167(234)
848147(221)
848148(259)
848151(248)
848152(245)
848153(236)
848181(194)
848183(198)
848184(232)
848168(240)
848169(221)
848170(210)
848174(233)
848175(243)
848101(202)
848103(215)
848105(182)
848106(211)
848112(177)
848116(227)
848119(219)
848124(242)
848127(258)
848131(216)
848134(256)
848137(201)
848141(242)
848144(205)
848146(242)
848121(292)
848129(263)
848132(428)
848138(269)
848139(239)
848102(301)
848104(303)
848111(250)
848114(261)
848117(235)
848154(315)
848156(348)
848163(312)
848177(309)
848140(277)
848142(287)
848143(282)
848149(283)
848150(363)
Govt. Degree Boys College, Metrovill, S.I.T.E.
890301(129)
847801(173)
847803(232)
847805(256)
847806(211)
890304(423)
890305(375)
890306(287)
147
851461(328)
851463(325)
851464(392)
851465(334)
851466(422)
The Graceful Higher Secondary School
851012(74)
851029(106)
851031(125)
851009(210)
851016(165)
851018(177)
851022(180)
851024(148)
851025(168)
851026(162)
851013(208)
851021(189)
851023(233)
851028(189)
851003(275)
851008(268)
851011(323)
851020(268)
851027(238)
851001(347)
851002(340)
851004(305)
851005(301)
851006(300)
851007(395)
851014(330)
851015(339)
851017(354)
851030(323)
851032(372)
Govt. Degree Science & Arts College For Women Baldia Town
848359(30)
848382(26)
848406(26)
848422(22)
848356(66)
848370(66)
848378(65)
848386(65)
848396(61)
848401(53)
848415(54)
848421(67)
848352(87)
848355(98)
848358(96)
848365(85)
848366(88)
848375(104)
848381(98)
848383(99)
848385(97)
848423(103)
848424(110)
848351(136)
848360(129)
848364(132)
848367(146)
848368(135)
848372(123)
848379(141)
848390(148)
848392(112)
848397(123)
848398(138)
848411(114)
848416(149)
848418(148)
848420(144)
848371(173)
848374(192)
848388(145)
848389(163)
848393(162)
848395(171)
848399(192)
848412(168)
848414(189)
848426(187)
848357(205)
848361(200)
848362(213)
848363(205)
848373(178)
848380(184)
848384(210)
848394(200)
848400(171)
848402(239)
848408(218)
848410(227)
848425(221)
848403(265)
848404(255)
848407(274)
848409(256)
848417(251)
848419(245)
148
851603(101)
851608(119)
851606(222)
851607(208)
851602(268)
851610(256)
851601(323)
851604(404)
851605(357)
851609(400)
Al-Baldia Memon Higher Secondary School
851533(122)
851532(219)
851536(230)
851538(258)
851531(313)
851534(406)
851535(416)
851537(397)
851539(341)
Haroon Bahria Intermediate College for Boys & Girls
851468(217)
851476(217)
851462(298)
851472(279)
851477(230)
851467(366)
851469(325)
851470(315)
851471(374)
851473(336)
851474(365)
851475(471)
851478(397)
851479(400)
149
852256(55)
852255(207)
852251(310)
852252(247)
852253(312)
852254(292)
Pakistan Steel Madar-e-Millat Girls Degree College, Steel Town
851988(25)
851913(78)
851914(64)
851955(73)
851974(80)
851990(57)
851927(118)
851937(106)
851957(123)
851969(90)
851971(90)
851972(120)
851901(116)
851905(144)
851911(154)
851923(141)
851930(132)
851951(141)
851960(113)
851962(141)
851981(135)
851904(235)
851918(175)
851942(199)
851947(204)
851961(192)
851921(291)
851924(251)
851933(248)
851934(190)
851939(222)
851903(195)
851906(235)
851907(280)
851915(222)
851919(304)
851964(196)
851968(217)
851979(256)
851987(230)
851941(216)
851946(247)
851948(234)
851953(236)
851956(306)
851931(288)
851932(278)
851935(295)
851938(274)
851940(325)
851943(404)
851944(359)
851945(399)
851949(313)
851950(312)
851902(346)
851908(353)
851910(325)
851917(278)
851920(338)
851922(360)
851925(352)
851926(408)
851928(239)
851929(421)
851977(338)
851978(401)
851980(327)
851982(423)
851983(333)
851985(396)
851986(389)
851989(430)
851952(361)
851958(341)
851963(385)
851965(269)
851966(294)
851967(256)
851970(314)
851973(334)
851975(281)
851976(310)
Govt. Girls Degree College, Gulshan-e-Hadeed, Bin Qasim
150
853454(44)
853465(50)
853478(54)
853487(64)
853457(90)
853462(89)
853464(100)
853472(133)
853476(143)
853485(118)
853458(151)
853469(150)
853475(170)
853483(165)
853486(175)
853452(197)
853456(179)
853459(240)
853463(199)
853471(186)
853474(222)
853481(195)
853484(290)
853451(240)
853453(316)
853460(250)
853467(405)
853468(239)
853470(323)
853473(300)
853477(353)
853479(275)
853480(378)
853482(283)
SMB Girls Higher Secondary School No.5, LERP, Taiser Town
852904(21)
852917(25)
852970(19)
852936(91)
852949(82)
852952(108)
852954(104)
852955(117)
852902(149)
852930(141)
852934(136)
852935(143)
852938(129)
852946(173)
852963(158)
852969(134)
852974(171)
852909(169)
852921(174)
852922(179)
852925(219)
852926(202)
852929(148)
852937(223)
852941(184)
852944(185)
852950(177)
852964(219)
852966(219)
852973(163)
852916(206)
852931(224)
852932(246)
852940(259)
852947(239)
852901(223)
852906(242)
852910(253)
852911(228)
852913(219)
852948(233)
852951(240)
852953(217)
852956(269)
852959(277)
852971(293)
852972(238)
852975(216)
852976(312)
852961(262)
852962(247)
852965(254)
852967(298)
852968(227)
852919(353)
852920(236)
852923(356)
852924(369)
852927(290)
852903(253)
852905(378)
852908(258)
852912(271)
852914(246)
852958(377)
852960(287)
852928(338)
852933(356)
852942(351)
852943(316)
852945(268)
Govt. Degree Girls College Gulzar-e-Hijri
151
853735(115)
853758(87)
853865(147)
853704(148)
853731(170)
853736(156)
853812(146)
853813(144)
853823(136)
853824(157)
853869(151)
853873(156)
853709(202)
853714(169)
853719(203)
853737(194)
853739(177)
853815(216)
853822(195)
853829(213)
853839(177)
853849(192)
853870(222)
853769(254)
853778(242)
853783(230)
853785(224)
853787(231)
853747(245)
853748(257)
853750(258)
853765(269)
853768(213)
853703(194)
853708(259)
853713(224)
853721(241)
853724(260)
853863(275)
853808(241)
853816(245)
853819(224)
853830(196)
853846(228)
853793(224)
853797(256)
853799(205)
853805(212)
853807(213)
853852(291)
853853(309)
853854(344)
853855(340)
853857(368)
853844(324)
853845(323)
853847(376)
853850(358)
853851(361)
853864(286)
853866(283)
853871(263)
853872(324)
853858(366)
853859(368)
853860(363)
853861(383)
853862(451)
853752(325)
853753(392)
853754(306)
853755(325)
853756(324)
853744(437)
853745(371)
853746(359)
853749(410)
853751(326)
853763(332)
853764(381)
853766(311)
853767(275)
853770(348)
853757(386)
853759(367)
853760(291)
853761(307)
853762(301)
853738(286)
853740(378)
853741(343)
853742(361)
853743(392)
853712(291)
853715(382)
853716(391)
853718(292)
853720(308)
853705(364)
853706(318)
853707(301)
853710(288)
853711(420)
853728(328)
853729(339)
853730(319)
853733(354)
853734(378)
853722(386)
853723(383)
853725(297)
853726(339)
853727(326)
853771(333)
853772(311)
853773(327)
853774(307)
853775(304)
853821(298)
853825(296)
853826(358)
853827(334)
853828(388)
853811(292)
853814(347)
853817(319)
853818(335)
853820(380)
853836(398)
853838(302)
853840(289)
853842(310)
853843(293)
853831(324)
853832(288)
853833(372)
853834(331)
853835(339)
853803(305)
853804(267)
853806(328)
853809(252)
853810(299)
853782(305)
853784(375)
853786(331)
853788(375)
853789(378)
853776(460)
853777(305)
853779(301)
853780(383)
853781(336)
853796(359)
853798(430)
853800(318)
853801(318)
853802(333)
853790(346)
853791(329)
853792(279)
853794(269)
853795(335)
APWA Govt. College for Women Karimabad
853466(19)
152
854249(347)
854250(266)
854252(283)
854253(334)
854254(254)
854241(403)
854243(295)
854244(304)
854246(284)
854248(361)
854255(293)
854256(300)
854257(281)
854259(388)
854261(324)
854267(335)
854268(271)
854271(286)
854273(256)
854274(377)
854262(294)
854263(328)
854264(347)
854265(349)
854266(367)
854234(373)
854235(259)
854238(261)
854239(294)
854240(312)
854200(347)
854203(357)
854204(376)
854205(261)
854206(336)
854208(270)
854210(273)
854211(347)
854212(295)
854216(356)
854227(339)
854228(341)
854229(312)
854230(287)
854231(305)
854217(292)
854223(336)
854224(286)
854225(440)
854226(422)
854276(294)
854277(326)
854278(388)
854280(404)
854281(304)
854331(298)
854335(407)
854336(335)
854344(297)
854345(311)
854323(328)
854325(303)
854326(313)
854328(270)
854329(275)
854347(273)
854350(301)
854351(298)
854353(331)
854356(308)
854316(306)
854317(316)
854319(327)
854320(325)
854321(324)
854289(319)
854290(232)
854292(378)
854293(312)
854294(266)
854282(379)
854283(383)
854284(289)
854287(311)
854288(360)
854295(414)
854296(352)
854298(303)
854299(344)
854300(375)
854311(321)
854312(302)
854313(295)
854314(300)
854315(359)
854301(360)
854302(323)
854305(315)
854307(314)
854310(331)
854075(394)
854076(328)
854077(391)
854078(275)
854079(280)
854070(376)
854071(314)
854072(375)
854073(365)
854074(349)
854086(350)
854087(339)
854088(295)
854089(425)
854091(352)
854080(387)
854082(399)
854083(400)
854084(385)
854085(319)
854051(328)
854052(394)
854053(310)
854054(361)
854055(320)
854195(327)
854196(336)
854197(348)
854198(342)
854199(365)
854062(339)
854064(307)
854066(297)
854068(372)
854069(353)
854057(433)
854058(424)
854059(415)
854060(312)
854061(434)
854092(369)
854093(332)
854094(281)
854095(289)
854103(276)
854167(359)
854168(427)
854175(287)
854176(310)
854177(282)
854157(335)
854158(313)
854162(303)
854163(380)
854166(412)
854186(304)
854191(311)
854192(386)
854193(387)
854194(387)
854179(310)
854181(251)
854182(275)
854183(258)
854185(345)
854125(283)
854131(327)
854132(291)
854133(382)
854135(315)
854106(244)
854114(281)
854115(287)
854117(344)
854123(256)
854149(277)
854150(307)
854151(274)
854154(377)
854155(303)
854139(307)
854141(283)
854142(343)
854146(257)
854147(301)
Govt. Science & Commerce College for Women, Block 16 F.B.Area
853701(20)
853702(46)
853717(29)
853867(66)
853868(74)
153
854124(242)
854126(220)
854127(267)
854129(265)
854145(277)
854152(241)
854153(287)
854159(186)
854160(208)
854169(242)
854170(241)
854178(222)
854202(211)
854207(270)
854214(256)
854113(220)
854116(224)
854118(290)
854119(285)
854120(245)
854056(250)
854063(261)
854067(275)
854081(242)
854090(236)
854097(298)
854099(225)
854100(248)
854102(243)
854104(239)
854105(251)
854108(246)
854109(286)
854110(209)
854111(218)
854215(252)
854219(227)
854220(257)
854221(237)
854232(227)
854348(215)
854349(263)
854354(244)
854361(231)
854363(220)
854247(265)
854258(242)
854272(231)
854279(254)
854286(237)
854291(241)
854297(241)
854303(271)
854304(352)
854306(286)
854308(269)
854318(263)
854324(251)
854337(235)
854341(256)
854552(285)
854555(276)
854560(372)
854561(275)
854571(262)
854545(377)
854546(332)
854547(293)
854548(299)
854550(343)
854538(288)
854539(387)
854541(394)
854543(291)
854544(286)
854572(271)
854573(247)
854580(293)
854581(303)
854582(315)
854609(285)
854596(343)
854597(332)
854600(324)
854604(330)
854605(326)
854586(365)
854587(344)
854590(284)
854593(291)
854595(261)
854530(333)
854534(344)
854535(370)
854536(312)
854537(328)
854413(289)
854414(369)
854416(300)
854418(294)
854419(291)
854407(367)
854409(302)
854410(278)
854411(288)
854412(335)
854420(267)
854423(267)
854426(288)
854428(309)
854429(322)
854442(309)
854443(321)
854446(350)
854448(280)
854450(354)
854431(303)
854432(274)
854434(366)
854438(300)
854440(350)
854396(294)
854398(357)
854400(300)
854403(399)
854404(359)
854368(294)
854369(275)
854370(317)
854371(251)
854372(266)
854358(327)
854359(396)
854360(298)
854362(285)
854365(436)
854373(287)
854374(353)
854375(350)
854376(335)
854377(354)
854391(348)
854392(416)
854393(328)
854394(318)
854395(298)
854378(329)
854381(260)
854382(338)
854383(392)
854386(295)
854502(391)
854503(393)
854504(328)
854506(259)
854507(335)
854497(313)
854498(356)
854499(310)
854500(306)
854501(398)
854509(326)
854510(313)
854511(306)
854513(346)
854514(364)
854520(289)
854521(301)
854522(369)
854523(292)
854526(310)
854515(276)
854516(286)
854517(303)
854518(340)
854519(265)
854492(318)
854493(289)
854494(322)
854495(299)
854496(401)
854458(261)
854459(287)
854461(345)
854462(353)
854464(251)
854451(227)
854453(257)
854454(338)
854456(258)
854457(256)
854465(260)
854469(310)
854471(299)
854473(365)
854474(346)
854486(322)
854487(275)
854489(385)
854490(268)
854491(374)
854476(338)
854480(414)
854481(409)
854483(332)
854485(297)
154
854721(376)
854722(259)
854724(328)
854725(347)
854727(254)
854706(277)
854707(249)
854708(283)
854710(264)
854716(312)
Govt. Girls Degree College Al-Noor F.B. Area
854134(25)
854140(34)
854327(27)
854332(27)
854339(32)
854357(33)
854608(28)
854285(68)
854322(66)
854346(83)
854352(57)
854364(47)
854389(84)
854390(51)
854466(50)
854579(62)
854174(126)
854180(87)
854201(102)
854213(95)
854218(99)
854096(75)
854101(99)
854143(80)
854144(85)
854164(100)
854236(83)
854269(94)
854333(74)
854334(86)
854366(114)
854542(93)
854574(111)
854601(83)
854611(91)
854387(78)
854488(98)
854525(87)
854532(98)
854533(119)
854260(125)
854270(130)
854275(122)
854330(137)
854385(120)
854187(125)
854233(146)
854242(146)
854245(147)
854251(118)
854598(133)
854603(119)
854406(133)
854422(129)
854463(168)
854468(123)
854576(143)
854137(135)
854138(130)
854148(114)
854156(123)
854161(130)
854065(142)
854112(148)
854128(132)
854130(122)
854136(153)
854189(217)
854190(181)
854209(181)
854222(189)
854309(225)
854338(185)
854384(180)
854397(221)
854399(177)
854424(208)
854098(198)
854107(199)
854121(159)
854122(162)
854165(142)
854171(173)
854172(210)
854173(184)
854184(163)
854188(187)
854563(195)
854564(145)
854566(196)
854567(168)
854569(159)
854575(211)
854599(144)
854612(205)
854427(188)
854437(216)
854441(184)
854445(169)
854452(185)
854455(178)
854472(235)
854475(185)
854484(207)
854558(240)
854439(245)
854444(245)
854449(222)
854467(178)
854470(242)
854477(244)
854478(197)
854479(246)
854482(277)
854505(233)
854421(278)
854425(220)
854430(237)
854435(243)
854436(268)
854367(240)
854379(265)
854380(260)
854388(207)
854401(266)
854402(236)
854405(267)
854408(258)
854415(251)
854417(205)
854508(221)
854512(210)
854524(239)
854527(248)
854531(236)
854588(232)
854589(219)
854594(206)
854602(227)
854606(216)
854607(237)
854568(212)
854577(231)
854578(192)
854584(229)
854585(235)
854540(248)
854549(252)
854551(196)
854553(220)
854554(197)
854556(215)
854557(226)
854559(254)
854562(247)
854565(236)
155
854711(48)
854735(40)
854764(30)
854787(32)
854838(26)
854705(62)
854718(58)
854761(48)
854870(66)
854878(55)
854783(103)
854800(94)
854808(114)
854811(92)
854812(85)
854880(72)
854882(115)
854883(99)
854890(107)
854752(134)
854771(124)
854782(116)
854786(133)
854793(130)
854701(146)
854714(135)
854717(151)
854734(107)
854740(137)
854802(141)
854807(128)
854813(140)
854814(139)
854820(158)
854881(105)
854829(119)
854839(168)
854848(162)
854869(124)
854872(120)
854746(186)
854755(206)
854756(166)
854758(190)
854762(180)
854702(203)
854712(164)
854713(174)
854720(168)
854723(165)
854765(137)
854776(156)
854784(164)
854785(167)
854798(158)
854856(166)
854868(189)
854801(156)
854806(190)
854836(189)
854837(189)
854843(232)
854875(191)
854877(219)
854891(183)
854760(244)
854766(224)
854767(221)
854768(302)
854769(247)
854772(227)
854773(187)
854777(183)
854778(222)
854780(228)
854703(278)
854709(230)
854715(215)
854719(215)
854726(218)
854739(218)
854745(224)
854751(207)
854753(203)
854759(205)
854847(273)
854849(202)
854851(249)
854857(255)
854861(218)
854865(266)
854866(230)
854867(198)
854871(201)
854873(238)
854791(191)
854804(282)
854805(201)
854828(241)
854830(219)
854831(217)
854834(217)
854841(303)
854845(272)
854846(309)
854774(330)
854775(394)
854779(310)
854781(302)
854788(297)
854789(296)
854790(288)
854792(280)
854796(266)
854797(327)
854799(335)
854810(251)
854815(305)
854816(304)
854817(328)
854749(255)
854750(284)
854757(314)
854763(283)
854770(260)
854728(242)
854729(336)
854730(341)
854731(263)
854732(278)
854733(327)
854736(281)
854737(402)
854738(279)
854741(276)
854742(341)
854743(403)
854744(263)
854747(319)
854748(383)
854858(331)
854859(318)
854862(307)
854863(272)
854864(318)
854874(253)
854876(274)
854879(332)
854885(330)
854886(278)
854889(296)
854850(280)
854852(358)
854853(297)
854854(313)
854855(352)
854818(303)
854819(344)
854821(267)
854822(257)
854823(277)
854824(341)
854825(315)
854826(313)
854827(318)
854832(296)
854833(250)
854835(316)
854840(357)
854842(323)
854844(294)
156
855205(372)
855206(360)
855207(389)
855208(356)
855209(357)
855199(403)
855200(410)
855201(280)
855202(350)
855204(348)
855210(385)
855211(401)
855212(335)
855213(370)
855214(354)
855222(348)
855223(330)
855224(379)
855225(358)
855226(319)
855217(364)
855218(356)
855219(360)
855220(305)
855221(283)
855192(346)
855194(406)
855195(344)
855196(302)
855198(331)
855167(405)
855168(409)
855169(362)
855170(281)
855171(366)
855172(385)
855173(396)
855175(447)
855176(270)
855177(296)
855185(349)
855186(327)
855189(371)
855190(276)
855191(411)
855178(385)
855179(321)
855180(327)
855182(317)
855183(298)
855227(384)
855228(383)
855231(321)
855232(302)
855234(392)
855276(402)
855277(392)
855278(439)
855280(290)
855281(382)
855271(329)
855272(254)
855273(392)
855274(381)
855275(381)
855282(351)
855283(262)
855284(286)
855285(360)
855286(322)
855265(356)
855266(328)
855267(322)
855268(334)
855269(324)
855240(400)
855241(384)
855242(307)
855243(294)
855244(331)
855235(365)
855236(300)
855237(294)
855238(460)
855239(388)
855245(291)
855246(351)
855248(294)
855249(375)
855251(442)
855260(431)
855261(385)
855262(297)
855263(369)
855264(406)
855254(368)
855256(418)
855257(324)
855258(433)
855259(395)
855080(318)
855081(407)
855082(366)
855083(352)
855084(351)
855075(321)
855076(356)
855077(296)
855078(339)
855079(382)
855085(377)
855086(429)
855087(366)
855088(414)
855089(313)
855096(397)
855097(343)
855098(317)
855099(401)
855100(362)
855090(410)
855091(370)
855092(359)
855093(372)
855094(441)
855052(277)
855053(297)
855054(365)
855056(423)
855058(387)
855161(336)
855162(331)
855163(300)
855165(284)
855166(317)
855059(309)
855060(325)
855061(305)
855062(380)
855063(337)
855070(347)
855071(364)
855072(410)
855073(422)
855074(334)
855065(346)
855066(289)
855067(388)
855068(371)
855069(349)
855139(438)
855140(400)
855141(469)
855142(401)
855143(383)
855133(336)
855134(412)
855135(411)
855136(330)
855137(423)
855144(364)
855145(429)
855146(382)
855147(380)
855148(345)
855156(296)
855157(293)
855158(372)
855159(355)
855160(423)
855150(342)
855151(314)
855152(319)
855153(386)
855155(367)
855108(401)
855109(383)
855110(326)
855111(399)
855112(315)
855101(422)
855102(314)
855103(401)
855104(351)
855106(277)
855113(409)
855114(387)
855115(427)
855116(327)
855118(295)
855128(264)
855129(345)
855130(342)
855131(402)
855132(292)
855121(391)
855123(347)
855124(330)
855125(372)
855127(356)
Shaheed-e-Millat Govt. Degree College for Women Azizabad
854884(27)
854888(38)
157
855752(46)
855751(369)
855753(327)
855754(333)
855755(286)
Memon Girls College, Block-3, F.B. Area
855122(29)
855119(83)
855117(115)
855215(102)
855247(88)
855064(197)
855126(205)
855184(168)
855188(161)
855193(187)
855252(168)
855319(163)
855174(355)
855181(197)
855203(258)
855216(283)
855229(271)
855120(300)
855138(270)
855149(250)
855154(257)
855164(276)
855051(263)
855057(228)
855095(228)
855105(274)
855107(248)
855327(300)
855332(245)
855270(262)
855293(224)
855303(247)
855310(273)
855321(308)
855230(249)
855233(310)
855250(200)
855253(199)
855255(233)
855298(383)
855299(361)
855300(373)
855301(385)
855302(339)
855304(283)
855305(341)
855306(374)
855307(353)
855308(391)
855287(302)
855288(386)
855289(344)
855290(324)
855291(365)
855292(397)
855294(385)
855295(350)
855296(385)
855297(373)
855309(376)
855311(274)
855312(402)
855313(354)
855314(387)
855328(352)
855329(458)
855330(444)
855331(363)
855333(357)
855334(381)
855335(368)
855336(304)
855337(348)
855315(370)
855316(264)
855317(354)
855318(385)
855320(438)
855322(395)
855323(404)
855324(361)
855325(339)
855326(378)
158
856721(407)
856722(338)
856723(369)
856725(300)
856726(374)
856706(313)
856710(362)
856715(356)
856716(373)
856718(344)
856701(280)
856702(320)
856703(296)
856704(290)
856705(357)
856728(304)
856730(399)
856732(388)
856737(283)
856738(303)
856741(355)
856742(333)
856743(323)
856744(399)
856745(370)
Govt. Deg. Girls College Shaikh Zaid Centre Gulshan-e-Iqbal
855908(247)
855901(316)
855910(248)
855919(259)
855920(253)
855909(326)
855911(319)
855912(335)
855913(318)
855914(346)
855915(416)
855916(353)
855917(350)
855918(339)
855921(340)
855902(369)
855903(398)
855904(449)
855906(399)
855907(310)
Metropolitan Girls College, F.B. Area
855811(337)
855812(426)
855813(416)
855814(442)
855815(446)
855806(461)
855807(479)
855808(409)
855809(418)
855810(435)
855801(421)
855802(395)
855803(354)
855804(470)
855805(450)
855826(415)
855821(448)
855822(463)
855823(496)
855824(456)
855825(408)
855816(480)
855817(442)
855818(357)
855819(440)
855820(390)
Metropolis Intermediate College for Girls
159
856714(127)
856731(150)
856747(142)
856756(167)
856759(165)
856767(146)
856797(148)
856850(132)
856859(181)
856864(150)
856894(172)
856940(143)
856949(104)
856799(177)
856803(187)
856810(186)
856833(202)
856834(195)
856768(180)
856769(190)
856779(185)
856784(247)
856789(173)
856707(214)
856719(173)
856736(212)
856753(197)
856764(175)
856906(199)
856936(168)
856937(188)
856938(234)
856941(160)
856882(172)
856895(166)
856897(174)
856904(159)
856905(203)
856835(182)
856872(183)
856877(190)
856879(176)
856881(199)
856772(212)
856778(218)
856780(206)
856798(192)
856808(206)
856811(235)
856813(258)
856814(243)
856819(192)
856820(219)
856733(230)
856740(391)
856746(209)
856749(341)
856750(207)
856754(259)
856758(221)
856761(239)
856763(238)
856771(210)
856822(224)
856825(258)
856832(206)
856845(221)
856854(209)
856922(251)
856923(249)
856927(289)
856933(233)
856943(204)
856944(223)
856948(231)
856855(225)
856866(265)
856886(244)
856901(273)
856903(205)
856907(235)
856911(275)
856912(282)
856920(244)
856921(212)
856708(207)
856711(237)
856712(294)
856724(272)
856727(265)
856807(269)
856809(307)
856812(263)
856815(334)
856816(277)
856801(378)
856802(283)
856804(310)
856805(327)
856806(384)
856817(275)
856818(326)
856826(439)
856827(314)
856828(352)
856838(334)
856839(331)
856840(398)
856841(323)
856842(323)
856829(372)
856830(375)
856831(432)
856836(286)
856837(326)
856762(298)
856765(367)
856766(292)
856770(445)
856773(331)
856748(396)
856751(391)
856752(400)
856755(318)
856757(254)
856776(308)
856777(352)
856781(308)
856782(382)
856783(354)
856793(293)
856794(284)
856795(313)
856796(277)
856800(337)
856785(399)
856786(388)
856787(336)
856791(265)
856792(311)
856843(336)
856844(342)
856847(256)
856848(400)
856851(346)
856909(417)
856910(280)
856913(314)
856914(362)
856915(243)
856892(325)
856893(300)
856896(321)
856900(410)
856908(322)
856917(371)
856918(337)
856919(394)
856924(328)
856925(366)
856934(343)
856935(335)
856939(250)
856946(300)
856950(311)
856926(378)
856928(334)
856929(328)
856930(296)
856932(261)
856861(281)
856862(352)
856863(316)
856865(299)
856867(292)
856853(390)
856856(349)
856857(355)
856858(357)
856860(355)
856868(302)
856869(339)
856870(300)
856871(271)
856873(362)
856885(293)
856887(423)
856889(354)
856890(283)
856891(334)
856874(386)
856875(422)
856880(352)
856883(315)
856884(278)
160
857701(328)
857704(297)
857705(284)
857706(339)
857708(360)
Govt. Degree Girls College Block 13, Gulistan-e-Jauhar
857164(22)
857177(28)
857110(71)
857134(85)
857137(61)
857171(99)
857202(52)
857212(61)
857145(124)
857154(79)
857178(82)
857187(99)
857191(99)
857192(91)
857204(110)
857211(100)
857104(146)
857155(129)
857156(147)
857159(133)
857167(162)
857195(137)
857201(131)
857209(174)
857102(195)
857112(208)
857117(211)
857150(194)
857160(167)
857170(203)
857197(153)
857205(213)
857210(187)
857218(195)
857142(246)
857152(252)
857161(284)
857166(235)
857179(200)
857181(246)
857184(232)
857185(266)
857188(255)
857196(189)
857203(267)
857206(246)
857215(233)
857118(239)
857123(246)
857128(204)
857129(224)
857136(220)
857106(294)
857108(254)
857111(190)
857114(228)
857116(229)
857131(394)
857133(308)
857135(275)
857139(371)
857140(267)
857141(344)
857144(290)
857147(309)
857148(264)
857149(256)
857124(353)
857125(347)
857126(393)
857127(395)
857130(307)
857101(329)
857103(356)
857105(262)
857107(328)
857109(295)
857113(326)
857119(292)
857120(295)
857121(281)
857122(328)
857190(328)
857193(414)
857194(311)
857198(334)
857199(302)
857200(316)
857207(281)
857208(325)
857213(246)
857216(369)
857176(348)
857182(263)
857183(344)
857186(291)
857189(333)
857151(430)
857153(344)
857157(305)
857158(303)
857165(323)
857168(332)
857169(336)
857172(389)
857174(338)
857175(244)
Govt. Degree Girls College Block 12, Safoora Goath
856720(19)
856774(29)
856823(34)
856898(38)
856734(71)
856760(63)
856849(58)
856876(69)
856902(73)
856709(126)
856713(86)
856717(102)
856729(100)
856735(131)
856790(79)
856821(86)
856824(103)
856888(103)
856899(78)
856942(106)
161
858001(449)
858002(355)
858003(395)
858004(382)
858005(302)
Khatoon-e-Pakistan Govt.Deg. College For Women Stadium Road
857799(26)
857809(22)
857811(21)
857869(43)
857751(64)
857756(52)
857787(61)
857789(42)
857790(55)
857707(104)
857721(121)
857794(82)
857815(107)
857850(84)
857860(86)
857863(102)
857865(82)
857703(144)
857730(151)
857738(132)
857773(109)
857780(133)
857805(114)
857825(117)
857857(134)
857866(91)
857778(170)
857786(152)
857802(166)
857808(166)
857814(174)
857702(188)
857741(213)
857743(214)
857750(173)
857759(172)
857842(182)
857849(142)
857864(201)
857830(189)
857833(182)
857834(138)
857838(192)
857839(197)
857832(226)
857835(272)
857840(214)
857851(245)
857858(209)
857861(273)
857868(295)
857870(205)
857871(201)
857818(241)
857820(233)
857821(204)
857822(245)
857829(218)
857711(286)
857729(228)
857732(270)
857735(173)
857754(224)
857757(258)
857765(228)
857766(203)
857771(205)
857781(289)
857783(183)
857785(178)
857791(192)
857798(273)
857801(277)
857753(285)
857755(289)
857758(373)
857761(243)
857762(345)
857745(342)
857746(421)
857747(342)
857748(381)
857749(272)
857770(258)
857772(291)
857774(323)
857775(295)
857776(316)
857763(353)
857764(405)
857767(374)
857768(339)
857769(284)
857734(305)
857736(355)
857737(346)
857740(304)
857742(358)
857715(328)
857716(327)
857717(377)
857718(432)
857719(370)
857709(366)
857710(273)
857712(236)
857713(280)
857714(348)
857726(389)
857727(321)
857728(260)
857731(429)
857733(330)
857720(274)
857722(366)
857723(300)
857724(299)
857725(301)
857844(284)
857846(250)
857847(325)
857848(236)
857852(285)
857828(344)
857836(295)
857837(406)
857841(297)
857843(269)
857862(362)
857867(365)
857873(376)
857874(387)
857853(258)
857854(337)
857855(302)
857856(308)
857859(340)
857819(378)
857823(354)
857824(288)
857826(340)
857827(440)
857792(396)
857793(321)
857795(256)
857796(283)
857797(255)
857777(365)
857779(272)
857782(244)
857784(305)
857788(356)
857810(309)
857812(374)
857813(307)
857816(324)
857817(348)
857800(243)
857803(342)
857804(284)
857806(314)
857807(301)
162
858183(365)
858184(360)
858185(344)
858189(361)
858191(411)
858175(353)
858177(292)
858178(351)
858179(426)
858181(337)
858192(434)
858193(461)
858194(396)
858195(427)
858196(300)
858202(348)
858203(267)
858204(383)
858205(355)
858206(332)
858197(374)
858198(342)
858199(392)
858200(395)
858201(367)
858170(378)
858171(333)
858172(373)
858173(365)
858174(438)
858144(322)
858145(310)
858146(329)
858149(360)
858150(389)
858151(364)
858153(408)
858154(332)
858155(435)
858156(379)
858164(336)
858165(310)
858166(348)
858167(411)
858169(342)
858157(381)
858158(349)
858159(388)
858161(403)
858162(367)
858208(385)
858209(375)
858210(360)
858211(388)
858212(365)
858253(467)
858254(356)
858255(349)
858257(340)
858261(349)
858247(443)
858248(410)
858250(284)
858251(423)
858252(357)
858262(329)
858264(392)
858265(366)
858267(443)
858268(361)
858241(377)
858242(390)
858243(420)
858244(362)
858245(311)
858218(360)
858219(285)
858221(285)
858222(359)
858223(359)
858213(412)
858214(391)
858215(392)
858216(391)
858217(346)
858224(297)
858225(399)
858226(277)
858227(360)
858228(353)
858234(391)
858235(378)
858236(297)
858237(288)
858239(389)
858229(366)
858230(308)
858231(323)
858232(358)
858233(353)
858042(287)
858043(284)
858044(410)
858045(395)
858047(310)
858037(351)
858038(363)
858039(335)
858040(345)
858041(372)
858048(328)
858049(340)
858050(283)
858051(360)
858053(383)
858062(315)
858063(426)
858064(388)
858065(337)
858066(308)
858054(433)
858056(342)
858057(396)
858059(347)
858061(343)
858031(398)
858032(356)
858033(334)
858034(280)
858036(296)
858007(365)
858009(392)
858010(373)
858011(313)
858012(384)
858139(347)
858140(315)
858141(347)
858142(265)
858143(310)
858013(316)
858014(364)
858016(390)
858017(327)
858018(316)
858026(372)
858027(274)
858028(385)
858029(381)
858030(319)
858019(381)
858020(328)
858021(306)
858022(306)
858023(388)
858067(308)
858068(376)
858069(336)
858070(333)
858071(331)
858116(374)
858118(417)
858119(361)
858120(298)
858121(308)
858110(415)
858111(336)
858113(392)
858114(448)
858115(337)
858124(357)
858125(385)
858126(333)
858127(344)
858128(322)
858134(377)
858135(421)
858136(330)
858137(350)
858138(356)
858129(296)
858130(372)
858131(376)
858132(384)
858133(335)
858104(381)
858105(335)
858106(375)
858107(417)
858109(287)
858082(344)
858083(356)
858084(384)
858086(320)
858087(319)
858072(307)
858074(320)
858078(346)
858079(315)
858081(405)
858088(362)
858089(409)
858090(321)
858091(385)
858092(383)
858099(292)
858100(357)
858101(318)
858102(303)
858103(308)
858094(434)
858095(313)
858096(360)
858097(344)
858098(374)
163
858058(92)
858108(96)
858207(103)
858238(115)
858060(172)
858077(204)
858085(115)
858180(148)
858187(140)
858246(116)
858259(126)
858303(162)
858024(174)
858073(184)
858080(187)
858112(208)
858122(233)
858147(212)
858188(195)
858292(215)
858294(171)
858332(206)
858117(250)
858123(218)
858152(285)
858160(232)
858168(301)
858176(267)
858182(279)
858190(268)
858220(264)
858240(427)
858006(279)
858015(257)
858025(288)
858035(266)
858046(253)
858052(320)
858055(300)
858075(213)
858076(254)
858093(313)
858346(234)
858348(279)
858353(259)
858368(214)
858373(271)
858388(236)
858389(277)
858256(237)
858258(270)
858260(236)
858263(249)
858266(286)
858276(252)
858284(255)
858295(221)
858309(186)
858335(276)
858311(394)
858312(362)
858313(298)
858314(324)
858315(302)
858305(338)
858306(358)
858307(326)
858308(383)
858310(367)
858316(329)
858317(323)
858318(410)
858319(369)
858320(367)
858326(396)
858327(349)
858328(386)
858329(291)
858330(461)
858321(410)
858322(265)
858323(322)
858324(396)
858325(409)
858299(344)
858300(420)
858301(385)
858302(417)
858304(397)
858274(308)
858275(318)
858277(416)
858278(334)
858279(386)
858269(330)
858270(305)
858271(319)
858272(395)
858273(408)
858280(391)
858281(364)
858282(302)
858283(379)
858285(420)
858291(382)
858293(332)
858296(377)
858297(369)
858298(388)
858286(497)
858287(355)
858288(433)
858289(354)
858290(341)
858372(407)
858374(431)
858375(461)
858376(356)
858377(414)
858366(373)
858367(266)
858369(365)
858370(388)
858371(272)
858378(331)
858379(395)
858380(329)
858381(424)
858382(311)
858390(268)
858391(373)
858383(430)
858384(311)
858385(315)
858386(371)
858387(404)
858361(355)
858362(375)
858363(424)
858364(469)
858365(340)
858338(353)
858339(431)
858340(414)
858341(369)
858342(347)
858331(400)
858333(400)
858334(372)
858336(427)
858337(367)
858343(350)
858344(379)
858345(363)
858347(406)
858349(380)
858356(442)
858357(432)
858358(359)
858359(389)
858360(414)
858350(377)
858351(382)
858352(360)
858354(352)
858355(449)
164
859401(436)
859402(452)
859403(446)
859404(380)
859405(410)
859406(422)
859407(404)
859408(360)
859409(339)
Pak-Turk Maarif International School & College, Gulsahn-e-Iqbal
859314(111)
859313(106)
859319(189)
859308(210)
859309(279)
859316(269)
859323(269)
859301(354)
859302(363)
859304(408)
859305(302)
859306(315)
859307(324)
859310(372)
859311(369)
859312(370)
859315(370)
859317(358)
859318(376)
859320(380)
859321(348)
859322(333)
Hayat Ul Islam Girls College
Ideal Degree College, Gulshan-e-Iqbal
165
860160(19)
860152(58)
860178(56)
860193(68)
860206(57)
860159(85)
860164(76)
860166(97)
860171(93)
860197(72)
860203(88)
860208(80)
860211(96)
860219(81)
860222(87)
860151(120)
860168(124)
860196(115)
860201(102)
860207(133)
860155(189)
860158(185)
860161(214)
860162(179)
860163(150)
860174(201)
860187(167)
860191(163)
860198(173)
860199(209)
860220(168)
860154(232)
860156(243)
860170(214)
860173(189)
860176(220)
860177(203)
860180(312)
860181(240)
860188(254)
860189(219)
860205(211)
860218(213)
860192(337)
860194(263)
860195(254)
860200(261)
860202(285)
860204(259)
860209(307)
860210(374)
860212(240)
860214(330)
860215(307)
860216(326)
860217(313)
860223(289)
860183(299)
860184(299)
860185(364)
860186(284)
860190(311)
860153(254)
860165(355)
860172(348)
860175(348)
860182(236)
Govt. Girls College P.I.B. Colony
859711(24)
859715(56)
859702(88)
859712(88)
859714(104)
859704(118)
859710(111)
859705(165)
859706(201)
859708(153)
859701(299)
859703(346)
859707(318)
859709(281)
859716(255)
Govt. Degree Girls College, Shahnawaz Shar Goath
166
860774(420)
860775(415)
860776(442)
860777(369)
860778(387)
860768(426)
860770(390)
860771(268)
860772(347)
860773(322)
860779(369)
860780(437)
860781(442)
860782(313)
860783(397)
860789(366)
860790(397)
860791(405)
860792(432)
860793(459)
860784(372)
860785(410)
860786(385)
860787(364)
860788(407)
860763(447)
860764(321)
860765(409)
860766(442)
860767(342)
860739(397)
860740(386)
860742(348)
860743(437)
860746(425)
860733(457)
860734(401)
860735(431)
860736(401)
860738(366)
860747(439)
860748(389)
860749(390)
860750(382)
860751(299)
860758(421)
860759(382)
860760(403)
860761(368)
860762(398)
860752(365)
860753(433)
860754(399)
860756(397)
860757(414)
860835(412)
860836(435)
860837(446)
860839(334)
860840(412)
860830(392)
860831(358)
860832(340)
860833(392)
860834(447)
860841(405)
860842(383)
860843(428)
860844(326)
860846(329)
860847(393)
860848(385)
860849(469)
860850(356)
860851(439)
860825(421)
860826(433)
860827(405)
860828(337)
860829(428)
860799(406)
860800(338)
860801(439)
860802(348)
860804(375)
860794(417)
860795(390)
860796(445)
860797(323)
860798(398)
860805(344)
860808(402)
860809(320)
860810(339)
860811(395)
860819(450)
860820(414)
860821(391)
860822(469)
860824(381)
860812(435)
860813(412)
860814(432)
860816(433)
860817(355)
860708(312)
860709(413)
860710(359)
860711(404)
860712(323)
860701(429)
860703(419)
860704(440)
860705(455)
860707(400)
860728(395)
860729(334)
860730(324)
860731(398)
860732(454)
860723(440)
860724(450)
860725(350)
860726(421)
860727(439)
860718(431)
860719(413)
860720(455)
860721(441)
860722(432)
860713(453)
860714(455)
860715(419)
860716(440)
860717(281)
BAMM P.E.C.H.S. Govt. College For Women
860351(408)
Park House Grammer H.S.S.
167
860900(29)
860769(46)
860845(80)
860755(120)
860807(127)
860983(113)
860803(163)
860806(190)
860815(215)
860920(182)
860964(207)
860974(208)
860993(207)
860706(277)
860737(230)
860741(176)
860744(315)
860745(321)
860823(225)
860838(230)
860897(312)
860936(197)
860992(280)
860980(421)
860981(326)
860982(412)
860984(388)
860985(323)
860975(477)
860976(457)
860977(450)
860978(452)
860979(451)
860986(403)
860987(450)
860988(363)
860989(416)
860990(419)
860998(415)
860999(429)
861000(377)
861001(397)
861002(371)
860991(437)
860994(392)
860995(451)
860996(394)
860997(445)
860969(475)
860970(410)
860971(425)
860972(416)
860973(427)
860887(435)
860888(384)
860889(436)
860890(438)
860891(376)
860882(393)
860883(415)
860884(406)
860885(406)
860886(297)
860892(308)
860893(433)
860894(383)
860895(393)
860896(374)
860905(392)
860906(361)
860907(433)
860908(312)
860909(360)
860898(362)
860901(451)
860902(430)
860903(418)
860904(358)
860877(407)
860878(398)
860879(368)
860880(397)
860881(425)
860857(459)
860858(451)
860859(467)
860860(490)
860861(389)
860852(433)
860853(460)
860854(471)
860855(392)
860856(331)
860862(335)
860863(449)
860864(409)
860865(311)
860866(410)
860872(385)
860873(381)
860874(389)
860875(406)
860876(407)
860867(437)
860868(319)
860869(436)
860870(391)
860871(362)
860948(303)
860949(417)
860950(355)
860951(409)
860952(416)
860942(388)
860943(346)
860944(302)
860945(357)
860946(406)
860953(389)
860954(357)
860955(402)
860956(464)
860957(421)
860963(452)
860965(322)
860966(438)
860967(458)
860968(443)
860958(400)
860959(414)
860960(346)
860961(416)
860962(353)
860937(353)
860938(345)
860939(429)
860940(370)
860941(434)
860915(436)
860916(455)
860917(459)
860918(406)
860919(439)
860910(460)
860911(433)
860912(384)
860913(442)
860914(404)
860921(383)
860922(391)
860923(436)
860924(403)
860925(440)
860931(398)
860932(421)
860933(379)
860934(400)
860935(338)
860926(344)
860927(430)
860928(465)
860929(455)
860930(363)
168
861372(157)
861376(184)
861381(224)
861383(174)
861390(217)
861403(180)
861408(225)
861415(263)
861416(181)
861427(256)
861373(238)
861379(212)
861380(243)
861385(237)
861401(223)
861353(213)
861357(260)
861364(245)
861367(215)
861370(262)
861472(252)
861476(237)
861491(258)
861492(226)
861508(255)
861458(245)
861459(182)
861463(228)
861464(210)
861471(244)
861436(234)
861439(207)
861443(267)
861444(275)
861448(227)
861405(351)
861406(364)
861407(342)
861412(343)
861420(277)
861423(369)
861424(348)
861425(270)
861426(282)
861428(293)
861430(329)
861431(323)
861432(300)
861433(274)
861434(362)
861375(273)
861377(356)
861378(331)
861388(303)
861389(326)
861392(352)
861393(344)
861394(336)
861395(344)
861396(274)
861397(273)
861398(345)
861400(347)
861402(295)
861404(318)
861482(322)
861484(289)
861486(397)
861488(360)
861489(343)
861493(300)
861494(335)
861495(379)
861497(327)
861498(335)
861499(313)
861435(283)
861437(316)
861440(330)
861442(360)
861445(355)
861446(301)
861449(291)
861450(313)
861453(286)
861455(304)
861460(277)
861462(269)
861468(294)
861474(306)
861475(362)
861351(357)
861352(403)
861354(324)
861355(295)
861356(280)
861359(350)
861360(287)
861361(272)
861369(370)
861374(279)
Govt. Girls Degree College, Mehmoodabad Block 6, P.E.C.H.S.
861177(19)
861160(62)
861178(53)
861156(89)
861164(95)
861171(96)
861173(82)
861179(100)
861180(80)
861181(84)
861185(121)
861154(152)
861158(153)
861170(170)
861155(189)
861159(161)
861162(178)
861165(193)
861168(199)
861172(179)
861153(236)
861157(249)
861161(241)
861167(213)
861174(228)
861175(221)
861151(278)
861152(318)
861166(385)
861169(293)
861176(392)
861182(291)
861183(245)
861184(274)
Dukhtar-e-Mashriq Govt. Degree Girls College
169
861766(327)
861767(360)
861769(272)
861770(276)
861771(340)
861755(379)
861756(338)
861757(344)
861760(260)
861764(296)
861776(388)
861778(331)
861779(351)
861780(419)
861781(396)
861796(320)
861799(326)
861800(310)
861801(311)
861803(232)
861783(293)
861785(267)
861786(341)
861788(322)
861789(335)
861743(353)
861751(328)
861752(287)
861753(333)
861754(363)
861702(357)
861706(288)
861707(279)
861711(290)
861712(235)
861714(306)
861715(335)
861722(306)
861723(329)
861726(314)
861732(349)
861733(345)
861735(302)
861741(320)
861742(263)
861727(319)
861728(251)
861729(255)
861730(275)
861731(278)
861809(226)
861810(339)
861812(305)
861813(322)
861815(290)
861891(258)
861892(329)
861893(284)
861895(359)
861896(311)
861879(312)
861880(299)
861881(304)
861884(289)
861889(292)
861897(317)
861898(281)
861901(265)
861905(274)
861907(355)
861873(308)
861875(279)
861876(301)
861877(335)
861878(355)
861823(323)
861825(362)
861826(356)
861827(330)
861833(371)
861816(286)
861817(293)
861819(402)
861820(369)
861822(331)
861834(298)
861840(358)
861842(252)
861847(313)
861848(304)
861865(297)
861866(333)
861869(295)
861870(352)
861872(281)
861849(283)
861850(405)
861862(320)
861863(316)
861864(268)
861660(345)
861662(246)
861666(332)
861669(287)
861670(357)
861696(245)
861697(316)
861698(319)
861699(360)
861700(366)
861674(266)
861676(334)
861678(303)
861679(268)
861680(332)
861688(366)
861689(270)
861690(289)
861691(295)
861695(350)
861681(349)
861682(321)
861685(342)
861686(335)
861687(310)
Govt. Islamia College For Women
861387(73)
861470(66)
861505(62)
861507(79)
861365(99)
861366(85)
861368(98)
861384(113)
861451(101)
861469(118)
861358(172)
861362(127)
861363(127)
861371(150)
861382(127)
861452(133)
861461(135)
861466(150)
861467(146)
861473(155)
861496(148)
861500(143)
861503(145)
861504(171)
861506(129)
861386(137)
861391(154)
861411(109)
861421(134)
861422(151)
861399(206)
861409(149)
861410(179)
861413(206)
861414(190)
861417(197)
861418(215)
861419(171)
861429(169)
861441(173)
861480(190)
861483(227)
861487(196)
861490(155)
861502(209)
861454(198)
861456(234)
861457(175)
861477(176)
861478(199)
170
861737(64)
861739(78)
861747(85)
861804(95)
861811(74)
861899(92)
861934(64)
861940(62)
861651(101)
861655(117)
861709(90)
861713(99)
861738(99)
861814(105)
861846(106)
861860(78)
861882(104)
861910(123)
861933(109)
861946(116)
861673(128)
861693(147)
861721(148)
861829(169)
861853(170)
861653(153)
861654(126)
861658(153)
861659(144)
861667(156)
861885(164)
861894(138)
861903(154)
861911(152)
861916(140)
861942(151)
861944(156)
861918(161)
861919(148)
861921(120)
861924(139)
861930(150)
861841(253)
861845(204)
861854(200)
861855(191)
861856(212)
861828(172)
861831(183)
861832(171)
861836(185)
861839(174)
861797(195)
861802(158)
861805(213)
861807(244)
861808(228)
861950(139)
861953(174)
861957(167)
861926(211)
861932(189)
861943(170)
861945(172)
861947(179)
861888(206)
861890(194)
861906(183)
861909(177)
861917(196)
861701(169)
861703(171)
861716(233)
861740(157)
861745(192)
861664(164)
861668(169)
861675(174)
861683(199)
861694(198)
861773(234)
861775(215)
861787(179)
861791(231)
861792(251)
861750(193)
861759(169)
861763(209)
861765(162)
861768(177)
861720(203)
861725(242)
861734(232)
861736(297)
861744(298)
861746(270)
861748(257)
861749(216)
861758(192)
861762(229)
861772(297)
861774(221)
861782(264)
861784(262)
861790(305)
861652(205)
861656(233)
861657(242)
861661(208)
861663(206)
861665(201)
861672(223)
861684(217)
861692(207)
861704(206)
861708(186)
861710(251)
861717(237)
861718(223)
861719(242)
861793(238)
861794(244)
861795(287)
861798(249)
861806(221)
861883(220)
861886(239)
861900(246)
861902(238)
861904(241)
861914(246)
861922(223)
861927(225)
861931(230)
861937(203)
861938(232)
861948(274)
861952(242)
861956(206)
861958(205)
861818(265)
861821(227)
861824(230)
861830(215)
861835(227)
861837(235)
861838(253)
861843(231)
861844(223)
861851(229)
861857(271)
861858(217)
861867(279)
861868(250)
861871(301)
861928(258)
861929(319)
861935(284)
861936(269)
861939(287)
861908(372)
861912(339)
861913(312)
861920(342)
861925(294)
861959(295)
861960(315)
861941(279)
861949(273)
861951(342)
861954(315)
861955(264)
171
862299(67)
862335(64)
862341(87)
862353(67)
862390(66)
862411(60)
862252(99)
862258(109)
862268(127)
862286(99)
862289(107)
862303(88)
862326(126)
862381(77)
862251(130)
862253(174)
862262(142)
862275(182)
862304(178)
862317(129)
862327(127)
862347(118)
862359(152)
862400(157)
862265(178)
862270(227)
862281(200)
862282(199)
862287(195)
862298(188)
862307(169)
862318(174)
862339(175)
862391(166)
862403(161)
862404(143)
862408(199)
862350(255)
862355(281)
862358(214)
862366(219)
862367(207)
862316(228)
862324(244)
862334(280)
862337(238)
862344(326)
862288(259)
862292(228)
862294(255)
862302(237)
862312(217)
862410(230)
862380(231)
862382(238)
862384(270)
862393(235)
862409(255)
862368(236)
862369(234)
862371(277)
862377(198)
862379(256)
862255(305)
862256(272)
862259(260)
862260(261)
862261(284)
862263(263)
862269(303)
862276(274)
862277(248)
862283(241)
862314(341)
862315(315)
862319(295)
862320(394)
862321(271)
862308(381)
862309(379)
862310(392)
862311(262)
862313(345)
862331(332)
862332(351)
862333(341)
862338(345)
862343(316)
862322(340)
862323(297)
862328(359)
862329(314)
862330(331)
862273(287)
862274(319)
862278(295)
862279(310)
862280(292)
862257(347)
862266(316)
862267(347)
862271(312)
862272(297)
862297(264)
862300(302)
862301(300)
862305(400)
862306(348)
862284(272)
862290(321)
862291(371)
862293(298)
862295(313)
862389(283)
862392(314)
862394(339)
862395(242)
862396(360)
862383(273)
862385(321)
862386(243)
862387(343)
862388(340)
862406(315)
862397(368)
862398(308)
862399(300)
862401(337)
862402(363)
862356(300)
862357(282)
862360(355)
862361(298)
862362(271)
862345(258)
862348(421)
862349(276)
862352(413)
862354(284)
862373(290)
862374(304)
862375(322)
862376(308)
862378(334)
862363(365)
862364(371)
862365(305)
862370(265)
862372(429)
H.R.H. Agha Khan Govt. Girls Inter College
861724(40)
861859(39)
861861(33)
172
863319(216)
863322(228)
863324(260)
863330(292)
863338(249)
863312(354)
863313(410)
863315(367)
863316(414)
863317(418)
863307(417)
863308(322)
863309(397)
863310(273)
863311(379)
863301(413)
863302(347)
863303(372)
863304(380)
863305(364)
863318(431)
863320(445)
863321(294)
863323(297)
863325(346)
863337(414)
863332(406)
863333(398)
863334(423)
863335(451)
863336(361)
863326(341)
863327(379)
863328(306)
863329(306)
863331(349)
Fatimiyah College Girls Campus
862570(50)
862582(54)
862623(37)
862625(43)
862560(83)
862565(106)
862566(109)
862583(80)
862599(106)
862604(91)
862607(108)
862624(81)
862632(98)
862639(80)
862616(145)
862622(141)
862628(136)
862638(108)
862641(107)
862588(154)
862591(130)
862613(138)
862614(148)
862615(153)
862551(124)
862554(146)
862557(119)
862561(115)
862587(173)
862575(214)
862576(218)
862577(182)
862594(197)
862600(194)
862602(183)
862603(183)
862608(186)
862617(158)
862620(194)
862640(160)
862573(208)
862589(245)
862593(286)
862595(275)
862609(227)
862552(258)
862558(254)
862563(243)
862564(289)
862568(264)
862630(218)
862637(230)
862610(191)
862619(211)
862621(224)
862627(201)
862629(289)
862578(237)
862579(374)
862580(311)
862584(271)
862585(342)
862567(366)
862569(277)
862571(403)
862572(248)
862574(261)
862553(302)
862555(346)
862556(382)
862559(323)
862562(276)
862586(297)
862590(371)
862592(360)
862596(313)
862597(348)
862636(305)
862626(254)
862631(228)
862633(340)
862634(339)
862635(331)
862598(259)
862601(311)
862611(338)
862612(388)
862618(321)
Shaheed Mohtarma Benazir Bhutto Govt. Degree Girls College
862336(38)
862340(26)
862346(27)
862405(28)
173
864051(417)
864052(455)
864053(456)
864054(371)
864055(403)
864046(401)
864047(400)
864048(391)
864049(433)
864050(329)
864041(401)
864042(360)
864043(418)
864044(457)
864045(381)
864066(342)
864067(360)
864068(365)
864061(454)
864062(456)
864063(419)
864064(421)
864065(405)
864056(419)
864057(422)
864058(437)
864059(442)
864060(416)
Al-Badar Higher Secondary School (Girls)
863408(127)
863401(174)
863410(220)
863417(187)
863419(153)
863412(226)
863402(289)
863403(321)
863404(237)
863405(304)
863406(241)
863407(265)
863409(293)
863413(257)
863414(271)
863415(358)
863416(287)
863420(366)
Gulistan Shah Abdul Latif Girls Higher Secondary School
863314(178)
174
864453(137)
864452(226)
864458(274)
864451(370)
864454(306)
864455(307)
864456(271)
864457(328)
Aisha Bawany Girls College (Intermediate)
864165(297)
864185(245)
864191(288)
864221(318)
864172(372)
864173(387)
864174(250)
864175(457)
864176(416)
864177(434)
864178(306)
864179(420)
864180(450)
864181(393)
864182(358)
864183(412)
864184(420)
864186(318)
864187(403)
864167(351)
864168(397)
864169(415)
864170(401)
864171(447)
864151(349)
864152(440)
864153(440)
864154(403)
864155(364)
864156(454)
864157(302)
864158(385)
864159(403)
864160(350)
864161(428)
864162(376)
864163(411)
864164(448)
864166(393)
864209(393)
864210(380)
864211(429)
864212(344)
864213(411)
864214(369)
864215(289)
864216(441)
864217(430)
864218(403)
864219(395)
864220(383)
864204(301)
864205(353)
864206(314)
864207(330)
864208(340)
864188(439)
864189(362)
864190(478)
864192(428)
864193(394)
864194(368)
864195(334)
864196(311)
864197(353)
864198(355)
864199(291)
864200(338)
864201(367)
864202(493)
864203(466)
CAMS Girls College, Tipu Sultan Road
175
865128(213)
865129(162)
865121(204)
865122(199)
865125(266)
865127(291)
Govt. Girls Higher Secondary School Intellingence(Campus School)M.T Khan Road
865003(35)
865006(24)
865005(84)
865001(167)
865002(360)
Govt. Girls Higher Secondary School Kemari
864561(82)
864552(179)
864553(126)
864556(163)
864555(261)
864563(252)
864551(351)
864554(314)
864557(395)
864558(379)
864559(271)
864560(347)
864562(408)
864564(367)
864565(323)
864566(301)
Mama Girls Intermediate College, P.E.C.H.S. Karachi
176
865618(346)
865620(352)
865621(353)
865622(365)
865623(420)
865612(400)
865613(374)
865614(311)
865616(302)
865617(315)
865625(347)
865627(318)
865628(336)
865630(282)
865631(320)
865640(404)
865643(339)
865645(403)
865646(283)
865647(391)
865633(328)
865634(297)
865636(324)
865638(347)
865639(359)
865607(443)
865608(393)
865609(303)
865610(386)
865611(335)
865561(324)
865563(369)
865569(369)
865570(275)
865571(339)
865576(312)
865577(280)
865578(286)
865579(266)
865580(392)
865602(345)
865603(260)
865604(349)
865605(377)
865606(365)
865585(357)
865588(361)
865589(276)
865595(301)
865597(266)
865648(383)
865649(306)
865650(293)
865651(359)
865654(365)
865701(409)
865703(373)
865704(330)
865705(397)
865706(375)
865695(332)
865696(372)
865697(338)
865698(298)
865700(290)
865707(384)
865708(310)
865709(418)
865710(331)
865711(403)
865689(378)
865690(400)
865691(287)
865693(333)
865694(370)
865664(219)
865665(341)
865666(454)
865667(265)
865668(315)
865656(332)
865658(322)
865659(431)
865660(320)
865663(385)
865671(368)
865672(366)
865673(320)
865674(358)
865675(324)
865682(325)
865684(351)
865685(368)
865687(371)
865688(370)
865676(389)
865677(403)
865678(388)
865679(301)
865680(275)
865424(354)
865426(350)
865427(382)
865429(318)
865430(269)
865431(280)
865432(264)
865433(404)
865436(293)
865437(284)
865438(362)
865444(374)
865446(336)
865448(280)
865451(371)
865551(329)
865554(295)
865557(290)
865558(297)
865560(295)
865401(353)
865404(269)
865406(361)
865411(322)
865412(303)
865415(330)
865418(276)
865421(316)
865422(344)
865423(369)
865453(333)
865457(376)
865458(331)
865459(317)
865465(291)
865509(310)
865510(250)
865522(305)
865524(429)
865525(251)
865526(308)
865527(348)
865528(323)
865532(306)
865535(300)
865536(284)
865537(273)
865540(268)
865546(319)
865547(320)
865467(319)
865468(285)
865470(327)
865474(371)
865476(292)
865479(346)
865485(298)
865488(251)
865491(290)
865497(321)
865499(286)
865502(298)
865503(330)
865504(359)
865506(362)
Govt. College For Women Korangi No. 4
865123(84)
865124(60)
177
865946(386)
865949(417)
865950(312)
865951(358)
865953(428)
865937(375)
865938(359)
865942(293)
865943(334)
865944(292)
865954(419)
865956(292)
865957(346)
865958(333)
865959(422)
865967(307)
865969(366)
865971(301)
865972(359)
865973(324)
865960(403)
865963(340)
865964(365)
865965(338)
865966(371)
865929(278)
865930(396)
865931(347)
865933(268)
865936(345)
865903(319)
865904(363)
865905(351)
865906(353)
865907(352)
865908(344)
865909(300)
865910(322)
865912(349)
865913(352)
865921(289)
865922(329)
865924(318)
865925(354)
865926(350)
865914(317)
865916(343)
865917(297)
865918(331)
865919(339)
865975(404)
865976(333)
865977(394)
865978(354)
865979(294)
866031(298)
866032(323)
866035(295)
866037(276)
866038(289)
866024(252)
866026(357)
866027(318)
866028(342)
866030(337)
866039(296)
866041(350)
866042(284)
866043(342)
866046(362)
866015(366)
866016(357)
866017(386)
866021(250)
866022(376)
865985(332)
865986(341)
865988(320)
865989(343)
865990(339)
865980(381)
865981(309)
865982(358)
865983(333)
865984(427)
865991(253)
865995(363)
865997(326)
865998(333)
865999(357)
866008(292)
866009(361)
866010(438)
866011(284)
866013(329)
866001(434)
866002(297)
866004(330)
866006(286)
866007(405)
865759(344)
865761(245)
865762(254)
865763(397)
865764(369)
865747(354)
865749(361)
865753(306)
865755(303)
865756(309)
865766(276)
865768(360)
865769(388)
865770(293)
865771(348)
865784(377)
865786(291)
865788(345)
865789(353)
865790(297)
865772(322)
865777(299)
865778(388)
865779(292)
865782(349)
865737(276)
865738(338)
865739(357)
865744(371)
865746(361)
865712(416)
865713(368)
865714(371)
865715(340)
865718(363)
865891(382)
865895(324)
865897(314)
865898(317)
865899(293)
865719(356)
865720(385)
865721(435)
865722(392)
865725(402)
865732(334)
865733(335)
865734(322)
865735(349)
865736(280)
865726(402)
865727(401)
865728(327)
865729(382)
865731(393)
865791(296)
865792(317)
865793(335)
865794(339)
865796(307)
865858(370)
865861(265)
865864(317)
865865(404)
865866(252)
865850(297)
865854(381)
865855(399)
865856(275)
865857(381)
865876(347)
865877(348)
865878(313)
865879(339)
865880(301)
865886(284)
865887(324)
865888(315)
865889(414)
865890(307)
865881(309)
865882(358)
865883(319)
865884(350)
865885(280)
865840(356)
865841(365)
865845(267)
865846(368)
865847(375)
865806(279)
865811(289)
865813(380)
865815(368)
865817(265)
865799(292)
865800(328)
865802(311)
865803(330)
865804(246)
865818(419)
865820(425)
865821(358)
865824(348)
865825(299)
865833(275)
865835(353)
865837(348)
865838(338)
865839(349)
865826(345)
865827(380)
865829(349)
865830(297)
865831(329)
178
865523(198)
865548(210)
865549(171)
865555(182)
865556(202)
865564(196)
865566(195)
865582(158)
865586(200)
865587(186)
865598(184)
865626(211)
865632(180)
865635(211)
865641(197)
865408(187)
865413(226)
865416(166)
865417(160)
865442(241)
865473(162)
865482(191)
865490(190)
865494(188)
865498(183)
865505(132)
865507(164)
865512(184)
865519(169)
865521(198)
865655(219)
865681(211)
865717(188)
865723(195)
865724(174)
865730(201)
865740(218)
865743(188)
865765(193)
865774(236)
865775(193)
865781(225)
865808(208)
865812(214)
865819(201)
865842(200)
865843(206)
865869(195)
865873(182)
865896(205)
865941(312)
865945(244)
865947(243)
865948(279)
865955(230)
865961(190)
865962(282)
865968(247)
865987(234)
865993(272)
865875(284)
865894(275)
865901(243)
865902(242)
865911(223)
865920(253)
865923(213)
865932(274)
865934(254)
865940(258)
866000(273)
866003(267)
866005(252)
866012(237)
866014(252)
866081(195)
866083(221)
866084(243)
866086(220)
866096(196)
866102(252)
866112(214)
866018(237)
866023(238)
866025(210)
866029(196)
866036(201)
866040(189)
866044(215)
866045(293)
866072(235)
866073(242)
865848(222)
865860(238)
865867(260)
865870(255)
865872(222)
865493(233)
865496(228)
865514(248)
865515(204)
865516(243)
865518(226)
865530(212)
865531(240)
865534(204)
865541(216)
865565(206)
865567(230)
865572(216)
865573(206)
865574(225)
865469(238)
865475(234)
865478(225)
865483(309)
865492(263)
865414(221)
865419(240)
865420(266)
865425(219)
865428(250)
865439(249)
865441(180)
865443(251)
865445(217)
865449(231)
865450(263)
865452(267)
865455(232)
865464(208)
865466(242)
865575(266)
865584(313)
865590(245)
865592(248)
865593(266)
865783(278)
865785(268)
865797(253)
865798(253)
865801(195)
865805(251)
865807(271)
865809(249)
865810(243)
865814(309)
865816(279)
865828(217)
865832(251)
865834(224)
865836(295)
865751(237)
865752(229)
865754(259)
865773(219)
865780(229)
865615(256)
865624(249)
865629(275)
865644(280)
865652(269)
865657(233)
865669(229)
865670(253)
865686(255)
865692(282)
865699(301)
865741(207)
865742(237)
865745(239)
865750(262)
866065(263)
866066(322)
866067(283)
866068(276)
866071(316)
866056(299)
866057(334)
866058(366)
866059(348)
866060(318)
866048(300)
866049(302)
866050(296)
866051(384)
866055(318)
866104(317)
866113(295)
866118(271)
866092(322)
866097(296)
866099(300)
866100(311)
866101(312)
866074(392)
866077(326)
866079(297)
866088(288)
866089(295)
179
866494(345)
866497(240)
866501(342)
866516(310)
866526(281)
866451(354)
866452(291)
866467(286)
866470(398)
866480(324)
866568(279)
866569(260)
866594(310)
866611(251)
866614(257)
866528(267)
866532(381)
866542(278)
866545(314)
866559(282)
866313(280)
866314(361)
866335(236)
866336(268)
866345(302)
866255(293)
866273(310)
866296(242)
866303(373)
866309(428)
866414(440)
866424(302)
866434(357)
866435(331)
866445(342)
866348(316)
866350(322)
866363(294)
866364(303)
866379(351)
866787(354)
866788(258)
866790(327)
866794(303)
866803(343)
866682(266)
866686(251)
866703(292)
866709(295)
866725(292)
866622(292)
866626(298)
866636(352)
866646(302)
866665(286)
866759(336)
866772(327)
866780(353)
866781(293)
866786(300)
866732(299)
866733(337)
866735(381)
866748(310)
866753(224)
Govt. College For Women Korangi No. 6
865447(32)
865462(30)
865471(22)
865480(23)
865484(28)
865542(27)
865543(26)
866075(26)
866082(34)
866019(73)
866064(82)
866094(65)
866109(58)
866111(56)
866115(81)
866116(63)
866119(80)
865511(78)
865599(57)
865600(39)
865661(53)
865862(81)
865434(55)
865435(56)
865456(43)
865501(60)
865508(42)
865581(85)
865591(92)
865596(97)
865683(111)
865702(114)
865529(71)
865538(84)
865544(96)
865545(92)
865562(90)
865405(114)
865463(74)
865486(95)
865489(95)
865500(98)
865716(100)
865748(113)
865767(106)
865776(99)
865851(129)
866110(114)
866063(116)
866078(94)
866098(134)
866105(104)
866107(80)
865852(124)
865868(107)
865994(102)
866061(116)
866062(94)
865517(124)
865539(125)
865550(120)
865552(128)
865559(138)
865454(125)
865460(126)
865461(134)
865477(143)
865487(125)
865402(151)
865403(152)
865407(145)
865410(123)
865440(102)
865583(132)
865594(150)
865601(155)
865642(168)
865653(139)
866033(174)
866091(145)
866093(133)
866114(133)
865859(172)
865874(179)
865893(139)
865928(143)
865935(133)
865757(189)
865760(158)
865787(155)
865822(143)
865849(137)
866047(215)
866053(180)
866054(180)
866069(178)
866070(186)
865900(160)
865915(194)
865927(162)
865939(236)
865952(158)
866103(140)
866106(179)
866108(155)
866076(170)
866080(177)
866085(211)
866087(158)
866095(201)
180
866381(198)
866385(186)
866389(158)
866394(179)
866397(162)
866402(179)
866404(170)
866422(207)
866423(153)
866427(170)
866428(159)
866430(183)
866431(180)
866439(169)
866457(174)
866325(191)
866327(180)
866357(158)
866365(185)
866366(166)
866252(199)
866253(159)
866257(147)
866258(182)
866267(181)
866282(167)
866286(185)
866289(158)
866297(163)
866306(179)
866311(188)
866315(201)
866316(185)
866317(197)
866324(165)
866581(180)
866582(186)
866591(159)
866605(166)
866607(167)
866459(187)
866462(168)
866465(173)
866471(166)
866479(163)
866481(177)
866482(165)
866483(179)
866485(144)
866509(185)
866530(182)
866555(185)
866562(179)
866575(183)
866576(171)
866850(273)
866851(232)
866855(205)
866866(225)
866868(219)
866873(219)
866877(269)
866883(219)
866884(225)
866891(221)
866740(217)
866747(245)
866764(225)
866767(217)
866778(254)
866793(218)
866795(265)
866800(199)
866818(256)
866825(233)
866949(240)
866955(185)
866966(239)
866988(223)
866993(228)
866994(284)
866998(207)
867027(256)
866904(285)
866907(207)
866909(261)
866920(253)
866937(208)
866938(277)
866940(227)
866942(213)
866943(273)
866945(255)
866710(210)
866713(211)
866717(224)
866720(266)
866728(250)
866358(225)
866368(195)
866370(268)
866371(247)
866383(245)
866391(245)
866396(223)
866410(169)
866419(229)
866433(216)
866460(270)
866464(226)
866466(255)
866468(209)
866472(218)
866251(199)
866265(229)
866269(196)
866274(255)
866283(191)
866299(220)
866300(271)
866318(229)
866320(228)
866321(242)
866329(194)
866341(206)
866343(219)
866346(232)
866349(210)
866476(219)
866493(199)
866498(263)
866499(291)
866502(215)
866595(287)
866597(213)
866598(226)
866603(231)
866610(212)
866612(217)
866615(238)
866618(268)
866620(251)
866627(235)
866649(294)
866656(235)
866664(252)
866681(208)
866685(212)
866505(243)
866506(209)
866512(250)
866519(197)
866522(268)
866525(205)
866529(241)
866539(220)
866548(226)
866552(280)
866557(243)
866567(255)
866571(205)
866583(214)
866589(210)
866879(256)
866893(334)
866894(276)
866898(316)
866902(323)
866903(355)
866905(324)
866910(317)
866913(279)
866914(291)
866806(374)
866809(343)
866813(368)
866824(330)
866827(339)
866840(326)
866847(317)
866848(328)
866875(333)
866878(354)
866960(367)
866965(267)
866977(354)
866981(257)
866989(346)
866990(297)
866997(338)
867002(272)
867003(321)
866917(251)
866918(271)
866931(262)
866932(303)
866939(349)
866944(245)
866946(278)
866952(250)
866953(292)
866957(304)
181
866412(95)
866417(99)
866429(93)
866440(70)
866442(94)
866443(94)
866444(78)
866448(98)
866455(101)
866461(72)
866469(78)
866504(101)
866520(105)
866523(99)
866527(105)
866360(79)
866361(96)
866367(71)
866403(106)
866407(93)
866254(91)
866266(104)
866271(88)
866279(98)
866280(87)
866281(93)
866285(84)
866294(99)
866295(76)
866330(111)
866337(94)
866339(87)
866342(90)
866344(87)
866353(96)
866643(91)
866658(85)
866667(80)
866673(98)
866684(108)
866531(69)
866535(83)
866551(93)
866558(113)
866560(107)
866566(128)
866572(106)
866578(107)
866584(102)
866590(113)
866601(98)
866609(90)
866616(87)
866617(95)
866642(86)
866837(177)
866849(119)
866874(139)
866876(127)
866882(132)
866885(134)
866889(140)
866895(141)
866896(136)
866908(114)
866756(122)
866797(127)
866808(110)
866812(126)
866816(135)
866828(146)
866830(140)
866831(154)
866832(139)
866833(145)
866954(144)
866962(151)
866963(151)
866974(177)
866979(116)
866980(117)
866999(112)
867005(138)
867009(120)
867015(108)
866915(132)
866916(136)
866923(120)
866925(145)
866927(154)
866933(130)
866934(118)
866935(167)
866936(143)
866941(146)
866714(108)
866721(119)
866737(143)
866742(153)
866754(131)
866399(159)
866401(133)
866411(131)
866421(126)
866425(143)
866436(148)
866446(108)
866473(149)
866487(114)
866490(137)
866355(112)
866359(108)
866362(138)
866384(131)
866390(152)
866272(140)
866288(114)
866319(144)
866322(122)
866323(146)
866326(152)
866331(141)
866334(176)
866338(133)
866354(122)
866602(149)
866621(146)
866631(122)
866632(151)
866633(102)
866669(123)
866674(133)
866687(123)
866690(152)
866695(136)
866570(153)
866573(146)
866574(158)
866587(139)
866600(125)
866491(148)
866500(132)
866511(149)
866524(132)
866534(150)
866549(161)
866550(134)
866553(155)
866561(118)
866564(111)
866704(202)
866715(212)
866724(173)
866727(151)
866739(193)
866741(185)
866744(176)
866749(186)
866750(186)
866763(176)
866663(188)
866672(189)
866696(173)
866698(174)
866699(204)
866613(172)
866624(208)
866625(171)
866629(166)
866630(168)
866637(132)
866638(181)
866641(199)
866645(164)
866662(194)
866765(205)
866771(187)
866784(199)
866807(161)
866810(173)
866961(198)
866978(182)
866983(157)
867000(191)
867001(174)
867008(149)
867021(143)
867023(192)
867028(178)
866881(182)
866890(185)
866912(175)
866958(210)
866959(208)
866815(179)
866817(142)
866819(170)
866834(164)
866835(168)
866838(188)
866853(170)
866863(199)
866867(207)
866880(185)
182
866380(18)
866393(38)
866395(27)
866398(36)
866400(18)
866408(32)
866413(22)
866426(22)
866438(22)
866458(22)
866474(25)
866475(21)
866488(31)
866503(33)
866510(22)
866260(30)
866268(30)
866275(26)
866276(26)
866284(23)
866290(24)
866291(19)
866292(25)
866298(17)
866328(33)
866332(20)
866333(18)
866340(23)
866356(19)
866372(23)
866513(33)
866521(25)
866533(22)
866540(27)
866543(24)
866544(26)
866547(21)
866585(21)
866586(27)
866593(21)
866596(26)
866599(20)
866606(18)
866608(33)
866623(36)
866628(24)
866634(33)
866640(32)
866644(25)
866648(18)
866770(50)
866773(41)
866774(55)
866792(53)
866802(40)
866820(61)
866821(73)
866826(47)
866845(60)
866854(77)
866702(42)
866705(77)
866708(63)
866712(56)
866719(69)
866723(57)
866731(55)
866734(72)
866743(67)
866758(62)
866856(67)
866860(52)
866861(84)
866862(89)
866870(81)
866975(67)
866985(60)
866995(44)
866996(89)
867004(56)
867010(52)
867026(37)
866897(81)
866901(85)
866911(52)
866922(101)
866929(75)
866930(68)
866964(51)
866967(56)
866970(71)
866972(61)
866678(66)
866680(57)
866694(58)
866700(70)
866701(66)
866352(61)
866369(53)
866373(61)
866375(52)
866377(56)
866378(58)
866387(51)
866388(65)
866392(42)
866415(71)
866308(60)
866310(75)
866312(69)
866347(47)
866351(70)
866256(64)
866259(58)
866261(57)
866263(71)
866270(56)
866277(48)
866278(54)
866293(49)
866304(70)
866307(45)
866418(72)
866420(58)
866432(64)
866447(45)
866449(72)
866563(58)
866565(49)
866577(72)
866579(66)
866580(52)
866639(57)
866657(84)
866661(63)
866666(52)
866675(66)
866514(63)
866515(49)
866538(45)
866546(43)
866556(68)
866450(85)
866453(58)
866454(56)
866477(56)
866478(47)
866484(65)
866486(84)
866489(47)
866507(82)
866508(86)
866823(95)
866843(89)
866844(75)
866846(97)
866852(150)
866857(108)
866858(92)
866859(88)
866864(110)
866865(119)
866799(86)
866804(79)
866805(114)
866811(81)
866822(97)
866688(110)
866691(98)
866730(85)
866738(100)
866745(105)
866768(107)
866769(96)
866776(103)
866777(103)
866791(84)
866987(76)
866992(108)
867012(93)
867014(87)
867018(70)
867020(92)
867022(90)
866956(85)
866969(81)
866976(87)
866982(86)
866984(92)
866869(93)
866888(127)
866899(122)
866900(110)
866906(134)
866921(134)
866926(114)
866947(127)
866948(134)
866950(116)
183
867290(50)
867303(40)
867312(48)
867320(62)
867330(41)
867333(58)
867335(64)
867336(51)
867338(63)
867341(56)
867268(49)
867278(48)
867283(55)
867284(46)
867289(54)
867204(76)
867206(63)
867210(70)
867218(54)
867229(37)
867232(63)
867244(42)
867258(55)
867259(38)
867262(36)
867346(43)
867351(57)
867356(64)
867371(58)
867372(59)
867376(54)
867386(47)
867390(48)
867397(58)
867399(67)
867254(105)
867271(86)
867273(82)
867307(95)
867321(110)
867222(121)
867225(98)
867242(80)
867248(94)
867252(90)
867203(88)
867208(105)
867209(98)
867214(79)
867221(93)
867387(75)
867368(75)
867370(98)
867375(68)
867377(101)
867385(85)
867324(78)
867329(75)
867334(100)
867360(68)
867362(99)
867255(102)
867257(131)
867270(127)
867272(184)
867276(129)
867235(174)
867246(130)
867249(121)
867250(117)
867253(133)
867291(138)
867293(117)
867305(134)
867317(120)
867332(132)
867363(133)
867364(128)
867392(106)
867440(113)
867342(142)
867344(139)
867345(122)
867350(112)
867361(123)
867201(122)
867211(101)
867213(103)
867216(133)
867224(133)
867217(163)
867236(149)
867245(159)
867269(220)
867286(157)
867304(155)
867306(146)
867331(152)
867358(187)
867359(164)
867400(146)
867433(172)
867223(240)
867231(198)
867241(191)
867264(208)
867265(208)
867287(224)
867309(258)
867325(221)
867401(211)
867409(211)
867261(341)
867294(275)
867296(369)
867299(224)
867315(268)
867215(397)
867226(302)
867230(327)
867240(378)
867251(258)
867388(273)
867423(307)
867318(354)
867319(259)
867323(278)
867343(248)
867384(273)
Govt. Degree Girls College Sector 42, Korangi 2-1/2
866711(25)
866716(35)
866718(34)
866722(28)
866726(31)
866746(24)
866755(26)
866760(28)
866761(18)
866762(23)
866651(17)
866668(22)
866670(33)
866671(25)
866676(21)
866683(24)
866689(31)
866692(33)
866693(21)
866707(23)
866871(28)
866887(43)
866919(32)
866924(35)
866968(39)
866986(19)
867016(20)
867019(17)
867025(27)
866766(35)
866775(28)
866779(33)
866783(17)
866785(37)
866814(28)
866829(28)
866836(17)
866841(26)
866842(30)
184
868208(309)
868202(418)
868203(396)
868204(338)
868205(335)
868206(341)
868207(375)
868209(389)
868210(341)
868211(363)
868212(426)
868213(452)
Firoza Khatoon Women College(Intermediate)
867657(19)
867675(20)
867664(65)
867669(55)
867680(44)
867655(96)
867665(82)
867667(94)
867671(72)
867672(76)
867684(89)
867663(143)
867666(126)
867673(121)
867677(102)
867678(108)
867683(155)
867653(145)
867656(169)
867659(165)
867670(213)
867676(212)
867654(179)
867658(184)
867661(224)
867662(217)
867681(211)
867682(250)
867651(275)
867660(388)
867668(355)
867679(300)
Govt. Degree Girls College Ibrahim Hyderi
867297(21)
867300(27)
867302(23)
867308(23)
867311(21)
867313(25)
867314(24)
867316(19)
867322(21)
867339(23)
867275(26)
867280(24)
867285(23)
867292(36)
867295(17)
867207(21)
867220(34)
867227(53)
867233(20)
867237(24)
867239(20)
867247(26)
867260(23)
867263(24)
867266(17)
867413(23)
867416(23)
867418(20)
867424(23)
867426(18)
867429(17)
867431(18)
867435(19)
867436(25)
867438(19)
867402(33)
867403(23)
867406(18)
867407(18)
867412(18)
867340(19)
867347(20)
867348(19)
867352(18)
867354(17)
867366(20)
867379(17)
867380(20)
867383(30)
867391(21)
867405(87)
867410(36)
867411(42)
867414(59)
867415(38)
867417(42)
867419(61)
867420(42)
867421(58)
867422(66)
867427(62)
867432(49)
867439(45)
867441(59)
867442(66)
185
868830(204)
868831(282)
868855(247)
868858(204)
868862(234)
868865(236)
868866(191)
868874(287)
868882(212)
868885(232)
868802(206)
868804(290)
868805(257)
868809(182)
868813(261)
868816(244)
868822(246)
868824(229)
868825(215)
868829(237)
868932(227)
868948(211)
868956(230)
868957(208)
868962(211)
868886(206)
868887(198)
868897(224)
868898(222)
868902(222)
868904(203)
868911(202)
868912(201)
868918(220)
868926(174)
868828(290)
868832(263)
868833(266)
868839(293)
868840(327)
868846(296)
868847(279)
868848(322)
868853(259)
868854(299)
868801(295)
868808(281)
868810(290)
868811(324)
868812(302)
868819(394)
868820(306)
868821(290)
868826(246)
868827(348)
868860(351)
868861(287)
868863(258)
868868(306)
868872(349)
868929(238)
868934(270)
868935(267)
868937(343)
868942(226)
868943(236)
868944(325)
868977(322)
868876(296)
868877(277)
868881(303)
868896(321)
868899(370)
868906(268)
868913(277)
868916(271)
868921(232)
868923(303)
Govt. Degree Girls College Landhi 3-1/2
868303(219)
868307(431)
868308(363)
868309(286)
868310(412)
868311(377)
868301(422)
868302(252)
868304(356)
868305(293)
868306(367)
868317(444)
868318(428)
868319(284)
868320(411)
868312(406)
868313(381)
868314(396)
868315(420)
868316(417)
Khadija Girls College (Intermediate)
186
869205(20)
869220(33)
869215(49)
869216(49)
869218(64)
869203(84)
869206(94)
869210(85)
869204(140)
869201(162)
869208(214)
869209(195)
869202(260)
869207(291)
869211(316)
869212(317)
869213(334)
869214(246)
Govt. Degree Girls College, Industrial Area, Landhi
868933(17)
868952(34)
868953(36)
868958(24)
868964(26)
868967(17)
868971(19)
868975(17)
868978(25)
868806(20)
868815(32)
868838(42)
868909(33)
868919(31)
868803(63)
868836(72)
868842(52)
868845(45)
868875(58)
868890(71)
868895(51)
868910(61)
868920(82)
868925(62)
868936(66)
868955(65)
868973(73)
868837(96)
868867(74)
868871(111)
868892(111)
868893(103)
868903(61)
868905(86)
868915(74)
868939(88)
868950(103)
868960(105)
868961(82)
868841(163)
868850(162)
868857(139)
868870(149)
868894(145)
868900(166)
868907(113)
868917(143)
868930(121)
868938(145)
868954(145)
868968(137)
868970(110)
868972(142)
868869(157)
868873(167)
868878(162)
868879(216)
868880(196)
868849(165)
868851(175)
868852(164)
868859(178)
868864(176)
868807(187)
868814(173)
868817(174)
868818(191)
868834(187)
868883(175)
868884(177)
868888(191)
868889(173)
868891(183)
868959(200)
868974(145)
868931(211)
868946(156)
868947(171)
868949(167)
868951(177)
868901(166)
868908(168)
868924(175)
868927(186)
868928(156)
868963(198)
868969(228)
187
869603(82)
869604(90)
869602(173)
869606(170)
869607(175)
869601(389)
869605(308)
Bibi Asifa Bhutto Govt. Girls Degree College, Muzafarabad, Landhi
869401(201)
Medico Higher Secondary School, Majeed Colony, Landhi
869306(28)
869317(21)
869308(52)
869311(58)
869315(70)
869316(45)
869301(92)
869303(104)
869305(91)
869309(124)
869313(100)
869307(128)
869312(122)
869318(151)
869310(162)
869302(215)
869304(245)
869314(192)
869321(295)
869322(260)
Govt. Girls Higher Secondary School, Landhi No. 1
188
870237(337)
870239(339)
870240(293)
870242(377)
870244(360)
870232(297)
870233(343)
870234(359)
870235(414)
870236(264)
870247(308)
870250(427)
870252(431)
870253(257)
870256(285)
870268(405)
870270(286)
870272(264)
870273(312)
870275(311)
870259(407)
870261(374)
870263(352)
870264(334)
870266(332)
870225(282)
870227(344)
870229(294)
870230(384)
870231(334)
870182(322)
870183(365)
870185(303)
870187(269)
870188(332)
870193(331)
870199(287)
870200(348)
870203(352)
870204(385)
870213(291)
870217(279)
870219(257)
870222(397)
870223(399)
870205(291)
870207(403)
870208(287)
870211(338)
870212(318)
870276(269)
870277(346)
870278(355)
870281(364)
870282(344)
870356(339)
870357(405)
870358(284)
870359(281)
870361(391)
870350(295)
870351(270)
870352(392)
870353(420)
870354(269)
870362(397)
870364(277)
870366(364)
870367(319)
870368(355)
870338(304)
870340(374)
870344(297)
870345(369)
870347(351)
870294(378)
870296(413)
870301(275)
870303(256)
870304(388)
870284(297)
870288(330)
870289(292)
870291(437)
870292(379)
870305(384)
870306(269)
870308(285)
870311(385)
870318(340)
870331(355)
870332(310)
870333(337)
870335(407)
870336(324)
870320(370)
870322(315)
870323(269)
870325(401)
870328(301)
870053(292)
870054(318)
870059(267)
870061(399)
870064(376)
870038(284)
870039(305)
870043(358)
870047(328)
870051(323)
870072(287)
870075(324)
870077(340)
870078(319)
870081(366)
870067(214)
870068(321)
870069(293)
870070(367)
870071(327)
870030(314)
870031(423)
870034(408)
870035(407)
870036(306)
870002(296)
870005(323)
870011(255)
870013(368)
870014(367)
870171(419)
870173(285)
870176(309)
870178(318)
870181(293)
870023(391)
870024(372)
870026(383)
870028(336)
870029(333)
870015(333)
870016(275)
870017(361)
870021(416)
870022(285)
870082(397)
870083(343)
870086(277)
870088(300)
870090(262)
870153(424)
870155(402)
870156(383)
870158(409)
870159(401)
870144(267)
870145(391)
870146(371)
870150(267)
870152(335)
870166(271)
870167(255)
870168(378)
870169(351)
870170(280)
870160(301)
870162(248)
870163(267)
870164(378)
870165(327)
870138(448)
870139(296)
870140(427)
870142(273)
870143(340)
870098(349)
870104(259)
870105(361)
870107(428)
870110(233)
870092(297)
870093(291)
870095(421)
870096(383)
870097(303)
870124(324)
870129(262)
870131(348)
870135(337)
870137(431)
870112(384)
870113(300)
870117(276)
870122(282)
870123(293)
Govt. Degree College for Women Nazimabad
869608(34)
189
870115(107)
870118(123)
870126(123)
870132(117)
870141(136)
870041(122)
870044(141)
870046(111)
870048(131)
870057(177)
870004(156)
870006(147)
870007(128)
870009(154)
870027(115)
870172(143)
870179(140)
870190(116)
870238(136)
870257(145)
870348(152)
870393(137)
870397(146)
870401(163)
870406(118)
870271(134)
870285(163)
870309(161)
870310(145)
870321(188)
870108(169)
870109(151)
870120(176)
870130(208)
870147(214)
870151(223)
870161(167)
870175(189)
870180(179)
870186(170)
870079(159)
870084(190)
870085(158)
870087(191)
870094(186)
870003(192)
870010(197)
870018(201)
870020(225)
870025(213)
870037(161)
870042(161)
870049(187)
870050(183)
870063(222)
870195(189)
870196(167)
870198(182)
870206(145)
870210(228)
870343(207)
870349(174)
870395(178)
870396(207)
870409(188)
870421(150)
870430(171)
870432(179)
870302(164)
870312(176)
870319(200)
870329(180)
870334(210)
870216(180)
870220(175)
870248(200)
870249(201)
870274(186)
870286(176)
870287(164)
870290(148)
870298(184)
870299(223)
870441(298)
870418(235)
870419(207)
870424(211)
870433(207)
870437(236)
870102(202)
870111(195)
870119(262)
870121(244)
870125(252)
870127(272)
870128(193)
870133(234)
870136(246)
870148(252)
870149(249)
870177(265)
870194(245)
870197(222)
870209(269)
870001(199)
870012(247)
870019(278)
870032(224)
870033(195)
870040(294)
870052(226)
870055(249)
870060(206)
870062(238)
870065(258)
870074(217)
870080(287)
870091(247)
870101(215)
870215(200)
870224(245)
870241(239)
870243(220)
870245(254)
870326(211)
870327(251)
870337(228)
870341(248)
870346(185)
870355(212)
870360(251)
870363(252)
870365(290)
870370(292)
870379(260)
870384(245)
870389(212)
870399(253)
870414(208)
870246(310)
870269(231)
870279(255)
870280(244)
870283(250)
870293(300)
870295(257)
870297(250)
870300(234)
870307(254)
870313(262)
870314(252)
870315(217)
870317(256)
870324(191)
870386(340)
870387(327)
870388(338)
870390(296)
870391(382)
870392(336)
870394(407)
870400(342)
870402(342)
870403(342)
870369(277)
870374(265)
870375(288)
870376(359)
870377(362)
870378(375)
870381(378)
870382(445)
870383(285)
870385(388)
870426(328)
870427(355)
870428(287)
870434(304)
870435(286)
870438(392)
870439(341)
870404(308)
870405(323)
870408(355)
870410(300)
870411(320)
870412(308)
870413(274)
870415(365)
870417(354)
870423(292)
190
870901(322)
870904(377)
870905(385)
870907(315)
870908(390)
H.I Osmania Govt. Girls College
870659(17)
870662(38)
870672(22)
870673(23)
870684(32)
870706(27)
870658(74)
870689(46)
870697(54)
870703(69)
870707(66)
870720(51)
870726(53)
870681(99)
870685(109)
870693(118)
870695(89)
870702(84)
870704(98)
870708(115)
870718(87)
870719(78)
870721(113)
870725(83)
870727(121)
870656(127)
870664(167)
870671(138)
870676(154)
870698(110)
870700(90)
870705(150)
870713(130)
870715(167)
870717(139)
870729(136)
870657(181)
870668(146)
870669(158)
870675(138)
870678(198)
870692(189)
870709(252)
870714(232)
870728(153)
870711(211)
870722(210)
870652(184)
870653(231)
870655(194)
870663(239)
870674(229)
870677(224)
870687(227)
870688(247)
870694(201)
870699(226)
870666(253)
870667(292)
870670(276)
870679(304)
870680(291)
870651(252)
870654(242)
870660(275)
870661(236)
870665(224)
870710(359)
870723(290)
870724(261)
870682(334)
870683(356)
870686(342)
870690(293)
870701(273)
Govt. Girls Degree College KMC Park Liaquatabad
870100(31)
870106(33)
870214(26)
870422(35)
870447(37)
870254(63)
870255(57)
870258(62)
870262(66)
870342(53)
870056(49)
870076(36)
870116(43)
870134(72)
870221(59)
870442(73)
870445(66)
870372(68)
870373(44)
870398(54)
870416(48)
870440(47)
870174(100)
870189(127)
870191(94)
870192(81)
870201(77)
870008(105)
870045(77)
870073(101)
870089(75)
870114(86)
870316(103)
870330(79)
870339(117)
870380(115)
870429(104)
870202(107)
870218(91)
870260(98)
870265(119)
870267(99)
870420(162)
870425(144)
870431(131)
870436(118)
870443(145)
191
871007(196)
871013(207)
871014(189)
871029(164)
871033(191)
871041(166)
871050(182)
871056(186)
871069(206)
871074(180)
870906(160)
870913(210)
870916(193)
870925(227)
870953(189)
870968(178)
870978(166)
870980(192)
870992(166)
870994(189)
871077(191)
871078(175)
871085(186)
871110(176)
871113(202)
871114(211)
871118(173)
871120(194)
871130(168)
871132(182)
870956(241)
870957(224)
870961(225)
870972(284)
870973(289)
870986(228)
870993(245)
871001(211)
871008(235)
871015(261)
870940(253)
870942(267)
870943(236)
870944(195)
870947(233)
870902(234)
870909(248)
870912(252)
870915(251)
870917(239)
870923(237)
870926(272)
870933(227)
870934(210)
870936(262)
871134(225)
871138(218)
871140(236)
871144(254)
871150(255)
871175(252)
871177(227)
871188(269)
871191(202)
871100(228)
871119(253)
871124(229)
871125(195)
871129(241)
871017(246)
871022(245)
871035(253)
871046(219)
871062(245)
871071(269)
871072(206)
871083(244)
871097(254)
871099(224)
871174(251)
871178(318)
871179(319)
871180(328)
871181(294)
871182(289)
871183(274)
871185(329)
871190(301)
871193(301)
871016(292)
871018(254)
871019(298)
871023(241)
871024(354)
871005(342)
871006(360)
871009(329)
871010(353)
871012(311)
871025(365)
871031(365)
871032(298)
871034(319)
871037(289)
871044(235)
871051(354)
871053(279)
871054(325)
871055(347)
871038(290)
871039(319)
871040(382)
871042(360)
871043(290)
870990(327)
870991(314)
870996(327)
871002(260)
871004(343)
870921(390)
870922(271)
870924(376)
870927(357)
870928(314)
870910(273)
870914(294)
870918(364)
870919(331)
870920(314)
870930(354)
870931(327)
870932(259)
870937(335)
870938(274)
870969(344)
870971(319)
870984(356)
870987(355)
870989(302)
870939(313)
870954(362)
870962(325)
870964(314)
870967(275)
871057(290)
871058(298)
871059(300)
871060(327)
871061(316)
871146(311)
871148(315)
871149(272)
871151(374)
871152(353)
871133(319)
871135(407)
871136(338)
871142(282)
871143(264)
871153(298)
871154(352)
871155(357)
871157(308)
871158(270)
871166(350)
871167(355)
871168(282)
871170(277)
871173(288)
871160(371)
871162(343)
871163(286)
871164(327)
871165(296)
871122(326)
871123(326)
871127(291)
871128(313)
871131(250)
871073(317)
871075(234)
871082(298)
871084(291)
871087(348)
871063(302)
871064(342)
871065(327)
871067(336)
871070(321)
871088(368)
871089(317)
871092(312)
871094(269)
871095(338)
871106(355)
871107(306)
871111(351)
871115(310)
871121(312)
871096(368)
871101(283)
871102(272)
871103(338)
871105(365)
192
871409(207)
871410(262)
871411(256)
871413(255)
871416(203)
871420(204)
871427(268)
871432(193)
871436(288)
871444(218)
871394(212)
871398(253)
871401(238)
871403(200)
871408(294)
871354(264)
871355(195)
871357(233)
871358(226)
871363(217)
871381(237)
871384(211)
871387(195)
871392(224)
871393(242)
871515(183)
871519(219)
871530(200)
871540(184)
871542(206)
871476(235)
871483(251)
871499(214)
871504(218)
871505(209)
871445(250)
871447(265)
871448(229)
871449(231)
871452(229)
871454(234)
871457(230)
871463(217)
871469(238)
871472(234)
871470(345)
871471(328)
871473(235)
871474(296)
871478(272)
871484(271)
871486(263)
871487(305)
871490(325)
871491(297)
871440(218)
871446(269)
871453(289)
871465(280)
871466(357)
871385(282)
871396(284)
871406(319)
871407(266)
871417(262)
871419(242)
871423(287)
871425(285)
871431(230)
871439(297)
871543(303)
871548(267)
871554(266)
871555(282)
871559(306)
871565(297)
871566(293)
871585(305)
871587(302)
871521(289)
871522(280)
871528(346)
871531(331)
871539(379)
871492(258)
871493(376)
871494(315)
871503(278)
871507(272)
871510(346)
871511(272)
871512(213)
871516(288)
871518(245)
871361(330)
871362(294)
871368(277)
871371(313)
871380(290)
Riaz Govt. Girls College Liaquatabad No. 10
870929(28)
870949(27)
870960(31)
870985(34)
871093(24)
871171(25)
870958(70)
870965(46)
870970(90)
870974(51)
870999(64)
870935(96)
870946(60)
870948(72)
870952(78)
870955(60)
871104(85)
871156(71)
871011(52)
871020(75)
871026(67)
871052(78)
871098(59)
870976(75)
870977(89)
870982(94)
870995(105)
870998(102)
870903(116)
870951(84)
870959(91)
870966(94)
870975(90)
871086(102)
871091(115)
871145(85)
871172(63)
871189(99)
871003(105)
871028(107)
871076(97)
871080(126)
871081(122)
870981(159)
870988(101)
870997(136)
871000(119)
871027(151)
870941(154)
870945(133)
870950(145)
870963(171)
870979(188)
871109(137)
871126(157)
871139(133)
871184(131)
871030(152)
871045(123)
871048(137)
871090(152)
871108(159)
871137(170)
871141(158)
871147(208)
871159(242)
871169(178)
871186(189)
871192(166)
193
871718(308)
871720(424)
871721(317)
871722(250)
871723(323)
871724(373)
871725(339)
871726(372)
871727(281)
871728(336)
871712(404)
871713(309)
871714(323)
871715(395)
871716(313)
871702(317)
871703(376)
871704(380)
871705(358)
871706(357)
871707(276)
871708(295)
871709(360)
871710(295)
871711(352)
871729(282)
871730(244)
871732(266)
871735(316)
871736(323)
871737(327)
871738(431)
871739(309)
871740(383)
871741(446)
871742(381)
871743(373)
871744(445)
871745(383)
871746(458)
Sir Syed Govt. Girls College Nazimabad
871353(22)
871360(34)
871366(39)
871391(21)
871437(20)
871441(30)
871442(25)
871456(36)
871501(34)
871526(20)
871556(17)
871389(63)
871390(60)
871433(60)
871497(79)
871514(60)
871351(68)
871352(57)
871367(62)
871372(40)
871373(60)
871569(54)
871538(57)
871545(66)
871557(62)
871563(68)
871564(60)
871560(86)
871567(77)
871580(91)
871583(108)
871482(128)
871509(96)
871534(91)
871552(97)
871553(79)
871369(108)
871374(83)
871379(84)
871395(108)
871399(111)
871422(125)
871438(88)
871458(81)
871461(92)
871462(78)
871464(118)
871467(108)
871479(131)
871480(103)
871481(103)
871498(131)
871500(128)
871506(150)
871532(145)
871535(151)
871426(151)
871430(104)
871450(123)
871475(98)
871489(124)
871382(147)
871383(132)
871388(105)
871405(135)
871418(168)
871581(146)
871584(120)
871570(142)
871571(167)
871573(143)
871578(117)
871579(119)
871536(120)
871537(121)
871547(113)
871550(147)
871562(151)
871402(230)
871404(193)
871412(185)
871414(209)
871415(181)
871421(168)
871424(174)
871428(195)
871429(163)
871434(160)
871356(199)
871359(165)
871364(181)
871365(188)
871375(164)
871376(164)
871377(164)
871378(173)
871386(164)
871400(200)
871443(146)
871451(176)
871455(174)
871460(186)
871477(191)
871529(188)
871551(158)
871558(190)
871568(195)
871572(203)
871575(143)
871577(192)
871488(171)
871495(192)
871496(163)
871502(227)
871508(186)
871513(215)
871520(159)
871523(142)
871524(139)
871525(170)
871544(218)
871549(220)
871561(219)
871574(212)
871586(242)
194
872005(381)
872006(387)
872007(430)
872009(294)
872011(372)
871998(400)
871999(406)
872000(413)
872001(398)
872002(267)
872012(379)
872013(397)
872014(310)
872015(274)
872016(340)
872023(463)
872024(414)
872026(342)
872027(351)
872028(298)
872017(284)
872018(462)
872019(363)
872021(329)
872022(443)
871992(440)
871994(306)
871995(327)
871996(342)
871997(370)
871947(314)
871948(374)
871954(430)
871956(344)
871959(396)
871960(397)
871963(479)
871964(339)
871965(338)
871966(379)
871980(353)
871981(413)
871986(416)
871987(278)
871990(370)
871967(278)
871971(314)
871973(309)
871974(291)
871975(268)
872029(361)
872030(273)
872032(323)
872033(368)
872034(321)
872079(377)
872080(409)
872081(404)
872082(402)
872083(344)
872073(341)
872074(439)
872075(346)
872077(335)
872078(448)
872086(342)
872089(346)
872090(466)
872091(405)
872092(419)
872064(337)
872065(394)
872066(277)
872067(387)
872069(394)
872042(388)
872043(350)
872045(395)
872046(352)
872047(313)
872035(335)
872036(373)
872037(284)
872038(369)
872039(383)
872048(438)
872049(426)
872050(298)
872051(397)
872052(302)
872059(272)
872060(374)
872061(433)
872062(324)
872063(458)
872053(318)
872054(425)
872055(382)
872056(305)
872058(292)
871790(381)
871791(267)
871792(418)
871793(413)
871794(308)
871780(297)
871783(347)
871784(455)
871787(326)
871789(344)
871795(262)
871797(311)
871799(376)
871800(316)
871801(315)
871809(367)
871811(425)
871812(277)
871813(341)
871814(312)
871803(395)
871804(283)
871805(325)
871806(319)
871808(407)
871774(272)
871776(434)
871777(293)
871778(384)
871779(334)
871747(319)
871749(412)
871750(289)
871752(345)
871753(320)
871934(378)
871937(293)
871938(348)
871939(401)
871942(314)
871754(356)
871755(474)
871756(283)
871758(350)
871759(291)
871768(374)
871770(441)
871771(371)
871772(344)
871773(327)
871760(433)
871761(331)
871762(342)
871766(340)
871767(385)
871815(301)
871818(322)
871820(326)
871825(301)
871830(374)
871891(406)
871894(409)
871897(372)
871900(365)
871902(393)
871883(303)
871884(238)
871885(351)
871886(341)
871890(451)
871903(316)
871904(484)
871906(398)
871909(415)
871910(351)
871923(428)
871924(418)
871931(357)
871932(365)
871933(332)
871913(302)
871917(217)
871919(396)
871921(307)
871922(358)
871873(350)
871874(282)
871875(345)
871879(362)
871880(355)
871840(270)
871841(353)
871845(319)
871847(290)
871848(315)
871831(378)
871833(316)
871834(365)
871836(315)
871837(303)
871849(325)
871850(337)
871851(264)
871852(344)
871853(322)
871866(339)
871867(425)
871869(386)
871870(378)
871872(350)
871858(333)
871859(422)
871860(377)
871862(327)
871864(224)
195
872407(376)
872408(426)
872409(316)
872410(331)
872412(270)
872401(425)
872403(339)
872404(331)
872405(307)
872406(224)
872413(377)
872414(361)
872415(398)
872416(311)
872417(349)
Jinnah Intermediate College for Girls
871748(36)
871929(18)
871775(73)
871788(67)
871842(59)
871905(73)
871908(87)
871915(64)
872106(60)
871781(99)
871824(101)
871843(109)
871892(97)
871936(66)
871950(108)
871976(105)
872041(99)
872085(153)
872100(80)
871887(133)
871888(152)
871898(180)
871907(127)
871914(147)
871717(149)
871763(160)
871785(144)
871810(151)
871876(127)
871978(137)
872010(135)
872020(114)
872097(149)
871925(129)
871926(144)
871944(153)
871946(128)
871962(127)
871972(165)
871985(201)
872008(225)
872057(208)
872070(181)
872071(225)
872088(129)
872109(200)
871822(169)
871823(190)
871826(175)
871827(158)
871828(203)
871701(193)
871757(210)
871765(155)
871782(178)
871807(200)
871940(161)
871943(212)
871951(184)
871957(191)
871961(223)
871854(219)
871863(170)
871865(165)
871895(197)
871901(191)
871857(218)
871861(291)
871868(269)
871871(308)
871877(265)
871878(210)
871881(246)
871882(253)
871889(239)
871893(265)
871896(237)
871899(226)
871911(259)
871912(257)
871916(213)
871839(196)
871844(210)
871846(334)
871855(205)
871856(213)
871731(265)
871734(309)
871751(289)
871764(246)
871786(234)
871796(240)
871798(237)
871802(287)
871817(289)
871819(259)
871821(231)
871829(224)
871832(243)
871835(227)
871838(285)
871993(204)
872003(245)
872004(237)
872025(192)
872031(259)
872040(224)
872068(257)
872072(240)
872076(297)
872084(270)
872087(277)
872098(267)
872111(223)
871982(234)
871983(238)
871988(229)
871989(207)
871991(211)
871918(209)
871927(248)
871928(232)
871930(267)
871935(200)
871945(251)
871952(232)
871953(308)
871955(274)
871958(229)
871968(200)
871969(255)
871970(267)
871977(290)
871979(241)
872093(297)
872094(331)
872095(315)
872096(283)
872099(288)
872101(360)
872102(390)
872103(438)
872105(415)
872107(357)
872108(437)
872110(395)
196
872561(225)
872563(225)
872573(223)
872575(270)
872578(242)
872579(229)
872582(256)
872590(244)
872594(264)
872614(252)
872543(239)
872548(256)
872551(220)
872559(263)
872560(215)
872504(199)
872505(207)
872506(222)
872514(248)
872518(203)
872528(216)
872539(206)
872540(251)
872541(217)
872542(227)
872676(190)
872683(212)
872685(216)
872690(218)
872691(207)
872693(194)
872655(223)
872660(240)
872667(262)
872673(250)
872674(238)
872615(203)
872616(256)
872620(244)
872630(207)
872633(258)
872634(250)
872635(185)
872641(212)
872645(244)
872651(215)
872622(283)
872638(344)
872639(288)
872640(256)
872644(297)
872647(278)
872649(316)
872650(302)
872652(270)
872654(244)
872605(284)
872606(273)
872607(252)
872608(286)
872609(321)
872610(272)
872611(253)
872613(298)
872618(286)
872619(348)
872675(334)
872677(283)
872684(257)
872686(290)
872687(247)
872689(245)
872656(293)
872657(283)
872658(245)
872659(323)
872661(306)
872662(306)
872663(253)
872665(296)
872669(334)
872670(287)
872592(255)
872593(360)
872597(294)
872599(336)
872602(337)
872529(288)
872530(308)
872531(307)
872537(315)
872538(369)
872516(257)
872519(413)
872520(355)
872521(330)
872522(332)
872503(297)
872507(319)
872512(297)
872513(295)
872515(251)
872571(281)
872580(338)
872587(315)
872588(314)
872591(358)
872556(284)
872557(282)
872564(321)
872569(277)
872570(327)
872547(292)
872550(333)
872553(376)
872554(342)
872555(284)
Shaheed Flying Officer Marium Mukhtar Govt. Girls College
872411(153)
872418(334)
872419(333)
872420(358)
872421(388)
872422(420)
872423(455)
872424(321)
197
873017(71)
873019(62)
873025(51)
873037(56)
873043(64)
873045(55)
873046(82)
873051(40)
873057(70)
873063(55)
873006(95)
873008(118)
873011(116)
873015(84)
873024(94)
873034(108)
873040(95)
873041(77)
873059(78)
873064(101)
873001(112)
873018(130)
873022(150)
873027(103)
873036(118)
873053(141)
873068(122)
873004(151)
873014(168)
873016(172)
873026(175)
873033(167)
873047(155)
873056(185)
873060(188)
873066(180)
873067(178)
873007(289)
873020(252)
873029(205)
873030(232)
873032(187)
873048(231)
873049(198)
873050(211)
873052(231)
873058(221)
873061(220)
873062(214)
873065(228)
873002(440)
873003(344)
873005(314)
873012(296)
873023(370)
873028(277)
873038(327)
873042(279)
873044(325)
873054(310)
Govt Girls Inter Sc./Arts College Moosa Lane, Lyari
872517(23)
872617(28)
872696(25)
872532(71)
872536(91)
872544(60)
872558(60)
872601(52)
872625(78)
872627(43)
872628(53)
872664(68)
872668(77)
872682(54)
872700(79)
872703(48)
872501(123)
872545(103)
872621(87)
872624(102)
872637(109)
872642(126)
872671(77)
872681(73)
872688(94)
872695(104)
872698(102)
872525(147)
872533(138)
872534(148)
872552(144)
872574(136)
872508(129)
872509(129)
872511(132)
872523(137)
872524(149)
872577(123)
872583(176)
872584(118)
872585(162)
872589(157)
872679(110)
872680(117)
872694(127)
872701(135)
872706(135)
872598(149)
872629(154)
872632(159)
872653(122)
872678(114)
872595(185)
872596(220)
872600(173)
872603(204)
872604(179)
872565(182)
872567(187)
872568(174)
872572(170)
872586(190)
872510(168)
872527(175)
872535(194)
872549(174)
872562(181)
872707(187)
872708(189)
872648(186)
872666(209)
872672(163)
872699(190)
872702(163)
872612(192)
872623(191)
872631(192)
872643(177)
872646(191)
198
873356(171)
873357(170)
873364(178)
873366(190)
873367(172)
873322(170)
873323(204)
873332(179)
873341(182)
873355(201)
873254(159)
873260(200)
873264(162)
873297(178)
873319(161)
873315(212)
873324(282)
873325(283)
873331(227)
873340(240)
873344(236)
873345(253)
873346(253)
873359(223)
873360(246)
873263(205)
873276(235)
873288(195)
873290(189)
873292(237)
873298(275)
873299(188)
873303(199)
873305(209)
873308(228)
873393(233)
873410(253)
873426(224)
873438(264)
873441(281)
873443(206)
873451(223)
873453(204)
873361(228)
873362(243)
873363(245)
873368(256)
873371(261)
873372(254)
873377(233)
873383(283)
873385(229)
873388(323)
873336(390)
873337(341)
873347(289)
873354(243)
873358(269)
873318(291)
873330(342)
873333(241)
873334(345)
873335(297)
873296(264)
873306(302)
873314(316)
873316(261)
873317(388)
873365(302)
873369(305)
873380(363)
873382(356)
873390(391)
873434(275)
873435(243)
873440(381)
873444(290)
873423(399)
873427(278)
873429(295)
873430(274)
873433(465)
873391(305)
873398(376)
873399(315)
873403(320)
873422(357)
873268(362)
873274(296)
873278(369)
873293(296)
873294(271)
873251(328)
873252(344)
873258(315)
873266(352)
873267(348)
Raunaq-e-Islam Govt. Girls College
873154(27)
873167(40)
873172(17)
873175(38)
873177(26)
873151(57)
873159(50)
873165(69)
873171(61)
873173(74)
873163(80)
873176(104)
873152(123)
873178(127)
873153(237)
873161(194)
873174(233)
873156(231)
873158(412)
873160(371)
873162(346)
873164(335)
873166(385)
873170(311)
Govt. Degree Girls College Punjabi Club, Kharadar
873009(26)
873010(20)
873021(17)
873031(31)
873055(18)
873069(24)
199
873664(188)
873669(150)
873670(159)
873673(137)
873676(157)
873601(144)
873619(106)
873624(169)
873655(192)
873661(140)
873612(175)
873613(157)
873634(177)
873635(175)
873636(195)
873654(191)
873657(203)
873684(169)
873685(213)
873688(177)
873695(187)
873698(183)
873714(184)
873724(154)
873639(251)
873642(203)
873646(244)
873672(215)
873680(230)
873604(195)
873608(220)
873625(219)
873629(224)
873633(212)
873721(266)
873697(234)
873700(262)
873710(200)
873713(199)
873716(217)
873637(330)
873644(282)
873653(294)
873660(366)
873665(397)
873605(304)
873622(336)
873623(354)
873628(278)
873631(279)
873692(221)
873693(284)
873720(334)
873722(218)
873674(438)
873677(269)
873678(252)
873679(369)
873687(236)
Shaheed Benazir Bhutto Govt. Degree Girls College Lyari
873283(42)
873286(21)
873304(35)
873309(21)
873326(19)
873342(26)
873454(36)
873259(28)
873270(24)
873277(22)
873280(32)
873281(23)
873311(38)
873312(59)
873327(76)
873339(67)
873348(79)
873271(67)
873272(72)
873273(75)
873279(61)
873300(48)
873350(88)
873376(64)
873397(71)
873400(86)
873412(73)
873445(85)
873449(65)
873413(74)
873425(50)
873428(65)
873436(72)
873437(57)
873320(100)
873352(123)
873353(107)
873394(136)
873395(113)
873275(93)
873284(110)
873301(90)
873307(98)
873310(92)
873256(109)
873257(84)
873261(84)
873265(94)
873269(104)
873446(107)
873418(115)
873419(107)
873431(101)
873439(130)
873442(117)
873396(101)
873401(94)
873402(105)
873404(126)
873414(91)
873321(143)
873328(125)
873343(162)
873349(137)
873351(174)
873253(139)
873255(160)
873287(114)
873295(151)
873313(136)
873417(136)
873421(134)
873432(122)
873450(150)
873452(147)
873373(121)
873381(171)
873387(148)
873409(116)
873415(139)
873370(202)
873375(206)
873378(148)
873379(164)
873386(215)
873389(193)
873392(190)
873405(195)
873408(165)
873416(174)
873447(164)
200
873971(209)
873972(211)
873982(168)
873992(208)
874001(220)
874013(185)
874068(165)
874021(263)
874022(271)
874023(207)
874024(262)
874025(266)
873960(267)
873976(268)
873978(242)
873988(215)
874014(219)
874054(219)
874055(270)
874057(317)
874062(220)
874078(218)
874027(246)
874032(281)
874033(285)
874036(246)
874051(218)
874006(378)
874007(404)
874008(278)
874009(300)
874010(410)
874011(313)
874012(319)
874016(319)
874017(329)
874018(355)
874019(377)
874020(418)
874026(341)
874028(431)
874029(287)
873985(414)
873986(407)
873989(354)
873990(429)
873991(356)
873993(295)
873994(355)
873995(312)
873996(339)
873998(305)
873999(313)
874000(392)
874002(421)
874004(456)
874005(314)
874061(392)
874065(299)
874067(331)
874069(449)
874070(301)
874072(387)
874073(304)
874074(432)
874075(439)
874076(426)
874077(280)
874079(271)
874080(281)
874081(312)
874031(276)
874034(323)
874035(317)
874037(239)
874038(272)
874039(334)
874040(298)
874042(350)
874044(296)
874045(303)
874047(397)
874048(328)
874049(419)
874052(429)
874053(363)
873975(383)
873979(300)
873980(264)
873981(269)
873984(380)
873956(421)
873957(357)
873958(383)
873959(351)
873961(293)
873951(417)
873952(377)
873953(396)
873954(316)
873955(313)
873967(286)
873968(260)
873970(368)
873973(314)
873974(332)
873962(418)
873963(351)
873964(347)
873965(432)
873966(317)
K.M.A. Girls Degree College
873606(42)
873610(35)
873638(19)
873658(24)
873671(24)
873681(35)
873691(27)
873696(34)
873699(25)
873648(89)
873650(73)
873652(57)
873662(61)
873668(57)
873618(55)
873621(65)
873626(74)
873640(72)
873641(63)
873709(65)
873711(60)
873717(45)
873725(66)
873701(61)
873702(59)
873703(69)
873704(71)
873706(62)
873627(135)
873632(110)
873647(112)
873649(129)
873656(90)
873607(124)
873611(86)
873614(80)
873616(120)
873620(103)
873705(90)
873708(100)
873659(99)
873663(95)
873666(112)
873682(93)
873683(130)
873686(146)
873689(160)
873690(152)
873694(146)
873707(140)
873715(125)
873723(126)
873727(134)
873728(113)
873729(103)
873730(133)
201
874721(214)
874723(222)
874730(221)
874738(191)
874744(224)
874747(232)
874749(238)
874766(264)
874770(190)
874772(262)
874773(267)
874788(173)
874793(223)
874795(200)
874798(212)
874681(244)
874688(219)
874690(265)
874709(240)
874714(275)
874605(204)
874609(251)
874614(196)
874616(194)
874617(206)
874623(238)
874624(257)
874641(193)
874643(214)
874657(236)
874660(244)
874661(225)
874664(267)
874667(263)
874671(239)
874874(226)
874877(214)
874878(202)
874880(275)
874885(230)
874803(268)
874804(257)
874806(207)
874807(259)
874808(255)
874824(203)
874832(202)
874833(256)
874838(191)
874842(238)
874858(219)
874859(250)
874863(216)
874865(199)
874873(199)
874917(401)
874918(350)
874919(360)
874921(309)
874922(326)
874924(316)
874932(338)
874934(222)
874940(355)
874968(245)
874888(293)
874892(261)
874893(322)
874894(350)
874896(285)
874899(350)
874900(382)
874911(365)
874914(324)
874915(345)
875034(271)
875042(337)
875043(271)
875062(264)
875084(236)
875090(363)
874970(263)
874979(290)
874981(354)
874990(308)
874991(344)
875002(369)
875004(316)
875023(302)
875032(320)
875033(392)
874843(366)
874844(295)
874853(279)
874869(360)
874871(261)
874676(320)
874684(269)
874685(278)
874686(290)
874695(263)
874700(315)
874707(374)
874708(300)
874711(308)
874712(288)
874662(223)
874670(279)
874672(294)
874673(318)
874674(409)
874608(294)
874612(271)
874619(322)
874620(326)
874621(386)
874634(271)
874636(248)
874651(269)
874653(330)
874656(372)
874725(311)
874727(369)
874732(233)
874741(326)
874745(285)
874811(295)
874812(319)
874815(266)
874820(295)
874823(254)
874826(341)
874828(250)
874830(349)
874831(328)
874835(349)
874789(328)
874796(271)
874799(309)
874800(343)
874805(264)
874748(356)
874750(328)
874751(320)
874753(300)
874758(270)
874763(321)
874767(408)
874775(346)
874782(277)
874785(206)
Govt. College For Women Saudabad
874063(45)
874050(56)
873977(126)
874041(105)
874056(102)
874059(116)
873969(108)
873983(128)
873997(129)
874030(160)
874043(125)
874046(145)
874058(116)
874060(131)
874071(139)
202
874704(84)
874722(96)
874729(93)
874734(90)
874740(83)
874742(91)
874752(129)
874761(128)
874762(111)
874769(88)
874668(113)
874693(83)
874694(94)
874702(85)
874703(76)
874603(97)
874606(95)
874626(101)
874629(88)
874631(101)
874632(99)
874638(108)
874649(113)
874650(79)
874665(95)
874771(97)
874777(81)
874778(86)
874814(103)
874827(105)
874845(95)
874848(114)
874851(90)
874855(88)
874870(98)
874764(167)
874765(125)
874768(158)
874780(111)
874784(101)
874813(138)
874816(136)
874817(142)
874819(145)
874825(135)
874857(121)
874864(165)
874866(127)
874881(164)
874883(141)
874601(114)
874604(121)
874607(109)
874613(151)
874652(157)
874655(141)
874659(130)
874679(117)
874683(112)
874692(127)
874697(114)
874699(128)
874718(113)
874726(157)
874759(165)
875019(119)
875040(197)
875057(116)
875067(146)
875068(145)
875074(116)
875077(133)
875080(115)
875081(118)
875083(132)
875088(131)
874884(131)
874890(155)
874891(144)
874903(116)
874928(131)
874929(134)
874939(128)
874944(118)
874945(132)
874947(107)
874960(133)
874978(130)
874995(150)
875003(128)
875015(117)
874737(160)
874743(161)
874746(246)
874755(196)
874779(143)
874724(192)
874728(192)
874733(155)
874735(214)
874736(184)
874802(162)
874810(147)
874818(155)
874821(177)
874822(176)
874786(163)
874790(185)
874792(204)
874794(147)
874801(164)
874644(164)
874658(181)
874663(162)
874666(202)
874669(174)
874610(193)
874615(154)
874618(171)
874635(170)
874642(179)
874696(200)
874698(149)
874706(149)
874713(160)
874719(176)
874675(155)
874677(196)
874680(185)
874682(178)
874689(187)
875013(175)
875014(182)
875016(173)
875018(166)
875022(171)
874961(166)
874982(167)
874987(147)
874996(203)
875005(146)
875086(164)
875028(164)
875031(169)
875049(161)
875055(172)
875056(180)
874847(173)
874867(159)
874868(162)
874875(192)
874879(161)
874834(183)
874839(160)
874840(177)
874841(159)
874846(174)
874927(159)
874931(161)
874933(186)
874938(183)
874959(163)
874889(187)
874898(226)
874906(193)
874913(196)
874920(175)
874923(276)
874926(216)
874930(211)
874935(237)
874941(220)
874897(255)
874905(266)
874910(214)
874912(250)
874916(261)
874952(189)
874954(248)
874963(214)
874971(217)
874983(217)
875035(264)
875036(237)
875063(207)
875064(205)
875071(257)
874999(227)
875007(238)
875009(229)
875027(221)
875029(218)
203
875418(76)
875424(69)
875437(54)
875440(49)
875444(56)
875402(97)
875405(70)
875406(83)
875407(112)
875408(72)
875413(90)
875427(105)
875435(63)
875439(87)
875422(150)
875433(136)
875441(119)
875403(186)
875412(175)
875416(163)
875430(165)
875432(166)
875434(153)
875436(195)
875401(193)
875420(219)
875423(224)
875426(193)
875438(188)
875409(250)
875410(290)
875415(262)
875417(260)
875419(309)
875425(249)
875429(266)
875431(262)
875442(257)
Govt. Girls Comm/Arts College, C-1 Area, Malir
874974(36)
874975(19)
874984(19)
874992(28)
875020(23)
875038(26)
875048(20)
875052(19)
875059(21)
875078(25)
875082(18)
874705(25)
874715(24)
874720(18)
874731(22)
874781(17)
874602(38)
874611(18)
874628(40)
874633(24)
874678(33)
874948(21)
874949(22)
874950(39)
874969(17)
874973(20)
874836(24)
874837(25)
874904(28)
874942(28)
874943(23)
874787(40)
874797(67)
874809(54)
874849(47)
874850(80)
874854(77)
874856(58)
874861(59)
874862(49)
874901(46)
874907(58)
874908(38)
874909(85)
874925(54)
874936(57)
874627(53)
874630(60)
874637(52)
874639(86)
874640(61)
874646(55)
874647(44)
874648(62)
874687(65)
874691(40)
874739(43)
874754(57)
874760(54)
874774(41)
874783(38)
875045(42)
875046(77)
875050(51)
875051(38)
875053(62)
875060(43)
875065(64)
875066(40)
875075(43)
875079(42)
875085(53)
875089(54)
874946(56)
874951(113)
874953(63)
874957(52)
874958(50)
874964(46)
874966(45)
874967(65)
874985(47)
874988(50)
874997(53)
875010(48)
875024(49)
875037(52)
875039(42)
874902(85)
874955(92)
874962(84)
874965(125)
874976(93)
874872(101)
874882(98)
874886(105)
874887(96)
874895(80)
874986(110)
874989(91)
874998(111)
875000(93)
875001(71)
875047(87)
875061(78)
875073(76)
875008(95)
875011(109)
875012(92)
875030(100)
875044(84)
204
875894(273)
875895(308)
875901(274)
875902(277)
875903(415)
875904(356)
875907(263)
875909(253)
875911(337)
875915(317)
875877(295)
875881(278)
875890(325)
875892(362)
875893(330)
875851(271)
875852(331)
875855(350)
875857(263)
875860(435)
875865(302)
875867(293)
875868(354)
875871(355)
875876(386)
875919(273)
875924(301)
875930(235)
875933(306)
875935(413)
875936(292)
875939(373)
875941(282)
875942(282)
875943(349)
Liaquat Govt. College
875667(56)
875722(100)
875687(126)
875695(137)
875701(162)
875714(262)
875754(143)
875651(177)
875653(218)
875720(186)
875741(278)
875745(273)
875747(264)
875704(241)
875708(246)
875715(274)
875718(237)
875735(231)
875657(260)
875662(251)
875668(220)
875669(304)
875674(236)
875675(212)
875676(253)
875680(277)
875698(236)
875703(278)
875682(370)
875683(340)
875684(399)
875685(401)
875686(435)
875688(419)
875689(455)
875690(411)
875691(253)
875692(376)
875693(419)
875694(397)
875696(448)
875697(444)
875699(396)
875673(368)
875677(395)
875678(333)
875679(455)
875681(357)
875652(393)
875654(355)
875655(391)
875656(406)
875658(300)
875659(327)
875660(269)
875661(373)
875663(264)
875664(329)
875665(308)
875666(355)
875670(309)
875671(329)
875672(307)
875702(355)
875705(397)
875706(393)
875707(472)
875709(458)
875737(332)
875739(297)
875740(372)
875742(340)
875743(262)
875744(347)
875746(408)
875748(413)
875749(380)
875750(378)
875751(433)
875752(400)
875731(388)
875732(368)
875733(362)
875734(463)
875736(425)
875710(452)
875711(456)
875712(466)
875713(359)
875716(424)
875717(336)
875721(317)
875723(385)
875724(331)
875725(273)
875726(437)
875727(329)
875728(398)
875729(443)
875730(422)
Govt. Degree Science/Commerce College Malir Cantt.
875411(22)
875414(25)
875443(34)
205
876552(98)
876554(148)
876553(227)
876551(251)
876555(262)
876556(337)
876557(301)
876558(357)
876559(293)
876560(332)
876561(341)
876562(335)
876563(297)
876564(426)
Hawwa Jee Girls Colleges (Intermediate)
875913(42)
875953(49)
875959(20)
875963(23)
875965(36)
875859(64)
875921(56)
875973(59)
875977(77)
875982(62)
875995(56)
875999(46)
875962(93)
875970(117)
875974(104)
875980(102)
875981(81)
875983(106)
875984(100)
875993(99)
875994(111)
875898(86)
875922(128)
875923(93)
875949(91)
875950(82)
875866(144)
875874(148)
875882(121)
875887(114)
875891(126)
875916(157)
875931(150)
875937(129)
875940(144)
875952(145)
875991(111)
875992(181)
876001(110)
875896(187)
875897(199)
875908(184)
875912(168)
875920(173)
875861(206)
875864(180)
875880(193)
875888(221)
875889(196)
875955(147)
875979(196)
875986(197)
876000(178)
875928(183)
875929(192)
875932(164)
875946(201)
875951(181)
875875(270)
875878(274)
875879(212)
875883(195)
875885(246)
875863(223)
875869(253)
875870(263)
875872(239)
875873(269)
875853(216)
875854(255)
875856(206)
875858(261)
875862(195)
875886(287)
875899(253)
875900(266)
875905(237)
875906(192)
875997(211)
875934(204)
875938(266)
875944(254)
875945(215)
875947(217)
875910(216)
875914(210)
875917(253)
875918(229)
875925(228)
875966(432)
875967(362)
875968(399)
875971(371)
875972(378)
875948(297)
875954(338)
875956(331)
875957(255)
875964(380)
875989(249)
875975(361)
875976(279)
875978(297)
875985(304)
875987(334)
206
877066(105)
877068(104)
877071(92)
877072(94)
877083(91)
877024(85)
877025(103)
877032(97)
877049(120)
877059(128)
877004(89)
877010(107)
877015(115)
877018(96)
877021(125)
877086(87)
877088(103)
877095(94)
877109(115)
877115(74)
877047(155)
877062(122)
877063(105)
877067(138)
877069(157)
877082(108)
877085(146)
877089(104)
877106(177)
877107(132)
877002(116)
877008(142)
877009(171)
877011(155)
877012(159)
877013(147)
877014(135)
877034(155)
877041(149)
877044(147)
877111(126)
877112(139)
877117(163)
877129(136)
877130(156)
877200(143)
877201(125)
877202(139)
877204(130)
877212(142)
877214(164)
877226(148)
877232(134)
877251(132)
877264(138)
877134(104)
877138(122)
877147(108)
877151(138)
877157(120)
877158(115)
877167(115)
877171(113)
877172(136)
877173(135)
877123(130)
877124(155)
877133(188)
877153(191)
877155(179)
877092(185)
877096(183)
877097(220)
877098(174)
877118(168)
877169(184)
877175(163)
877176(147)
877182(195)
877198(173)
877260(143)
877266(174)
877273(168)
877206(218)
877229(207)
877230(219)
877235(203)
877257(159)
877048(167)
877050(191)
877073(173)
877087(178)
877090(163)
877016(208)
877022(170)
877026(171)
877029(185)
877042(163)
877056(236)
877057(247)
877058(314)
877084(221)
877093(190)
877120(277)
877126(204)
877142(268)
877145(246)
877156(275)
877001(242)
877005(227)
877020(248)
877023(268)
877027(249)
877031(242)
877033(248)
877038(199)
877040(238)
877045(239)
877227(237)
877228(235)
877240(235)
877246(240)
877248(213)
877250(250)
877256(217)
877265(249)
877168(239)
877178(226)
877199(258)
877203(269)
877208(258)
877215(280)
877219(282)
877220(229)
877223(260)
877225(279)
877046(281)
877091(212)
877099(376)
877104(295)
877121(255)
877006(337)
877019(304)
877035(287)
877036(252)
877037(250)
877127(284)
877132(366)
877177(358)
877179(319)
877183(340)
877255(270)
877261(317)
877262(219)
877209(283)
877217(284)
877218(280)
877231(261)
877242(265)
Govt. College For Women New Karachi 11-F
207
877511(19)
877515(24)
877521(22)
877523(26)
877525(23)
877534(25)
877539(19)
877554(33)
877516(53)
877522(53)
877529(60)
877535(41)
877538(60)
877551(51)
877501(91)
877504(120)
877542(80)
877543(106)
877545(84)
877502(148)
877509(133)
877517(136)
877526(134)
877546(143)
877552(115)
877508(174)
877512(170)
877524(190)
877527(170)
877528(173)
877536(175)
877544(165)
877510(268)
877532(176)
877548(209)
877549(193)
877503(404)
877505(297)
877506(345)
877513(253)
877518(255)
877519(272)
877530(281)
877531(258)
877533(270)
877537(288)
877540(318)
877550(384)
Govt. Degree Girls College, Surjani Town
877102(21)
877110(35)
877116(33)
877143(21)
877144(47)
877061(25)
877070(32)
877078(20)
877079(17)
877081(27)
877028(33)
877039(22)
877051(19)
877055(20)
877060(34)
877146(26)
877154(22)
877160(39)
877162(23)
877165(28)
877253(31)
877254(20)
877234(27)
877238(27)
877241(29)
877243(32)
877245(21)
877166(44)
877186(27)
877188(19)
877194(34)
877233(43)
877080(53)
877094(63)
877100(47)
877101(60)
877105(65)
877113(50)
877114(41)
877125(68)
877128(68)
877131(62)
877007(80)
877043(61)
877052(67)
877053(59)
877054(64)
877064(61)
877065(43)
877074(77)
877075(53)
877077(36)
877207(35)
877211(40)
877213(49)
877222(47)
877224(55)
877237(62)
877239(49)
877259(54)
877272(59)
877276(49)
877135(45)
877141(68)
877164(55)
877170(73)
877180(82)
877184(55)
877185(59)
877187(45)
877193(62)
877196(70)
877159(82)
877161(97)
877174(93)
877181(93)
877189(89)
877119(88)
877136(83)
877137(119)
877139(110)
877140(94)
877192(95)
877195(82)
877197(117)
877205(68)
877210(69)
877270(107)
877271(85)
877275(109)
877279(100)
877221(93)
877244(116)
877249(118)
877263(100)
877268(84)
208
877852(185)
877851(310)
877853(243)
877854(363)
Azeemi Public Higher Secondary School
877664(59)
877692(101)
877701(107)
877707(94)
877721(88)
877737(83)
877662(113)
877663(106)
877684(148)
877708(139)
877657(209)
877665(157)
877667(171)
877670(156)
877675(155)
877681(180)
877691(178)
877695(179)
877719(178)
877723(154)
877728(204)
877730(171)
877673(217)
877674(234)
877676(275)
877677(184)
877680(206)
877685(205)
877688(278)
877693(242)
877698(218)
877710(257)
877711(221)
877718(243)
877731(214)
877735(222)
877736(199)
877679(273)
877682(251)
877683(287)
877686(363)
877687(359)
877689(292)
877690(346)
877694(294)
877696(279)
877697(310)
877666(280)
877668(326)
877669(361)
877672(258)
877678(276)
877651(331)
877652(329)
877653(439)
877654(284)
877655(315)
877656(294)
877658(314)
877659(391)
877660(286)
877661(350)
877725(255)
877727(367)
877729(284)
877732(282)
877733(318)
877734(249)
877738(312)
877739(279)
877716(341)
877717(358)
877720(306)
877722(315)
877724(316)
877699(340)
877700(252)
877702(381)
877703(368)
877704(250)
877705(337)
877706(289)
877713(253)
877714(359)
877715(351)
Jan Muhammad Brohi Govt. Degree Girls College, Gulshan-e-Maymar
209
878475(237)
878481(189)
878485(254)
878489(247)
878492(208)
878501(185)
878528(213)
878534(222)
878538(226)
878542(237)
878448(220)
878453(203)
878460(274)
878464(266)
878466(239)
878401(216)
878409(252)
878410(292)
878414(225)
878422(225)
878427(203)
878435(250)
878437(218)
878440(267)
878447(228)
878553(231)
878557(208)
878559(237)
878565(244)
878570(246)
878631(183)
878635(179)
878640(200)
878641(231)
878652(233)
878571(214)
878572(209)
878604(221)
878610(208)
878611(255)
878618(239)
878620(251)
878622(228)
878623(249)
878626(239)
878628(292)
878634(285)
878654(281)
878657(380)
878660(281)
878663(335)
878676(307)
878681(299)
878687(237)
878688(358)
878619(304)
878621(296)
878624(330)
878625(277)
878627(277)
878594(319)
878598(261)
878599(241)
878602(290)
878607(305)
878608(254)
878609(300)
878612(378)
878613(282)
878616(294)
878691(313)
878694(332)
878698(341)
878704(356)
878711(270)
878741(382)
878743(380)
878744(301)
878747(306)
878748(335)
878755(292)
878756(288)
878769(252)
878731(317)
878732(396)
878736(391)
878737(378)
878740(304)
878713(289)
878715(371)
878717(311)
878721(385)
878722(353)
878723(296)
878724(287)
878727(370)
878729(296)
878730(351)
878452(315)
878457(357)
878458(356)
878459(379)
878461(363)
878444(385)
878445(308)
878446(407)
878449(285)
878451(376)
878463(311)
878467(246)
878468(277)
878471(268)
878472(292)
878483(310)
878486(309)
878487(251)
878490(326)
878491(260)
878473(291)
878474(320)
878478(290)
878479(394)
878482(305)
878411(289)
878412(291)
878416(321)
878418(252)
878421(319)
878402(393)
878403(368)
878404(371)
878407(343)
878408(277)
878423(305)
878424(282)
878425(301)
878428(348)
878429(377)
878436(284)
878438(358)
878439(356)
878441(325)
878442(319)
878430(361)
878431(300)
878432(336)
878433(360)
878434(399)
878493(265)
878497(296)
878498(292)
878500(308)
878502(245)
878555(314)
878556(388)
878560(292)
878561(272)
878567(303)
878545(292)
878547(318)
878548(387)
878550(322)
878552(223)
878568(276)
878573(237)
878575(252)
878576(404)
878579(359)
878587(326)
878588(352)
878589(256)
878592(267)
878593(223)
878580(343)
878581(391)
878583(238)
878585(253)
878586(276)
878512(349)
878514(259)
878517(314)
878518(274)
878519(308)
878503(300)
878504(286)
878507(320)
878508(309)
878510(286)
878521(248)
878522(252)
878523(290)
878524(404)
878525(290)
878533(283)
878535(265)
878539(299)
878541(350)
878544(276)
878526(253)
878527(368)
878530(352)
878531(302)
878532(327)
Abdullah Govt. College For Women North Nazimabad
210
878927(257)
878928(278)
878929(341)
878933(375)
878934(291)
878912(384)
878913(343)
878914(331)
878919(299)
878924(332)
878902(263)
878904(254)
878906(249)
878910(379)
878911(314)
Govt. Degree College For Women Block-M, North Nazimabad
878417(22)
878469(19)
878505(17)
878574(30)
878644(33)
878645(23)
878647(40)
878649(27)
878699(17)
878764(44)
878765(42)
878563(71)
878569(61)
878577(48)
878578(47)
878597(83)
878413(66)
878443(53)
878455(76)
878495(68)
878496(42)
878630(87)
878659(62)
878666(56)
878670(77)
878682(63)
878770(66)
878695(74)
878707(46)
878738(57)
878739(49)
878757(69)
878562(93)
878600(101)
878637(87)
878653(116)
878658(82)
878419(106)
878420(106)
878426(62)
878484(124)
878509(90)
878664(69)
878667(113)
878668(82)
878669(109)
878671(77)
878745(77)
878749(110)
878754(114)
878758(83)
878683(123)
878701(85)
878703(80)
878708(87)
878709(107)
878551(142)
878596(135)
878601(130)
878614(136)
878629(147)
878513(132)
878529(124)
878536(124)
878540(129)
878549(122)
878405(147)
878470(138)
878477(110)
878488(144)
878506(176)
878632(123)
878636(133)
878643(125)
878655(145)
878665(125)
878767(117)
878726(171)
878734(156)
878735(141)
878761(122)
878762(127)
878672(139)
878674(133)
878686(114)
878700(120)
878725(133)
878520(173)
878558(169)
878564(145)
878566(222)
878582(153)
878590(167)
878591(173)
878603(185)
878605(198)
878606(195)
878406(165)
878415(197)
878450(215)
878454(191)
878456(152)
878462(192)
878476(177)
878494(197)
878511(171)
878516(161)
878617(192)
878633(167)
878639(166)
878642(172)
878648(193)
878742(174)
878750(176)
878751(167)
878753(231)
878763(171)
878768(257)
878771(163)
878772(182)
878651(197)
878661(191)
878675(164)
878679(160)
878685(189)
878697(151)
878702(202)
878706(167)
878719(146)
878733(185)
878689(232)
878690(268)
878692(186)
878693(176)
878696(198)
878662(242)
878673(222)
878677(225)
878678(217)
878684(247)
878728(197)
878746(234)
878752(250)
878759(252)
878760(211)
878705(214)
878710(259)
878714(242)
878716(191)
878720(221)
211
878987(234)
878989(216)
878994(208)
878995(250)
878996(273)
879023(232)
879024(233)
879036(207)
879040(207)
879046(269)
878950(261)
878960(244)
878961(313)
878971(215)
878982(240)
878901(221)
878916(186)
878918(240)
878921(276)
878922(335)
878926(233)
878931(264)
878935(234)
878936(249)
878941(234)
879066(212)
879068(241)
879069(242)
879072(229)
879073(200)
879076(205)
879077(258)
879087(244)
879094(255)
879099(240)
879102(251)
879105(270)
879116(234)
879118(225)
879122(278)
879211(307)
879212(363)
879213(330)
879214(335)
879215(343)
879217(341)
879218(329)
879219(351)
879221(324)
879222(295)
879204(285)
879205(335)
879206(330)
879207(296)
879210(444)
879187(307)
879188(288)
879189(323)
879192(448)
879194(268)
879197(285)
879198(259)
879199(290)
879201(380)
879203(382)
879224(369)
879225(348)
879226(276)
879227(233)
879229(307)
879265(246)
879266(293)
879267(295)
879268(316)
879269(240)
879271(301)
879245(249)
879247(278)
879249(343)
879250(273)
879259(239)
879230(246)
879232(305)
879234(364)
879235(272)
879236(330)
879237(387)
879238(412)
879239(321)
879242(297)
879244(267)
879176(337)
879178(382)
879181(343)
879182(270)
879184(222)
879016(320)
879021(267)
879022(259)
879025(300)
879026(284)
879011(287)
879012(299)
879013(378)
879014(285)
879015(276)
879027(236)
879028(426)
879029(330)
879030(331)
879031(309)
879042(300)
879043(316)
879044(352)
879047(311)
879048(292)
879032(290)
879035(279)
879037(321)
879039(333)
879041(461)
879000(273)
879001(295)
879002(333)
879003(297)
879004(285)
878949(300)
878953(302)
878956(376)
878958(283)
878959(256)
878939(436)
878940(304)
878945(357)
878947(245)
878948(334)
878962(326)
878963(351)
878964(306)
878965(321)
878967(351)
878981(392)
878983(330)
878985(307)
878990(299)
878999(257)
878969(262)
878970(315)
878972(335)
878976(313)
878978(350)
879126(291)
879132(312)
879133(249)
879138(283)
879139(284)
879106(290)
879110(374)
879115(357)
879123(378)
879124(393)
879144(246)
879145(281)
879146(241)
879148(286)
879150(288)
879170(399)
879171(319)
879172(291)
879173(275)
879175(386)
879158(308)
879162(334)
879163(336)
879165(296)
879167(347)
879093(406)
879095(317)
879096(365)
879098(326)
879103(344)
879058(301)
879059(282)
879060(276)
879061(306)
879063(320)
879049(302)
879050(320)
879052(359)
879054(364)
879057(323)
879064(353)
879065(247)
879070(310)
879071(312)
879075(226)
879086(317)
879088(349)
879089(310)
879090(363)
879092(388)
879078(335)
879079(280)
879080(293)
879083(273)
879085(338)
212
879481(308)
879482(358)
879483(298)
879484(285)
879488(334)
879489(298)
879492(255)
879496(296)
879501(272)
879503(349)
879451(331)
879452(314)
879453(282)
879454(251)
879456(329)
879458(287)
879469(279)
879470(272)
879472(251)
879479(260)
879508(295)
879510(423)
879514(339)
879515(373)
879516(279)
Govt. Degree Girls College Buffer Zone
878957(40)
878979(39)
879053(32)
879128(23)
879130(27)
879156(30)
878917(69)
878951(49)
878955(70)
878984(83)
878986(102)
878998(49)
879111(66)
879153(46)
879174(84)
879185(59)
879200(72)
878944(120)
878952(76)
878973(115)
878975(81)
878993(90)
878907(100)
878909(102)
878920(72)
878937(118)
878942(99)
879017(76)
879034(115)
879038(95)
879055(91)
879074(83)
879149(73)
879160(92)
879183(103)
879258(83)
879277(102)
879082(121)
879091(120)
879101(93)
879114(87)
879125(125)
879252(136)
879255(139)
879256(138)
879260(128)
879275(145)
878977(120)
878980(126)
879005(123)
879009(115)
879010(154)
878903(147)
878908(138)
878923(138)
878925(107)
878966(130)
879135(125)
879152(125)
879154(132)
879177(128)
879243(136)
879033(160)
879062(125)
879097(136)
879121(141)
879129(116)
879045(192)
879051(156)
879056(185)
879067(221)
879081(195)
879084(170)
879100(172)
879107(133)
879108(195)
879112(204)
879007(166)
879008(171)
879018(190)
879019(187)
879020(180)
878905(238)
878915(195)
878930(173)
878938(165)
878943(233)
878946(190)
878954(153)
878968(154)
878988(145)
878997(183)
879257(193)
879261(189)
879263(199)
879264(195)
879272(215)
879274(186)
879276(174)
879186(194)
879191(163)
879193(183)
879196(176)
879241(191)
879117(169)
879119(188)
879136(182)
879142(167)
879151(166)
879155(149)
879157(185)
879164(173)
879168(173)
879169(188)
879179(257)
879180(256)
879190(235)
879208(234)
879209(322)
879141(214)
879143(222)
879147(182)
879159(285)
879166(270)
879127(216)
879131(236)
879134(207)
879137(286)
879140(227)
879262(225)
879270(206)
882552(244)
879240(278)
879246(218)
879248(217)
879253(236)
879254(240)
879216(250)
879220(222)
879223(237)
879228(245)
879231(241)
213
879595(221)
879598(278)
879599(297)
879607(236)
879608(197)
879578(278)
879579(226)
879586(219)
879593(219)
879594(279)
879627(246)
879628(304)
879635(255)
879643(229)
879644(249)
879613(229)
879617(271)
879619(224)
879620(230)
879623(239)
879490(218)
879495(258)
879504(227)
879511(189)
879518(248)
879468(238)
879473(208)
879476(237)
879480(247)
879485(254)
879555(255)
879557(224)
879562(207)
879566(218)
879574(246)
879521(254)
879523(246)
879529(270)
879538(210)
879545(242)
879750(234)
879755(196)
879758(197)
879772(264)
879776(225)
879656(254)
879658(221)
879662(297)
879674(195)
879696(209)
879650(276)
879651(295)
879652(254)
879654(248)
879655(265)
879734(238)
879738(243)
879740(215)
879745(222)
879749(210)
879708(208)
879709(226)
879710(249)
879717(210)
879728(231)
879873(277)
879874(332)
879878(390)
879882(292)
879883(263)
879861(276)
879865(284)
879867(296)
879871(303)
879872(323)
879855(302)
879856(350)
879857(327)
879858(367)
879859(337)
879919(289)
879902(331)
879910(306)
879911(272)
879912(272)
879917(224)
879884(426)
879891(324)
879892(268)
879898(368)
879900(313)
879845(292)
879846(329)
879847(306)
879850(235)
879851(375)
879631(268)
879632(340)
879636(317)
879640(399)
879641(370)
879611(268)
879615(332)
879618(379)
879621(338)
879629(427)
879645(285)
879647(357)
879648(299)
879657(310)
879659(413)
879679(373)
879683(359)
879687(267)
879691(248)
879699(329)
879663(336)
879668(405)
879672(290)
879676(325)
879677(257)
879592(277)
879601(230)
879603(257)
879604(282)
879605(343)
879528(280)
879531(288)
879533(361)
879535(337)
879536(303)
879517(288)
879519(357)
879524(278)
879525(262)
879526(258)
879539(320)
879551(328)
879553(260)
879554(319)
879560(283)
879582(278)
879587(302)
879588(323)
879589(347)
879591(265)
879564(272)
879565(348)
879569(324)
879573(376)
879580(283)
879799(349)
879800(368)
879803(276)
879805(321)
879806(349)
879770(293)
879774(341)
879777(285)
879780(389)
879788(290)
879807(364)
879810(365)
879812(261)
879813(286)
879816(392)
879833(272)
879838(352)
879840(237)
879841(360)
879842(337)
879822(344)
879827(290)
879829(302)
879830(288)
879831(300)
879760(333)
879761(286)
879762(314)
879765(340)
879766(309)
879712(318)
879714(262)
879716(310)
879719(265)
879720(424)
879701(262)
879702(373)
879703(242)
879706(313)
879707(305)
879721(396)
879722(429)
879725(257)
879726(345)
879729(340)
879744(302)
879751(315)
879752(239)
879753(301)
879754(292)
879730(280)
879731(311)
879733(274)
879735(369)
879743(284)
214
879572(89)
879584(95)
879590(109)
879600(96)
879609(97)
879612(110)
879622(60)
879637(90)
879639(90)
879649(103)
879455(86)
879462(88)
879471(106)
879505(84)
879506(96)
879534(95)
879541(94)
879542(105)
879546(86)
879559(134)
879768(95)
879785(81)
879797(82)
879801(107)
879820(84)
879660(109)
879664(90)
879667(100)
879678(137)
879681(108)
879705(88)
879715(109)
879739(85)
879764(90)
879767(89)
879692(126)
879693(148)
879695(109)
879700(134)
879704(142)
879711(140)
879713(124)
879724(168)
879741(144)
879746(123)
879748(146)
879757(132)
879763(142)
879773(127)
879778(151)
879558(160)
879570(129)
879577(134)
879596(131)
879606(132)
879610(119)
879614(164)
879624(115)
879625(136)
879630(108)
879633(139)
879634(151)
879646(122)
879673(135)
879684(117)
879864(142)
879868(135)
879877(148)
879885(140)
879888(166)
879890(140)
879897(128)
879907(113)
879909(129)
879920(173)
879923(142)
879928(139)
879931(125)
879932(116)
879786(189)
879789(122)
879790(140)
879791(156)
879793(141)
879802(109)
879804(132)
879814(126)
879815(138)
879819(135)
879825(138)
879837(145)
879852(126)
879854(170)
879862(160)
879540(123)
879543(174)
879547(157)
879548(142)
879556(136)
879460(182)
879464(187)
879474(122)
879478(185)
879507(123)
879561(147)
879568(187)
879575(177)
879576(181)
879583(172)
879585(184)
879597(144)
879638(172)
879642(192)
879669(183)
879670(201)
879671(177)
879694(156)
879698(178)
879718(164)
879520(154)
879522(202)
879530(177)
879532(166)
879549(211)
879457(191)
879459(185)
879461(196)
879463(194)
879465(193)
879466(185)
879477(199)
879486(158)
879487(190)
879493(183)
879497(156)
879498(208)
879499(141)
879509(161)
879513(206)
879863(179)
879876(179)
879880(183)
879881(173)
879894(179)
879896(193)
879901(160)
879908(131)
879914(214)
879916(149)
879922(160)
879828(175)
879835(214)
879843(192)
879849(152)
879853(187)
879723(190)
879727(151)
879732(175)
879737(182)
879742(220)
879747(154)
879756(156)
879769(186)
879771(143)
879775(154)
879783(209)
879792(177)
879808(228)
879811(131)
879818(160)
879823(262)
879834(248)
879839(218)
879844(212)
879848(215)
879784(267)
879787(223)
879796(235)
879817(204)
879821(228)
879860(298)
879866(228)
879869(290)
879870(203)
879875(221)
879913(187)
879918(199)
879921(199)
879933(255)
879879(186)
879886(213)
879887(258)
879893(244)
879904(262)
215
880185(171)
880198(182)
880208(157)
880210(180)
880211(162)
880214(172)
880223(177)
880224(161)
880225(183)
880233(233)
880140(197)
880168(187)
880178(168)
880180(167)
880183(145)
880083(166)
880097(177)
880103(186)
880109(190)
880112(162)
880116(175)
880125(190)
880128(183)
880133(196)
880139(179)
880281(127)
880290(197)
880296(187)
880303(169)
880306(150)
880238(157)
880241(173)
880242(158)
880243(194)
880245(204)
880248(194)
880249(167)
880257(176)
880259(217)
880278(181)
880144(290)
880148(202)
880161(238)
880164(227)
880174(204)
880175(212)
880176(278)
880189(260)
880191(191)
880192(207)
880120(317)
880126(242)
880131(212)
880136(198)
880137(248)
880080(260)
880090(268)
880098(219)
880100(184)
880101(229)
880102(242)
880111(253)
880115(235)
880117(222)
880118(276)
880219(229)
880220(220)
880221(234)
880232(251)
880237(197)
880310(261)
880321(289)
880325(242)
880326(210)
880327(220)
880331(206)
880335(239)
880338(231)
880288(234)
880291(223)
880292(242)
880298(239)
880305(268)
880258(245)
880261(274)
880262(217)
880263(217)
880264(219)
880266(220)
880267(224)
880270(249)
880276(192)
880277(224)
880129(306)
880130(262)
880132(276)
880138(263)
880145(310)
880146(263)
880147(320)
880150(298)
880153(350)
880156(337)
880057(359)
880058(263)
880059(296)
880066(251)
880075(286)
880093(395)
880104(368)
880108(246)
880119(295)
880124(322)
880159(273)
880163(272)
880171(271)
880199(336)
880201(255)
880286(339)
880293(297)
880295(348)
880299(348)
880309(356)
880317(294)
880323(267)
880332(313)
880333(312)
880204(354)
880209(260)
880212(309)
880216(388)
880218(368)
880228(311)
880256(321)
880268(262)
880274(403)
880282(278)
Govt. Degree Girls College Sector 11-B North Karachi
879500(30)
879626(21)
879666(27)
879680(33)
879685(22)
879779(39)
879809(23)
879661(65)
879665(66)
879682(54)
879686(61)
879689(63)
879544(45)
879550(47)
879563(50)
879571(51)
879602(67)
879475(67)
879491(46)
879494(41)
879502(60)
879512(39)
879927(60)
879824(44)
879826(81)
879832(74)
879836(43)
879895(76)
879697(60)
879759(60)
879782(43)
879795(63)
879798(56)
879906(71)
879925(69)
879926(82)
879930(84)
216
880624(305)
880625(347)
880626(308)
880628(325)
880632(419)
880633(338)
880634(320)
880635(341)
880636(306)
880638(299)
880639(293)
880641(369)
880642(351)
880643(340)
880644(367)
880601(364)
880602(293)
880604(354)
880606(398)
880610(275)
880611(321)
880612(368)
880615(346)
880616(419)
880617(318)
880618(298)
880619(329)
880620(402)
880621(341)
880622(301)
880645(439)
880646(399)
880652(303)
880653(296)
880654(332)
880655(331)
880656(328)
880657(318)
880658(300)
880659(314)
880662(283)
880663(340)
880664(362)
880665(358)
880666(381)
880667(401)
880668(388)
880670(276)
880672(313)
880677(292)
Govt. Degree Girls College Sector 11-I, North Karachi
880123(25)
880135(22)
880143(21)
880149(47)
880157(17)
880053(19)
880054(21)
880074(24)
880076(21)
880079(30)
880289(22)
880294(26)
880300(33)
880315(27)
880341(23)
880158(17)
880182(20)
880207(18)
880283(25)
880285(18)
880154(68)
880167(70)
880169(60)
880194(69)
880197(85)
880206(60)
880229(51)
880236(44)
880240(56)
880253(48)
880255(49)
880311(74)
880320(78)
880334(64)
880342(50)
880060(78)
880063(64)
880121(55)
880142(78)
880152(99)
880094(103)
880106(79)
880110(131)
880113(87)
880134(99)
880141(91)
880173(96)
880177(84)
880181(94)
880187(93)
880051(83)
880056(111)
880065(94)
880067(91)
880070(92)
880077(86)
880081(96)
880082(116)
880086(85)
880087(96)
880195(81)
880200(94)
880215(86)
880226(120)
880227(109)
880271(65)
880273(88)
880280(88)
880287(68)
880301(91)
880313(107)
880328(109)
880339(110)
880230(99)
880235(97)
880239(103)
880244(84)
880246(81)
880247(94)
880251(79)
880254(95)
880260(94)
880265(75)
880099(144)
880105(166)
880122(101)
880127(133)
880160(112)
880162(119)
880165(145)
880170(139)
880184(149)
880186(100)
880052(115)
880055(142)
880061(132)
880069(118)
880072(132)
880078(119)
880084(134)
880085(123)
880089(141)
880095(145)
880275(109)
880279(122)
880284(132)
880297(163)
880302(172)
880304(146)
880307(140)
880322(143)
880324(161)
880190(152)
880193(91)
880196(144)
880217(172)
880231(127)
880234(126)
880250(146)
880252(145)
880269(107)
880272(128)
880308(167)
880312(190)
880314(229)
880316(177)
880329(174)
880330(216)
880336(192)
880337(180)
880340(159)
217
880733(35)
880747(30)
880699(82)
880704(70)
880707(51)
880732(61)
880760(69)
880774(83)
880791(88)
880817(84)
880614(87)
880650(119)
880661(95)
880711(85)
880716(106)
880743(94)
880753(130)
880761(126)
880763(108)
880788(104)
880816(114)
880648(133)
880649(160)
880700(158)
880720(181)
880755(145)
880758(159)
880766(130)
880777(172)
880796(152)
880818(136)
880819(148)
880701(189)
880706(200)
880715(212)
880718(188)
880723(201)
880609(187)
880640(188)
880671(204)
880675(170)
880680(214)
880775(178)
880792(206)
880724(221)
880745(182)
880771(216)
880772(225)
880773(194)
880762(270)
880776(262)
880784(255)
880790(235)
880793(245)
880799(221)
880802(260)
880811(205)
880813(246)
880741(217)
880748(218)
880752(251)
880754(218)
880756(224)
880623(280)
880627(250)
880630(331)
880631(292)
880637(235)
880603(309)
880605(237)
880607(257)
880608(289)
880613(220)
880647(280)
880651(254)
880660(234)
880669(283)
880673(266)
880693(259)
880694(271)
880705(249)
880728(253)
880731(249)
880674(250)
880676(229)
880678(238)
880679(249)
880692(224)
880721(298)
880722(309)
880725(350)
880726(285)
880727(331)
880712(398)
880713(348)
880714(291)
880717(268)
880719(362)
880737(317)
880738(333)
880740(308)
880742(288)
880744(289)
880729(282)
880730(334)
880734(247)
880735(283)
880736(365)
880686(395)
880687(301)
880688(351)
880689(370)
880690(321)
880681(355)
880682(365)
880683(329)
880684(422)
880685(356)
880702(328)
880703(301)
880708(348)
880709(342)
880710(308)
880691(307)
880695(389)
880696(351)
880697(364)
880698(304)
880800(289)
880801(314)
880803(292)
880804(406)
880805(360)
880789(283)
880794(317)
880795(343)
880797(405)
880798(271)
880814(310)
880815(370)
880806(275)
880808(331)
880809(341)
880810(442)
880812(312)
880759(271)
880764(386)
880765(306)
880767(392)
880768(325)
880746(249)
880749(278)
880750(424)
880751(384)
880757(386)
880782(320)
880783(285)
880785(274)
880786(339)
880787(316)
880769(370)
880770(292)
880778(384)
880779(387)
880781(388)
218
881417(420)
881418(337)
881419(317)
881422(370)
881423(335)
881407(421)
881410(326)
881411(326)
881413(313)
881414(370)
881401(350)
881403(358)
881404(330)
881405(302)
881406(335)
881427(387)
881429(322)
881430(329)
881432(340)
881436(443)
881439(331)
881440(351)
881441(356)
881442(464)
881443(384)
Govt. Premier College for Women, North Nazimabad
881086(22)
881120(42)
881019(75)
881032(49)
881058(77)
881126(72)
881006(128)
881046(119)
881060(104)
881062(101)
881094(104)
881101(87)
881020(147)
881024(129)
881047(134)
881050(144)
881063(127)
881067(143)
881071(129)
881087(128)
881088(170)
881009(160)
881021(202)
881023(151)
881037(177)
881040(157)
881048(191)
881049(175)
881057(142)
881059(171)
881096(173)
881128(219)
881026(195)
881027(206)
881029(233)
881036(199)
881039(215)
881002(254)
881005(252)
881007(238)
881018(306)
881022(189)
881068(208)
881069(294)
881073(255)
881074(244)
881090(286)
881121(213)
881129(268)
881097(190)
881100(201)
881113(181)
881114(257)
881115(320)
881042(305)
881043(389)
881044(253)
881045(310)
881052(408)
881053(311)
881054(324)
881055(328)
881056(291)
881061(323)
881064(293)
881065(293)
881066(318)
881070(280)
881072(430)
881033(268)
881034(247)
881035(269)
881038(289)
881041(286)
881001(288)
881003(240)
881004(326)
881010(299)
881011(360)
881012(346)
881013(399)
881014(388)
881015(281)
881016(365)
881017(229)
881025(296)
881028(341)
881030(259)
881031(326)
881075(296)
881076(298)
881077(309)
881078(366)
881079(339)
881110(317)
881111(436)
881112(356)
881116(385)
881117(340)
881118(386)
881119(344)
881122(305)
881123(333)
881124(322)
881125(287)
881127(364)
881105(404)
881106(377)
881107(248)
881108(317)
881109(256)
881080(337)
881081(291)
881082(286)
881083(271)
881084(348)
881085(310)
881089(395)
881091(281)
881092(269)
881093(340)
881095(348)
881098(313)
881099(381)
881102(284)
881103(286)
Govt. Girls Sc./Comm. College Block K, North Nazimabad
219
881712(361)
881713(397)
881714(317)
881715(364)
881716(335)
881706(320)
881707(387)
881708(412)
881709(265)
881711(376)
881717(352)
881718(388)
881719(403)
881726(260)
881728(331)
881739(348)
881741(347)
881742(361)
881745(346)
881746(280)
881729(288)
881730(321)
881732(265)
881735(291)
881736(278)
881692(288)
881696(364)
881703(323)
881704(337)
881705(226)
881663(288)
881665(305)
881667(249)
881670(286)
881672(296)
881673(404)
881674(227)
881675(252)
881676(365)
881677(327)
881686(402)
881687(321)
881688(385)
881689(258)
881690(304)
881678(408)
881680(320)
881681(276)
881682(353)
881685(397)
881751(376)
881752(305)
881754(261)
881756(324)
881757(282)
881828(256)
881838(344)
881841(312)
881842(400)
881843(279)
881818(322)
881820(378)
881822(318)
881823(380)
881827(334)
881844(307)
881846(368)
881847(350)
881852(313)
881853(346)
881809(371)
881812(269)
881815(339)
881816(313)
881817(281)
881768(430)
881771(405)
881772(310)
881774(311)
881775(327)
881759(391)
881763(280)
881764(398)
881766(279)
881767(324)
881776(349)
881783(378)
881785(312)
881787(305)
881788(310)
881797(380)
881798(328)
881799(338)
881801(317)
881808(364)
881789(369)
881790(381)
881791(255)
881792(315)
881796(299)
881502(460)
881503(330)
881506(304)
881507(305)
881508(282)
881495(311)
881496(306)
881497(245)
881500(365)
881501(356)
881509(352)
881510(270)
881511(315)
881512(336)
881513(329)
881524(418)
881525(257)
881529(381)
881530(304)
881532(305)
881514(265)
881517(254)
881519(382)
881520(374)
881522(320)
881483(377)
881488(367)
881489(287)
881490(378)
881491(291)
881444(325)
881446(407)
881447(359)
881448(288)
881450(337)
881651(325)
881656(278)
881660(329)
881661(205)
881662(371)
881454(270)
881456(351)
881458(303)
881461(296)
881463(291)
881475(347)
881477(277)
881479(370)
881481(384)
881482(315)
881464(382)
881465(390)
881466(334)
881469(294)
881471(296)
881534(293)
881535(314)
881536(281)
881538(325)
881541(383)
881613(279)
881614(384)
881616(336)
881617(285)
881618(243)
881605(394)
881606(288)
881607(409)
881610(278)
881612(381)
881620(291)
881621(330)
881622(312)
881624(305)
881625(302)
881638(419)
881645(335)
881646(302)
881649(360)
881650(317)
881628(321)
881630(295)
881631(315)
881635(297)
881636(453)
881589(296)
881591(367)
881594(361)
881597(298)
881599(301)
881549(392)
881552(283)
881553(325)
881555(338)
881561(333)
881542(448)
881543(328)
881546(332)
881547(307)
881548(322)
881564(350)
881566(292)
881567(296)
881569(390)
881570(251)
881582(306)
881583(263)
881585(273)
881586(343)
881587(369)
881575(382)
881576(298)
881578(339)
881579(310)
881580(372)
220
882132(319)
882133(382)
882135(357)
882136(326)
882137(368)
882126(255)
882127(297)
882128(278)
882130(305)
882131(297)
882139(364)
882142(368)
882144(298)
882145(263)
882146(295)
882154(388)
882155(372)
882156(315)
882157(369)
882161(275)
882148(345)
882149(283)
882150(348)
882152(404)
882153(383)
882119(281)
882120(348)
882121(328)
882122(365)
882125(287)
882087(243)
882089(351)
882090(327)
882094(312)
882095(256)
882096(383)
882097(316)
882098(294)
882100(258)
882101(329)
882114(341)
882115(261)
882116(329)
882117(288)
882118(354)
882103(284)
882107(359)
882109(312)
882112(377)
882113(364)
882163(283)
882168(289)
882172(258)
882177(388)
882181(286)
882230(312)
882236(365)
882237(385)
882240(363)
882241(256)
882225(352)
882226(261)
882227(378)
882228(456)
882229(330)
882242(295)
882243(351)
882244(300)
882245(350)
882246(306)
882220(400)
882221(391)
882222(307)
882223(331)
882224(350)
882195(282)
882198(366)
882199(348)
882200(331)
882201(289)
882185(291)
882187(408)
882188(413)
882189(334)
882192(397)
882202(333)
882203(293)
882204(265)
882206(370)
882207(389)
882213(366)
882214(343)
882216(422)
882217(358)
882218(390)
882208(358)
882209(391)
882210(276)
882211(393)
882212(356)
881920(372)
881924(416)
881925(341)
881926(325)
881927(343)
881910(279)
881915(284)
881916(344)
881918(332)
881919(308)
881928(385)
881930(359)
881931(367)
881932(374)
881933(328)
881945(251)
881946(282)
881948(374)
881949(303)
881950(232)
881934(408)
881936(330)
881938(321)
881940(428)
881944(280)
881899(315)
881904(348)
881906(277)
881907(346)
881909(420)
881855(377)
881857(365)
881860(295)
881864(337)
881869(362)
882076(357)
882082(289)
882083(307)
882084(317)
882085(324)
881872(332)
881873(332)
881874(449)
881875(269)
881876(323)
881887(345)
881892(279)
881893(358)
881897(277)
881898(346)
881879(226)
881881(263)
881882(329)
881883(302)
881886(340)
881951(337)
881953(298)
881954(367)
881955(302)
881956(300)
882030(358)
882031(280)
882032(370)
882033(269)
882034(366)
882015(305)
882021(295)
882022(344)
882023(311)
882025(321)
882035(435)
882040(306)
882041(275)
882043(368)
882048(244)
882060(306)
882066(307)
882067(285)
882073(262)
882075(266)
882049(318)
882053(281)
882054(274)
882056(416)
882057(335)
881993(299)
881996(361)
882002(238)
882005(430)
882010(364)
881970(286)
881971(347)
881972(320)
881973(353)
881974(313)
881959(328)
881960(267)
881965(288)
881966(268)
881968(436)
881975(322)
881976(321)
881978(357)
881979(299)
881980(322)
881987(364)
881988(393)
881989(345)
881991(348)
881992(315)
881981(333)
881982(424)
881983(358)
881985(405)
881986(312)
221
881572(219)
881573(179)
881584(198)
881590(210)
881601(187)
881604(163)
881608(174)
881623(224)
881627(185)
881641(191)
881498(203)
881521(194)
881554(187)
881556(200)
881565(176)
881412(175)
881420(202)
881424(203)
881425(202)
881437(220)
881438(205)
881445(205)
881462(159)
881474(176)
881476(212)
881644(166)
881654(166)
881655(189)
881684(164)
881693(168)
881697(218)
881698(189)
881701(194)
881731(177)
881733(168)
881737(176)
881761(186)
881762(199)
881765(217)
881769(174)
882058(212)
882059(241)
882061(243)
882064(248)
882072(222)
882079(182)
882088(236)
882102(250)
882104(237)
882108(219)
882045(270)
882047(214)
882050(192)
882051(258)
882055(272)
882006(230)
882007(250)
882008(245)
882016(228)
882019(236)
882020(216)
882028(275)
882036(245)
882038(243)
882042(225)
882110(240)
882129(310)
882134(260)
882138(281)
882141(208)
882231(220)
882233(205)
882239(342)
882247(244)
882252(297)
882263(248)
882270(237)
882184(210)
882191(227)
882196(233)
882205(227)
882215(292)
882158(258)
882162(277)
882164(221)
882165(231)
882166(222)
882167(250)
882169(225)
882179(251)
882182(203)
882183(232)
881995(239)
881998(260)
881999(253)
882001(269)
882003(245)
881568(252)
881571(239)
881574(230)
881588(206)
881595(248)
881544(242)
881545(230)
881559(278)
881562(217)
881563(231)
881643(199)
881666(208)
881671(205)
881683(242)
881695(266)
881609(228)
881615(239)
881626(250)
881637(221)
881642(249)
881431(263)
881435(280)
881449(211)
881453(246)
881457(206)
881402(261)
881408(268)
881409(235)
881416(234)
881421(219)
881515(315)
881516(203)
881528(251)
881537(244)
881539(216)
881468(249)
881485(259)
881486(250)
881487(255)
881493(218)
881710(201)
881721(206)
881723(250)
881724(193)
881725(253)
881877(283)
881889(215)
881891(191)
881900(238)
881902(249)
881856(244)
881861(215)
881862(237)
881867(264)
881870(304)
881958(235)
881961(222)
881962(236)
881963(268)
881977(252)
881908(233)
881911(281)
881913(258)
881935(276)
881942(238)
881760(226)
881773(279)
881777(228)
881780(340)
881782(224)
881738(252)
881743(248)
881749(255)
881750(236)
881753(252)
881830(215)
881832(219)
881839(223)
881848(261)
881850(259)
881786(248)
881795(204)
881800(239)
881805(246)
881810(277)
882258(327)
882259(285)
882260(343)
882261(321)
882262(325)
882248(332)
882249(334)
882251(289)
882254(288)
882257(314)
882274(306)
882275(312)
882264(280)
882265(341)
882268(296)
882271(416)
882273(323)
222
881577(23)
881593(26)
881602(19)
881611(18)
881632(18)
881480(25)
881523(18)
881527(18)
881540(29)
881558(34)
881653(23)
881679(22)
881794(25)
881833(25)
881835(18)
882193(37)
882219(23)
881865(20)
881903(29)
882011(21)
882029(20)
882071(21)
881518(93)
881598(77)
881603(61)
881657(53)
881702(73)
881451(66)
881452(62)
881460(47)
881492(62)
881494(68)
881720(66)
881740(68)
881829(69)
881834(58)
881868(58)
882077(77)
882078(56)
882093(64)
882143(74)
881871(39)
881880(61)
881888(65)
881929(51)
882000(61)
881694(75)
881699(77)
881700(77)
881734(127)
881748(119)
881551(113)
881560(102)
881634(90)
881652(97)
881668(80)
881415(90)
881459(104)
881470(82)
881484(95)
881505(117)
881813(97)
881824(115)
881831(100)
881837(99)
881858(92)
882123(125)
882170(92)
882173(95)
882174(87)
882176(111)
881952(97)
882046(105)
882063(112)
882086(99)
882105(122)
881890(89)
881894(99)
881917(113)
881943(80)
881947(94)
882234(136)
882269(129)
882272(189)
881639(140)
881647(151)
881648(129)
881658(124)
881664(118)
881669(118)
881691(155)
881727(123)
881744(150)
881747(124)
881550(161)
881581(134)
881592(147)
881596(143)
881600(127)
881426(174)
881428(145)
881433(170)
881434(167)
881455(174)
881472(131)
881473(114)
881478(144)
881499(120)
881526(181)
881779(137)
881793(166)
881802(101)
881804(142)
881814(135)
882013(140)
882017(155)
882018(95)
882027(136)
882065(145)
882069(144)
882160(116)
882171(122)
882175(123)
882232(106)
881939(126)
881957(141)
881997(120)
882004(118)
882012(128)
881819(127)
881821(137)
881849(108)
881851(161)
881884(146)
881895(147)
881901(122)
881921(141)
881922(155)
881923(126)
881866(189)
881885(194)
881896(175)
881905(181)
881914(164)
881937(153)
881941(198)
881967(204)
881990(180)
881994(168)
881836(188)
881840(217)
881854(164)
881859(203)
881863(175)
881770(180)
881778(180)
881781(187)
881784(204)
881803(161)
881806(163)
881807(190)
881811(186)
881825(149)
881826(177)
882147(164)
882159(181)
882186(182)
882190(164)
882194(190)
882197(187)
882238(193)
882250(202)
882253(201)
882267(200)
882099(173)
882106(223)
882111(187)
882124(171)
882140(166)
882009(148)
882014(215)
882026(192)
882044(166)
882052(181)
882068(228)
882070(193)
882074(196)
882080(189)
882081(180)
223
883433(19)
883448(26)
883424(92)
883439(115)
883445(58)
883412(112)
883415(129)
883416(136)
883428(140)
883450(96)
883451(109)
883456(97)
883401(172)
883402(156)
883403(146)
883404(158)
883406(178)
883409(167)
883417(138)
883418(165)
883421(164)
883434(137)
883444(146)
883452(168)
883405(194)
883420(199)
883427(225)
883430(192)
883431(205)
883453(198)
883408(241)
883413(217)
883414(295)
883423(253)
883425(294)
883426(268)
883437(224)
883438(243)
883441(211)
883447(215)
883449(267)
883455(200)
883410(357)
883411(304)
883419(272)
883422(304)
883429(342)
883440(318)
883454(394)
Govt. Girls Degree College Sector 11, Orangi Town
882501(25)
882502(28)
882511(27)
882537(19)
882538(26)
882539(28)
882506(54)
882509(44)
882532(62)
882549(70)
882513(89)
882521(110)
882531(93)
882545(107)
882503(131)
882504(131)
882508(133)
882512(130)
882515(166)
882519(117)
882530(152)
882533(155)
882534(111)
882505(164)
882507(182)
882520(168)
882522(174)
882527(160)
882529(225)
882542(158)
882547(186)
882551(206)
882510(218)
882514(224)
882525(226)
882526(227)
882536(255)
882544(260)
882546(276)
882516(301)
882517(295)
882518(241)
882523(426)
882524(343)
882528(259)
882540(294)
882541(257)
882543(360)
882548(293)
882550(288)
Govt. Girls Comprehensive Higher Sec. School Block M, N. Nazimabad
224
884059(124)
884065(154)
884068(138)
884083(143)
884090(137)
884051(181)
884069(173)
884081(196)
884092(165)
884105(157)
884106(191)
884110(162)
884114(176)
884062(226)
884074(247)
884077(302)
884080(221)
884084(203)
884100(193)
884102(244)
884111(264)
884118(223)
884053(297)
884073(268)
884075(338)
884078(351)
884087(264)
884119(300)
Govt. Degree Girls College, 7-C, Orangi Town
883623(28)
883668(29)
883604(70)
883616(91)
883622(88)
883644(76)
883652(58)
883661(49)
883664(74)
883602(103)
883606(76)
883610(92)
883653(106)
883663(132)
883706(119)
883707(112)
883666(124)
883670(149)
883678(151)
883705(186)
883605(112)
883628(158)
883634(172)
883640(158)
883646(158)
883601(194)
883603(184)
883609(160)
883612(189)
883629(176)
883645(165)
883660(156)
883662(179)
883689(250)
883699(179)
883709(216)
883710(227)
883635(274)
883636(268)
883642(227)
883647(222)
883648(252)
883611(241)
883625(240)
883626(228)
883631(248)
883632(233)
883656(207)
883659(270)
883674(244)
883679(202)
883681(229)
883703(266)
883708(262)
883682(245)
883683(222)
883693(212)
883694(217)
883695(217)
883630(287)
883633(339)
883637(395)
883638(363)
883639(301)
883641(310)
883643(304)
883649(296)
883650(254)
883654(395)
883607(319)
883608(326)
883615(275)
883617(410)
883618(297)
883619(303)
883620(295)
883621(290)
883624(382)
883627(301)
883657(297)
883658(283)
883665(343)
883671(313)
883672(432)
883692(348)
883696(289)
883697(347)
883698(317)
883700(289)
883701(296)
883702(313)
883704(321)
883673(281)
883676(277)
883677(309)
883684(396)
883685(307)
883686(329)
883687(355)
883688(295)
883690(374)
883691(367)
Govt. Inter Sc./Arts/Comm. College Orangi Town Sector 15-C
225
884680(291)
884685(346)
884689(291)
884690(298)
884691(423)
884664(329)
884665(277)
884669(313)
884675(324)
884679(287)
884692(398)
884693(379)
884694(319)
884699(311)
884700(277)
884717(304)
884720(272)
884725(331)
884727(359)
884730(314)
884705(301)
884706(343)
884710(265)
884711(258)
884714(348)
884651(304)
884652(313)
884655(363)
884657(330)
884663(318)
884604(318)
884605(333)
884611(393)
884612(316)
884613(288)
884615(277)
884616(316)
884620(279)
884621(297)
884623(280)
884643(302)
884646(277)
884647(391)
884649(316)
884650(345)
884625(260)
884626(293)
884630(245)
884634(255)
884642(406)
884731(310)
884736(354)
884737(278)
884740(342)
884741(313)
884802(299)
884803(282)
884804(247)
884805(393)
884806(390)
884795(289)
884796(304)
884797(278)
884798(347)
884800(313)
884808(300)
884812(299)
884813(301)
884817(290)
884818(294)
884788(318)
884790(271)
884791(291)
884793(266)
884794(260)
884754(267)
884755(371)
884759(318)
884761(294)
884763(370)
884744(322)
884746(324)
884750(272)
884752(281)
884753(298)
884764(295)
884765(294)
884766(341)
884769(250)
884773(317)
884779(373)
884782(337)
884784(355)
884785(257)
884787(296)
884774(276)
884775(327)
884776(246)
884777(286)
884778(269)
884519(282)
884520(339)
884522(314)
884524(300)
884525(285)
884526(294)
884527(286)
884530(356)
884533(294)
884535(281)
884596(287)
884597(276)
884598(310)
884601(279)
884603(328)
884504(329)
884507(365)
884509(286)
884514(287)
884515(282)
884536(346)
884537(332)
884539(334)
884541(352)
884545(311)
884572(283)
884575(368)
884576(300)
884581(359)
884584(363)
884587(310)
884590(368)
884591(333)
884594(301)
884595(382)
884553(297)
884554(306)
884555(366)
884558(277)
884561(327)
884563(390)
884564(345)
884567(327)
884568(303)
884571(365)
Govt. College For Women Shahrah-e-Liaquat
884058(18)
884063(18)
884089(18)
884054(50)
884055(55)
884056(53)
884067(64)
884076(37)
884117(59)
884095(75)
884097(73)
884113(50)
884115(44)
884116(55)
884060(102)
884070(111)
884071(90)
884079(85)
884082(99)
884122(95)
884085(99)
884091(99)
884103(104)
884109(90)
884121(91)
884093(117)
884096(158)
884098(135)
884099(144)
884101(114)
884104(160)
884107(119)
884108(132)
884123(127)
226
884644(257)
884645(239)
884653(228)
884661(267)
884666(255)
884628(224)
884631(215)
884639(270)
884640(217)
884641(207)
884667(198)
884668(215)
884670(265)
884673(258)
884674(218)
884729(249)
884735(187)
884739(320)
884743(199)
884758(255)
884686(214)
884695(201)
884702(201)
884704(241)
884708(166)
884606(302)
884609(191)
884619(254)
884622(204)
884627(211)
884542(270)
884543(283)
884544(244)
884546(245)
884547(227)
884550(179)
884552(321)
884556(218)
884560(224)
884566(258)
884585(253)
884588(260)
884592(221)
884593(246)
884599(243)
884569(247)
884574(212)
884577(273)
884579(276)
884580(250)
884760(263)
884768(229)
884780(201)
884781(270)
884783(262)
884927(212)
884928(232)
884932(237)
884933(239)
884936(212)
884900(255)
884904(229)
884909(225)
884911(235)
884924(237)
884937(244)
884940(257)
884946(258)
884952(219)
884953(219)
884874(193)
884876(234)
884887(235)
884892(212)
884899(256)
884816(220)
884824(281)
884825(260)
884826(251)
884828(182)
884786(213)
884799(228)
884801(237)
884807(228)
884815(208)
884832(280)
884833(285)
884836(233)
884841(206)
884842(224)
884859(262)
884865(233)
884866(218)
884872(262)
884873(238)
884845(224)
884846(179)
884849(256)
884851(240)
884858(246)
884518(208)
884528(220)
884531(260)
884534(218)
884540(274)
884503(259)
884506(262)
884510(203)
884511(260)
884513(253)
884885(288)
884886(299)
884888(280)
884890(269)
884891(295)
884871(289)
884875(282)
884879(354)
884880(283)
884883(281)
884908(268)
884910(298)
884913(348)
884914(312)
884920(325)
884893(331)
884894(326)
884896(291)
884898(293)
884906(291)
884863(340)
884864(254)
884867(335)
884869(326)
884870(298)
884829(406)
884830(313)
884831(291)
884835(278)
884837(279)
884820(282)
884821(347)
884822(338)
884823(344)
884827(334)
884854(371)
884855(275)
884856(286)
884857(298)
884861(309)
884844(282)
884847(266)
884848(316)
884850(289)
884853(342)
884922(270)
884925(291)
884926(283)
884930(248)
884934(318)
885004(277)
885005(300)
885008(292)
885009(269)
885015(249)
884998(310)
884999(323)
885001(268)
885002(254)
885003(266)
885016(309)
885018(257)
885019(351)
885024(235)
885025(290)
885051(307)
885053(216)
885028(331)
885034(284)
885044(251)
885045(279)
885047(294)
884948(292)
884949(300)
884950(331)
884954(292)
884957(370)
884938(320)
884941(318)
884943(345)
884945(305)
884947(355)
884960(350)
884962(247)
884966(331)
884968(293)
884969(411)
884983(376)
884986(252)
884987(391)
884989(263)
884995(364)
884972(291)
884975(422)
884978(399)
884980(304)
884982(297)
227
884501(30)
884684(33)
884696(23)
884716(17)
884923(34)
884992(28)
884502(59)
884529(69)
884548(63)
884549(67)
884703(58)
884814(83)
884868(52)
884895(71)
884915(72)
884964(42)
885031(38)
885032(39)
885040(63)
884715(103)
884721(92)
884734(126)
884748(107)
884757(73)
884638(87)
884683(92)
884687(105)
884688(106)
884697(103)
884505(119)
884517(77)
884551(132)
884602(115)
884629(95)
885012(98)
885026(84)
885029(114)
885039(89)
884884(120)
884901(111)
884979(106)
884997(81)
885011(97)
884770(72)
884810(109)
884843(80)
884862(110)
884877(72)
884732(135)
884756(128)
884819(129)
884882(145)
884912(160)
884682(175)
884701(112)
884709(133)
884712(183)
884724(130)
884918(156)
884919(139)
884935(125)
884942(166)
884944(157)
884981(144)
885013(144)
885020(147)
885023(145)
885035(133)
884951(120)
884958(131)
884970(147)
884973(142)
884976(141)
884637(126)
884656(143)
884660(140)
884676(142)
884678(140)
884508(167)
884516(143)
884557(136)
884582(164)
884583(126)
884589(148)
884614(161)
884617(158)
884635(138)
884636(153)
884677(162)
884681(216)
884698(151)
884707(210)
884718(160)
884719(167)
884723(173)
884726(163)
884728(175)
884733(196)
884738(197)
884745(175)
884749(174)
884751(159)
884762(206)
884654(154)
884658(178)
884659(169)
884671(182)
884672(181)
884532(147)
884538(226)
884559(201)
884565(196)
884570(226)
884573(157)
884578(220)
884586(193)
884600(157)
884610(147)
884618(183)
884624(183)
884632(212)
884633(172)
884648(168)
884967(186)
884984(191)
884985(180)
884988(190)
884994(177)
885006(174)
885010(163)
885017(156)
885036(181)
885038(178)
885041(174)
885046(149)
885055(184)
884931(187)
884939(182)
884955(166)
884959(205)
884963(214)
884767(177)
884772(184)
884792(159)
884811(185)
884834(217)
884852(200)
884860(177)
884881(186)
884889(186)
884897(168)
884902(217)
884903(208)
884907(166)
884916(196)
884929(224)
884993(200)
884996(246)
885000(209)
885007(229)
885014(206)
884956(200)
884961(224)
884971(250)
884974(273)
884977(256)
885054(198)
885022(256)
885027(222)
885033(247)
885037(187)
885048(230)
228
886620(318)
886624(250)
886632(279)
886633(296)
886637(301)
886603(336)
886606(332)
886607(331)
886611(304)
886619(313)
886693(239)
886657(261)
886664(304)
886668(304)
886669(304)
886689(268)
Karachi Govt. College For Women Chand Bibi Road
886203(35)
886233(80)
886240(71)
886256(64)
886258(51)
886322(57)
886205(102)
886206(113)
886220(102)
886244(103)
886257(72)
886269(117)
886273(103)
886301(100)
886310(118)
886330(99)
886202(122)
886208(131)
886215(119)
886241(122)
886254(144)
886261(146)
886290(159)
886342(152)
886348(137)
886245(181)
886253(181)
886270(170)
886274(194)
886286(237)
886210(189)
886211(191)
886222(176)
886228(213)
886242(188)
886337(183)
886340(220)
886293(192)
886294(204)
886314(192)
886333(162)
886336(187)
886247(224)
886251(198)
886260(202)
886264(254)
886284(233)
886227(245)
886235(253)
886238(207)
886239(255)
886243(239)
886204(226)
886212(207)
886214(211)
886217(246)
886221(199)
886332(204)
886334(223)
886335(199)
886341(253)
886303(210)
886305(262)
886315(231)
886317(213)
886320(183)
886288(238)
886292(216)
886295(246)
886299(231)
886300(287)
886250(331)
886252(285)
886259(247)
886262(282)
886263(249)
886265(244)
886266(307)
886267(346)
886268(354)
886271(327)
886272(288)
886275(307)
886276(337)
886277(316)
886278(334)
886234(306)
886236(257)
886237(293)
886246(291)
886248(259)
886201(312)
886207(332)
886209(263)
886213(258)
886216(302)
886218(285)
886219(278)
886223(325)
886224(336)
886225(325)
886226(294)
886229(399)
886230(277)
886231(274)
886232(324)
886319(376)
886321(272)
886323(257)
886325(296)
886326(306)
886327(278)
886328(266)
886329(303)
886331(335)
886338(307)
886339(338)
886343(295)
886344(348)
886346(285)
886347(364)
886311(270)
886312(419)
886313(316)
886316(258)
886318(266)
886279(322)
886280(357)
886281(306)
886282(337)
886283(350)
886285(296)
886289(252)
886291(319)
886297(355)
886302(285)
886304(314)
886306(298)
886307(362)
886308(286)
886309(257)
Govt. Girls Degree College, Gizri Clifton
229
887272(439)
887273(463)
887274(460)
887275(389)
887276(374)
887277(427)
887278(403)
887280(409)
887281(395)
887282(408)
887283(396)
887284(430)
887285(425)
887286(450)
887287(390)
887267(432)
887268(503)
887269(446)
887270(428)
887271(438)
887251(417)
887252(433)
887254(466)
887255(479)
887256(386)
887257(419)
887258(350)
887259(469)
887260(446)
887261(420)
887262(462)
887263(418)
887264(412)
887265(412)
887266(442)
887288(397)
887289(417)
887290(371)
887291(410)
887292(418)
887314(335)
887315(292)
887316(399)
887317(320)
887318(417)
887319(312)
887321(432)
887322(332)
887324(355)
887325(300)
887330(333)
887331(279)
887333(427)
887334(295)
887308(327)
887309(419)
887310(369)
887311(366)
887313(310)
887293(408)
887294(441)
887295(425)
887296(437)
887297(446)
887298(477)
887299(443)
887300(428)
887301(488)
887302(370)
887303(475)
887304(399)
887305(377)
887306(435)
887307(309)
DHACSS College for Women (Intermediate)
886627(56)
886639(68)
886645(80)
886670(61)
886694(53)
886700(69)
886647(100)
886649(71)
886650(86)
886658(80)
886659(92)
886617(124)
886631(111)
886638(91)
886642(94)
886643(83)
886681(85)
886665(101)
886667(96)
886671(107)
886673(84)
886679(99)
886622(125)
886623(138)
886634(155)
886644(172)
886656(126)
886601(164)
886605(118)
886608(149)
886610(115)
886621(128)
886699(151)
886701(120)
886666(145)
886677(132)
886685(118)
886687(150)
886692(144)
886641(175)
886646(187)
886654(160)
886655(157)
886662(179)
886626(220)
886628(158)
886630(194)
886636(173)
886640(165)
886684(181)
886690(139)
886691(156)
886695(162)
886672(179)
886674(136)
886675(143)
886682(173)
886683(163)
886616(267)
886618(246)
886625(161)
886629(208)
886648(226)
886602(226)
886604(216)
886612(263)
886614(241)
886615(313)
886680(199)
886686(238)
886696(253)
886697(213)
886698(240)
886651(242)
886652(229)
886653(216)
886660(243)
886678(195)
230
887913(396)
887914(455)
887915(313)
887916(323)
887918(382)
887919(466)
887920(319)
887921(320)
887922(390)
887924(371)
887901(382)
887902(356)
887903(412)
887904(320)
887905(392)
887907(354)
887908(359)
887909(308)
887910(312)
887911(309)
887927(412)
887928(268)
887929(332)
887930(293)
887931(319)
Trinity Methodist Girls Higher Secondary School
887845(111)
887802(221)
887823(269)
887844(332)
887839(441)
887840(435)
887841(455)
887842(422)
887843(460)
887813(348)
887814(446)
887815(319)
887816(365)
887817(428)
887807(364)
887808(309)
887810(349)
887811(400)
887812(298)
887801(413)
887803(384)
887804(375)
887805(409)
887806(335)
887818(325)
887819(360)
887820(286)
887821(417)
887822(413)
887834(422)
887835(392)
887836(398)
887837(366)
887838(350)
887829(390)
887830(446)
887831(339)
887832(451)
887833(409)
887824(255)
887825(380)
887826(364)
887827(369)
887828(370)
St. Joseph's College for Women
887320(151)
887327(145)
887253(357)
887312(270)
887323(310)
887326(217)
887328(220)
887329(206)
887332(236)
231
888251(264)
888252(309)
888257(307)
888258(322)
888260(328)
888261(240)
888263(228)
888253(321)
888255(387)
888256(367)
888259(377)
888262(345)
888264(320)
888265(371)
888266(369)
888267(435)
888268(341)
Behbood Girls Higher Secondary School
888201(342)
888202(421)
888203(444)
888204(435)
888205(396)
888206(390)
888207(332)
888208(420)
Muhammad Ismail Allah Wala Women College(Intermediate)
887906(297)
887912(220)
887917(209)
887923(195)
887925(203)
887926(261)
887933(195)
887943(229)
887938(430)
887939(294)
887940(366)
887941(309)
887942(439)
887932(374)
887934(311)
887935(415)
887936(452)
887937(337)
887949(331)
887950(318)
887951(449)
887944(379)
887945(345)
887946(325)
887947(349)
887948(402)
232
888848(78)
888861(81)
888876(98)
888879(108)
888885(102)
888810(94)
888821(100)
888829(113)
888845(80)
888846(95)
888870(121)
888871(138)
888878(150)
888893(145)
888894(120)
888812(124)
888819(103)
888836(127)
888842(117)
888856(123)
888896(108)
888901(135)
888914(109)
888930(126)
888941(163)
889015(115)
889021(134)
889025(134)
888950(113)
888962(101)
888975(116)
888987(164)
888997(129)
888824(181)
888827(158)
888833(171)
888840(170)
888844(165)
888804(202)
888807(157)
888808(155)
888809(188)
888823(184)
888855(188)
888867(192)
888869(152)
888877(157)
888919(151)
889008(172)
889013(212)
889022(163)
889027(158)
889031(168)
888927(176)
888934(201)
888976(173)
888988(158)
888992(178)
888890(244)
888907(216)
888909(223)
888915(210)
888918(192)
888858(236)
888859(241)
888873(238)
888883(255)
888886(231)
888923(209)
888929(251)
888931(242)
888936(286)
888938(197)
888984(209)
889007(192)
889017(226)
888963(179)
888967(252)
888970(216)
888972(194)
888979(218)
888826(228)
888830(239)
888837(269)
888839(200)
888851(206)
888803(261)
888805(269)
888813(217)
888816(250)
888822(214)
888865(350)
888866(299)
888874(236)
888875(290)
888880(301)
888892(290)
888895(223)
888911(298)
888926(276)
888939(311)
888835(265)
888843(285)
888847(272)
888849(263)
888852(261)
888801(306)
888806(362)
888814(338)
888815(264)
888817(396)
888825(271)
888828(265)
888831(290)
888832(275)
888834(261)
888985(321)
888990(349)
888993(294)
888994(334)
888996(361)
889004(290)
889023(263)
889026(366)
889028(251)
888969(279)
888977(270)
888978(266)
888980(345)
888982(328)
888945(287)
888946(312)
888947(263)
888951(298)
888955(243)
888956(365)
888957(293)
888958(312)
888964(243)
888965(261)
Allama Iqbal Govt. Girls Degree College, Shah Faisal Colony
233
889295(339)
889297(339)
889298(328)
889300(284)
889301(269)
889289(361)
889290(321)
889291(390)
889292(345)
889294(362)
889303(265)
889305(321)
889307(297)
889308(328)
889309(331)
889321(414)
889323(381)
889325(354)
889326(346)
889331(384)
889310(442)
889313(435)
889314(393)
889317(266)
889319(307)
889281(306)
889282(330)
889283(283)
889285(302)
889287(402)
889248(334)
889249(267)
889252(350)
889253(333)
889255(337)
889256(314)
889257(336)
889258(355)
889259(323)
889260(363)
889270(407)
889271(314)
889272(268)
889273(316)
889278(310)
889261(387)
889264(350)
889265(322)
889268(366)
889269(400)
889334(260)
889335(301)
889337(307)
889340(328)
889341(352)
889416(458)
889419(288)
889420(389)
889421(324)
889423(270)
889399(402)
889400(297)
889404(349)
889412(271)
889415(284)
889425(369)
889427(270)
889432(276)
889436(261)
889437(424)
889393(290)
889394(311)
889396(339)
889397(341)
889398(414)
889349(316)
889350(344)
889353(334)
889359(333)
889361(330)
889342(248)
889345(290)
889346(383)
889347(351)
889348(299)
889362(351)
889364(358)
889366(306)
889367(334)
889372(265)
889381(318)
889382(381)
889384(406)
889385(387)
889386(357)
889375(383)
889376(296)
889377(278)
889379(314)
889380(270)
889201(270)
889202(378)
889203(419)
889204(391)
889205(357)
889240(258)
889241(373)
889243(345)
889245(369)
889247(361)
889208(236)
889210(269)
889212(249)
889213(306)
889215(384)
889229(286)
889230(294)
889233(218)
889237(340)
889239(391)
889216(331)
889217(269)
889219(302)
889227(293)
889228(433)
Khursheed Govt. Girls College Shah Faisal Colony
888850(38)
888853(20)
888882(26)
888902(42)
888905(34)
888910(34)
888917(18)
888928(21)
888940(17)
888942(24)
889009(18)
889016(33)
889018(34)
889020(17)
889030(37)
888944(17)
888952(39)
888973(42)
888989(22)
888999(17)
888862(59)
888863(61)
888864(80)
888881(54)
888884(52)
888818(61)
888820(49)
888838(68)
888841(73)
888860(35)
888887(87)
888908(71)
888916(40)
888921(63)
888922(58)
889003(66)
888971(41)
888974(60)
888983(54)
889000(51)
889002(57)
888943(40)
888949(70)
888953(84)
888959(76)
888966(75)
888889(74)
888891(104)
888897(88)
888899(108)
888903(86)
888904(109)
888912(92)
888913(95)
888924(83)
888925(87)
888998(96)
889011(87)
889012(115)
888948(105)
888954(88)
888968(100)
888981(79)
888991(76)
234
889242(184)
889251(225)
889266(177)
889274(164)
889275(226)
889211(174)
889218(174)
889220(202)
889232(156)
889235(201)
889373(236)
889387(292)
889388(241)
889390(246)
889391(240)
889356(173)
889358(226)
889360(232)
889363(261)
889368(301)
889418(286)
889428(210)
889431(211)
889438(183)
889446(211)
889395(279)
889409(240)
889410(206)
889413(262)
889417(267)
889254(257)
889262(256)
889263(244)
889277(276)
889284(251)
889236(250)
889238(274)
889244(282)
889246(268)
889250(248)
889318(261)
889330(248)
889343(215)
889352(223)
889355(203)
889286(296)
889288(268)
889296(243)
889302(268)
889304(214)
889449(234)
889452(212)
889462(205)
889473(267)
889477(204)
889661(234)
889662(201)
889663(211)
889665(225)
889669(234)
889623(230)
889624(246)
889641(198)
889647(230)
889648(210)
889705(230)
889714(197)
889715(211)
889717(235)
889724(216)
889675(263)
889684(226)
889687(259)
889690(302)
889694(301)
889511(265)
889515(207)
889523(211)
889524(238)
889528(234)
889478(239)
889480(255)
889497(219)
889508(233)
889509(242)
889579(238)
889584(212)
889597(203)
889608(236)
889622(222)
889532(289)
889533(268)
889562(258)
889567(203)
889568(239)
889206(213)
889214(207)
889221(211)
889224(238)
889234(241)
889526(284)
889537(314)
889538(361)
889542(260)
889543(328)
889507(309)
889514(391)
889516(366)
889519(309)
889520(380)
889545(329)
889547(287)
889554(339)
889555(381)
889559(304)
889573(369)
889574(293)
889576(257)
889578(330)
889581(437)
889560(307)
889561(291)
889563(336)
889570(306)
889571(309)
889459(262)
889466(408)
889467(383)
889468(281)
889472(287)
889443(356)
889444(314)
889445(304)
889448(294)
889457(375)
889475(351)
889482(305)
889483(291)
889484(307)
889486(217)
889501(372)
889503(335)
889504(363)
889505(356)
889506(398)
889489(290)
889494(404)
889495(421)
889496(336)
889498(417)
889582(400)
889583(258)
889587(352)
889588(277)
889589(389)
889668(307)
889671(365)
889674(400)
889676(287)
889678(315)
889654(342)
889656(295)
889658(297)
889659(292)
889666(432)
889681(344)
889689(291)
889696(366)
889698(410)
889700(383)
889708(405)
889711(320)
889713(240)
889719(308)
889720(375)
889702(297)
889703(278)
889704(381)
889706(290)
889707(327)
889603(458)
889604(325)
889605(358)
889606(336)
889607(321)
889595(255)
889596(264)
889600(324)
889601(303)
889602(444)
889609(328)
889610(266)
889614(302)
889615(382)
889616(352)
889637(277)
889644(316)
889649(320)
889650(257)
889653(278)
889625(328)
889633(315)
889634(305)
889635(419)
889636(407)
235
889231(40)
889453(36)
889463(25)
889487(34)
889611(33)
889629(25)
889643(17)
889682(19)
889474(60)
889500(65)
889502(60)
889521(72)
889522(45)
889434(66)
889435(53)
889461(54)
889469(76)
889471(66)
889316(64)
889320(58)
889336(82)
889370(74)
889430(62)
889639(69)
889651(57)
889670(75)
889699(58)
889722(64)
889612(69)
889617(64)
889618(70)
889627(70)
889628(77)
889527(45)
889530(54)
889548(43)
889549(71)
889591(41)
889411(78)
889426(92)
889433(93)
889465(92)
889481(91)
889488(88)
889492(89)
889517(98)
889525(86)
889531(96)
889207(90)
889299(109)
889315(124)
889324(91)
889327(113)
889338(126)
889365(111)
889369(96)
889403(103)
889406(104)
889619(101)
889626(132)
889642(116)
889673(94)
889683(124)
889685(97)
889693(97)
889697(113)
889712(96)
889534(101)
889536(98)
889540(125)
889544(65)
889551(98)
889552(95)
889556(98)
889566(80)
889585(96)
889594(82)
889408(131)
889414(160)
889439(164)
889441(146)
889442(124)
889447(104)
889451(146)
889455(131)
889485(129)
889499(131)
889512(143)
889541(107)
889546(150)
889553(134)
889557(143)
889209(146)
889222(132)
889223(153)
889225(125)
889267(177)
889279(148)
889311(145)
889312(148)
889333(164)
889344(181)
889354(189)
889357(134)
889371(128)
889389(149)
889401(124)
889657(133)
889664(147)
889677(123)
889679(173)
889680(186)
889686(140)
889695(139)
889701(135)
889709(116)
889710(126)
889723(142)
889558(121)
889575(135)
889577(116)
889580(146)
889599(132)
889613(126)
889620(165)
889621(152)
889631(153)
889632(153)
889638(160)
889645(116)
889646(138)
889652(123)
889655(159)
889424(181)
889429(196)
889440(159)
889450(174)
889456(176)
889458(195)
889460(188)
889470(174)
889490(224)
889491(159)
889392(172)
889402(167)
889405(268)
889407(180)
889422(211)
889276(183)
889280(180)
889293(199)
889306(167)
889328(221)
889332(183)
889339(202)
889351(177)
889374(177)
889378(156)
889630(181)
889660(159)
889667(188)
889672(192)
889688(194)
889691(178)
889692(164)
889721(215)
889586(161)
889590(168)
889592(165)
889593(175)
889598(193)
889493(208)
889510(173)
889513(170)
889518(170)
889529(167)
889539(191)
889564(164)
889565(205)
889569(218)
889572(200)
236
890358(188)
890356(200)
890360(230)
890361(212)
890363(216)
890367(267)
890368(237)
890351(326)
890353(334)
890354(349)
890359(319)
890369(330)
890370(378)
Govt. Degree Girls College, Metrovill, S.I.T.E.
890219(33)
890222(23)
890225(18)
890239(19)
890248(19)
890255(19)
890210(45)
890231(58)
890237(53)
890238(60)
890245(68)
890249(36)
890256(65)
890207(91)
890223(102)
890227(133)
890228(129)
890232(93)
890233(141)
890234(100)
890242(91)
890243(95)
890251(107)
890252(113)
890220(177)
890221(163)
890230(168)
890240(170)
890201(178)
890203(180)
890205(196)
890211(175)
890216(160)
890202(245)
890204(234)
890206(198)
890209(218)
890217(226)
890246(296)
890253(207)
890254(221)
890215(323)
890229(248)
890241(247)
890244(299)
Govt. Girls Science College Shah Faisal Colony
889952(242)
Iqra Intermediate College for Boys & Girls, Shah Faisal Colony
237
890615(51)
890606(127)
890603(199)
890609(218)
890612(179)
890616(237)
890604(226)
890607(288)
890608(256)
890611(271)
890613(279)
890602(390)
Govt. Degree Girls College Pak. Colony
890504(180)
890507(141)
890503(228)
890505(174)
890508(209)
890501(235)
890509(260)
Govt. Girls Degree College Qasba Colony
890366(40)
890364(164)
