Commerce 
                  Regular Part II
URL: https://www.biek.edu.pk/Result-2022/Part-II/CMR/Result-Gazette-CMR-Part-II-Annual-2022-Final.pdf
Source: https://www.biek.edu.pk/LastResults.asp

1
NOTE: MARKS OBTAINED BY ALL THE SUCCESSFUL CANDIDATES ARE INDICATED WITHIN
MARKS) TO RAISE THEIR GRADES IN HARDSHIP CASES ARE INDICATED WITH PLUS(+) SIGN AND
PARANTHESIS AGAINST THEIR ROLL NUMBER AND THE EXTRA MARKS GIVEN (MAXIMUM FIVE
CANDIDATES BEARING THE FOLLOWING ROLL NUMBERS ARE DECLARED TO HAVE
PASSED THE INTERMEDIATE COMMERCE (REGULAR) GROUP PART - II (CLASS XII)
ANNUAL EXAMINATION 2022.
900238(410)
984041(438^ 1)
***********
Grade : E
900241(515)
900243(473)
924570(522^ 2)
942171(451)
961583(484)
Grade : D
900231(624)
900233(627)
900234(550)
900235(569)
900237(583)
900239(634)
924563(624)
924568(617)
924574(568)
Grade : C
924561(736)
924562(728)
924564(719)
924565(701)
924567(697)
924569(699)
924572(714)
924573(684)
924577(705)
942172(695)
Grade : B
900232(839)
924571(807)
924576(806)
Grade : A
****NIL****
Grade : A-1
Apex Intermediate College
900086(422)
900112(408^ 4)
900148(408^ 2)
900167(428)
900179(409)
942006(415)
942021(397)
900088(472^ 2)
900089(467)
900099(501)
900106(498^ 3)
900145(515^ 3)
900039(454^ 3)
900040(456)
900057(493)
900058(531)
900060(492^ 1)
942017(488)
942036(490^ 2)
942037(517^ 1)
980001(452)
900178(491)
900197(449^ 1)
900220(488^ 3)
942004(483)
942016(542)
900136(646)
900146(570^ 1)
900158(597)
900166(596)
900219(595^ 1)
942012(619)
900010(739)
900144(700)
900152(752)
900183(734)
900186(741)
942005(697)
900208(809)
900210(807)
Govt. Degree Boys College Baldia Town
GRACE MARKS CASES ARE INDICATED WITH CARET(^) SIGN
2
Jamiat Tul Mustafa Al-Razavia Scholars Academy Higher Secondary School
900340(408^ 3)
900291(465)
900293(464)
900295(494)
900296(519)
900298(480^ 4)
900281(476)
900283(459)
900285(490)
900286(506)
900288(513)
900272(530^ 3)
900273(450)
900275(449)
900277(510)
900278(456)
942243(526)
942244(490)
900332(506)
900337(462^ 1)
924612(517)
924622(500)
924624(496)
900301(502)
900306(493)
900319(482^ 2)
900320(531)
900331(453)
900302(654)
900305(563)
900308(595)
900310(585)
900313(632)
900279(546+ 4)
900284(586)
900287(599)
900294(570)
900300(579)
900314(643)
900315(634)
900316(605)
900321(563)
900322(552^ 3)
924615(574)
924621(610)
924625(592)
924626(575)
900323(550^ 1)
900326(553)
900329(585)
900336(641)
900339(583)
900307(657+ 3)
900311(716)
900312(658+ 2)
900317(675)
900338(660)
900274(664)
900290(692)
900297(672)
900299(711)
900303(663)
924627(697)
924628(756)
924611(690)
924613(752)
924616(745)
924618(719)
924620(724)
900280(839)
900318(768+ 2)
900327(835)
924617(773)
924623(772)
900304(954)
924614(898)
924619(908)
HOPE Inter College
900254(523)
924593(497)
924599(494)
924591(561^ 1)
924592(600)
924594(611)
924596(643)
924597(578^ 3)
924598(718)
961611(717)
Crescent Public Higher Secondary School
3
Govt. Degree Boys College 9-E, Baldia Town
900404(437^ 2)
900403(487)
900410(524)
924724(529)
924725(451^ 2)
924721(607)
924722(570)
900407(687)
924723(687)
The Pinnacle College
900373(452)
900374(446)
900376(459)
900377(486)
900378(470)
900379(496)
900381(508)
900382(478)
900383(487)
900384(480)
900386(477)
900390(537)
900392(504^ 3)
924696(543)
900380(559)
900385(634)
900387(628)
900393(613)
924697(645)
924699(597)
924701(601)
924706(639)
942381(568)
900389(674)
924691(699)
924694(743)
924692(812)
924693(810)
924698(801)
Scholars Higher Secondary School, Saeedabad
900355(458)
4
900504(804)
Govt. Degree College, Konkar Village, Gadap
900481(538)
900482(514)
900485(489^ 3)
962071(636^ 1)
962072(753)
The Master's College of Science & Commerce
924822(541^ 1)
900454(653)
900456(625)
924823(645)
924825(622)
924826(644^ 2)
900459(685)
900460(690)
924821(724)
900451(835)
900455(828)
900458(871)
900453(983)
924824(911)
E-Complex College of Arts & Science
900420(422^ 1)
900429(426)
900419(441)
900422(468^ 3)
900426(445^ 2)
900427(483^ 1)
900432(484)
900443(482)
5
900566(516^ 3)
900569(489)
900570(481)
900571(541)
900576(475^ 2)
900577(458)
900578(519)
900587(516)
900588(446^ 1)
900590(529)
900557(452^ 1)
900558(442^ 3)
900559(510)
900562(451)
900563(541)
900521(474)
900522(491)
900524(519)
900531(447)
900532(535)
900541(477)
900544(464)
900552(440^ 3)
900553(479)
900554(510)
900594(481^ 2)
900596(488)
900598(530)
900599(508)
900606(505)
900608(481)
900614(478^ 3)
900621(508^ 1)
900625(449)
900626(505)
900631(488^ 1)
900632(513)
900633(442)
900634(523)
900636(496)
900652(603)
900658(606)
900667(566)
900676(620)
900689(630)
900705(642)
900713(551)
900716(565)
900719(545+ 5)
900727(613)
900623(601)
900627(548+ 2)
900628(638)
900630(652)
900645(628)
900586(563)
900592(572)
900593(571)
900595(569)
900601(623)
900602(651)
900604(604)
900612(593)
900617(546+ 4)
900622(638)
900729(633)
900735(560)
900736(604)
900738(583)
900739(640)
900828(547+ 3)
942866(570)
942891(650)
942899(576)
942911(624)
942919(639)
942922(560)
942924(609)
900800(578)
900801(643)
900823(589)
900824(571)
900825(563)
900744(547+ 3)
900749(556)
900759(589)
900760(570)
900763(635)
900767(576)
900768(588)
900778(565)
900788(560)
900798(564)
900556(550)
900560(569)
900567(654)
900568(617)
900585(554)
900525(548+ 2)
900528(572)
900529(577)
900536(583)
900537(589)
900538(640)
900545(583)
900547(632)
900549(627)
900550(592)
900653(729)
900691(661)
900723(743)
900724(661)
900725(691)
900546(694)
900548(655+ 5)
900600(697)
900603(702)
900605(685)
900726(684)
900728(763)
900732(670)
900751(714)
900783(668)
942874(711)
900792(682)
900819(726)
900822(708)
900827(666)
900831(675)
900533(860)
900616(780)
900620(784)
900697(785)
900708(805)
900755(813)
900818(791)
Govt. Degree Boys College Gulzar-e-Hijri
900496(430^ 5)
900509(437^ 3)
900495(520^ 2)
900508(508^ 2)
900515(518)
942801(478)
942806(499)
942807(497^ 2)
980211(487)
980212(489)
900499(567)
900501(551^ 1)
962201(648)
962202(603)
6
900883(768+ 2)
900886(818)
900890(773)
900892(841)
900893(833)
900894(790)
900898(774)
900899(848)
900900(830)
900904(830)
900903(911)
Noor-e-Hamza Islamic College
900853(502)
900858(491)
900852(617)
900855(599)
900856(581)
900859(632)
900861(621)
900863(623)
900865(546+ 4)
900851(674)
900862(739)
900864(818)
Al-Beroni Intermediate College, Ahsanabad
900542(416^ 3)
900573(419)
900619(408^ 3)
900624(435^ 1)
900639(437^ 2)
900648(424^ 2)
900654(386^ 3)
900694(422^ 3)
900715(421^ 3)
900742(421^ 1)
900802(428)
980241(408^ 2)
900722(504)
900730(518)
900731(496)
900737(472)
900740(543)
900699(491)
900700(446^ 1)
900712(455^ 1)
900714(539)
900720(507)
900757(533)
900758(451^ 2)
900761(500)
900762(541)
900764(457)
900743(456^ 1)
900746(514)
900747(495)
900750(449)
900754(540)
900685(511)
900686(449^ 3)
900688(483^ 1)
900696(471)
900698(495)
900662(442^ 3)
900663(485)
900665(486)
900666(489)
900668(500^ 1)
900640(472)
900643(533)
900650(443)
900651(457^ 1)
900660(510^ 2)
900679(476)
900680(515)
900681(537)
900683(493)
900684(499)
900669(519)
900673(488)
900674(484)
900677(461^ 1)
900678(451^ 1)
942895(538)
942898(461^ 2)
942901(518^ 3)
942905(450^ 1)
942906(547^ 1)
942880(454^ 1)
942882(493^ 1)
942883(462)
942890(496)
942892(460^ 4)
942921(485)
942923(489)
980242(484^ 2)
942908(529)
942909(468)
942910(485)
942913(544)
942918(523)
900826(450^ 1)
900829(491)
900830(511)
942863(528)
942865(491)
900781(502)
900782(535)
900784(464)
900787(518)
900790(483)
900765(492)
900774(519)
900775(514)
900776(517)
900780(441)
900814(496)
900815(542)
900816(515)
900817(488)
900821(527)
900799(492)
900808(521)
900809(493)
900811(486)
900813(496)
7
900957(721)
900981(677)
900982(751)
901009(698)
901010(710)
901053(804)
901295(781)
943338(827)
901023(890)
Govt. City College (Morning)
900926(652)
924931(584)
924932(625)
900921(656+ 4)
900923(686)
900925(725)
900922(766+ 4)
S.M.B. Quaid-e-Azam Public Higher Secondary School
900911(508)
Mysa Public Higher Secondary School, Gadap
900887(445^ 5)
900882(630)
900905(586)
900881(689)
900884(662)
900885(707)
900888(675)
900889(760)
900891(753)
900895(689)
900896(693)
900897(698)
900901(724)
900902(717)
900906(740)
900907(730)
8
901012(484^ 1)
901014(478)
901016(527)
901028(520)
901030(465)
901031(523)
901032(466)
901033(485)
901040(472)
901050(528)
901063(539)
901072(525)
901081(537^ 3)
901094(524)
901095(528)
900953(443^ 3)
900962(540)
900970(511^ 2)
900985(490)
900988(512)
900989(541)
900991(519)
900992(509)
900997(532)
901000(484)
901001(455)
901002(507^ 2)
901003(484)
901006(525)
901007(512)
901101(495^ 1)
901106(543)
901109(474)
901111(516)
901115(439+ 1)
901116(539)
901117(523)
901118(530)
901119(538^ 3)
901121(468)
901122(535)
901123(522)
901127(478)
901129(514)
901131(527)
901133(473^ 1)
901134(510)
901135(515^ 3)
901139(543)
901140(439+ 1)
901335(610)
901336(571)
901353(603)
901357(553)
901360(609)
901367(566)
943306(552^ 2)
943308(637)
943311(651)
943312(592^ 2)
901275(617)
901278(636^ 2)
901283(564)
901285(633)
901287(546+ 4)
901296(593)
901297(622)
901298(588^ 1)
901322(646)
901325(626)
943320(618)
943321(620)
943325(552)
943327(605)
943330(594)
943357(565)
943358(554)
943359(565)
943362(570)
943364(602)
943366(570)
943335(548+ 2)
943339(609)
943340(545+ 5)
943345(594)
943349(552)
943352(560)
943353(552)
943354(586)
943355(640)
943356(617)
901262(587)
901263(562)
901264(579)
901269(593)
901273(623)
901011(605)
901015(548+ 2)
901029(592)
901038(587^ 3)
901039(631)
901044(610)
901045(566)
901046(558)
901054(584^ 1)
901070(570)
901074(555^ 2)
901083(640)
901087(604)
901091(593)
901092(580)
900995(601)
900996(585)
900998(635)
900999(607)
901004(593)
900952(631)
900955(573)
900958(581)
900959(558)
900960(584)
900967(545+ 5)
900969(654)
900972(574)
900975(567)
900977(567)
900979(558^ 1)
900984(645)
900986(574)
900987(584)
900994(545+ 5)
901096(616^ 2)
901105(553)
901107(616)
901114(557)
901120(653)
901202(549+ 1)
901207(562)
901210(585)
901211(584)
901212(600)
901215(576)
901216(545+ 5)
901217(578)
901219(559)
901223(561)
901237(593)
901247(552)
901248(570)
901253(617)
901258(585)
901190(555)
901191(593)
901193(573)
901196(579)
901198(576)
901126(577^ 2)
901130(565)
901136(558^ 1)
901143(554)
901145(565^ 1)
901146(564)
901147(631)
901160(623)
901167(591)
901168(571)
901170(551)
901172(553)
901173(571)
901181(647)
901188(548+ 2)
901182(689)
901183(662)
901197(660)
901238(683)
901239(712)
901125(680)
901132(720)
901155(681)
901162(699)
901171(663)
901042(744)
901077(728)
901102(696)
901112(664)
901113(724)
943326(663)
943334(752)
901339(658+ 2)
901355(664)
943305(719)
943307(683)
943310(731)
901250(664)
901255(697)
901279(662)
901293(703)
901334(685)
9
901549(566)
901551(621)
901553(548+ 2)
901556(573)
901557(638)
901561(627)
901573(557^ 2)
901578(617)
901584(574)
901585(591)
901586(563)
901587(647)
901588(588)
901591(579)
901593(560)
901412(547+ 3)
901435(561)
901454(573)
901457(561)
901465(549+ 1)
901466(610)
901477(572)
901483(585)
901490(590)
901495(600)
901517(552)
901521(557)
901525(551)
901530(590)
901545(579)
901597(588)
901598(602)
901601(549+ 1)
901603(550)
901605(547+ 3)
901607(586)
901608(563)
901610(575)
901612(609)
901615(566)
901617(580)
901621(551)
901636(612)
901646(567)
901660(567)
901654(685)
901688(660)
901749(733)
901750(725)
901872(705)
901537(693)
901554(720)
901594(715)
901616(721)
901653(680)
901968(713)
901979(703)
901985(722)
901995(706)
902009(701)
943490(659+ 1)
943504(673)
943525(666)
943606(681)
943612(655+ 5)
902026(731)
902045(686)
902048(659+ 1)
902063(675)
902080(691)
901489(854)
901542(788)
901543(857)
901544(769+ 1)
901747(793)
901748(840)
902071(768+ 2)
Govt. City College (Evening)
901024(436^ 3)
901080(397^ 3)
901110(418)
901206(427)
901240(433)
901300(438^ 3)
901324(427^ 2)
901341(409^ 5)
901232(471)
901235(511)
901242(486)
901245(459)
901251(530)
901222(516)
901224(539)
901226(444^ 1)
901228(527)
901231(444)
901266(476^ 3)
901268(518)
901281(534)
901284(533^ 1)
901286(514)
901252(500)
901256(535)
901259(494^ 1)
901261(516)
901265(496)
901208(482)
901209(532)
901213(468)
901220(538^ 2)
901221(458^ 1)
901165(473^ 2)
901169(458)
901174(490)
901175(504)
901180(487)
901141(502)
901149(536)
901153(536)
901157(535)
901161(479^ 1)
901199(530)
901200(527)
901203(515)
901204(478^ 3)
901205(457)
901185(529^ 2)
901187(499)
901192(519)
901194(521)
901195(442^ 1)
943315(479^ 1)
943316(531)
943319(513)
943323(528)
943324(490^ 3)
901366(473)
943301(477^ 2)
943303(498)
943304(539^ 2)
943314(520)
943341(475)
943350(544)
943351(537)
980336(511)
943328(531)
943331(529)
943333(541^ 2)
943336(437+ 3)
943337(497)
901356(486^ 2)
901358(490^ 3)
901359(525)
901364(523)
901365(457)
901312(518)
901313(502)
901320(523)
901326(511)
901327(502)
901288(464)
901290(539)
901292(456)
901294(488)
901307(532)
901340(445)
901346(487)
901347(466^ 2)
901350(485)
901354(495)
901331(505)
901332(482)
901333(511^ 2)
901337(482^ 1)
901338(497)
10
901485(485)
901486(474)
901487(479)
901488(526)
901492(494)
901475(489)
901476(497^ 3)
901478(485)
901482(449)
901484(462)
901500(469)
901501(485)
901502(523)
901503(474)
901504(444^ 1)
901493(497)
901494(490)
901496(463^ 4)
901497(504)
901499(467)
901468(497)
901469(471)
901470(456)
901472(493)
901474(507)
901436(449^ 1)
901438(478)
901439(471)
901442(438+ 2)
901444(514)
901401(457)
901402(517)
901403(474)
901410(479)
901425(474)
901458(448)
901459(486^ 2)
901461(475^ 1)
901463(482)
901464(521)
901447(462)
901449(483)
901451(465^ 3)
901452(508)
901453(506)
901505(519)
901506(535)
901508(485)
901509(511)
901512(491)
901583(527)
901590(529)
901595(512)
901596(539)
901599(537)
901575(451)
901576(497)
901579(532)
901581(482)
901582(527)
901527(505)
901529(512)
901531(525^ 3)
901535(461^ 2)
901538(497)
901515(525)
901516(489)
901520(543)
901522(517)
901524(495)
901567(458)
901568(485)
901570(516)
901571(519)
901572(475)
901540(499)
901546(530)
901555(518)
901562(494^ 1)
901563(449)
943670(582)
943671(603)
943676(585)
943677(574)
943683(585)
943684(551)
943685(588)
943696(546+ 4)
943697(645)
943703(559)
943710(619)
943714(566)
943717(591)
980372(644)
943658(577)
943661(562)
943662(587)
943666(562)
943667(586)
901963(554)
901964(628)
901971(555)
901996(593)
902003(547+ 3)
901940(548+ 2)
901947(581)
901949(590)
901950(581)
901959(590)
902030(569)
902031(588)
902032(567)
902035(604)
902044(581)
902065(590)
902074(604)
902075(576)
902082(556)
902085(578)
902049(567)
902053(590)
902058(577)
902060(566)
902061(563)
901882(598)
901893(597)
901896(651)
901914(567)
901922(589^ 3)
901719(579)
901724(558)
901738(564)
901741(551)
901742(620)
901687(651)
901689(633)
901690(584)
901703(547+ 3)
901713(577)
901763(547+ 3)
901792(556)
901797(578)
901800(607)
901805(596)
901860(611)
901863(567)
901866(614)
901869(552)
901874(623)
901823(579)
901834(567)
901850(624)
901852(590)
901854(587^ 1)
943597(562)
943598(559)
943599(573)
943607(649)
943609(547+ 3)
943570(614)
943571(589)
943573(572)
943588(559)
943592(577)
943615(548+ 2)
943620(557)
943624(555)
943626(556)
943634(588)
943651(644)
943653(549+ 1)
943655(552)
943656(564)
943657(575)
943635(596)
943636(559)
943638(580)
943646(558)
943650(549+ 1)
943535(586)
943537(569)
943538(551)
943541(616)
943557(554)
902100(602)
902101(551)
902106(574)
943464(570)
943471(567^ 2)
902090(555)
902091(569)
902095(601)
902097(643)
902099(602)
943472(550)
943480(558)
943487(606)
943492(621)
943494(586)
943517(572)
943523(552)
943532(570)
943533(602)
943534(562)
943499(598)
943505(588)
943511(580)
943513(626)
943515(550)
11
901889(497)
901890(501^ 1)
901891(457)
901892(530)
901894(528^ 1)
901884(487)
901885(456)
901886(483)
901887(530)
901888(459)
901895(471)
901909(499)
901911(441^ 3)
901915(541)
901916(481^ 3)
901927(541)
901928(504)
901930(543)
901931(517)
901932(502)
901918(484^ 1)
901919(473)
901920(484)
901923(489^ 4)
901925(510)
901870(473)
901871(540)
901873(454^ 1)
901876(478^ 3)
901883(536)
901831(495)
901835(491)
901836(487)
901840(455)
901843(441^ 3)
901844(508)
901845(518^ 3)
901847(542)
901848(448)
901849(446^ 1)
901862(473)
901864(522^ 1)
901865(527)
901867(501)
901868(475)
901853(499)
901855(513)
901856(451^ 2)
901858(480^ 2)
901861(491)
901933(444^ 3)
901935(463)
901939(481)
901943(464^ 3)
901945(459^ 2)
902011(486)
902012(514)
902014(501)
902016(533)
902018(499)
902001(465)
902002(511)
902007(480)
902008(525^ 3)
902010(469^ 1)
902019(457)
902020(440^ 1)
902021(491)
902022(535)
902024(508)
901992(464)
901994(456)
901997(521)
901999(474)
902000(501)
901958(522)
901965(484)
901966(495)
901967(496^ 6)
901970(468)
901946(455^ 2)
901951(534)
901953(527^ 3)
901955(458^ 2)
901956(438+ 2)
901972(518)
901973(452)
901974(523)
901975(496)
901977(484)
901986(486)
901987(467)
901988(447^ 2)
901989(531)
901991(521)
901978(493)
901980(454)
901981(529)
901983(481)
901984(494)
901658(480)
901661(492)
901662(478^ 3)
901665(516)
901666(468)
901647(523)
901651(542)
901652(527)
901655(508)
901657(444)
901669(532)
901671(486)
901672(471)
901674(502)
901679(481)
901692(436+ 4)
901693(543)
901694(465^ 1)
901696(526)
901700(453)
901680(502)
901681(509^ 1)
901683(467^ 2)
901684(514)
901691(474)
901640(471)
901641(514)
901642(473^ 1)
901643(437+ 3)
901645(523)
901604(515)
901606(529)
901609(475)
901613(514)
901614(509)
901818(448^ 2)
901819(498)
901824(517)
901826(494)
901828(459)
901620(533)
901622(461)
901623(496)
901625(512)
901627(471)
901634(501^ 2)
901635(534)
901637(469)
901638(502)
901639(527)
901628(461)
901629(531)
901631(459)
901632(499)
901633(498^ 3)
901701(496)
901704(536)
901705(451)
901706(476)
901707(470)
901774(477)
901776(472)
901777(494)
901778(474)
901780(461)
901759(477)
901767(443)
901770(506)
901771(499)
901773(460)
901781(456)
901783(478)
901784(451)
901787(485)
901794(520)
901808(452)
901809(446)
901815(443)
901816(542)
901817(464^ 2)
901796(491)
901798(477)
901799(454)
901803(478)
901804(478)
901746(493)
901751(476)
901753(473^ 1)
901754(490)
901756(492)
901714(518)
901716(447)
901717(452^ 1)
901718(528)
901720(501)
901708(536)
901709(455)
901710(475)
901711(511)
901712(453)
901722(503^ 1)
901725(540)
901726(527)
901727(526)
901728(483)
901739(532)
901740(518)
901743(484)
901744(530)
901745(519)
901730(510)
901731(483)
901733(526)
901735(473)
901737(471)
12
901795(434)
901801(439^ 1)
901806(433)
901825(402)
901838(430)
901721(417^ 3)
901775(424)
901786(383^ 5)
901790(404^ 4)
901793(405^ 3)
901428(392^ 5)
901433(417)
901437(424)
901580(431^ 4)
901702(431)
943700(435^ 6)
943720(420^ 3)
980371(416)
980373(398)
980375(424)
943481(433)
943483(422^ 2)
943496(412^ 1)
943627(413)
943674(427)
901875(437^ 3)
901904(428^ 4)
901926(437^ 1)
901960(436^ 3)
901998(406^ 1)
943642(517)
943643(530)
943645(500)
943649(534)
943660(486)
943663(527)
943664(530)
943665(526)
943668(485)
943669(535)
943673(533)
943678(505)
943679(527)
943680(503)
943681(478^ 3)
943601(495)
943604(446^ 2)
943605(473)
943610(507)
943613(542)
943614(501^ 2)
943616(514)
943617(502)
943619(525)
943621(517)
943622(534)
943625(485)
943629(514)
943630(542)
943632(518)
943708(486)
943709(497)
943712(536)
943713(503^ 2)
943715(512)
943716(494)
943719(525)
943721(519)
943723(514)
943724(509)
943726(519)
943728(520)
980376(450)
943682(490^ 1)
943686(446)
943687(490)
943688(518)
943689(455)
943690(478)
943691(488)
943692(481^ 1)
943693(493)
943698(513)
943699(500)
943701(511)
943702(519)
943704(511)
943707(522)
902105(533)
902108(466)
902109(481)
943461(523)
943462(488)
902096(507)
902098(534)
902102(510)
902103(515)
902104(524)
943463(470)
943465(477)
943466(483)
943467(459^ 1)
943469(481)
943485(519)
943486(511)
943489(486)
943491(517)
943498(507)
943473(472^ 1)
943475(506)
943476(465)
943477(490)
943484(455)
902086(472)
902087(527)
902088(491^ 2)
902089(502)
902092(515)
902038(466)
902043(439+ 1)
902047(541)
902050(519^ 2)
902051(515)
902028(530)
902029(529)
902033(540)
902034(521)
902036(469^ 3)
902054(486)
902055(438+ 2)
902056(533)
902057(483)
902059(532)
902069(498)
902073(477)
902078(530)
902079(454)
902083(542)
902062(540)
902064(501)
902066(475)
902067(470)
902068(538)
943500(459)
943501(499)
943502(455)
943503(469^ 1)
943506(471)
943572(498)
943574(527)
943575(459)
943576(531)
943577(494^ 2)
943556(504)
943561(516)
943564(497)
943566(541)
943568(491^ 5)
943578(469^ 2)
943579(483^ 1)
943580(480^ 2)
943581(516)
943583(522)
943593(504)
943594(492)
943595(483)
943596(525)
943600(527)
943585(513)
943586(522)
943589(527)
943590(530)
943591(477)
943551(542)
943552(471)
943553(469)
943554(522)
943555(484)
943514(518)
943518(525)
943521(524^ 1)
943522(492)
943524(471^ 1)
943507(487)
943508(543)
943509(453)
943510(484)
943512(524)
943526(457)
943527(530)
943528(523)
943529(543)
943530(488)
943543(543)
943544(543)
943546(485^ 3)
943547(454)
943549(516)
943531(490)
943536(524)
943539(510)
943540(535)
943542(508)
13
902251(879+ 1)
902252(910)
902254(879+ 1)
902256(927)
902260(889)
902275(907)
926203(905)
926204(935)
926205(885)
926209(896)
926211(912)
926218(903)
Aga Khan Higher Secondary School
944080(391)
902194(507)
902216(475)
902239(519)
902242(466^ 2)
902244(533)
944068(520)
944076(507^ 3)
902161(589)
902163(636)
902164(619)
902167(570)
902171(613)
902172(602)
902176(648)
902179(570)
902200(625)
902201(621)
902122(635)
902134(638)
902137(615)
902140(614)
902149(591)
902153(570)
902154(574)
902156(552)
902159(602)
902160(631)
902202(597)
902203(632)
902207(586^ 2)
902210(545+ 5)
902213(629)
944063(648)
944064(585)
944066(635)
944069(602)
944074(653)
944078(601^ 2)
944082(572)
944083(609^ 2)
902215(591)
902219(647)
902221(572)
902222(577)
902223(639)
902227(627)
902234(603)
902236(550^ 1)
902238(575)
902240(635)
944081(666)
902150(726)
902151(691)
902152(715)
902158(738)
902162(737)
902165(710)
902166(701)
902168(691)
902173(706)
902175(746)
902177(762)
902180(657+ 3)
902182(751)
902183(700)
902186(760)
902121(664)
902123(663)
902124(728)
902125(728)
902126(751)
902128(701)
902129(724)
902130(706)
902132(757)
902133(753)
902139(708)
902141(667)
902142(746)
902144(733)
902147(706)
902214(728)
902218(667)
902226(742)
902228(750)
902230(662)
902232(679)
902233(685)
902237(739)
902241(718)
944061(698)
944065(673)
944071(739)
944072(717)
944077(729)
944079(716)
902187(713)
902190(755)
902191(695)
902192(723)
902193(672)
902195(655+ 5)
902196(690)
902197(696)
902198(752)
902199(738)
902204(706)
902206(668)
902208(673)
902209(708)
902211(702)
902170(796)
902174(814)
902178(776)
902181(831)
902184(840)
902145(814)
902146(809)
902148(839)
902157(772)
902169(772)
902127(836)
902131(817)
902136(784)
902138(775)
902143(774)
944073(825)
902225(794)
902229(797)
902231(782)
944062(767+ 3)
944070(806)
902188(797)
902189(770)
902205(775)
902220(773)
902224(807)
902212(898)
Govt. Boys Comprehensive H.S.School Azizabad F.B.Area
14
902317(523)
926242(502)
926241(589)
902313(707)
902319(763)
926243(706)
Mehran Degree College
902302(453)
902303(476^ 1)
902305(512)
944161(518)
902292(607)
902293(621)
902294(571)
902299(551)
902300(653)
902306(642)
902304(660)
926231(850)
926232(799)
926233(882)
Dehli Science & Commerce College, Karimabad
902261(585)
902268(649)
902281(570^ 3)
902267(688)
902269(694)
902273(724)
902277(726)
902278(659+ 1)
902257(762)
902262(692)
902263(733)
902264(731)
902266(735)
926214(700)
926217(746)
926201(724)
926202(723)
926206(707)
926212(742)
926213(729)
902253(835)
902255(846)
902258(803)
902259(836)
902265(859)
902272(829)
902274(808)
902276(857)
902280(773)
926207(779)
926208(806)
926215(804)
926216(777)
15
902453(820)
902454(812)
902456(773)
902458(848)
902460(794)
902462(832)
902464(855)
902468(841)
926361(844)
926363(832)
902417(808)
902420(814)
902423(787)
902426(858)
902429(870)
902433(772)
902436(769+ 1)
902441(782)
902442(857)
902450(845)
926367(845)
926368(789)
926370(826)
926371(853)
926372(870)
926375(799)
926377(849)
926382(868)
926383(820)
926385(775)
902428(886)
902430(937)
902431(914)
902434(996)
902437(908)
902439(876+ 4)
902451(897)
902452(879+ 1)
902457(921)
902465(937)
902411(933)
902413(951)
902414(916)
902415(932)
902419(930)
902421(986)
902422(942)
902424(906)
902425(895)
902427(936)
902466(885)
902467(984)
926365(898)
926366(878+ 2)
926369(883)
926393(914)
926396(926)
926397(990)
926399(927)
926403(981)
926404(893)
944246(950)
926373(938)
926376(915)
926378(967)
926379(901)
926380(912)
926381(1000)
926384(883)
926387(983)
926389(941)
926392(901)
Sir Adamjee Institute
902375(465)
902383(542)
902390(442^ 2)
902396(511)
902341(466)
902353(440^ 3)
902357(522)
902362(450^ 3)
902372(541)
902364(634)
902366(589^ 1)
902371(611)
902374(624)
902376(583)
902333(636)
902340(605)
902347(625)
902348(644)
902355(546+ 4)
902377(621)
902378(552)
902379(611)
902385(585)
902387(564)
926351(614)
926352(602)
902389(623)
902392(644)
926322(616)
926327(593)
926342(599)
902345(741)
902349(666)
902351(670)
902356(718)
902358(722)
902332(754)
902335(664)
902336(754)
902338(716)
902342(747)
902361(660)
902363(701)
902380(734)
902382(671)
902388(734)
926340(711)
926341(665)
926344(734)
926346(752)
926347(751)
902395(701)
902399(669)
926324(728)
926330(663)
926338(748)
926323(850)
926325(774)
926326(824)
926328(845)
926329(765+ 5)
902334(854)
902369(808)
902370(857)
902386(870)
902393(825)
926348(778)
926349(844)
926350(839)
926353(767+ 3)
926334(839)
926335(854)
926336(768+ 2)
926337(835)
926339(770)
902339(923)
902350(944)
902359(878+ 2)
926321(941)
926331(888)
926333(910)
926343(892)
926345(882)
Shah Commerce College, F.B. Area
16
902511(613)
902513(567)
902514(600)
902515(624^ 2)
902520(589)
902525(624)
944321(578)
902516(729)
902523(716)
902526(720)
902527(755)
926433(660)
926436(723)
902518(812)
926431(828)
926435(874)
926437(830)
902521(888)
902522(910)
902524(881)
926432(922)
926434(888)
963301(875+ 5)
The Caspian College
902481(470)
902496(447^ 4)
902499(517^ 2)
902483(584)
902485(601)
902486(646)
902487(570)
902492(616)
902495(652)
902500(619)
926418(645)
926421(674)
902482(693)
902484(764)
902493(719)
902498(708)
926411(666)
926412(696)
926413(727)
926414(693)
926415(722)
926417(659+ 1)
College for Advanced Studies
902438(485^ 3)
902432(627^ 1)
926362(635)
926364(589)
926386(637)
944243(610)
963203(555)
902446(756)
902447(675)
902448(749)
902449(687)
902455(674)
902416(727)
902418(764)
902440(723)
902444(764)
902445(764)
944242(723)
944244(720)
963202(752)
902459(727)
902461(743)
902463(708)
926374(737)
926395(674)
926388(766+ 4)
926390(776)
926391(846)
926394(816)
926398(866)
926400(867)
926401(841)
926402(868)
926405(781)
944247(792)
17
902612(705)
902613(670)
902614(763)
902615(713)
902616(686)
902601(674)
902607(721)
902608(657+ 3)
902609(748)
902610(717)
902632(671)
902636(659+ 1)
902648(693)
902650(758)
902653(735)
902618(710)
902619(762)
902620(702)
902626(656+ 4)
902627(711)
902556(729)
902557(685)
902558(687)
902560(751)
902563(678)
902543(705)
902545(691)
902549(740)
902550(687)
902552(677)
902579(672)
902580(685)
902587(710)
902590(741)
902597(720)
902565(668)
902569(705)
902571(734)
902576(703)
902578(727)
902663(752)
902669(682)
902671(716)
902672(701)
902682(674)
902771(690)
902781(685)
902782(719)
902785(760)
902788(755)
902708(682^ 2)
902709(720)
902710(715)
902711(672)
902713(656+ 4)
902693(721)
902696(662)
902701(729)
902702(763)
902707(667)
902752(733)
902754(718)
902762(742)
902768(751)
902770(685)
902717(671)
902720(741)
902732(679)
902741(706)
902749(698)
902799(805)
902816(776)
902826(792)
902835(843)
902843(801)
902714(781)
902715(783)
902725(772)
902751(784)
902773(800)
902844(775)
902847(828)
902855(849)
902856(802)
902873(777)
902903(849)
902881(766+ 4)
902884(777)
902888(836)
902895(827)
902900(796)
902649(808)
902686(768+ 2)
902691(765+ 5)
902700(812)
902703(779)
902564(856)
902573(802)
902582(824)
902593(772)
902638(779)
902559(910)
902759(883)
902875(923)
Govt. Degree Boys College No. 1 Gulistan-e-Jauhar
926441(492)
963331(506)
902532(563)
902533(582)
902534(557)
The Smart College, F.B. Area
902512(541)
902517(497^ 2)
18
902786(584)
902787(553)
902789(606)
902793(603)
902794(627)
902776(608)
902777(653)
902778(553)
902780(630)
902783(586)
902795(635)
902796(574)
902800(620)
902804(552)
902805(643)
902815(551)
902821(555)
902824(582)
902829(574)
902832(611)
902807(642)
902810(598)
902812(574)
902813(623)
902814(554)
902729(576)
902730(556)
902731(605)
902734(613)
902735(556)
902719(611)
902721(578)
902722(632)
902727(594^ 2)
902728(624)
902736(612)
902737(616)
902738(581)
902740(560^ 3)
902742(610)
902761(564)
902766(585)
902772(590)
902774(569)
902775(649)
902743(556)
902746(650)
902748(624)
902750(563^ 1)
902755(615)
902916(639)
902918(614)
902920(640)
902921(559^ 3)
944602(569)
902909(602^ 1)
902910(616)
902911(579)
902913(619)
902915(588)
944604(622)
944605(617)
944606(584)
944607(628)
944608(635)
944621(571)
944622(603)
944623(549+ 1)
944624(573)
944628(551)
944609(628)
944610(591)
944612(587)
944614(617)
944617(596)
902858(603)
902859(635)
902860(586)
902861(576)
902862(559)
902833(627)
902842(568)
902848(584)
902850(641)
902853(641)
902863(559)
902864(558)
902883(638)
902885(575)
902889(598)
902898(581)
902902(617)
902905(573)
902906(574)
902907(629)
902890(641)
902891(636^ 3)
902892(637)
902893(643)
902896(574)
902704(589)
902705(608)
902706(600)
902712(631)
902718(636)
902584(605)
902585(605)
902586(585)
902589(579)
902592(634)
902594(578)
902595(648)
902596(617)
902598(595)
902599(643)
902600(595)
902603(619)
902605(614)
902611(583)
902617(572)
902541(550)
902544(654)
902546(640)
902548(641)
902553(639)
902554(549+ 1)
902561(569)
902562(573)
902567(609)
902568(582)
902570(619)
902572(620)
902575(580)
902577(649)
902581(547+ 3)
902621(648)
902622(574)
902623(640)
902625(652)
902628(607)
902665(620)
902666(633)
902667(581)
902668(545+ 5)
902670(596)
902673(622)
902676(565)
902679(567)
902680(547+ 3)
902683(645)
902684(625)
902689(615)
902697(638)
902698(642)
902699(599)
902629(594)
902630(597)
902631(600)
902633(547+ 3)
902637(609)
902639(633)
902640(645)
902641(612)
902644(588)
902646(561)
902656(558)
902658(583)
902659(566)
902660(585)
902664(599)
902825(686)
902827(753)
902828(753)
902836(739)
902837(703)
902840(751)
902841(751)
902852(666)
902854(666^ 2)
902857(664)
902791(677)
902801(737)
902802(671)
902803(751)
902809(683)
902811(688)
902817(700)
902818(687)
902820(706)
902823(684)
902904(752)
902908(730)
902912(674)
944601(755)
944611(682)
944613(760)
944615(664)
944619(745)
902865(672)
902868(760)
902869(743)
902870(701)
902872(685)
902874(687)
902877(723)
902878(671)
902887(752)
902901(755)
19
903510(597)
903519(589)
903520(601)
903522(552)
903537(632)
903472(640)
903487(651)
903500(623)
903506(545+ 5)
903508(553)
903601(561)
903602(649)
903603(620)
903604(557)
903609(579)
903538(574)
903550(563)
903580(620)
903582(616)
903590(546+ 4)
903096(634)
903119(564^ 2)
903177(611)
903201(617)
903296(563)
902934(555)
902935(599)
902955(576)
903065(586)
903066(641)
903334(600)
903384(602)
903405(557)
903417(625)
903468(620)
903312(614)
903318(611)
903324(611)
903325(611)
903329(638)
944771(557)
944773(552)
944775(616)
944776(551)
944779(569)
944763(554)
944767(553)
944768(587)
944769(592)
944770(603)
980564(555)
944785(616)
944795(582^ 2)
944857(630)
944871(560)
944899(593)
903659(571)
903665(547+ 3)
903666(548+ 2)
903668(569)
903669(552)
903611(574)
903613(549+ 1)
903644(605)
903647(623)
903652(567)
903707(644)
944746(634)
944753(583)
944755(545+ 5)
944760(570)
903694(576)
903695(547+ 3)
903703(582)
903704(558)
903706(575)
903406(685)
903413(754)
903498(660)
903521(703)
903581(675)
903605(736)
903620(712)
903621(701)
903622(727)
903638(672)
903645(685)
903653(754)
903677(685)
944905(680)
903112(714)
903251(680)
903342(657+ 3)
903356(704)
903359(722)
902964(662)
902984(717)
903021(679)
903022(704)
903035(717)
903073(803)
903186(817)
Govt. Degree Boys College No. 2 Gulistan-e-Jauhar
902662(523)
902677(536)
902678(516)
902681(517)
902687(490)
902688(510)
902690(530^ 3)
902692(544)
902694(538)
902695(536)
902726(514)
902739(527)
902747(458^ 3)
902753(516)
902758(540^ 3)
902542(532)
902566(530)
902574(543)
902583(541^ 1)
902588(487)
902591(462^ 1)
902602(536)
902604(475)
902606(522^ 2)
902634(527^ 3)
902635(498)
902645(444^ 5)
902652(543)
902654(519^ 2)
902657(519)
902867(519)
902871(536)
902876(504)
902886(539)
902899(508)
902914(500^ 1)
902917(542^ 3)
944626(493)
944630(508)
980532(459)
980533(499)
902763(521)
902764(496)
902765(522)
902767(530)
902769(505)
902779(509)
902784(500)
902790(530)
902798(497)
902822(519)
902831(472)
902834(525)
902839(521)
902849(508)
902851(521)
20
903069(404^ 4)
903070(412)
903079(404^ 2)
903094(421^ 3)
903128(403^ 2)
902989(421)
903017(418^ 3)
903028(407^ 1)
903032(422^ 3)
903068(420^ 2)
902959(407^ 3)
902960(392^ 1)
902971(425^ 2)
902980(426^ 2)
902986(416)
903154(411^ 3)
903190(434^ 6)
903206(402^ 1)
903233(430)
903245(414^ 1)
944756(534)
944757(463)
944759(512)
944761(467)
944762(488)
944765(537)
944766(534)
944772(508^ 2)
944774(527)
944778(532)
944783(453)
944784(504)
944794(527)
944798(453)
944824(447^ 1)
903708(511)
944731(504)
944742(501)
944747(458)
944754(492)
903674(481^ 3)
903676(490)
903678(522)
903680(517)
903681(459)
903683(453^ 3)
903686(513)
903689(489)
903691(504)
903692(454)
903696(450)
903700(498)
903701(532)
903702(490)
903705(474)
944825(492^ 1)
944829(525)
944833(502)
944834(470)
944839(451)
944912(479)
944915(486)
944921(504)
944925(460)
944926(516)
944929(495^ 3)
944934(442^ 2)
944935(441)
944939(503)
944955(440)
944956(493)
980561(531^ 3)
980562(477)
980565(537)
980567(466)
944900(446)
944901(486)
944903(474)
944908(501)
944911(458)
944841(444^ 1)
944848(455)
944852(442)
944853(474)
944856(543)
944858(524)
944861(501)
944869(532)
944872(472^ 2)
944875(454^ 2)
944886(462)
944887(515)
944888(485)
944889(484)
944895(487)
903650(521)
903651(459)
903655(449^ 2)
903661(543)
903672(540)
903346(476^ 1)
903382(460)
903395(509^ 3)
903396(525^ 2)
903414(532)
903315(509)
903317(453)
903328(473)
903330(442)
903340(516)
903428(533)
903429(521)
903430(479^ 1)
903451(483^ 3)
903459(475)
903479(523)
903480(476)
903484(448)
903485(459)
903489(520)
903463(486)
903467(490)
903469(453)
903470(457)
903475(501)
903039(533)
903053(499^ 1)
903122(502^ 2)
903141(452)
903145(471^ 3)
902957(453^ 2)
902977(500^ 2)
903000(454)
903003(491)
903038(481^ 2)
903148(499)
903150(477^ 2)
903157(456)
903200(462)
903208(486^ 2)
903253(437+ 3)
903284(456^ 2)
903285(490)
903302(512)
903307(452)
903215(510)
903218(467^ 1)
903220(486^ 3)
903224(447^ 1)
903247(501)
903493(464)
903494(536^ 1)
903495(530)
903496(489^ 3)
903501(534)
903569(488)
903571(493)
903572(455)
903575(466)
903576(482^ 1)
903559(493)
903560(470)
903562(501)
903563(480)
903564(471)
903578(475^ 1)
903586(473^ 1)
903589(489)
903591(522)
903592(494^ 2)
903633(529)
903634(466)
903646(510)
903648(471)
903649(499)
903597(461)
903598(531)
903610(522)
903612(441)
903632(485^ 2)
903514(459^ 1)
903516(507)
903517(487)
903518(499)
903523(490^ 1)
903502(465)
903505(508)
903507(531)
903509(505)
903512(486^ 3)
903525(490^ 3)
903530(497)
903533(485)
903535(532)
903536(501)
903552(489)
903555(476)
903556(496)
903557(496)
903558(482)
903542(481)
903544(464)
903545(508)
903548(452)
903551(541)
21
926901(860)
926902(819)
926905(786)
926906(811)
926911(796)
904059(774)
904060(856)
904068(801)
904069(788)
904080(779)
926912(834)
926927(837)
926930(788)
926931(868)
926944(820)
926979(820)
926982(791)
926986(832)
926991(770)
926994(850)
926947(806)
926957(768+ 2)
926958(801)
926961(861)
926962(802)
903965(795)
903969(765+ 5)
903971(806)
903981(866)
903982(780)
903932(790)
903934(849)
903935(865)
903947(874)
903961(800)
903984(826)
903989(839)
904001(767+ 3)
904012(830)
904017(788)
904044(851)
904050(865)
904054(803)
904056(862)
904057(837)
904022(768+ 2)
904027(794)
904034(822)
904039(860)
904041(806)
927146(775)
927154(812)
927160(827)
927172(819)
927173(831)
927111(810)
927115(792)
927118(777)
927119(796)
927131(861)
927176(797)
927180(834)
927182(853)
927183(808)
927185(780)
945191(791)
945200(794)
963787(823)
963793(859)
927188(856)
945164(836)
945170(825)
945175(852)
945186(775)
927013(848)
927018(776)
927024(782)
927030(817)
927034(819)
926996(794)
926997(867)
927000(815)
927004(819)
927006(826)
927035(806)
927040(835)
927041(778)
927043(811)
927046(789)
927070(782)
927076(771)
927080(789)
927088(814)
927089(795)
927050(767+ 3)
927059(850)
927060(813)
927064(838)
927069(816)
903911(796)
903916(834)
903917(851)
903926(790)
903929(795)
903799(809)
903809(812)
903812(819)
903813(836)
903817(766+ 4)
903834(804)
903835(840)
903837(789)
903847(778)
903851(800)
903730(872)
903731(810)
903735(842)
903750(829)
903778(813)
903784(778)
903786(787)
903788(775)
903789(769+ 1)
903792(817)
903885(840)
903887(782)
903889(775)
903890(822)
903893(828)
903903(774)
903904(771)
903907(806)
903909(841)
903910(800)
903858(838)
903859(824)
903862(834)
903863(806)
903864(775)
903871(766+ 4)
903874(848)
903875(872)
903878(775)
903882(821)
903869(878+ 2)
903894(887)
903900(972)
903931(875+ 5)
903936(908)
903729(912)
903741(905)
903791(879+ 1)
903825(881)
903844(876+ 4)
903951(890)
904025(970)
904036(967)
904048(912)
904065(875+ 5)
927121(906)
927175(911)
926981(875+ 5)
926999(965)
927036(887)
927078(926)
927083(917)
Govt. Deg. Sc./Commerce College Block 7, Gulshan-e-Iqbal
903546(434)
903615(409^ 3)
903697(432)
903698(433)
944737(404^ 3)
903392(408^ 1)
903420(419^ 1)
903490(434)
903526(411^ 4)
903527(409^ 3)
903257(424^ 1)
903274(419)
903319(391^ 5)
903344(426^ 1)
903347(410)
980566(417)
944893(408^ 4)
944919(416)
944928(438^ 2)
944943(438^ 1)
944948(427)
944790(430^ 2)
944830(424)
944831(415^ 4)
944846(393)
944885(414)
22
903740(576)
903744(585)
903747(635)
903758(594)
903760(556)
903722(650)
903726(636)
903727(602)
903736(615)
903738(630)
927044(672)
927048(731)
927061(739)
927065(704)
927066(742)
927020(735)
927023(659+ 1)
927025(747)
927032(695)
927038(684)
927086(745)
927096(658+ 2)
927097(746)
927098(661)
927112(735)
927067(745)
927074(662)
927075(728)
927077(743)
927081(758)
926966(668)
926967(713)
926974(746)
926980(755)
926987(749)
926951(711)
926956(705)
926959(725)
926963(713)
926964(686)
927014(686)
927015(682)
927016(736)
927017(681)
927019(700)
926989(677)
926992(664)
926998(687)
927007(759)
927012(699)
927114(670)
927117(757)
927120(736)
927122(741)
927123(748)
927187(748)
927190(696)
927192(729)
945161(658+ 2)
945163(695)
927170(725)
927174(676)
927179(728)
927181(709)
927186(720)
945190(657+ 3)
945195(662)
963790(672)
945165(657+ 3)
945168(701)
945174(672)
945176(675)
945184(696)
927140(671)
927142(763)
927147(737)
927148(679)
927149(680)
927127(742)
927130(685)
927136(669)
927137(659+ 1)
927139(679)
927161(763)
927162(668)
927165(666)
927168(763)
927169(715)
927150(665)
927151(723)
927157(669)
927158(689)
927159(737)
926933(699)
926934(677)
926935(752)
926943(698)
926948(672)
903845(662)
903848(675)
903849(741)
903850(752)
903857(747)
903826(678)
903827(657+ 3)
903828(705)
903836(733)
903843(735)
903861(712)
903866(660)
903884(707)
903888(745)
903891(678)
903918(730)
903919(759)
903920(717)
903921(750)
903923(719)
903896(723)
903899(702)
903902(663)
903905(677)
903908(718)
903752(655+ 5)
903755(655+ 5)
903756(669)
903759(659+ 1)
903761(696)
903733(691)
903734(705)
903737(679)
903748(753)
903749(729)
903765(746)
903768(759)
903777(749)
903781(752)
903783(685)
903806(761)
903807(727)
903810(728)
903814(731)
903822(711)
903790(685)
903796(697)
903797(752)
903803(741)
903804(659+ 1)
903925(733)
903928(698)
903930(673)
903933(714)
903938(680)
904038(761)
904043(736)
904046(714)
904047(763)
904049(657+ 3)
904030(746)
904031(693)
904033(711)
904035(658+ 2)
904037(687)
904051(718)
904053(728)
904058(735)
904061(718)
904066(753)
926915(692)
926917(724)
926923(680)
926929(755)
926932(733)
904070(708)
904077(682)
904078(740)
904083(657+ 3)
926907(721)
903955(725)
903957(714)
903958(755)
903964(722)
903966(728)
903940(708)
903945(731)
903949(738)
903952(717)
903954(743)
903967(760)
903970(735)
903978(714)
903988(708)
903991(664)
904014(693)
904020(702)
904021(733)
904026(660)
904028(761)
903999(757)
904002(747)
904003(716)
904007(739)
904011(687)
23
903823(494)
903840(498)
903854(541)
903868(484^ 1)
903873(490)
903876(482)
903880(531^ 1)
903881(548^ 1)
903914(498)
903915(511^ 2)
903767(471^ 3)
903779(532^ 1)
903782(502^ 3)
903787(486^ 1)
903798(540)
903721(485)
903723(509)
903739(479)
903742(513^ 2)
903743(473^ 3)
903745(467)
903746(533^ 1)
903751(501)
903753(498)
903757(539)
903924(529)
903953(543)
903956(536)
903960(520)
903980(487)
903983(481)
903998(521)
904018(456^ 2)
904024(460)
904032(515^ 1)
927094(600)
927101(634)
927105(560)
927107(652)
927108(598)
927109(548+ 2)
927110(632)
927113(557)
927128(640)
927129(606)
927132(624)
927141(586)
927143(590)
927152(581)
927153(565)
927026(601)
927027(569^ 2)
927031(569^ 2)
927037(594)
927042(580)
927045(648)
927051(590)
927052(618)
927058(608)
927062(582)
927068(628)
927071(570)
927085(580)
927087(571^ 1)
927090(596)
945196(584)
945197(548+ 2)
945199(545+ 5)
945207(625)
945208(613)
945210(592)
945211(634)
945213(561)
945214(638)
963782(587)
963783(613)
963784(647)
963788(606)
963789(605)
963792(621)
927163(596^ 2)
927166(602)
927167(590)
927171(651)
927177(620)
927178(619)
927189(642)
927193(639)
927197(576)
945162(572)
945171(552)
945177(623)
945182(623)
945183(578^ 1)
945187(619)
927001(571)
927003(563)
927010(658^ 1)
927021(616)
927022(568)
903906(649)
903912(573)
903927(599)
903939(550)
903942(650)
903877(580)
903879(650)
903886(574^ 3)
903892(628^ 2)
903898(592)
903944(653)
903948(616)
903962(597)
903963(648)
903973(560)
903990(652)
903992(624)
903994(634)
903996(563)
903997(622)
903976(621)
903977(583)
903979(612)
903985(642)
903986(613)
903841(608)
903856(627)
903860(648)
903867(645)
903872(638)
903774(626)
903775(588)
903776(584)
903780(600)
903785(611)
903763(571)
903764(637)
903769(605)
903770(570)
903773(558)
903793(604)
903795(636)
903800(576)
903802(626)
903805(552)
903829(562)
903830(612)
903831(583)
903832(604)
903833(623)
903818(631)
903819(590)
903820(612)
903821(630)
903824(590)
926945(569^ 2)
926950(647)
926953(637)
926954(646)
926955(624)
926924(653)
926926(598)
926928(653)
926939(567)
926941(577)
926960(614)
926965(545+ 5)
926968(611)
926969(558)
926970(562)
926985(634)
926988(565)
926990(551)
926993(550)
926995(640)
926975(632)
926976(637)
926978(626)
926983(646)
926984(637)
926918(582)
926919(602)
926920(552^ 3)
926921(574)
926922(639)
904016(584)
904023(582)
904029(547+ 3)
904042(633)
904052(649)
904000(607)
904006(586)
904008(579)
904010(617)
904013(639)
904055(557)
904062(577)
904063(599)
904072(613)
904073(614)
926908(585)
926909(604)
926913(545+ 5)
926914(585)
926916(598)
904074(630)
904075(581)
904076(622)
904082(639)
926903(555)
24
904121(838)
904124(777)
904128(855)
904133(788)
904134(772)
904167(943)
904168(955)
904175(964)
904179(886)
904182(965)
904183(896)
904185(899)
904186(876+ 4)
904188(957)
927772(883)
927773(988)
927775(945)
927777(957)
927778(905)
927779(994)
904122(932)
904125(944)
904127(970)
904131(906)
904136(908)
904141(952)
904142(885)
904143(922)
904144(927)
904146(927)
904149(875+ 5)
904150(918)
904156(893)
904159(987)
904160(1009)
927808(1019) 927809(994) 927810(976) 927811(959) 927812(903)
927813(880)
927814(896)
927815(969)
927816(1021)
927817(995)
927819(910)
927820(897)
927821(917)
945301(892)
927781(904)
927782(963)
927783(878+ 2)
927784(947)
927786(982)
927789(910)
927792(924)
927793(938)
927797(1024)
927798(919)
927799(990)
927800(975)
927801(888)
927802(989)
927805(958)
Commecs College
904101(483)
904102(504)
904111(552)
904103(594)
904104(637)
904107(607)
904109(571)
904110(577)
904105(743)
904106(732)
904108(720)
927761(759)
927762(699)
904112(818)
Bahria Foundation College (Gulshan-e-Iqbal Campus)
903993(433)
904071(432^ 3)
904079(429^ 1)
927072(407)
927047(471^ 2)
927049(494^ 3)
927055(486)
927073(513)
927079(487)
927091(530)
927092(444^ 2)
927093(514)
927095(541)
927100(468^ 1)
927002(535)
927005(447)
927011(514)
927028(507^ 2)
927029(535)
904045(523^ 1)
926910(532)
926936(517)
926937(533)
926938(544)
926942(544)
926949(512^ 2)
926952(539)
926972(534)
926973(515)
927103(469^ 5)
927104(530)
927106(499)
927116(540)
927134(479)
945198(521)
945201(531)
945202(521)
945203(485)
945209(448^ 1)
963781(506^ 4)
963794(542)
963797(542)
980591(468)
945185(439+ 1)
945189(463^ 1)
945192(483)
945193(444^ 2)
945194(536)
927135(500^ 1)
927138(537)
927145(490)
927191(469)
927194(537)
927195(474^ 4)
945166(484^ 1)
945172(539)
945173(475)
945178(458)
25
904211(447)
964261(610)
Ideal Degree College, Gulshan-e-Iqbal
904204(481)
904201(593)
904203(556)
927842(562)
945381(721)
Ghazi Foundation College, Gulshan-e-Iqbal
904138(717)
904139(739)
904140(725)
904147(741)
904152(734)
904123(665)
904126(744)
904129(710)
904130(735)
904132(737)
904154(693)
904162(698)
904169(671)
904170(725)
904171(755)
927787(757)
927788(739)
927803(748)
927804(741)
927806(724)
904172(684)
904174(669)
904176(697)
904180(696)
927780(735)
904163(855)
904164(861)
904165(840)
904166(782)
904173(873)
904153(836)
904155(810)
904157(837)
904158(807)
904161(842)
904135(824)
904137(828)
904145(853)
904148(831)
904151(799)
904177(787)
904178(809)
904181(852)
904184(868)
904187(828)
927818(864)
927790(858)
927791(799)
927794(833)
927796(821)
927807(839)
904189(811)
927771(782)
927774(767+ 3)
927776(837)
927785(808)
26
927921(766+ 4)
927928(852)
927929(857)
927930(836)
927931(868)
904275(855)
904278(800)
904280(785)
904281(861)
904284(774)
904264(796)
904267(815)
904269(845)
904270(832)
904273(867)
927934(860)
927937(827)
927942(797)
927944(805)
927946(790)
904277(899)
904279(940)
904283(963)
904285(1009)
927922(878+ 2)
927927(958)
927933(922)
927935(926)
927936(923)
927938(974)
904261(944)
904262(881)
904263(892)
904265(988)
904266(877+ 3)
904268(995)
904271(889)
904272(956)
904274(943)
904276(922)
927963(956)
927964(959)
927966(964)
927967(980)
927968(960)
927969(960)
927970(920)
927940(915)
927941(955)
927945(945)
927947(920)
927952(961)
927954(919)
927957(967)
927958(905)
927960(920)
927962(938)
Bahria College (Karsaz)
904241(495)
904242(568)
927881(609)
904244(697)
904246(707)
904247(750)
904243(827)
904249(848)
945522(773)
Shaheen Public College, Gulistan-e-Jauhar
904233(535^ 3)
904232(601)
945491(597)
904234(724)
927871(897)
Metropolitan Intermediate College, Gulistan-e-Jauhar
27
904306(583)
904313(592)
904314(549+ 1)
904317(640)
904324(630)
928032(642)
904309(730)
904311(744)
904315(662)
904316(680)
904318(678)
904319(750)
904320(705)
904325(696)
904326(702)
928033(741)
945672(714)
904303(831)
904305(866)
904307(829)
904308(774)
904310(843)
904312(793)
904322(829)
904323(788)
928031(848)
928034(798)
928035(827)
945671(796)
904301(940)
904302(956)
904304(918)
904321(980)
Rowan College
904293(534)
904295(521)
928007(538)
945652(474^ 2)
904294(603)
928004(583)
928005(640)
928008(643)
928010(555)
945651(587)
904291(725)
904292(671)
904296(759)
904297(712)
928002(759)
928003(666)
928009(745)
Adler College
904282(619)
904286(687)
927923(660)
927924(729)
927925(690)
927926(748)
927932(750)
927939(712)
927943(708)
927951(762)
927948(792)
927949(859)
927950(810)
927953(836)
927955(861)
927956(864)
927959(855)
927961(815)
927965(843)
927971(804)
28
904367(631)
928075(594)
964911(612)
904368(757)
904376(763)
928077(739)
928079(689)
945751(752)
904371(820)
904372(774)
904373(829)
904377(803)
904378(824)
904361(830)
904362(837)
904366(804)
904369(814)
904370(830)
928080(827)
904379(778)
928071(843)
928072(822)
928074(787)
928076(792)
904363(910)
904365(909)
904374(943)
904375(898)
928073(905)
928078(916)
928081(904)
928082(880)
Shah Commerce College (Gulshan Campus)
904353(627)
928062(638)
904351(741)
904352(702)
928061(671)
The Smart College, Gulshan-e-Iqbal Block-6
904332(459)
904333(525)
904338(460)
904342(504)
904343(531)
904346(492)
928045(540)
945714(529)
904331(559)
904334(569)
904335(556)
904337(572)
928042(562)
928043(555)
928044(612)
928046(590)
928048(595)
945713(599)
904341(700)
904344(665)
928041(700)
945711(683)
The Smart College, University Road
29
904441(527)
904443(503)
904449(492)
904450(510)
904452(437+ 3)
904453(442)
904459(532)
904461(485)
904462(447)
904464(474)
904401(534)
904403(481)
904405(473^ 2)
904408(484^ 1)
904414(498)
904419(473)
904420(513)
904432(501)
904433(536)
904440(505)
904465(484^ 3)
904475(495^ 1)
904480(452)
904486(535)
904488(519)
904491(529)
904492(546^ 3)
904494(483)
904495(448)
904498(498)
904651(622)
904654(632^ 1)
904656(619)
904660(572)
904662(550)
904667(548+ 2)
904668(612)
904673(615)
904677(573)
904678(586)
904679(588)
904680(580)
904681(631)
904683(550)
904685(607)
904594(581)
904603(545+ 5)
904607(546+ 4)
904611(605)
904612(597)
904613(626)
904614(603)
904616(571)
904619(560)
904632(545+ 5)
904634(603)
904636(545+ 5)
904637(562)
904638(574)
904650(631)
904687(567)
904688(618)
904697(637)
904698(613)
904700(571)
904747(641)
904752(645)
904753(594)
904756(546+ 4)
904771(570)
946003(561)
946004(585)
946014(597)
946019(564)
946037(565)
946049(580)
946057(575)
946067(595)
980934(578)
904708(595)
904711(637)
904712(608)
904714(575)
904716(581)
904717(556)
904723(558)
904724(620)
904727(582)
904731(561)
904733(606)
904736(565)
904737(611)
904744(553)
904745(547+ 3)
904576(568)
904577(618)
904588(561)
904590(648)
904591(550)
904476(589)
904496(612)
904497(613)
904518(579)
904521(582)
904434(556)
904448(638)
904451(583)
904457(610)
904469(550)
904404(624)
904410(578)
904411(565)
904416(565)
904417(623)
904563(600)
904569(561)
904570(556)
904571(553)
904574(560)
904534(550)
904536(550)
904540(557)
904541(614)
904548(642)
904522(604)
904523(616)
904524(599)
904529(614)
904533(551)
904602(694)
904608(656+ 4)
904615(745)
904633(671)
904635(687)
904423(699)
904447(656+ 4)
904478(698)
904493(679)
904547(674)
904639(688)
904642(688)
904658(671)
904684(709)
904686(707)
904758(686)
904769(718)
946006(689)
946033(712)
946038(658+ 2)
904699(672)
904703(692)
904725(740)
904726(755)
904757(751)
904421(849)
904446(771)
Aisha Bawany Govt. College (Evening)
30
904838(832)
904846(862)
904848(825)
904852(784)
904855(867)
904803(830)
904811(864)
904824(784)
904830(768+ 2)
904833(812)
904857(767+ 3)
904867(787)
904868(771)
904870(806)
904871(809)
904814(972)
904850(919)
904864(914)
904874(916)
Aisha Bawany Govt. College (Morning)
904515(430^ 2)
904527(408^ 3)
904537(424)
904542(408^ 2)
904554(431^ 1)
904435(425)
904444(422^ 3)
904445(425^ 2)
904470(390^ 2)
904487(434)
904773(379^ 3)
946053(423)
946056(422)
980937(410)
904558(420)
904585(423)
904710(424^ 1)
904715(425)
904759(434^ 1)
946013(488)
946016(533)
946021(499)
946022(475)
946023(495)
946024(469)
946025(445)
946026(525)
946028(504)
946030(520)
904774(468)
904775(458)
904777(471^ 1)
904778(476)
904779(516)
904780(461^ 3)
904784(485)
904785(452^ 2)
904786(487)
946001(523)
980931(472)
980932(491)
980933(459)
980935(477)
980936(481^ 2)
980938(500)
946032(542^ 1)
946034(470)
946035(489^ 1)
946039(528)
946048(515)
946055(486)
946060(445^ 3)
946062(444^ 1)
946064(460^ 3)
946065(442^ 2)
904762(500)
904766(533)
904767(537)
904768(536)
904770(505)
904575(543)
904586(498)
904587(541)
904589(478)
904592(481)
904564(483)
904565(502)
904566(483)
904567(497^ 1)
904573(504^ 1)
904593(497)
904595(472^ 3)
904596(496)
904598(476)
904599(476^ 1)
904617(516)
904618(543)
904620(491)
904622(499)
904623(448)
904600(513^ 2)
904604(505)
904605(513)
904606(530)
904610(504)
904546(483)
904549(458^ 3)
904556(494)
904559(438+ 2)
904562(526)
904507(466)
904508(525)
904509(463)
904510(447)
904511(446)
904500(511)
904501(527)
904502(519)
904504(445^ 1)
904505(517)
904513(449)
904514(507)
904516(455^ 2)
904519(453)
904520(488)
904535(541)
904538(511)
904539(496)
904543(449)
904544(467)
904526(480)
904528(477)
904530(479)
904531(444)
904532(479)
904713(513)
904719(509)
904720(479)
904728(532)
904729(522)
904702(469)
904705(451)
904706(483)
904707(488)
904709(493)
904730(473^ 2)
904732(505)
904738(435+ 5)
904740(443)
904741(541)
904750(436+ 4)
904751(465)
904754(452)
904755(446)
904760(466)
904742(496)
904743(529)
904746(541)
904748(524)
904749(460)
904691(522)
904692(522)
904693(544^ 1)
904696(530)
904701(533)
904630(529)
904631(511)
904640(525)
904641(503)
904643(498)
904624(489)
904625(471)
904626(521)
904627(476)
904628(457)
904644(518)
904645(519)
904646(504)
904647(531)
904648(526)
904674(543)
904676(477^ 2)
904682(507)
904689(537)
904690(543)
904649(535)
904657(532)
904659(475)
904661(542)
904672(484)
31
904927(495)
904931(443)
904938(473)
904939(484)
904940(472)
904941(464)
904943(540^ 1)
904946(451)
904947(468^ 2)
904948(473)
904902(483)
904907(518)
904908(506)
904911(468)
904915(478^ 3)
904916(503)
904920(457)
904923(535)
904924(491^ 2)
904925(451^ 1)
904950(457^ 2)
904951(452)
904954(444)
904956(472)
904958(493)
904961(471)
904963(488)
904964(520)
904969(480^ 1)
904972(450)
904983(647)
904996(571)
905012(598)
905053(588)
905064(592)
904953(624)
904965(550)
904968(574)
904980(637)
904981(593)
904912(547+ 3)
904917(570)
904930(561)
904935(587)
904949(547+ 3)
905097(545+ 5)
905099(599)
905141(584)
905149(590)
905177(554)
946321(589)
946279(565)
946287(556)
946303(580)
946307(589)
946308(585)
905215(553^ 1)
905254(583)
946241(623)
946242(550)
946272(622)
904987(725)
905142(712)
946274(704)
Govt. Degree Boys College, KMC Store Nishter Road
980981(430)
904813(463)
904816(507)
904820(538)
904821(510)
904829(493)
904843(534)
904844(483)
904845(487)
904858(525)
904860(537)
946171(533)
946172(531)
946173(510)
904812(587)
904818(650)
904819(581)
904828(634)
904837(626)
904804(562)
904805(629)
904807(557)
904808(594)
904809(575)
904842(649)
904853(598^ 2)
904856(564)
904861(577)
904862(596)
946174(639)
946177(599)
904863(633)
904865(651)
904873(629)
904879(620)
904880(635)
904827(731)
904831(721)
904832(674)
904834(696)
904835(726)
904817(685)
904822(725)
904823(728)
904825(662)
904826(751)
904801(757)
904802(742)
904806(656+ 4)
904810(669)
904815(656+ 4)
904836(718)
904839(748)
904840(694)
904841(728)
904847(748)
904882(700)
904869(701)
904872(721)
904876(730)
904877(671)
904881(667)
904849(656+ 4)
904851(715)
904854(724)
904859(689)
904866(687)
904875(840)
904878(781)
32
905501(842)
905711(862)
905722(778)
905846(802)
906015(811)
905647(938)
905750(897)
Govt. National College (Evening)
905000(439^ 1)
905014(411)
905015(432^ 3)
905022(418^ 3)
905025(410^ 2)
904952(424^ 3)
904957(431^ 2)
904960(416^ 4)
904962(438^ 1)
904984(429)
904913(430)
904919(434)
904926(433^ 1)
904932(420^ 3)
904934(418)
905032(402^ 1)
905066(417)
905074(437^ 1)
905075(433^ 4)
905088(409^ 2)
946266(434^ 2)
946276(390)
946322(433^ 2)
981034(427)
905272(414)
905273(397^ 3)
905279(433^ 3)
905284(409^ 3)
905291(422^ 5)
905095(419^ 1)
905134(433^ 2)
905166(406^ 3)
905194(420)
905240(405^ 6)
946260(459)
946261(521)
946269(530)
946270(511)
946273(493)
946243(469)
946248(506)
946255(476)
946256(528)
946257(460^ 3)
905286(532)
946221(496)
946226(465)
946230(510)
946234(481^ 3)
946275(508)
946283(454^ 2)
946285(520)
946289(520)
946290(487)
946306(485)
946312(468)
946315(502)
946316(534)
981031(457)
946299(510^ 1)
946301(479)
946302(497)
946304(530)
946305(456)
946291(454)
946292(473)
946293(485)
946294(475)
946297(493)
905277(500^ 3)
905278(504)
905280(504)
905281(527)
905282(529)
905040(464)
905041(485)
905042(538)
905046(457)
905049(498)
905031(508)
905034(512)
905035(531)
905036(476)
905038(450)
905050(468)
905051(518)
905052(538)
905056(441^ 2)
905057(521)
905071(440)
905072(536)
905076(461)
905077(478)
905078(485)
905060(491)
905061(452)
905067(448)
905068(500)
905070(508)
905023(445^ 2)
905024(482)
905027(514)
905028(443^ 1)
905030(489)
904985(491)
904986(470)
904988(491^ 2)
904990(468^ 2)
904993(478)
904973(541)
904974(486)
904977(465^ 1)
904978(438+ 2)
904982(476)
904997(443^ 2)
904998(534^ 3)
904999(499)
905001(477)
905002(469)
905013(480)
905016(535)
905017(447^ 2)
905018(476)
905020(508)
905004(472)
905007(450)
905008(437+ 3)
905009(487)
905010(456)
905202(508)
905203(470)
905204(536)
905207(435+ 5)
905214(518)
905165(477)
905178(446)
905195(497)
905200(461)
905201(493)
905216(465^ 2)
905219(495)
905220(444)
905232(451)
905243(468)
905262(454^ 3)
905266(521^ 2)
905268(480)
905269(473)
905270(499)
905249(449)
905251(502)
905253(440)
905255(483)
905260(440)
905137(495)
905138(530^ 3)
905140(541)
905156(538)
905159(486^ 3)
905087(521^ 3)
905090(479)
905092(491)
905102(480)
905103(511)
905082(458)
905083(498)
905084(451)
905085(457)
905086(453^ 2)
905108(469)
905109(445^ 3)
905110(534)
905111(510)
905112(450)
905126(464^ 3)
905129(473)
905131(448^ 1)
905132(470)
905136(493)
905114(475)
905119(451)
905121(489)
905122(522^ 1)
905124(511)
33
905374(513)
905377(482)
905379(522^ 3)
905381(483)
905382(470^ 2)
905386(452)
905389(463)
905391(503)
905392(518)
905393(481)
905394(466)
905396(492^ 1)
905397(467^ 3)
905399(464)
905400(476)
905362(454)
905363(502)
905367(476)
905370(478)
905373(457)
905322(519^ 2)
905323(477^ 2)
905326(436+ 4)
905329(514)
905330(494)
905331(478)
905335(530)
905339(503)
905345(445)
905346(518)
905347(463)
905349(455)
905352(488)
905357(514)
905361(470^ 1)
905457(523)
905458(477)
905471(454)
905481(523)
905482(441)
905404(535^ 2)
905405(523)
905407(540)
905410(526)
905412(529)
905417(522)
905420(470)
905424(437+ 3)
905431(454^ 2)
905433(449^ 2)
905434(498)
905435(525)
905436(519)
905437(500)
905447(529)
905946(554)
905955(594)
905971(608)
905973(642)
905978(612)
905983(598)
905999(622)
906025(594)
906029(647)
906032(559)
905830(550)
905842(572)
905843(580)
905854(545+ 5)
905864(600^ 3)
905875(588)
905880(590)
905931(550^ 3)
905941(616)
905942(545+ 5)
946510(630)
946511(547+ 3)
946527(583)
946537(575)
946580(566)
946584(567)
981083(588)
906044(612^ 2)
906047(586)
906048(584)
906054(609)
946453(629)
946455(622)
946460(561)
946464(585)
946496(640)
946506(565)
905785(618)
905796(585)
905810(547+ 3)
905812(545+ 5)
905821(648)
905428(638)
905432(560)
905446(612)
905454(582)
905462(567)
905463(595)
905469(634)
905473(575)
905478(555)
905479(594)
905480(567^ 3)
905502(572)
905527(637)
905533(649)
905546(569)
905324(631)
905325(619)
905328(566)
905332(602)
905340(551)
905342(589)
905348(551)
905358(613)
905359(603)
905365(552)
905368(567)
905371(600)
905372(578)
905380(587)
905387(563)
905559(598)
905560(598)
905568(615)
905586(646)
905595(644)
905713(629)
905714(581)
905721(588)
905727(595)
905730(563)
905731(591)
905734(583)
905735(594)
905742(563)
905743(652)
905745(640)
905759(584)
905762(559)
905768(567)
905782(558)
905596(563)
905599(591)
905607(577)
905608(595)
905620(558)
905621(602)
905633(601)
905634(569)
905635(624)
905650(566)
905676(550)
905677(569)
905678(590)
905704(590)
905707(571)
905626(658+ 2)
905673(700)
905699(721)
905701(677)
905717(660)
905470(662)
905477(662)
905516(677)
905522(661)
905625(697)
905343(736)
905354(661)
905413(665)
905419(692)
905456(706)
946490(675)
905950(732)
905953(681)
906027(656+ 4)
906038(725)
946462(753)
905816(733)
905826(659+ 1)
905876(700)
905911(665)
905945(685)
946540(788)
34
905570(415)
905582(429)
905585(408^ 2)
905593(402)
905594(420)
905600(418^ 2)
905613(412)
905649(397^ 3)
905653(403^ 1)
905659(399^ 2)
905670(425^ 5)
905725(428^ 1)
905741(424^ 1)
905765(435^ 2)
905774(423)
905321(425^ 3)
905338(433^ 3)
905384(427^ 3)
905388(422)
905401(431)
905422(427^ 1)
905425(431)
905427(439^ 1)
905459(422^ 3)
905531(396^ 2)
905544(403)
905548(427)
905561(412^ 2)
905563(437^ 2)
905564(404^ 4)
905775(430)
905823(428)
905857(437^ 1)
905858(423)
905884(438^ 2)
905885(423^ 3)
905900(399^ 3)
905903(437^ 5)
905916(421^ 1)
905936(414^ 2)
905937(431)
905969(419)
905975(398)
905980(399^ 5)
906012(414^ 6)
906034(415^ 2)
906056(423^ 1)
906059(418)
906060(413^ 2)
906061(418^ 2)
906040(474)
906041(513)
906043(463^ 2)
906049(523)
906063(472)
906066(487)
946457(457)
946458(520)
946466(472)
946471(474^ 2)
905979(472)
905981(440^ 2)
905987(537)
905997(448)
905998(443^ 1)
906003(501^ 1)
906008(487)
906010(524^ 1)
906014(483)
906037(537)
946485(488^ 2)
946487(525)
946497(542)
946498(520)
946499(449)
946578(544)
946587(489)
981071(504)
981073(479)
981074(452)
981076(469)
981077(478)
981078(487)
946515(497)
946518(543)
946522(512^ 1)
946524(440^ 1)
946545(454)
946546(515)
946561(506)
946564(475)
946572(483)
946573(458)
905965(442^ 2)
905967(508)
905970(441)
905972(528)
905974(482)
905656(442^ 1)
905658(487)
905660(443^ 1)
905665(442)
905668(469^ 2)
905623(516)
905624(496)
905631(540)
905638(509)
905648(451^ 2)
905671(488)
905672(484)
905674(544)
905675(461)
905690(449)
905709(475)
905712(483)
905729(497^ 2)
905748(500)
905756(535)
905693(527)
905695(441)
905703(515)
905705(533)
905706(535)
905611(495)
905614(448)
905616(471)
905618(514)
905619(465^ 2)
905519(532^ 2)
905523(522)
905534(530)
905539(535)
905549(461)
905485(484^ 3)
905493(503^ 2)
905494(506)
905510(537)
905514(452)
905551(455)
905553(446^ 2)
905558(540)
905575(511)
905576(444)
905592(506^ 1)
905601(475)
905602(472^ 1)
905605(517)
905609(475^ 1)
905578(482)
905581(530)
905583(440)
905587(478)
905588(446)
905883(457^ 1)
905886(482)
905890(495^ 1)
905895(523)
905905(535)
905860(515)
905861(509)
905862(509)
905863(440^ 2)
905866(447)
905910(467)
905912(512)
905917(520^ 1)
905921(514)
905928(508)
905952(449^ 2)
905954(527)
905956(498)
905958(460^ 2)
905960(452)
905930(458)
905933(481^ 1)
905939(511^ 3)
905940(500)
905944(519)
905839(446^ 5)
905841(539)
905849(529^ 3)
905852(458^ 2)
905856(485^ 3)
905773(489)
905780(466^ 2)
905781(522)
905784(474^ 3)
905789(478^ 1)
905758(517)
905761(493)
905764(503)
905766(468^ 3)
905769(498)
905791(493)
905792(538)
905793(506)
905794(538)
905795(543)
905811(466)
905817(517)
905832(480)
905833(512)
905836(463^ 1)
905797(531)
905801(475^ 2)
905803(486)
905804(503^ 1)
905809(484)
35
906244(753)
906245(680)
906246(682)
906248(706)
906250(733)
906219(707)
906220(663)
906229(671)
906233(665)
906240(683)
906263(687)
906265(683)
906269(760)
906270(685)
906271(734)
906279(696)
906281(747)
906283(715)
906284(679)
906285(667)
906273(743)
906274(686)
906276(742)
906277(712)
906278(661)
906205(658+ 2)
906206(731)
906209(714)
906211(734)
906212(740)
906129(672)
906133(699)
906135(712)
906137(756)
906139(731)
906104(730)
906111(704)
906120(738)
906122(665)
906125(667)
906141(707)
906145(674)
906147(667)
906148(675)
906152(664)
906192(665)
906194(728)
906195(764)
906198(722)
906200(658+ 2)
906153(756)
906156(680)
906170(655+ 5)
906183(743)
906191(708)
906287(763)
906291(760)
906292(710)
906296(683)
906297(683)
906384(696)
906387(687)
906388(673)
906389(691)
906392(734)
906376(703)
906377(719)
906378(685)
906379(733)
906383(757)
906369(706)
906371(705)
906373(686)
906374(751)
906375(713)
906315(712)
906317(661)
906318(685)
906320(689)
906321(742)
906306(670)
906307(699)
906308(663)
906312(666)
906314(656+ 4)
906322(758)
906323(760)
906324(757)
906327(736)
906331(737)
906343(715)
906344(691)
906348(763)
906350(694)
906351(708)
906334(686)
906337(658+ 2)
906338(706)
906341(699)
906342(660)
906218(817)
906228(861)
906232(775)
906236(788)
906242(858)
906247(773)
906259(774)
906260(785)
906261(853)
906264(856)
906267(771)
906288(785)
906289(791)
906290(839)
906293(772)
906108(835)
906113(782)
906118(787)
906121(803)
906130(794)
906136(799)
906196(785)
906204(835)
906207(858)
906208(815)
906210(770)
906213(849)
906214(789)
906215(775)
906217(857)
906295(793)
906298(815)
906299(867)
906300(837)
906325(794)
906406(835)
906410(769+ 1)
906431(814)
906432(810)
906440(812)
906443(839)
906444(802)
906452(872)
946752(792)
946764(785)
946767(831)
906326(791)
906340(826)
906347(789)
906349(850)
906361(772)
906362(796)
906365(860)
906370(817)
906381(833)
906382(808)
906386(790)
906395(778)
906398(806)
906399(842)
906401(866)
906138(885)
906227(903)
906231(891)
906237(879+ 1)
906249(884)
906262(876+ 4)
906282(887)
906345(899)
906359(875+ 5)
906363(945)
906391(963)
Govt. National College (Morning)
946472(419^ 1)
946504(431^ 3)
946505(413^ 3)
946508(406^ 2)
946509(414^ 4)
946516(426^ 3)
946533(394)
946534(423)
946544(415)
946555(425)
946582(431)
946588(432^ 1)
981072(390)
981079(431)
981081(396)
36
906150(521^ 2)
906155(543)
906159(481)
906164(502)
906167(502^ 3)
906112(534)
906115(542)
906116(524^ 3)
906131(438+ 2)
906132(496)
906101(533^ 2)
906103(488)
906105(458^ 2)
906106(441^ 2)
906109(468^ 2)
906412(609)
906413(605)
906420(604)
906421(567)
906422(570)
906367(639)
906368(561)
906403(612)
906408(555^ 1)
906411(580)
906434(584)
906437(647)
906439(637)
906441(628)
906442(645)
906423(579)
906425(619)
906426(565)
906428(606)
906429(571)
906311(638)
906316(628)
906319(604)
906330(604)
906332(616)
906294(625)
906303(584^ 1)
906305(630)
906309(560)
906310(561)
906354(617)
906356(552)
906358(614)
906360(607)
906364(648)
906333(618)
906335(603)
906336(565)
906339(647)
906346(650)
946787(600)
946788(549+ 1)
946789(588)
946791(653)
946793(637)
946778(575)
946782(652)
946783(643)
946784(631)
946786(630)
946807(557)
946808(596)
946811(565)
946815(639)
946816(547+ 3)
946797(651)
946798(601)
946802(598)
946804(588)
946806(571)
906459(572)
906461(642)
906464(641)
946755(648)
946757(613)
906446(613^ 2)
906449(599)
906453(638)
906455(621)
906458(597)
946771(548+ 2)
946772(586)
946773(606)
946774(589)
946775(637)
946763(595)
946765(562)
946768(642)
946769(557)
946770(610)
906266(579)
906268(601)
906275(590)
906280(627)
906286(605)
906144(623)
906146(577)
906149(552)
906151(581)
906154(549+ 1)
906157(614)
906158(649)
906160(576)
906161(600)
906162(611)
906169(654)
906171(635)
906172(606)
906173(621)
906176(597)
906102(563)
906107(602)
906110(577)
906114(645)
906117(575)
906119(609)
906123(653)
906124(605)
906126(596)
906127(601)
906128(590)
906134(630)
906140(635)
906142(566)
906143(571)
906201(591)
906203(652)
906221(594)
906222(596)
906230(572)
906234(577)
906235(558)
906239(601)
906243(610)
906251(653)
906252(563)
906253(611)
906255(588)
906256(568)
906257(622)
906178(650)
906179(612)
906180(606)
906181(594)
906182(634)
906184(570)
906185(595)
906186(592)
906187(595)
906188(593)
906189(639)
906190(585^ 1)
906193(549+ 1)
906197(563)
906199(619)
906427(666)
906430(704)
906433(679)
906436(670)
906438(745)
906445(734)
906448(700)
906450(672)
906451(737)
906454(754)
906393(749)
906394(723)
906396(719)
906397(700)
906400(758)
906404(752)
906405(732)
906407(721)
906417(685)
906424(662)
906456(667)
906457(703)
906460(723)
906462(677)
906463(703)
946794(673)
946799(663)
946800(658+ 2)
946803(745)
946805(667)
946810(699)
906465(682)
946753(664)
946759(674)
946760(697)
946761(679)
946762(709)
946766(713)
946776(739)
946785(657+ 3)
946790(666)
37
906525(806)
906530(770)
906544(793)
906547(780)
906548(816)
906531(883)
906551(876+ 4)
906559(884)
929492(975)
929502(904)
College of Accounting and Management Sciences PECHS Campus
981151(434)
906505(484)
947002(528)
906502(602^ 1)
906508(648)
906504(683)
906507(657+ 3)
929487(711)
947001(683)
906506(771)
906510(838)
906511(805)
906512(805)
929481(779)
929482(815)
929485(786)
906501(882)
906509(899)
929486(881)
Askari Inter College, Bahadurabad
906495(588)
906496(651)
929475(604)
906488(720)
906492(718)
929471(746)
929474(696)
906481(873)
906482(812)
906485(815)
906486(796)
906487(797)
906489(780)
906491(864)
906493(797)
929472(804)
906483(948)
906484(879+ 1)
906490(944)
906494(887)
929473(924)
Al-Hamd College of Professional Education
946795(419)
906353(541)
906355(484^ 2)
906357(541)
906366(474^ 2)
906402(537)
906409(530)
906414(544^ 3)
906416(527)
906418(540)
906419(540)
906174(488)
906175(501)
906223(500)
906225(543)
906238(482)
906302(543^ 1)
906313(517)
906328(536)
906329(495)
906352(532)
946818(528)
946820(509)
981111(495)
981112(487)
981113(456)
981114(490)
906435(530)
906466(540)
906467(544)
946751(508)
946758(541)
946781(537)
946792(523)
946801(535)
946814(516)
946817(476)
38
906611(608)
906613(641)
906618(579)
906623(586)
906631(587)
906635(617)
906638(632)
906656(639)
929519(627)
929521(553)
929522(574)
929531(633)
929532(648)
947124(654)
947125(637)
906633(663)
906637(721)
906639(711)
906641(734)
906642(674)
906622(759)
906624(731)
906625(764)
906629(754)
906632(731)
906612(666)
906616(728)
906619(731)
906620(701)
906621(682)
929526(697)
929530(692)
966191(754)
906658(701)
929511(739)
929512(753)
929518(668)
929523(658+ 2)
906647(683)
906653(671)
906654(719)
906655(708)
906657(723)
906630(800)
906634(775)
906640(842)
906645(811)
906646(787)
906614(772)
906615(802)
906617(770)
906626(826)
906628(818)
906661(767+ 3)
929517(825)
929520(842)
929529(858)
947123(806)
906648(849)
906649(780)
906651(828)
906652(777)
906659(768+ 2)
906627(884)
906644(890)
906650(879+ 1)
929513(879+ 1)
929514(886)
929515(898)
929516(933)
929525(885)
929527(963)
929528(895)
College of Emerging Technologies
906541(582)
906543(582)
906549(582)
906552(633)
906553(575)
906561(587)
906562(635)
906564(606)
906567(632)
906568(618)
906524(545+ 5)
906527(650)
906528(571)
906529(651)
906532(628)
906533(639)
906535(623)
906536(569)
906537(637)
906539(567)
929491(613)
929495(622)
929501(625)
929503(578)
929504(578)
929505(654)
947072(558)
906571(620)
906572(654)
906577(598)
906578(634)
906580(589)
906583(643)
906588(551)
906591(553)
906593(588)
906595(557)
906555(731)
906556(759)
906557(715)
906560(655+ 5)
906563(712)
906538(732)
906540(745)
906542(685)
906545(692)
906554(696)
906521(740)
906522(711)
906523(764)
906526(691)
906534(719)
906565(699)
906566(762)
906570(683)
906575(677)
906576(680)
929499(728)
947071(664)
947073(669)
906590(708)
906594(692)
929493(744)
929494(727)
929496(695)
906581(686)
906582(716)
906584(655+ 5)
906585(679)
906587(686)
906550(820)
906558(832)
906573(852)
906574(770)
906579(803)
906586(850)
906589(795)
906596(782)
929497(841)
929498(790)
39
906776(954)
906777(984)
906778(983)
906782(919)
906783(929)
906762(899)
906763(994)
906766(907)
906768(903)
906771(1008)
906755(914)
906756(1018) 906758(961) 906759(939) 906760(962)
906784(948)
906785(880)
906788(923)
906790(938)
906794(934)
Tabani's College
906733(534)
906734(528)
906737(552)
Gulistan Shah Abdul Latif Boys Higher Secondary School
906679(652)
906708(623)
906717(619)
947203(561)
906683(729)
906684(693)
906686(657+ 3)
906687(699)
906690(754)
906673(756)
906678(762)
906680(750)
906681(724)
906682(690)
906691(744)
906692(670)
906693(706)
906698(703)
906699(735)
906711(693)
906715(698)
906718(664)
947201(698)
906702(702)
906703(739)
906704(724)
906705(688)
906706(735)
906677(789)
906685(866)
906688(870)
906689(856)
906695(852)
906671(826)
906672(824)
906674(854)
906675(801)
906676(789)
906709(815)
906710(769+ 1)
906712(799)
906713(840)
906714(848)
906696(846)
906697(766+ 4)
906700(829)
906701(821)
906707(830)
906694(902)
906716(928)
Fatimiyah College Boys Campus
906636(461)
947121(518^ 1)
947122(522)
40
906911(713)
906915(677)
906916(663)
906917(687)
906918(659+ 1)
906902(761)
906903(665)
906906(688)
906908(662)
906910(739)
929701(741)
929703(755)
929709(697)
929691(725)
929692(707)
929693(721)
929696(738)
929699(692)
906901(808)
906905(815)
929695(870)
929702(779)
929697(877+ 3)
Meritorious Science College
906770(500)
906811(627)
929639(580)
906752(702)
906767(690)
906779(677)
906780(711)
906816(697)
906830(759)
906831(737)
929663(750)
947251(706)
947254(690)
947255(733)
947258(731)
947260(697)
947261(708)
947262(757)
906789(833)
906791(845)
906792(796)
906793(868)
906795(851)
906796(832)
906797(825)
906799(839)
906800(838)
906806(781)
906774(840)
906775(807)
906781(813)
906786(872)
906787(829)
906751(771)
906753(812)
906754(781)
906757(803)
906761(865)
906764(791)
906765(810)
906769(814)
906772(839)
906773(779)
906807(787)
906810(873)
906812(835)
906813(824)
906817(806)
929669(827)
929672(786)
929673(834)
947252(806)
947253(848)
947256(813)
947259(769+ 1)
947263(863)
929657(830)
929658(803)
929659(788)
929662(834)
929668(847)
906822(855)
906824(797)
906826(790)
906827(834)
929631(870)
929633(814)
929644(874)
929646(862)
929649(809)
929656(831)
906825(911)
906828(989)
906829(977)
929632(994)
929634(993)
929635(1003)
929636(883)
929637(891)
929638(932)
929640(972)
906818(880)
906819(967)
906820(909)
906821(1012)
906823(901)
906798(911)
906801(881)
906802(940)
906803(965)
906804(922)
906805(931)
906808(990)
906809(1007)
906814(984)
906815(977)
929665(949)
929666(905)
929667(901)
929670(916)
929671(876+ 4)
947257(896)
929654(901)
929655(910)
929660(993)
929661(1017)
929664(897)
929641(987)
929642(974)
929643(907)
929645(894)
929647(1008)
929648(889)
929650(994)
929651(992)
929652(992)
929653(963)
41
906998(905)
907000(885)
907001(893)
907002(934)
907004(920)
906991(906)
906993(908)
906994(914)
906995(905)
906997(927)
artt College (Intermediate)
906957(432)
906961(426^ 3)
906942(526)
906943(474)
906948(496^ 2)
906949(519)
906953(526)
906933(486)
906936(445^ 2)
906938(531)
906939(525)
906941(526)
906954(480)
906958(444^ 1)
906963(475^ 4)
906965(491^ 3)
906969(477^ 1)
947475(513)
947478(540)
981341(501)
906970(463)
947471(468)
947472(536)
947473(483)
947474(500)
906931(571^ 2)
906935(575)
906940(582)
906951(644)
906964(627)
929854(650)
947477(586)
906966(721)
C.M.S Govt. Higher Secondary (Campus School) Boys & Girls, Nishter Road
947372(414)
906925(618)
906921(752)
906926(710)
947371(758)
906922(799)
906923(765+ 5)
906924(822)
929721(800)
South City Institute of Management & Technology
906913(508)
929707(487^ 1)
929708(490)
906904(605)
906907(612)
906909(569)
906912(616)
906914(627)
929704(548+ 2)
929705(618)
929706(589)
929710(626)
947341(545+ 5)
947342(588)
42
907082(493)
907084(490)
907093(476^ 3)
907106(444)
907109(464)
907041(503^ 2)
907043(483^ 3)
907044(511)
907045(474)
907067(502)
907076(557^ 3)
907078(579^ 1)
907081(580)
907095(565)
907121(561)
907050(612)
907052(654)
907054(567)
907061(640)
907075(569^ 2)
907166(587)
907167(551)
947840(598)
907150(578)
907151(572)
907153(610)
907163(611)
907165(565)
907070(680)
907096(750)
907133(660)
907062(779)
907172(776)
Govt. Degree College Jungle Shah, Keamari
907027(489)
907028(494)
907024(620)
Govt. Degree Boys College Shams Peer Baba Bith
929907(542)
929896(612)
929906(551)
929912(637)
906992(736)
906996(751)
907003(747)
929891(718)
929897(761)
929902(755)
929910(729)
906999(830)
907006(871)
929892(853)
929894(869)
929898(820)
929901(774)
929905(780)
929908(870)
929909(806)
907005(935)
907007(943)
907008(897)
907009(937)
929893(878+ 2)
929895(884)
929899(908)
929900(900)
929903(882)
929904(937)
929911(937)
43
907228(644)
907229(556^ 3)
907230(635)
907232(566^ 1)
907234(575)
907211(598)
907212(595)
907214(547+ 3)
907222(545+ 5)
907225(605)
907203(554)
907205(548+ 2)
907207(549+ 1)
907208(585)
907209(608)
907408(723)
907413(715)
907427(716)
907432(725)
907437(675)
907446(694)
907447(699)
907453(696)
907457(660)
907464(733)
907467(694)
907471(684)
907472(739)
907473(716)
907475(709)
907231(683)
907233(700^ 3)
907308(660)
907310(740)
907311(688)
907312(718)
907324(694)
907325(684)
907338(743)
907339(691)
907344(676)
907354(704)
907358(695)
907390(667)
907393(690)
907551(657+ 3)
907565(686)
907590(704)
907598(667)
907677(722)
907681(710)
907692(687)
907698(724)
907714(701)
907724(715)
907785(724)
907791(720)
948205(668)
948217(671)
948324(684)
907491(690)
907504(711)
907505(736)
907511(693)
907522(718)
907524(718)
907526(666)
907527(679)
907528(715)
907529(681)
907530(679)
907531(692)
907533(696)
907538(655+ 5)
907539(742)
907227(843)
907262(863)
907278(837)
907331(768+ 2)
907441(765+ 5)
907523(770)
Govt. Deg. Arts & Comm. College for Men (Evening) Korangi 6
Govt. Boys & Girls Higher Secondary School, Younusabad
907083(409)
907104(423)
907111(400^ 3)
907115(398^ 1)
907117(408)
907120(431^ 5)
907158(403^ 3)
907169(420^ 3)
907128(465)
907129(486)
907131(506)
907132(471)
907134(497^ 2)
907112(458^ 1)
907116(544)
907122(470)
907124(459^ 2)
907125(510)
907161(483)
907164(541)
907168(517)
907171(459^ 1)
907173(488)
907135(499^ 1)
907142(466)
907144(464^ 1)
907145(474^ 3)
907156(484)
44
907582(588^ 2)
907584(546+ 4)
907589(570)
907591(582)
907592(583^ 3)
907562(560^ 1)
907563(553)
907568(569)
907578(587)
907581(614)
907593(548+ 2)
907595(590)
907597(598)
907599(636)
907600(593)
907620(584)
907625(576)
907626(597)
907627(595)
907628(594)
907602(602)
907604(562)
907605(576)
907606(650)
907619(582)
907556(620^ 1)
907558(598)
907559(590)
907560(644)
907561(625)
907507(583^ 3)
907510(572)
907517(651)
907519(608)
907520(590)
907525(638)
907532(590)
907536(627)
907537(619)
907540(573)
907547(561)
907548(563)
907549(632)
907550(642)
907552(559)
907541(592)
907542(624)
907543(646)
907544(605)
907546(601)
907629(607)
907632(624^ 1)
907636(623)
907637(555)
907640(563)
907740(599)
907741(611)
907742(552)
907743(571)
907744(548+ 2)
907730(585)
907731(580^ 1)
907733(599)
907734(562)
907735(605)
907746(567)
907749(643)
907750(553)
907755(557)
907756(558)
907722(582)
907726(615)
907727(595)
907728(588)
907729(561)
907670(649)
907682(612)
907683(614)
907685(640)
907691(618)
907644(558)
907645(629)
907647(570)
907649(583)
907669(585)
907694(564)
907695(571)
907697(653)
907703(577)
907705(591)
907715(611)
907716(565)
907719(567)
907720(602)
907721(638)
907708(653)
907709(562)
907710(591)
907711(618)
907712(626)
907313(626)
907314(575)
907317(616)
907318(546+ 4)
907319(637)
907301(603)
907303(566)
907304(571)
907307(585)
907309(643)
907320(616)
907321(643^ 1)
907323(623^ 2)
907326(599)
907328(625)
907342(597^ 1)
907343(559)
907348(555^ 1)
907349(600)
907350(645)
907332(570)
907334(555)
907335(546+ 4)
907337(606^ 2)
907341(592)
907289(634)
907294(607)
907295(624)
907299(548+ 2)
907300(598)
907236(550)
907237(626)
907246(576)
907251(546+ 4)
907256(629)
907497(584)
907498(551)
907499(570)
907503(586)
907506(631)
907267(652)
907269(566)
907270(572)
907272(593)
907273(592)
907282(583)
907283(600)
907284(557)
907285(592)
907286(597)
907274(587)
907275(613)
907277(562)
907280(653)
907281(624)
907355(583)
907360(588)
907361(571)
907362(567^ 1)
907364(586)
907448(602^ 3)
907449(625)
907450(647)
907451(548+ 2)
907452(634^ 2)
907436(649)
907438(603)
907440(646)
907442(632^ 3)
907445(546+ 4)
907456(558)
907459(645)
907466(629^ 2)
907469(622)
907470(618)
907486(546+ 4)
907492(557^ 2)
907494(571)
907495(572)
907496(578)
907477(565)
907478(565)
907482(615)
907483(625)
907484(560)
907428(604)
907429(623)
907430(577)
907433(632)
907435(623)
907372(572)
907376(638)
907385(564)
907391(591)
907392(567)
907365(613)
907366(607)
907367(583)
907368(651)
907371(580)
907394(550)
907396(571)
907398(588)
907399(561)
907403(618)
907417(555)
907420(595)
907423(572^ 2)
907425(550^ 2)
907426(581)
907404(610)
907406(610^ 1)
907411(630^ 1)
907414(589)
907416(584)
45
907654(494^ 3)
907662(454^ 3)
907666(514)
907668(489)
907673(489)
907634(485^ 3)
907635(531)
907638(516)
907639(515)
907642(456^ 2)
907676(474)
907690(537^ 3)
907693(499)
907699(480^ 3)
907704(502^ 3)
907736(521^ 1)
907737(504)
907738(513)
907739(542)
907747(506)
907706(538)
907713(526)
907718(507)
907725(521)
907732(481)
907609(533)
907611(450^ 1)
907617(499)
907618(507)
907622(481)
907509(528)
907515(543)
907516(519^ 1)
907518(535)
907545(523)
907489(526^ 3)
907490(490)
907500(481^ 3)
907501(443)
907502(452)
907566(519)
907567(496)
907570(517)
907571(506)
907574(496^ 1)
907588(521^ 1)
907594(514)
907596(524)
907601(548^ 1)
907603(519)
907577(528^ 1)
907579(474)
907583(523)
907585(494)
907586(469)
948249(454^ 3)
948250(516)
948251(492)
948275(447)
948293(499^ 4)
948235(468^ 3)
948237(538)
948243(538)
948245(539)
948248(479^ 1)
948298(544^ 3)
948300(534)
948311(499)
948312(540)
948313(538)
948224(511)
948226(528)
948227(530)
948228(521)
948234(510)
907758(490)
907761(497)
907762(544)
907763(540)
907765(521^ 1)
907748(538)
907751(509)
907752(499)
907753(472)
907757(508)
907768(500)
907772(496)
907774(534)
907775(513)
907780(521)
948209(536)
948210(479^ 2)
948211(531)
948221(539)
948222(529)
907786(499)
907789(484)
907790(542)
948202(445^ 1)
948204(497)
907257(454)
907258(490)
907260(523)
907261(516)
907263(535)
907264(479)
907265(526)
907271(519)
907279(522)
907287(543)
907290(508)
907291(527^ 3)
907293(498)
907297(528)
907298(497)
907247(449)
907252(522)
907253(445)
907254(488)
907255(465^ 2)
907201(523^ 3)
907206(543)
907210(506^ 3)
907216(445^ 2)
907217(463)
907218(465)
907220(544)
907223(471)
907226(522)
907235(519)
907238(450^ 1)
907239(474)
907240(444)
907243(476)
907244(531)
907388(461^ 2)
907395(506)
907397(475^ 1)
907400(523)
907402(495^ 1)
907410(529^ 2)
907415(525)
907424(514)
907454(479^ 3)
907455(529^ 3)
907458(502)
907476(502)
907480(488)
907485(542)
907487(519^ 1)
907380(508)
907383(481)
907384(492)
907386(509)
907387(479^ 3)
907302(535)
907315(542)
907316(549^ 1)
907329(528)
907330(476^ 3)
907345(541)
907351(517)
907352(447^ 4)
907353(501)
907356(509)
907363(522^ 3)
907369(518)
907370(496^ 1)
907375(525)
907377(531)
907782(551^ 3)
907784(549+ 1)
907787(597)
948203(593)
948206(582)
948207(574)
948208(550)
948212(568)
948213(605)
948214(629)
907760(595)
907764(621)
907767(558)
907770(645)
907771(579)
907773(605)
907776(568)
907777(578)
907778(591)
907779(581)
948288(569)
948289(570)
948299(629)
948301(563^ 1)
948305(604)
948307(576)
948308(554)
948315(628)
948319(575)
948323(582)
948216(614^ 1)
948223(612)
948225(563)
948229(566)
948232(616)
948236(637)
948238(574)
948241(558)
948242(639)
948244(568)
46
908066(568)
908067(615)
908070(630)
908071(572)
908073(626)
908060(621)
908061(587)
908062(607)
908064(597)
908065(629)
908074(556)
908075(654)
908077(553)
908081(579)
908086(579)
908109(553)
908131(582)
908132(615)
908138(626)
908142(587)
908089(620)
908096(546+ 4)
908097(613)
908098(637)
908104(569)
908032(608)
908037(605)
908040(620)
908043(652)
908058(588)
907871(619)
907879(651)
907885(555)
907888(553)
907896(614)
907832(564)
907833(586)
907860(602)
907866(560)
907869(563)
907909(597)
907916(621)
907921(579)
907930(555)
907945(596)
907995(592)
907996(604)
907999(568)
908000(644)
908030(550)
907948(555)
907951(629)
907962(560)
907975(570)
907988(555)
908145(572)
908147(650)
908148(640)
908149(582)
908157(545+ 5)
908356(567^ 2)
908359(550)
908362(641)
948462(558)
948464(547+ 3)
908348(545+ 5)
908349(630)
908352(563)
908353(582)
908354(553)
908309(572)
908317(545+ 5)
908321(545+ 5)
908336(557)
908344(582)
908200(642)
908204(617)
908205(569)
908206(650)
908207(574)
908162(612)
908164(560)
908166(572)
908170(589)
908197(551)
908210(635)
908215(597)
908220(572)
908226(547+ 3)
908227(638)
908261(589)
908275(561)
908286(545+ 5)
908307(621)
908308(650)
908228(565)
908236(589)
908249(565)
908253(605)
908259(568)
907987(662)
908017(735)
908018(656+ 4)
908021(753)
908046(669)
908049(722)
908059(731)
908082(675)
908103(757)
908105(692)
907834(663)
907836(736)
907858(702)
907861(737)
907874(717)
907876(661)
907877(656+ 4)
907891(675)
907904(659+ 1)
907959(666)
908346(713)
908364(713)
908367(662)
948472(657+ 3)
948504(731)
948517(709)
908128(725)
908139(666)
908169(668)
908192(702)
908203(658+ 2)
908216(731)
908229(664)
908329(720)
908342(676)
908343(659+ 1)
907827(857)
907844(839)
907864(798)
907986(818)
908022(829)
908069(808)
908090(775)
908254(818)
908345(818)
948509(830)
907913(891)
Govt. Degree Science & Commerce College Landhi/Korangi
907379(434^ 4)
948264(382)
948287(431)
948290(430^ 5)
948292(384)
907215(428)
907245(431)
907248(422)
907249(430)
907288(427)
981462(408)
981466(432)
948304(416^ 2)
948309(397)
981452(423)
981454(411)
981461(404)
948314(532)
948316(488)
948317(493)
948318(511)
948320(526)
981459(445)
981460(460)
981463(457)
981465(476)
47
908195(499)
908196(499)
908198(535)
908201(490)
908202(519)
908183(474)
908185(454)
908187(503)
908188(468)
908194(472)
908209(448)
908218(527)
908219(492)
908222(457)
908230(526)
908238(496)
908239(479)
908241(526)
908244(479)
908247(519^ 1)
908231(521)
908232(524)
908233(508)
908235(543)
908237(490)
908171(474^ 1)
908172(511)
908174(452^ 1)
908181(473^ 1)
908182(469)
908115(456)
908116(491)
908117(482)
908121(492)
908122(454^ 2)
908126(439+ 1)
908127(523)
908129(472)
908130(522)
908133(531)
908153(440^ 3)
908154(519)
908160(476)
908161(544)
908168(505^ 1)
908140(466)
908141(473)
908146(488^ 2)
908150(453)
908151(538)
908248(476)
908250(504)
908251(542)
908252(529)
908255(503)
948470(490)
948473(514)
948474(497)
948479(482)
948480(523^ 3)
908371(504^ 3)
908372(487^ 1)
948463(499)
948467(514)
948469(532)
948481(514)
948484(508)
948485(506)
948487(464)
948490(483)
908347(539)
908350(509)
908351(523)
908355(524)
908363(505^ 2)
908265(493)
908266(459)
908268(449)
908277(483)
908278(542)
908256(466^ 1)
908258(524)
908260(495)
908262(516)
908263(489)
908285(503^ 1)
908287(518)
908289(451^ 4)
908295(519)
908296(529)
908316(474)
908320(460)
908322(485)
908330(474)
908333(489)
908301(495^ 4)
908305(441^ 3)
908306(472^ 3)
908314(542)
908315(512)
907905(484)
907906(534)
907907(542)
907911(532)
907912(507)
907892(482)
907893(520)
907898(486)
907899(461)
907902(489)
907920(466)
907923(488)
907924(487^ 2)
907931(473)
907936(479)
907914(513)
907915(496)
907917(526)
907918(519)
907919(493)
907881(490)
907882(476)
907886(471)
907887(479)
907890(512)
907823(479)
907826(500)
907829(441^ 4)
907831(463)
907839(462)
908107(479)
908110(466)
908111(471)
908112(467)
908114(450^ 2)
907849(489)
907850(471)
907857(535)
907859(490)
907863(485)
907840(519)
907841(472)
907842(484)
907845(471)
907846(505^ 1)
907943(484^ 2)
907950(517)
907953(513^ 1)
907960(526)
907967(446^ 3)
908079(470)
908080(503)
908083(528)
908084(502)
908085(539)
908063(540)
908068(521)
908072(541)
908076(504)
908078(504)
908099(506)
908100(522)
908101(540)
908102(537)
908106(490)
908087(498)
908088(529)
908091(511)
908093(472)
908094(463)
908047(509)
908048(536)
908050(485)
908056(532)
908057(533)
907985(515)
907989(481)
907990(473^ 3)
907991(512)
907998(538)
907969(513^ 3)
907972(452^ 1)
907976(481)
907977(464^ 3)
907978(454^ 3)
908033(523)
908036(452)
908041(465^ 3)
908042(471)
908044(492)
908006(533)
908009(448)
908010(458)
908023(441)
908031(499)
948465(586)
948466(560)
948468(615)
948471(593)
948477(621)
948492(547+ 3)
948498(546+ 4)
948503(563)
948522(654)
948533(556)
948478(637)
948482(603)
948483(561)
948488(575)
948491(610)
48
908434(613)
908435(556)
908440(560)
908444(639)
908447(607)
908450(651)
908451(557)
908452(546+ 4)
908453(556)
908454(636)
908455(628)
908457(634)
908458(630)
908461(594)
908463(612)
908403(630^ 3)
908406(567^ 2)
908408(603^ 1)
908411(595)
908413(605)
908414(595)
908416(616^ 3)
908417(569)
908421(593)
908422(604)
908423(623)
908427(593)
908429(563)
908430(581)
908432(605)
908465(607)
908469(579)
908472(587)
908475(622)
908478(638)
908480(602)
908481(612)
908483(606)
908484(568)
908485(624)
908486(589)
908488(571)
908491(596)
908492(547+ 3)
908493(598)
908722(683)
908730(678)
908731(741)
908738(669)
908739(753)
908741(668)
908746(761)
908751(709)
908756(736)
908764(655+ 5)
908678(663)
908683(692)
908688(709)
908706(664)
908708(746)
908629(655+ 5)
908640(671)
908644(708)
908647(674)
908653(717)
908654(728)
908657(722)
908662(692)
908663(661)
908676(696)
908847(664)
948728(761)
948742(658+ 2)
948749(666)
948770(666)
948775(662)
908818(685)
908828(681)
908829(691)
908831(661)
908832(660)
908781(677)
908786(668)
908797(657+ 3)
908798(705)
908801(697)
908802(673)
908803(684)
908811(687)
908815(673)
908817(665)
908598(692)
908599(660)
908609(741)
908610(708)
908612(729)
908448(679)
908467(723)
908482(680)
908502(682)
908505(676)
908409(662)
908415(729)
908426(698)
908431(752)
908433(676)
908509(719)
908510(681)
908511(758)
908515(673)
908522(671)
908533(660)
908549(684)
908585(762)
908587(714)
908591(728)
908524(682)
908527(705)
908530(708)
908531(683)
908532(720)
908445(788)
908521(790)
908677(766+ 4)
908707(771)
908753(780)
908760(781)
908761(765+ 5)
908769(830)
908805(779)
908809(828)
908810(812)
948725(783)
908412(891)
Govt. Degree Boys College Korangi 2-1/2
908035(434)
908165(428)
908184(435^ 3)
908224(426^ 1)
908234(429^ 1)
907856(435^ 3)
907903(437^ 3)
907952(421^ 1)
908008(429^ 4)
908013(432)
948519(407^ 1)
981502(406^ 1)
908272(418^ 6)
908279(431)
948475(429^ 2)
948513(439^ 2)
948518(434)
948508(467)
948510(466)
948512(484)
948515(487^ 2)
948521(509)
948493(454)
948496(474^ 1)
948499(522)
948500(500^ 1)
948502(512)
948552(505^ 3)
981503(468)
948528(488^ 1)
948530(466)
948531(505)
948545(499)
948548(526^ 1)
49
908788(545+ 5)
908790(555)
908793(554)
908795(638)
908796(591)
908776(616)
908778(650)
908779(563)
908780(609)
908784(593)
908799(602)
908804(587)
908806(644)
908808(579)
908812(597)
908823(622)
908824(625)
908825(569^ 1)
908826(652)
908827(600)
908813(612)
908814(629)
908816(574^ 3)
908819(636)
908820(653)
908735(610)
908736(639)
908737(605)
908740(596)
908743(612)
908726(617)
908727(593)
908729(642)
908732(599)
908733(583)
908744(635)
908745(627)
908748(610)
908750(583)
908754(593)
908766(560)
908767(626)
908768(579)
908770(594)
908775(599)
908757(566)
908758(565)
908759(608)
908763(585)
908765(556)
948732(545+ 5)
948733(640)
948747(595)
948753(629)
948757(560)
948724(561)
948726(578)
948727(653)
948729(580)
948731(598)
948758(600)
948763(586)
948764(579)
948766(606)
948769(561)
948778(567)
948771(566)
948772(584)
948773(628)
948774(621)
948776(629)
908837(571)
908838(631)
908839(571)
908840(587)
908841(607)
908830(622)
908833(564)
908834(574)
908835(599)
908836(585)
908842(598)
908843(585)
908845(589)
908846(558)
908848(638)
948719(552)
948720(569)
948721(592)
948722(597)
948723(634)
908849(556)
948711(607)
948712(586)
948713(561)
948716(611)
908718(621)
908719(611)
908720(552)
908721(622)
908724(567)
908561(622)
908562(560)
908565(599)
908566(601)
908568(565)
908550(626)
908551(558)
908553(551)
908557(573)
908558(584)
908577(573)
908578(547+ 3)
908579(614)
908581(560^ 2)
908584(594)
908594(554)
908597(647)
908600(588)
908604(546+ 4)
908607(583)
908586(643)
908588(633)
908589(547+ 3)
908592(650)
908593(608)
908541(568)
908542(593)
908543(579)
908544(613)
908547(580)
908500(567)
908501(576)
908503(653)
908506(545+ 5)
908507(560)
908494(579)
908495(605)
908496(649)
908497(618)
908499(636)
908508(578)
908512(619)
908514(594)
908516(624)
908518(628)
908529(611)
908534(568)
908537(549+ 1)
908538(610)
908539(619)
908520(640)
908523(634)
908525(580)
908526(614)
908528(640)
908685(620)
908686(653)
908687(560)
908690(574)
908692(591)
908679(588)
908680(615)
908681(621)
908682(626)
908684(563)
908693(597)
908694(616)
908695(606)
908696(587)
908698(560)
908704(571)
908705(610)
908711(559)
908713(581)
908715(573)
908699(556)
908700(584)
908701(581)
908702(638)
908703(603)
908664(545+ 5)
908666(551)
908667(561)
908670(629)
908675(550)
908623(611)
908625(560)
908626(628)
908628(649)
908634(599)
908616(606)
908617(627)
908618(634)
908619(600)
908622(623)
908636(627)
908637(620)
908641(590)
908643(641)
908645(621)
908652(624)
908655(628)
908656(548+ 2)
908658(625)
908661(654)
908646(654)
908648(561)
908649(600)
908650(568)
908651(551)
50
908940(512)
908941(494)
908942(448)
908953(525^ 3)
908954(488)
908925(526)
908926(498)
908931(438+ 2)
908936(506)
908937(528^ 4)
908876(473^ 1)
908893(468^ 1)
908894(501^ 1)
908895(503)
908913(512)
909050(559)
909051(646)
909052(597)
909084(584)
909091(589)
908952(597^ 1)
908960(561^ 1)
908988(600^ 3)
909048(597)
909049(563)
908898(601^ 1)
908914(641)
908917(610)
908923(546+ 4)
908950(598)
948971(546+ 4)
948939(587)
948957(599)
948960(553)
948966(568)
948970(647)
909101(551)
909113(554)
909122(631)
909123(574)
909125(546+ 4)
948944(696)
Govt. Degree Boys College Ibrahim Hyderi
981554(408)
981556(422^ 3)
981558(434)
981560(415)
981561(417)
981559(482)
908559(470^ 3)
908560(543)
908569(528)
908570(526^ 3)
908572(496)
908545(497)
908546(543)
908548(526)
908552(528^ 3)
908556(437+ 3)
908574(536)
908576(486)
908580(515)
908590(453^ 3)
908596(544^ 3)
908615(469)
908620(537)
908621(520)
908630(498^ 2)
908632(508)
908602(473)
908606(514^ 2)
908608(475)
908611(534)
908614(530)
908441(520)
908446(534)
908449(543)
908456(518)
908459(515)
908410(531)
908428(468)
908436(542^ 1)
908438(537)
908439(529)
908462(521^ 2)
908464(529)
908466(538)
908471(506)
908473(536)
908513(536)
908519(540)
908535(531^ 3)
908536(476)
908540(539)
908474(535^ 1)
908477(513)
908479(481)
908487(517)
908498(522)
908633(531^ 2)
908635(519)
908639(530)
908642(490^ 1)
908659(525)
948717(520)
948718(456^ 6)
948730(450)
948734(480)
948738(479)
908807(515)
908844(498)
908850(464)
948714(531)
948715(501)
948739(536)
948741(449)
948743(450)
948745(510)
948750(463)
948765(490)
948767(503)
948768(539)
948777(530)
981552(443^ 1)
948754(451)
948756(454)
948759(466^ 2)
948760(528)
948761(514)
908689(513)
908691(526)
908709(503)
908710(517)
908714(523)
908660(509)
908669(516)
908671(464)
908672(534)
908673(449^ 3)
908717(544)
908728(537)
908734(497)
908742(523)
908747(528)
908773(493^ 3)
908782(527)
908783(460)
908785(508)
908800(521)
908749(540)
908752(502^ 2)
908755(497)
908762(455)
908772(444)
51
909209(717)
909210(734)
909211(723)
909212(731)
909213(685)
909201(721)
909202(717)
909206(700)
909207(685)
909208(695)
931635(804)
Pak Askari Intermediate College
909173(507)
909186(513)
931573(516)
981721(442)
909161(621)
909162(606)
909163(654)
909164(606)
909166(648)
909151(569)
909154(602)
909155(562)
909157(595)
909159(643)
931576(572)
931579(547+ 3)
931581(613)
909174(607)
909187(644)
909188(637)
931572(622)
931575(588)
909172(684)
909175(747)
909176(694)
909178(679)
909179(681)
909180(759)
909182(676)
909183(678)
909184(736)
909189(741)
931571(661)
931574(671)
931577(746)
931580(664)
909152(692)
909153(750)
909156(710)
909158(679)
909165(662)
909167(727)
909168(685)
909169(694)
909170(757)
909171(759)
909177(793)
909181(782)
909185(785)
931578(766+ 4)
SSAT Degree College
908970(430^ 4)
909058(434^ 2)
909077(410)
948932(430^ 4)
948980(429)
909073(526)
909076(460)
909082(528)
909083(522)
909085(525)
909086(511)
909087(457)
909088(483)
909090(467^ 4)
909092(533^ 1)
909093(478^ 2)
909099(503)
909100(453^ 3)
909103(457)
909104(465^ 2)
908959(483^ 2)
908961(536)
908963(516)
908965(527^ 1)
908967(522^ 1)
908977(492^ 2)
908987(475^ 4)
908991(455^ 6)
908993(468^ 2)
909018(506)
909022(487)
909041(505^ 2)
909055(494)
909056(524)
909069(514)
909105(496)
909108(456^ 1)
909110(443)
909111(506^ 3)
909112(523)
948958(472^ 1)
948961(438+ 2)
948962(458^ 1)
948963(523)
948964(536)
948967(529)
948974(498)
948975(462)
948985(450^ 1)
948993(500)
948994(525^ 3)
948996(492)
909115(497)
909116(515)
909118(492)
909119(498)
909120(531)
909121(492)
909124(516)
909127(469^ 2)
948936(524^ 2)
948943(460^ 2)
948946(450^ 4)
948948(460)
948952(529)
948955(517)
948956(516)
52
909280(448)
909283(498)
909300(516)
909304(493)
909306(538^ 1)
909270(501)
909271(448^ 2)
909272(477)
909274(484^ 2)
909279(483)
909259(494^ 3)
909261(481)
909266(457)
909267(470)
909269(508)
909337(654)
909340(635)
909344(554)
909381(568)
909385(562)
909281(581)
909294(620)
909301(600)
909323(556)
909327(643)
909262(554)
909265(637)
909273(575)
909276(587^ 2)
909277(600)
909387(552)
909388(601)
909389(592)
909396(548+ 2)
909412(556)
949527(595)
949531(596^ 3)
909466(575)
909475(623)
949514(556)
949519(568)
949521(547+ 3)
909413(552^ 2)
909416(579)
909452(613)
909464(596^ 1)
909465(557)
909254(673)
909257(708)
909260(664)
909441(758)
949501(690)
Govt. Degree Boys College, 36-B Landhi 4
931694(474^ 1)
931691(643)
931696(624)
909231(736)
909233(719)
909235(713)
909236(734)
909238(737)
909239(714)
931693(755)
909232(793)
909234(817)
909237(852)
909240(774)
931692(857)
931695(822)
Guard Public College Korangi No. 2 1/2
909203(635)
909204(601)
909205(629)
909221(557^ 1)
931631(554)
931633(569)
931634(572)
909214(665)
909215(684)
909216(742)
909217(764)
909218(700)
909220(664)
931637(667)
931638(719)
949262(725^ 1)
53
909755(910)
909792(928)
909794(967)
909804(879+ 1)
909817(977)
909687(965)
909727(882)
909728(887)
909742(885)
909744(942)
Govt. College For Men Nazimabad
909521(407^ 2)
909522(422)
909524(434)
909526(386^ 5)
909557(399^ 6)
909558(421^ 3)
909586(405^ 4)
909587(409^ 3)
949647(432)
949654(435^ 1)
981852(418)
909525(509)
909528(491)
909536(507)
909547(464)
909552(536)
909513(509)
909515(458)
909517(492)
909518(449)
909523(536)
909559(473)
909560(483)
909561(507^ 2)
909570(457)
909571(483^ 1)
949651(532^ 3)
949655(532)
909572(454^ 2)
909579(518)
909584(515)
909588(456^ 2)
909591(470^ 3)
909514(624)
909516(555^ 1)
909531(549+ 1)
909535(609)
909545(638)
909580(598)
909555(663)
909562(675)
909581(710)
909582(672)
Govt. Degree Boys College Quaidabad
909414(435^ 2)
909423(438^ 1)
909426(430^ 3)
909429(430)
909460(429^ 1)
909308(410^ 2)
909310(423^ 2)
909356(422^ 1)
909365(427^ 3)
909401(437^ 3)
909494(432)
909496(420)
949524(401)
949525(397^ 3)
909462(417^ 2)
909468(421^ 2)
909477(432^ 2)
909481(426)
909482(435^ 1)
909383(538)
909384(526^ 3)
909397(501^ 1)
909403(475)
909404(437+ 3)
909411(478^ 3)
909415(532)
909417(542)
909418(458)
909419(507)
909420(478^ 2)
909424(505)
909425(499^ 3)
909431(492^ 3)
909432(518)
909366(468)
909375(482)
909376(474^ 3)
909378(541)
909380(537)
909309(461^ 3)
909317(525)
909320(475)
909321(543)
909322(457^ 4)
909324(466^ 1)
909325(486)
909334(528)
909338(540)
909343(463^ 3)
909351(520)
909352(459^ 1)
909353(444)
909361(454^ 1)
909362(514)
949515(523)
949517(497^ 2)
949520(521^ 2)
949526(520)
949528(493^ 1)
949532(482)
949535(520)
949536(515^ 2)
981802(490)
981803(507)
981804(478)
981805(491^ 2)
981806(442)
909488(538)
909489(525)
909495(514^ 1)
909498(471)
949509(536^ 4)
909433(507^ 2)
909434(444^ 1)
909435(519)
909437(441)
909438(453^ 3)
909442(494)
909457(484^ 3)
909459(490)
909463(484)
909467(456^ 2)
909470(487)
909471(487)
909472(459)
909473(482)
909476(462)
54
909750(623)
909752(598)
909754(568)
909756(604)
909758(654)
909760(552)
909761(582)
909763(604)
909766(630)
909769(596)
909716(564)
909729(610)
909730(585)
909735(608)
909746(564)
909653(595)
909654(651)
909659(612)
909666(597)
909691(615)
909693(623)
909701(620)
909703(550)
909708(552)
909714(558)
909772(605)
909773(630)
909775(560^ 2)
909776(555)
909781(648^ 3)
909790(631)
909796(631)
909798(652)
909801(584)
909803(632)
909837(666)
909842(721)
909844(674)
909845(720)
909847(679)
909857(722)
909859(659+ 1)
909863(727)
909867(677)
909868(693)
909870(730)
909872(763)
909876(716)
909881(666)
909893(671)
909767(719)
909774(682)
909779(676)
909780(743)
909799(688)
909802(709)
909806(679)
909810(697)
909815(675)
909819(668)
909825(709)
909826(671)
909828(695)
909830(701)
909831(747)
909963(700)
909964(663)
909965(725)
909970(711)
909971(716)
909976(749)
909979(683)
909981(716)
909985(679)
909986(757)
909995(675)
909996(718)
909998(683)
910000(700)
949901(658+ 2)
909895(696)
909900(749)
909901(721)
909925(688)
909931(721)
909932(701)
909933(706)
909938(721)
909939(662)
909942(761)
909946(656+ 4)
909949(682)
909951(689)
909957(763)
909958(691)
909731(672)
909732(659+ 1)
909736(679)
909747(694)
909759(703)
909670(680)
909673(683)
909676(671)
909677(676)
909682(674)
909651(655+ 5)
909657(706)
909661(721)
909662(704)
909664(674)
909696(713)
909699(663)
909700(708)
909704(754)
909718(688)
909683(751)
909685(682)
909686(757)
909688(757)
909690(719)
909743(836)
909751(801)
909753(778)
909768(830)
909777(833)
909785(817)
909788(821)
909793(785)
909795(792)
909805(846)
909812(809)
909816(861)
909823(864)
909829(775)
909840(822)
909652(820)
909658(774)
909660(781)
909663(790)
909665(773)
909671(823)
909679(859)
909684(765+ 5)
909692(841)
909702(778)
909706(834)
909712(861)
909713(777)
909734(849)
909740(830)
909849(803)
909851(835)
909855(783)
909856(768+ 2)
909860(801)
909956(787)
909960(796)
909966(815)
909972(773)
909973(813)
909974(803)
909978(834)
909982(844)
909992(821)
909993(823)
949909(781)
909862(857)
909864(820)
909865(777)
909871(802)
909883(854)
909906(822)
909907(869)
909908(846)
909909(840)
909914(844)
909920(843)
909921(834)
909937(809)
909948(832)
909953(780)
909822(911)
909833(944)
909836(901)
909839(899)
909884(924)
909890(954)
909913(906)
909922(892)
909927(892)
909934(920)
909947(883)
909961(927)
909969(939)
55
910196(664)
910202(685)
910203(672)
910214(658+ 2)
910221(665)
910182(699)
910183(758)
910184(705)
910186(657+ 3)
910194(699)
910237(731)
910240(657+ 3)
910243(724)
910244(683)
910246(673)
910222(673)
910229(682)
910233(740)
910234(682)
910235(664)
910048(666)
910058(717)
910129(709)
910135(682)
910136(748)
910021(656+ 4)
910027(715)
910034(657+ 3)
910037(718)
910044(707)
910175(692)
910176(676)
910178(737)
910179(721)
910180(697)
910141(663)
910143(664)
910145(655+ 5)
910150(699)
910165(689)
910308(711)
910309(655+ 5)
910315(717)
910320(750)
910321(685)
910264(663)
910268(709)
910275(732)
910276(692)
910278(685)
910248(741)
910252(684)
910254(685)
910257(687)
910263(700)
910291(708)
910295(699)
910302(721)
910304(749)
910306(679)
910280(682)
910281(671)
910282(729)
910283(695)
910287(670)
910193(796)
910239(786)
910269(770)
910284(772)
910290(766+ 4)
Govt. Degree Science & Commerce College Asifabad
909694(431)
909705(429)
909834(423^ 2)
909874(436^ 1)
909879(425^ 2)
909762(467)
909765(520)
909778(477)
909782(536)
909784(543^ 4)
909787(536^ 2)
909789(540^ 3)
909808(525)
909814(455)
909818(534)
909824(518)
909832(500)
909838(470)
909848(459)
909852(511)
909668(449)
909672(466)
909678(544)
909695(446)
909697(466)
909698(470)
909707(470)
909709(511)
909710(543)
909717(525)
909724(505)
909725(515^ 3)
909733(522)
909748(464^ 2)
909749(472)
909945(497)
909954(527)
909955(513^ 1)
909977(472)
909991(528)
910004(547^ 1)
949906(467)
949907(508^ 1)
949908(483)
949912(463)
949916(512)
909853(472)
909854(521)
909861(460)
909866(519)
909885(441)
909886(451)
909894(470^ 2)
909896(476^ 1)
909902(463)
909912(543)
909916(491^ 2)
909926(457)
909941(537)
909943(515)
909944(495^ 2)
909846(563^ 2)
909850(650)
909869(625)
909878(578)
909882(604)
909889(573)
909897(642)
909923(630)
909930(621)
909935(572)
909807(566)
909809(547+ 3)
909811(590)
909813(626)
909820(573^ 1)
909821(647)
909827(633)
909835(651)
909841(582)
909843(615)
909940(612^ 3)
909950(611)
909952(625)
909975(652^ 3)
909980(550)
949911(654)
949915(601^ 1)
949917(613)
949920(560)
949921(564)
981901(566)
909987(570^ 2)
909988(597)
909990(616)
909997(610)
910001(562)
910002(640)
910005(600)
910006(635)
949902(615)
949905(566)
56
910289(647)
910292(633)
910293(599)
910294(553)
910296(584)
910274(582)
910277(615)
910279(652)
910285(604)
910286(576)
910297(600)
910305(581)
910307(636)
910311(610)
910312(547+ 3)
910319(556)
910323(647)
910326(567)
910330(638)
910331(568)
910313(605)
910314(558)
910316(551)
910317(564)
910318(582)
910265(583)
910266(608)
910270(547+ 3)
910271(622)
910272(630)
910223(588)
910224(601)
910225(650)
910226(614)
910227(643)
910228(635)
910230(614)
910231(609)
910232(645)
910236(647)
910253(584)
910255(565)
910259(615)
910260(640)
910261(632)
910238(567)
910242(550)
910245(631)
910247(632)
910250(640)
910332(622)
910333(582)
910334(577)
910335(548+ 2)
910336(599)
950079(553)
950080(574)
950082(618)
950084(614)
950087(646)
950069(592)
950070(597)
950072(554)
950073(619)
950075(552)
950091(599)
950093(614)
950098(550^ 1)
950100(605)
950101(586^ 1)
950061(556)
950062(551)
950063(620)
950066(546+ 4)
950068(617)
910353(555)
910354(588)
910356(559)
910357(645)
910358(652)
910341(604)
910348(637)
910349(645)
910351(596)
910352(615)
910360(624)
910362(605)
910364(638)
910365(622)
910368(572)
910375(626)
950051(558)
950053(585)
950055(610)
950056(554)
910369(654)
910370(652)
910371(624)
910372(596)
910374(585)
910053(628)
910054(644)
910055(553)
910057(555)
910061(606)
910062(551)
910063(585)
910067(595)
910070(547+ 3)
910080(641^ 2)
910081(623)
910088(624)
910092(554)
910105(562)
910107(580)
910041(648)
910045(550)
910046(627)
910047(579)
910052(647)
910208(578)
910213(559)
910216(607)
910218(605)
910220(570)
910023(588)
910025(588)
910026(635)
910029(647)
910031(645)
910032(642)
910033(545+ 5)
910036(589)
910038(644)
910040(609)
910108(562)
910125(620)
910126(651)
910132(651)
910133(608)
910181(603)
910185(575)
910187(567)
910188(545+ 5)
910189(565)
910190(554)
910191(553)
910192(553)
910195(644)
910197(596)
910198(649)
910201(580)
910204(574)
910206(562)
910207(571)
910166(647)
910168(630)
910170(606)
910171(553)
910174(620)
910137(637)
910139(624)
910140(599)
910142(564)
910147(629)
910148(590)
910152(562^ 1)
910154(551)
910157(596)
910158(577)
910159(645)
910160(578)
910161(633)
910163(613)
910164(620)
910345(663)
910355(663)
910359(758)
910367(730)
910373(672)
910329(658+ 2)
910338(697)
910340(684)
910342(690)
910343(666)
910322(668)
910324(707)
910325(720)
910327(683)
910328(690)
950116(719)
950119(689)
950120(675)
950122(695)
950134(655+ 5)
950143(688)
950144(702)
910376(688)
950054(704)
950064(703)
950067(688)
950078(667)
950083(658+ 2)
950086(664)
950099(740)
950110(663)
950112(661)
57
910447(737)
910448(676)
910451(694)
910456(659+ 1)
910458(692)
910468(760)
910479(759)
910480(672)
910482(689)
910484(690)
910424(720)
910425(703)
910438(655+ 5)
910442(682)
910445(696)
910401(700)
910402(673)
910404(680)
910405(666)
910410(661)
910411(667)
910414(683)
910417(736)
910421(752)
910422(680)
910488(706)
910489(696)
910496(734)
910497(683)
910499(742)
910501(738)
910503(702)
910504(679)
910505(681)
910508(721)
910515(675)
910538(655+ 5)
910541(663)
910548(686)
910553(704)
910412(798)
910413(774)
910423(802)
910600(800)
910639(799)
950208(813)
950215(773)
Quaid-e-Millat Govt. College (Evening)
910099(422^ 2)
950094(467)
950095(449)
950096(486)
950097(519)
950102(525)
950104(517)
950131(515)
950137(528)
950138(452)
950145(532)
981952(472)
950081(525)
950085(535)
950088(484)
950090(448)
950092(525)
910104(511)
910106(469)
910112(510^ 1)
910114(464)
910116(514)
910082(459^ 1)
910084(518^ 1)
910095(464)
910101(494)
910102(512)
910124(499)
910127(528)
910128(524)
910130(527)
910131(454)
910117(525)
910118(511)
910120(493)
910122(530)
910123(490^ 3)
910042(531)
910043(524)
910049(491)
910050(539^ 3)
910051(494)
910022(533)
910028(537)
910030(544)
910035(440^ 2)
910039(500)
910068(543)
910069(500)
910071(502^ 2)
910072(504^ 1)
910074(540^ 2)
910056(466^ 2)
910059(500^ 5)
910064(537)
910065(533^ 3)
910066(454)
910303(529)
910337(500)
910344(509^ 3)
910346(486)
910347(540)
910288(513)
910298(522)
910299(483)
910300(459)
910301(464)
950065(527)
950071(528^ 1)
950074(528)
950076(451^ 1)
950077(525)
910361(523)
910363(529)
910366(525)
950052(496)
950058(512)
910156(509)
910172(513^ 3)
910173(522)
910177(522)
910205(488^ 2)
910134(512)
910138(535)
910146(507^ 2)
910153(461)
910155(533)
910219(469^ 1)
910249(542)
910251(489)
910262(528)
910273(492^ 2)
910209(492)
910210(508^ 1)
910212(522)
910215(484)
910217(538)
950111(607)
950113(613)
950114(642)
950118(620)
950121(626)
950103(609)
950105(605)
950107(603)
950108(634)
950109(596)
950123(651)
950124(614)
950125(562)
950126(633)
950127(596)
950139(580)
950140(598)
950141(591)
950142(565)
950146(570)
950128(578)
950132(580)
950133(597)
950135(579)
950136(589)
58
910486(538)
910493(528)
910498(531^ 1)
910500(543)
910509(535)
910459(537)
910461(511)
910466(543)
910470(508)
910485(498)
910408(511^ 3)
910409(532)
910430(491)
910436(535)
910454(500)
910511(515)
910516(531)
910520(525)
910521(505)
910523(540)
910596(624)
910597(632)
910598(568)
910599(651)
910601(638)
910602(643)
910603(607)
910610(545+ 5)
910612(621)
910615(591)
910617(618)
910618(612)
910623(618)
910624(546+ 4)
910626(566)
910584(621)
910585(581)
910588(641)
910591(574^ 1)
910593(610^ 2)
910551(632)
910555(646)
910562(649)
910563(625)
910564(552)
910565(600)
910566(558)
910567(613)
910570(633)
910572(562)
910573(580)
910578(652)
910579(635)
910581(558)
910582(650)
910629(549+ 1)
910637(584)
910641(599)
910643(633)
910644(577)
950191(589)
950195(602)
950196(647)
950199(644)
950202(586)
950203(575)
950210(622)
950211(553)
950213(575)
950214(633)
950217(600)
950218(613)
950220(554)
950221(598)
950222(583)
950175(548+ 2)
950177(621^ 3)
950178(602)
950179(594)
950184(624)
910647(619)
910650(626)
910652(636)
910653(596)
910656(593)
910658(546+ 4)
910659(564)
950162(571)
950163(602)
950165(571)
950166(588)
950167(625)
950168(591)
950173(548+ 2)
950174(585)
910543(564)
910544(569)
910546(591)
910547(647)
910550(556^ 1)
910441(654)
910443(639)
910444(590)
910446(635)
910449(554)
910450(626)
910455(548+ 2)
910457(598)
910460(561^ 1)
910462(615)
910463(572)
910464(583)
910465(559)
910467(575)
910471(637)
910434(648)
910435(572)
910437(595)
910439(594)
910440(651)
910403(631)
910406(630)
910407(559)
910415(649)
910416(554)
910418(632)
910419(606)
910420(577)
910426(645)
910427(639)
910428(639)
910429(648)
910431(592)
910432(650)
910433(591)
910517(603)
910519(611)
910522(557)
910524(574)
910525(575)
910526(631)
910527(641)
910528(654)
910530(571)
910531(548+ 2)
910532(553)
910536(562)
910537(609)
910539(571)
910540(606)
910507(591)
910510(650)
910512(627)
910513(648)
910514(615)
910472(615)
910473(651)
910474(609)
910475(595)
910476(651)
910477(651)
910478(560)
910481(604)
910483(574)
910487(625)
910491(548+ 2)
910492(616)
910494(560)
910495(558)
910502(555)
910607(699)
910609(677)
910621(684)
910628(661)
910630(710)
910580(690)
910583(725)
910587(658+ 2)
910589(706)
910594(671)
910558(664)
910560(677)
910574(719)
910576(718)
910577(656+ 4)
910631(663)
910632(681)
910633(665)
910635(756)
910636(707)
950200(730)
950201(746)
950205(716)
950209(714)
950219(658+ 2)
950181(677)
950183(674)
950185(726)
950193(692)
950198(688)
910645(681)
910648(659+ 1)
910649(715)
910654(736)
950170(710)
59
911034(493^ 1)
911035(491)
911036(508^ 1)
911038(532)
911042(460^ 2)
911043(487)
911046(521)
911047(501)
911048(489)
911053(470)
911095(534)
911103(485)
911104(446)
911129(460)
911130(460)
910983(488)
910989(524)
911004(495)
911014(517)
911020(473)
910728(448^ 1)
910744(444^ 2)
910747(495)
910750(458)
910756(471)
910780(476)
910817(483^ 1)
910852(461)
910858(465^ 2)
910859(511)
910869(453)
910937(508^ 1)
910952(477^ 1)
910957(504)
910969(509^ 3)
911161(462)
911164(536)
911165(503)
911173(503)
911177(490)
911219(442^ 2)
911222(470)
911225(495)
911226(477^ 2)
911227(449^ 1)
911178(443)
911181(519)
911184(482^ 4)
911188(529)
911189(497^ 4)
911193(454^ 2)
911195(486)
911196(486)
911197(503)
911198(470)
911206(470)
911210(476)
911211(489)
911216(447^ 4)
911218(507)
911346(569)
911349(589)
911352(597)
911355(597)
911356(624)
911335(563)
911336(602)
911339(545+ 5)
911344(564)
911345(560)
911318(574)
911322(557)
911328(567)
911331(650)
911332(563)
911367(591)
911368(637)
911369(638)
911370(578)
911376(565)
950317(575)
950340(559)
950341(609)
950343(625)
911406(560)
911411(546+ 4)
950278(560)
950306(589)
950307(576)
911377(575)
911391(606)
911392(586)
911393(599)
911403(647)
911280(614)
911282(582)
911287(628)
911305(553)
911315(653)
911003(567)
911148(638)
911182(546+ 4)
911191(551)
911200(617)
910710(575)
910754(606^ 1)
910885(581)
910930(562)
910946(554)
911272(562)
911273(590)
911275(575)
911276(574)
911279(642)
911202(610)
911209(548+ 2)
911243(573)
911270(551)
911271(567)
911155(659+ 1)
911333(668)
Sirajuddaullah Govt. College (Evening)
910506(438^ 2)
950187(414)
982001(410)
910604(532)
910605(517)
910608(538)
910611(483)
910613(537)
910619(529)
910620(520)
910622(544)
910625(543)
910638(527)
910534(499)
910542(499)
910545(521)
910549(533)
910554(494)
910556(526^ 1)
910561(519)
910568(482)
910569(475^ 1)
910575(542^ 2)
950182(524)
950186(467)
950188(506^ 1)
950190(443)
950194(525)
950197(534)
950216(477)
982002(506)
910642(452)
910646(500)
910651(499)
950161(522)
950164(483^ 3)
950169(541)
950171(536)
950172(492)
950176(509)
950180(473)
60
911685(684)
911729(686)
911734(672)
911775(661)
911814(707)
911495(753)
911542(699)
911551(681)
911658(743)
911662(749)
950571(676)
950598(711)
950601(702)
950602(670)
950607(720)
950673(658+ 2)
950628(712)
950636(725)
950637(715)
950667(729)
950670(681)
911497(779)
911610(790)
911687(820)
911690(766+ 4)
950623(889)
Sirajuddaullah Govt. College (Morning)
911144(415)
911145(390^ 4)
911149(417)
911201(438^ 1)
911205(429)
911214(421^ 6)
911244(398^ 3)
911247(421)
911248(422)
911253(420^ 2)
910706(433^ 1)
910775(412^ 2)
910805(412^ 3)
910816(417^ 2)
910835(415^ 3)
910881(431^ 4)
910934(421^ 1)
910950(437^ 2)
911111(417^ 3)
911113(421^ 2)
950315(403)
950329(396)
950330(431)
950332(414)
950353(386)
982021(433)
982026(420)
911381(427)
911382(434)
911384(434)
911387(416)
950282(432)
950292(434)
950305(412)
950308(400)
950310(415)
950312(412)
911313(538)
911316(519)
911317(499)
911319(435+ 5)
911320(478)
911306(493)
911307(516)
911310(435+ 5)
911311(489^ 1)
911312(534)
911323(541)
911324(512)
911325(497)
911329(468)
911330(471)
911348(480)
911350(458^ 2)
911354(520^ 2)
911357(489)
911358(470)
911337(522)
911338(467)
911341(508)
911343(542)
911347(450^ 2)
911294(532)
911295(449^ 3)
911296(507)
911300(485)
911301(518)
911238(492)
911239(523)
911242(510)
911245(474)
911246(477)
911228(533)
911234(479)
911235(475)
911236(504)
911237(522)
911251(465)
911254(446)
911257(450^ 2)
911258(508^ 2)
911262(464)
911281(491)
911283(535)
911286(521)
911288(533)
911289(497)
911265(452)
911268(529)
911269(538)
911277(501)
911278(540)
950302(538)
950309(450)
950313(520)
950321(459)
950322(474)
950286(444)
950296(470)
950297(506)
950298(442)
950299(488)
950323(539)
950331(445^ 1)
950333(497)
950334(511)
950338(512)
950360(455^ 3)
982022(465)
950339(441)
950346(517)
950347(449)
950349(474)
950352(463)
950272(473)
950274(458)
950276(485)
950283(470^ 2)
950284(454)
911371(540)
911372(487)
911373(461)
911374(435+ 5)
911375(530)
911360(440)
911361(539)
911363(481)
911365(506)
911366(473)
911378(475)
911379(445^ 3)
911380(501)
911383(465)
911385(461)
911404(496^ 3)
911405(540)
911409(517)
911412(516)
911415(484)
911386(446)
911389(476)
911394(483)
911395(519)
911396(477)
61
911758(491)
911760(538)
911763(518)
911765(530)
911767(514)
911738(449)
911743(495)
911745(449)
911747(451)
911757(455)
911768(497)
911769(443^ 2)
911771(549^ 2)
911776(487^ 4)
911777(480)
911797(518)
911798(463)
911803(467)
911804(485)
911805(491)
911783(475)
911785(525)
911790(520)
911791(469)
911793(531)
911640(487^ 2)
911665(472)
911666(532)
911680(458^ 2)
911684(490)
911600(521^ 2)
911601(452^ 4)
911602(473)
911627(520)
911639(531)
911691(446)
911697(533^ 1)
911699(455^ 3)
911702(519^ 2)
911706(540^ 2)
911724(536)
911728(536^ 3)
911732(508^ 2)
911735(477)
911736(454)
911708(505)
911711(489)
911712(503^ 3)
911715(505)
911721(496^ 1)
950645(500)
950647(469^ 2)
950648(472^ 2)
950651(498^ 1)
950652(526)
950629(450)
950633(460)
950635(537^ 2)
950638(521)
950641(502)
950653(473^ 3)
950655(497)
950657(465)
950659(525)
950660(470)
982052(437+ 3)
982053(488)
950663(528)
950669(536)
950676(490)
950677(482)
950678(499^ 2)
911815(519)
950572(447)
950574(495)
950581(525)
950583(505)
911806(512)
911807(506)
911809(538)
911810(492^ 1)
911813(507)
950590(466)
950591(484)
950592(520)
950593(503^ 2)
950595(516)
950613(449)
950617(489)
950619(455)
950626(459)
950627(542)
950597(511)
950600(497^ 3)
950604(493)
950605(531)
950608(524)
911552(518)
911558(478^ 1)
911567(522^ 2)
911591(501)
911594(505)
911477(468)
911480(435+ 5)
911484(540)
911489(469^ 2)
911498(466)
911442(499)
911445(496)
911450(503)
911457(539)
911471(503^ 2)
911519(452^ 1)
911521(454)
911522(486)
911533(474^ 3)
911549(532)
911499(543)
911507(452^ 3)
911511(515)
911512(486)
911513(488)
911705(621)
911709(644)
911713(624)
911717(606)
911719(602)
911663(563)
911667(546+ 4)
911678(599)
911682(636)
911701(654)
911751(558)
911752(578)
911753(634)
911754(557)
911755(637)
911720(573^ 1)
911723(582)
911725(627)
911731(595)
911737(552^ 1)
911541(574)
911543(619)
911545(561)
911550(550)
911555(587)
911452(568)
911465(550)
911466(621)
911469(558)
911509(600)
911595(557)
911596(555)
911599(639)
911632(603)
911653(586)
911557(637)
911581(622)
911587(612)
911590(582^ 1)
911593(591)
950621(598)
950624(594)
950625(557)
950630(636)
950634(552)
950606(619)
950609(620)
950610(650)
950612(569)
950620(576)
950671(573)
950672(549+ 1)
950674(616)
950679(547+ 3)
950680(599)
950644(650)
950649(580)
950650(593)
950658(564)
950662(546+ 4)
911779(587)
911781(574)
911782(628)
911787(639)
911788(592)
911759(580)
911761(600)
911762(580)
911772(606)
911774(591)
950575(555)
950582(605)
950594(592)
950596(611)
950599(622)
911792(617)
911794(561^ 3)
911795(589)
911812(590^ 2)
950573(594)
62
911870(491)
911874(519)
911881(453)
911884(491)
911885(474^ 2)
911860(458)
911861(503)
911862(526)
911865(531)
911868(473^ 1)
911851(513)
911855(512)
911857(506)
911858(461)
911859(457)
911946(548+ 2)
911952(567)
911959(602)
911964(555)
911967(644)
911969(614)
911989(602)
911990(585)
911994(548+ 2)
911996(602)
911997(605)
912000(576)
912007(584^ 2)
912010(571^ 5)
912019(545+ 5)
911853(551)
911866(603)
911869(560)
911872(556)
911876(563)
911878(545+ 5)
911888(642)
911904(579)
911906(599)
911912(635)
911920(559)
911923(565)
911935(596)
911939(561)
911945(588)
912027(615)
912032(557)
912035(548+ 2)
912036(552)
912038(560)
912094(578)
912095(591)
912100(557)
912102(574)
912103(562)
912106(572)
912112(608)
912113(571)
912132(617)
951006(552)
951011(546+ 4)
951020(649)
951048(635)
951058(598)
912039(575)
912040(602)
912041(598)
912043(603)
912045(589)
912046(569)
912052(605)
912060(579)
912063(620)
912065(593)
912074(590)
912079(580)
912088(602)
912089(561)
912093(633)
911981(674)
911993(671)
912002(737)
912014(655+ 5)
912081(689)
912097(670)
912003(808)
Govt. Degree Science & Commerce College Lyari
933612(411^ 2)
911833(496)
933611(531)
911831(576)
911835(596)
933613(710)
950803(738)
950802(802)
Bahria Foundation College (Nazimabad Campus)
911461(437^ 1)
911473(401^ 5)
911546(428^ 3)
911696(407)
911700(411)
911801(431)
950577(428^ 5)
950622(432)
950632(436^ 1)
950664(427^ 3)
982051(427)
63
912222(555^ 1)
912223(567)
912228(586)
912229(629)
912231(601)
912185(548+ 2)
912187(600)
912192(615)
912204(567)
912214(564)
912151(594)
912155(639)
912163(564)
912171(549+ 1)
912180(552)
912230(663)
912232(716)
912233(705)
912266(658+ 2)
912329(723)
912333(727)
912334(664)
912360(662)
951174(713)
912247(778)
912387(789)
Haji Abdullah Haroon Govt. College (Evening)
912126(436^ 2)
912128(424)
912133(418^ 2)
951013(436^ 1)
951033(408)
911873(438^ 2)
911887(434^ 6)
911992(411^ 5)
912034(413^ 3)
912121(432)
982206(427)
982207(432)
951037(391)
951039(412)
951040(431)
982201(423^ 2)
982203(434)
951049(499)
951052(502)
951053(476)
951054(503)
951055(524)
951057(514)
951059(481^ 1)
951060(527)
951061(479)
951064(448^ 3)
951065(521)
951029(520)
951035(523)
951045(473^ 3)
951046(511)
951047(502)
912001(458^ 2)
912004(470)
912005(447^ 3)
912006(517^ 2)
912009(543)
911985(486)
911986(536)
911991(435+ 5)
911995(465)
911999(485)
912013(523)
912016(487)
912017(491)
912018(488)
912020(485)
912031(488)
912033(485)
912044(509)
912047(540)
912049(481)
912022(535)
912024(525)
912028(514)
912029(519)
912030(519^ 3)
911971(519)
911976(542^ 2)
911979(520)
911982(473^ 2)
911984(487)
911910(493)
911911(541)
911919(450^ 1)
911925(512)
911927(529)
911890(486)
911892(531)
911900(502)
911902(519)
911907(497)
911929(522)
911934(538)
911937(527)
911938(514)
911941(455)
911955(457)
911956(539)
911957(495)
911960(486)
911963(456)
911942(515)
911943(532)
911949(533)
911951(499)
911954(501)
912118(512)
912119(444)
912120(461)
912124(534)
912127(519)
912108(522)
912109(508)
912114(459)
912115(508)
912117(504)
912130(454)
912131(468)
951001(504)
951004(520)
951007(478^ 2)
951018(488)
951019(544)
951023(498^ 1)
951024(527)
951028(513)
951008(476^ 1)
951009(478)
951010(444^ 1)
951012(542)
951014(474)
912099(534)
912101(507)
912104(530)
912105(504)
912107(511)
912062(544)
912064(502)
912066(479)
912067(530)
912068(511)
912051(501)
912055(503)
912057(508^ 1)
912058(522)
912061(471)
912070(505)
912076(440)
912077(540)
912078(520)
912080(509)
912090(541)
912091(522)
912092(536)
912096(458)
912098(496)
912082(464^ 2)
912084(515)
912085(519)
912086(484)
912087(487)
64
Memon Degree College (Intermediate)
912167(426^ 5)
912191(418^ 4)
912300(420)
912338(430^ 2)
912369(421^ 3)
912374(399^ 3)
951155(424)
982225(402)
912370(449)
912371(529)
912372(524)
912373(489)
912375(493)
912376(479)
912377(537)
912380(516)
912381(475)
912382(474)
912383(455)
912384(505)
951151(513)
951152(510)
951154(439+ 1)
912364(520)
912365(524)
912366(510)
912367(483)
912368(502)
912330(514)
912331(460)
912335(514)
912341(519)
912344(470)
912345(446^ 1)
912347(451^ 1)
912349(535^ 1)
912350(505)
912351(439+ 1)
912356(479^ 1)
912359(492)
912361(534)
912362(468)
912363(493)
951194(495)
951195(496)
951199(518)
951203(495)
951204(506)
951205(523)
951206(480)
951207(489)
951208(510)
951209(520)
951210(532)
951211(491)
951213(485)
951216(500^ 2)
982222(450^ 3)
951187(501)
951188(532)
951189(487)
951191(484)
951193(487)
951158(490)
951160(505)
951163(509)
951165(483)
951166(529)
951167(483)
951168(480)
951169(451)
951172(510)
951175(524)
951176(458)
951179(484)
951182(453)
951184(518)
951186(492)
912199(479)
912200(521)
912201(514)
912206(459^ 3)
912207(522)
912208(488)
912210(437+ 3)
912211(543)
912212(499)
912217(449)
912219(485)
912220(479^ 1)
912224(489)
912225(533)
912226(492)
912156(446)
912161(521)
912165(532)
912166(477^ 3)
912170(522)
912172(536)
912174(501)
912181(488^ 2)
912182(536)
912183(505^ 2)
912184(512)
912186(471)
912188(511^ 1)
912193(488)
912197(501^ 3)
912238(544)
912240(494)
912241(492)
912248(483)
912249(489)
912298(472^ 1)
912299(456^ 2)
912301(445)
912303(462)
912314(537)
912315(479)
912316(467)
912317(452)
912319(458^ 3)
912320(521^ 3)
912322(502)
912324(522)
912325(532)
912327(509)
912328(469)
912250(541)
912252(484)
912253(490)
912255(540)
912256(533)
912259(523)
912270(485)
912271(459)
912277(497)
912280(499^ 3)
912284(469^ 1)
912293(481)
912295(449)
912296(462)
912297(500)
912275(583)
912276(584)
912282(556)
912283(552)
912287(651)
912310(569)
912311(553)
912313(619)
912323(572)
912326(606)
912234(589)
912235(565)
912236(569)
912237(607)
912239(606)
912245(604)
912246(598)
912251(554)
912257(580)
912265(547+ 3)
912332(561)
912336(617)
912337(573)
912358(547+ 3)
912378(567)
951157(548+ 2)
951159(572)
951164(569)
951173(556)
951190(559)
951196(560)
951201(603)
951202(619)
912386(552)
912388(604)
912390(634)
912391(638)
912392(587)
912393(592)
912394(591)
912395(570)
951153(621)
951156(555)
65
Govt. Degree Arts & Commerce College Malir (Evening)
912474(410^ 4)
912536(433^ 4)
912624(397^ 4)
912511(465^ 1)
912516(493)
912526(521)
912549(444)
912572(525^ 2)
912587(524)
912599(489)
912477(640)
912478(588)
912481(580)
912503(578)
912510(558)
912530(624)
912509(671)
912513(685)
912561(755)
Nusrat Bhutto Govt. Degree Boys College Lyari
934174(487^ 1)
934175(534^ 1)
934176(525)
934177(509)
934180(486)
934171(553)
934173(740)
934179(715)
934183(683)
934182(828)
Saqib Rose Intermediate College
912435(384^ 6)
912422(449^ 2)
912443(459)
912444(468)
912447(532)
912448(501)
934022(505)
951301(455)
912436(618)
912441(718)
934023(660)
934025(666)
951302(753)
934026(819)
66
912915(549^ 3)
912936(437+ 3)
912953(473)
912967(487)
913000(451)
913031(506)
982341(487)
982342(493)
912943(591)
912950(547+ 3)
912963(593)
912986(553)
913001(591)
913009(551)
913014(546+ 4)
982344(555^ 2)
912934(668)
913022(725)
Govt. Degree Sc., Arts & Comm. College Murad Memon Goth
912827(424^ 1)
912835(433)
912762(506^ 2)
912776(467)
912779(505^ 1)
912817(458^ 4)
912844(452)
912849(500)
912698(523)
912728(504^ 1)
912737(454)
912742(542)
912761(479^ 3)
912703(570^ 1)
912729(583)
912730(611)
912777(580)
934542(631)
912695(716)
912699(673)
912788(756)
912796(742)
912804(715^ 2)
912826(706)
912833(668)
912783(774)
912798(774)
912799(799^ 2)
912855(844)
Abdul Razzak Gabol Govt. Degree Boys & Girls, Razzakabad, Bin Qasim
912664(391^ 2)
912671(430)
951603(412^ 6)
951605(396^ 6)
912651(485)
912658(479)
912659(522^ 1)
912660(500)
912663(449^ 3)
912667(496)
982303(453)
982304(489)
912662(629)
67
913376(481)
913378(462)
913381(521)
913386(496)
913392(482)
913352(498^ 1)
913358(542)
913365(472)
913368(518)
913369(493)
913325(502)
913328(544)
913346(465)
913350(462)
913351(483^ 1)
913394(482)
913400(490)
913406(486)
913420(487)
913427(478)
913442(447)
913446(462)
913448(478)
913451(467^ 1)
913457(464)
913342(637)
913345(550)
913349(594)
913371(621)
913382(573)
913385(638)
913393(558)
913414(554)
913416(611)
913453(547+ 3)
913466(610^ 3)
913469(594)
952077(599)
913383(684)
913411(688)
913398(796)
Jamia Millia Govt. College Malir (Evening)
913051(429^ 4)
913057(408)
913142(415^ 3)
913147(432^ 1)
913223(401^ 2)
913262(433)
951941(433^ 2)
951959(421)
951961(420)
951969(397^ 2)
951977(438^ 3)
982354(431^ 1)
982357(411^ 1)
913205(478)
913222(481)
913224(444^ 1)
913235(461^ 2)
913249(445)
913250(534)
913251(453)
913252(476)
913253(442^ 2)
913256(521)
913181(452^ 3)
913186(542^ 1)
913188(492)
913189(498)
913196(538)
913053(493^ 1)
913059(539^ 2)
913078(501^ 2)
913092(533)
913102(461)
913127(488)
913135(511^ 1)
913146(454^ 1)
913152(497)
913166(442)
951971(537)
951979(465^ 3)
951981(478^ 2)
951985(457)
951986(514)
982351(489)
982352(451)
951954(452)
951960(534)
951962(459)
951965(437+ 3)
951967(443)
913259(528^ 1)
913263(468)
913264(440)
913270(468^ 2)
913274(464)
913278(447)
913280(445^ 2)
951944(454)
951946(501)
951947(467)
913103(586)
913191(635)
913199(563)
913213(558)
913227(548+ 2)
913238(580)
913240(553)
913265(623)
913269(560)
913276(584)
951937(555)
913105(700^ 2)
913107(748^ 1)
913118(686^ 2)
913185(741)
913204(660)
913242(688)
913176(883)
Govt. Degree Science/Commerce College Malir at Saudabad
68
913575(440^ 1)
913577(484)
913582(510)
913584(514^ 2)
913585(485)
913601(539)
913602(476)
913608(478)
913610(538)
913611(537)
913612(485^ 2)
913614(511)
913619(529)
913628(501)
913634(474)
913501(493)
913502(513)
913505(464^ 2)
913514(471)
913515(464)
913517(481)
913519(505)
913529(452^ 5)
913537(467)
913549(495^ 2)
913568(503^ 3)
913570(482)
913572(443)
913573(450^ 6)
913574(451)
913645(516)
913646(447^ 4)
913651(539)
913653(519)
913655(478)
913736(526)
952152(451^ 3)
952153(497)
952157(520)
952158(473)
952160(472)
952162(466)
952164(479)
952166(479^ 3)
952168(539)
952171(440)
952185(454^ 1)
952186(438+ 2)
952192(471^ 2)
982391(470)
913656(464)
913657(442)
913670(481)
913672(456)
913678(535)
913680(521)
913682(526)
913684(478)
913695(532)
913708(540)
913712(503)
913723(478)
913724(542^ 3)
913727(532)
913735(498)
913654(553)
913659(552)
913660(617)
913661(609)
913667(567)
913622(548+ 2)
913629(564)
913638(625)
913639(576)
913652(612)
913669(576)
913681(627)
913688(599)
913689(572)
913692(603)
913720(556)
913730(589)
952175(552)
952184(591)
913694(588)
913696(563)
913700(609)
913711(561)
913718(641)
913613(600)
913615(608)
913617(577)
913618(591)
913620(600)
913518(595)
913524(558)
913539(611)
913540(579)
913544(620)
913504(648)
913506(581)
913508(549+ 1)
913509(604)
913516(591)
913595(551)
913599(641)
913600(632)
913603(548+ 2)
913606(613)
913564(553)
913569(556)
913586(612)
913589(560)
913592(605)
913635(753)
913636(693)
913641(669)
913644(702)
913673(750)
913512(730)
913538(663)
913598(659+ 1)
913609(733)
913630(672)
952176(680)
952189(679)
913683(684)
913686(726)
913687(681)
913725(724)
952154(663)
952156(805)
Liaquat Govt. College (Evening) Malir
913397(411^ 1)
913429(419^ 3)
913431(434)
913439(419^ 3)
913443(430)
913326(439^ 3)
913359(429^ 1)
913373(438^ 3)
913389(439^ 2)
913395(421^ 1)
982377(431)
913458(412^ 1)
913459(422^ 3)
913461(431)
913472(405^ 2)
982371(431)
913463(477)
913473(513)
913476(462)
913477(478^ 1)
913480(529)
952071(505^ 3)
952078(509)
952080(463)
952081(484)
952083(543)
952085(532)
952088(442)
69
913884(655+ 5)
913924(723)
913931(685)
913945(740)
913998(709)
913822(738)
913832(745)
913834(665)
913868(718)
913877(728)
914060(670)
914064(754)
914092(727)
914146(669)
914158(659+ 1)
914147(776)
914199(783)
Govt. Degree Boys Sc./Arts/Comm. College 5-L New Karachi
913797(628)
952341(580)
952342(616)
971341(600)
913791(755)
913792(685)
913794(663)
913796(736)
913798(713)
934996(745)
934998(739^ 3)
913793(775)
913795(860)
934991(782)
934992(813)
934993(862)
934995(828)
934997(852)
934994(893)
934999(953)
935000(912)
Qamar-e-Bani Hashim Higher Secondary School
913755(544)
913762(508^ 3)
913770(517)
934978(532)
913753(654)
913758(628)
913760(573)
913765(638)
913766(546+ 4)
913768(641)
913774(588)
934975(616)
934982(624)
934983(643)
934985(575)
934987(572)
952301(594)
952304(570)
913752(673)
913754(659+ 1)
913757(676)
913759(714)
913761(667)
913763(703)
913764(700)
913769(696)
913771(686)
934976(658+ 2)
952302(713)
952305(694)
Kent College of Science & Commerce
913520(429^ 3)
952169(428)
952172(434)
952182(414)
952191(418^ 3)
70
914519(780)
Govt. Degree Boys College, Surjani Town
913907(434)
913917(424)
913941(402^ 5)
914122(413^ 3)
914169(395^ 4)
913849(425^ 5)
913852(417)
913869(415^ 2)
913890(389^ 4)
913903(393^ 2)
914177(428^ 3)
914189(426^ 4)
914192(415^ 6)
914196(439^ 1)
914197(420^ 3)
952534(379^ 1)
982501(415^ 1)
982503(433)
982506(417)
982509(391)
914230(417)
914232(412)
914249(416)
914255(383^ 3)
952512(412^ 6)
914161(471^ 1)
914165(468)
914166(486)
914170(476)
914175(476)
914181(447^ 2)
914184(470)
914186(467)
914190(486^ 3)
914202(530)
914115(496)
914120(522)
914129(516^ 1)
914130(494)
914137(523)
914140(470)
914141(507)
914148(494)
914149(455)
914160(451)
914211(533^ 1)
914212(540^ 3)
914217(483)
914222(481^ 1)
914224(441)
952561(491^ 1)
982502(454)
982504(483)
982505(456)
982507(451)
982510(465)
982512(492)
982514(488)
982516(440)
914235(535)
914238(541)
914240(487^ 3)
914248(439+ 1)
914254(516)
914257(472)
952502(441)
952507(467)
952529(472)
952559(464)
913900(501^ 1)
913901(510)
913902(462)
913908(526)
913912(498)
913913(472^ 2)
913919(502)
913923(495^ 1)
913928(476^ 3)
913934(515)
913936(499)
913938(507)
913943(490^ 3)
913944(448^ 2)
913949(469^ 3)
913821(450^ 4)
913824(487)
913828(524)
913840(502)
913855(483)
913863(461)
913866(510^ 2)
913867(490^ 1)
913870(499)
913885(445^ 1)
913889(534)
913891(464)
913893(455)
913898(532)
913899(450)
914074(472^ 2)
914079(495)
914080(469)
914081(535)
914084(452)
914085(443^ 1)
914087(465^ 3)
914090(487)
914091(538)
914093(503)
914094(520)
914095(465)
914112(468)
914113(513)
914114(513)
913954(511^ 3)
913964(481^ 4)
913965(458^ 2)
913968(503)
913972(507)
913990(521^ 1)
914026(505)
914032(530)
914035(476)
914038(475)
914046(497)
914047(491)
914056(466^ 2)
914062(516)
914063(534)
914007(556)
914015(552)
914031(580)
914036(597)
914043(561)
914048(642)
914049(634)
914054(592)
914069(617)
914070(545+ 5)
913859(586)
913871(621)
913879(649)
913895(566)
913897(563)
913911(622)
913930(554)
913933(591)
913955(564)
914004(602)
914218(640)
914221(616)
914223(568)
914260(558)
914262(564)
952505(623)
952516(642^ 1)
952522(550^ 2)
952526(598)
982508(562)
914071(598)
914076(609)
914086(547+ 3)
914101(592)
914105(557)
914106(606)
914111(554)
914126(608)
914142(596)
914205(631)
914204(711)
952501(660^ 2)
952504(710)
71
914731(552)
914743(572)
914745(607)
914757(589)
914762(584)
914815(724)
914816(684)
914817(723)
914823(743)
914834(670)
914746(764)
914761(664)
914776(706)
914788(712)
914812(675)
914971(661)
953314(663)
953340(731)
914886(717)
914915(764)
914948(763)
914951(725)
914956(715)
914832(831)
914845(774)
Govt. Degree College for Boys 7-D/2, North Karachi
914347(395)
914356(435^ 1)
914372(417)
914429(428^ 4)
914463(434^ 2)
914287(409^ 4)
914307(428)
914333(425)
914335(415^ 4)
914337(426)
914529(422^ 3)
914533(434^ 1)
914573(422^ 2)
914609(395^ 3)
914670(420^ 2)
952764(434)
952780(406^ 3)
982565(419^ 2)
982569(432^ 3)
952702(436^ 1)
952713(434^ 2)
952720(415^ 1)
952742(430)
952744(415)
952776(491)
952779(502)
952793(442^ 3)
952794(472^ 3)
982562(457)
982568(441)
952750(502)
952762(541)
952769(467)
952771(456)
952774(490^ 2)
914355(479)
914357(455^ 1)
914358(452)
914359(521)
914363(469)
914368(536)
914379(497)
914392(483^ 2)
914401(460^ 6)
914467(440^ 1)
914535(473)
914541(457)
914548(465^ 3)
914563(449)
914575(486)
914342(516)
914350(485)
914352(444)
914353(466^ 3)
914354(454^ 3)
914284(480^ 1)
914286(491)
914296(484^ 3)
914299(443)
914310(454)
914311(510)
914322(455^ 2)
914323(478)
914325(495)
914326(475)
914328(532^ 1)
914331(495)
914334(446^ 2)
914336(445)
914338(441^ 1)
914653(486)
914666(487^ 1)
914676(446)
914699(460)
914700(522)
914710(471)
914714(498)
914715(472)
914717(456^ 1)
952684(538)
952686(502)
952714(512)
952737(453^ 1)
952740(470)
952743(436+ 4)
914626(483)
914640(496^ 1)
914645(518)
914648(533)
914652(528^ 2)
914576(541^ 5)
914577(497)
914578(474)
914585(487)
914589(535)
914591(514)
914597(440^ 3)
914606(460^ 4)
914610(498)
914613(526^ 3)
914614(447^ 2)
914616(485)
914617(508^ 1)
914619(458^ 1)
914620(505)
914346(630)
914371(546+ 4)
914373(550^ 1)
914380(549+ 1)
914403(552)
914312(582)
914313(572^ 2)
914317(615)
914330(545+ 5)
914343(573)
914635(612)
914642(567)
914655(548+ 2)
914664(556^ 1)
952767(554)
914412(646)
914542(616)
914543(561)
914551(569)
914611(614)
914318(675)
914641(705)
72
915087(803)
915073(890)
Pakistan Shipowner's Govt. College
914987(425)
915003(414^ 2)
915012(416^ 3)
915013(414^ 1)
915017(400^ 5)
914734(424)
914770(432^ 3)
914773(427^ 3)
914782(434)
914811(430^ 1)
915019(425^ 3)
915025(438^ 3)
915026(428)
915031(430^ 2)
953304(421)
953351(409^ 2)
982654(412)
953323(429^ 3)
953337(433)
953338(423)
953339(394)
953344(422)
914983(476)
914992(494)
914993(479)
914994(509)
914998(449)
915005(508)
915006(463^ 3)
915018(498)
915020(439+ 1)
915022(456)
914941(494^ 1)
914942(487^ 1)
914944(446)
914945(498)
914946(527)
914950(538)
914955(514)
914959(525)
914973(521)
914978(444)
915023(451)
915024(463)
915028(444^ 4)
953301(500)
953302(490)
953321(466)
953322(542)
953328(500)
953353(440^ 3)
982652(467)
982653(437+ 3)
982655(448)
953305(513)
953306(516)
953307(494)
953308(485)
953310(518)
953313(447^ 1)
953315(525^ 1)
953317(459)
953318(500)
953320(456)
914933(526)
914934(502)
914937(528)
914938(438+ 2)
914939(476)
914768(471)
914769(522)
914775(472)
914778(474)
914779(491)
914780(499^ 1)
914781(469)
914785(497)
914791(507)
914792(542)
914795(452^ 2)
914797(537)
914800(538)
914801(452^ 2)
914802(477^ 1)
914732(481)
914737(522)
914738(509)
914740(522)
914742(451)
914744(495)
914748(499)
914749(441)
914750(440^ 3)
914751(476^ 2)
914752(462)
914753(504)
914759(435+ 5)
914760(510)
914767(507^ 2)
914804(456)
914814(532)
914819(479)
914821(540)
914822(527^ 3)
914888(465)
914890(519)
914894(498^ 1)
914896(521)
914904(440^ 2)
914906(524)
914909(469)
914911(544)
914914(534^ 3)
914918(537)
914920(466)
914923(539)
914925(457)
914926(524^ 1)
914927(502)
914825(519)
914829(518)
914830(480)
914844(472)
914846(486)
914847(469)
914851(536)
914852(491^ 2)
914853(480)
914854(513)
914859(521^ 1)
914864(484)
914870(496)
914885(437+ 3)
914887(528)
914809(546+ 4)
914813(566)
914820(573)
914824(644)
914827(557)
914828(558)
914831(594)
914836(566)
914843(566)
914856(614)
914764(545+ 5)
914772(596)
914774(617)
914783(551)
914794(576)
914796(620)
914798(545+ 5)
914799(609)
914806(556)
914808(610)
914949(576)
914957(559)
914982(571^ 1)
914984(596)
915009(567)
915014(622)
953303(596)
953324(598)
953325(619)
914860(645^ 2)
914877(550^ 1)
914882(553)
914898(579)
914900(617)
914901(600)
914917(589)
914931(549+ 1)
914940(558)
914947(570)
73
915277(661)
915292(679)
915313(673)
915314(720)
915326(655+ 5)
915279(786)
915340(812)
915362(784)
915466(767+ 3)
915530(825)
915269(924)
Govt. Boys Degree College Buffer Zone
915063(423^ 4)
915125(438^ 1)
915192(376^ 5)
915194(413)
915205(421)
953432(433^ 1)
953434(429^ 2)
915170(479^ 3)
915171(457^ 3)
915173(445^ 1)
915180(503)
915182(447^ 2)
915190(466)
915198(482)
915199(502)
915201(463)
915202(524^ 2)
915149(464^ 2)
915153(517)
915154(506)
915161(497)
915162(487^ 2)
915096(464^ 1)
915114(444)
915115(536)
915118(501^ 2)
915123(475^ 2)
915130(503)
915136(457)
915139(495)
915140(540)
915144(450^ 4)
953438(501)
953439(441)
953440(486)
953444(513^ 1)
953446(455^ 3)
953447(436+ 4)
953450(544)
953452(471^ 1)
982682(486)
953425(447^ 1)
953426(514)
953429(540)
953430(473)
953433(537^ 2)
915204(489)
915212(530)
915213(469)
915216(523)
915217(514)
915224(529^ 1)
915235(467)
915240(487^ 1)
953421(466)
953423(502)
915084(527)
915085(454)
915090(513)
915092(459)
915093(514)
915054(533)
915055(541)
915060(472)
915065(472)
915069(482)
915072(542)
915075(455)
915078(467)
915079(494)
915081(531)
915112(556)
915117(641)
915119(578)
915120(571)
915121(558)
915126(617)
915132(586)
915138(611)
915143(589)
915146(574)
915089(600)
915091(593)
915104(569)
915107(580)
915111(551)
915052(639)
915056(627)
915057(576)
915058(553)
915062(615)
915068(616)
915080(584)
915082(560)
915083(591)
915088(573)
915148(556^ 2)
915151(574)
915155(545+ 5)
915159(551^ 3)
915160(588)
915230(570)
915233(555)
915239(617)
915241(569)
953427(636)
953431(596)
915209(555)
915225(583)
915226(571)
915228(547+ 3)
915229(576)
915165(578)
915169(549+ 1)
915174(615)
915178(590)
915184(641)
915185(611)
915189(599^ 1)
915196(568)
915203(652)
915208(649)
915156(713)
915157(732)
915158(747)
915163(726)
915164(729)
915128(655+ 5)
915134(689)
915145(684)
915147(693)
915152(705)
915053(689)
915064(725)
915099(676)
915100(655+ 5)
915127(752)
915238(753)
953445(666)
915191(669)
915211(664)
915215(705)
915227(711)
915232(734)
915166(655+ 5)
915175(672)
915176(719)
915179(707)
915181(727)
74
915665(789)
915672(771)
915676(821)
915702(786)
915704(808)
915883(883)
915911(881)
915917(932)
Jinnah Govt. College Nazimabad
915316(385^ 2)
915338(430^ 3)
915552(412^ 5)
915564(433^ 3)
982701(433)
915393(466)
915397(453^ 3)
915406(458)
915410(537)
915412(523)
915422(512)
915426(465^ 5)
915432(530^ 2)
915434(504^ 2)
915441(538)
915443(504)
915446(521)
915453(512^ 1)
915463(521^ 2)
915467(479)
915317(515)
915320(476^ 1)
915327(500)
915328(436+ 4)
915331(496^ 4)
915339(525)
915343(457^ 3)
915345(505)
915352(528)
915357(446)
915358(524^ 2)
915371(496^ 3)
915372(487)
915373(491)
915386(469)
915481(511^ 2)
915483(524^ 1)
915505(548^ 1)
915518(545^ 2)
915521(477)
953528(450)
953530(465)
953533(493)
953535(491)
953536(493)
953537(474)
953538(479)
953539(490)
953544(475^ 2)
953547(437+ 3)
953548(440)
953553(442)
953558(539)
982703(440)
982704(457)
915522(456^ 3)
915526(497^ 3)
915528(513)
915534(508)
915537(521^ 3)
915542(495^ 2)
915561(544)
915566(500)
915569(541)
915573(497)
915575(524)
915579(493)
915592(536)
915595(454^ 4)
953526(501)
915263(532^ 3)
915265(544)
915266(531)
915270(446)
915271(456^ 3)
915273(470)
915275(537)
915278(476^ 3)
915280(460^ 3)
915286(505)
915303(511^ 1)
915305(534^ 2)
915306(482^ 2)
915307(534)
915312(496)
915387(584)
915391(556)
915403(568^ 3)
915409(626)
915411(616)
915414(586)
915415(636)
915417(601)
915418(600)
915419(594^ 2)
915424(553^ 3)
915428(561)
915429(556^ 2)
915431(592)
915436(625)
915359(646)
915374(642^ 1)
915377(583)
915378(583)
915383(558^ 3)
915264(636)
915267(618)
915276(567)
915283(613^ 1)
915290(581)
915295(578)
915304(570^ 3)
915318(554)
915321(622)
915330(605)
915333(638)
915334(578)
915335(583)
915341(582)
915346(612)
915568(629)
915572(617)
915574(578^ 2)
915577(572^ 1)
915590(646)
915591(586)
915594(581)
915596(566^ 3)
915600(641)
915603(548+ 2)
953531(631)
953532(555)
953534(563)
953550(634)
953552(649)
915556(569)
915557(549+ 1)
915558(569)
915562(619^ 1)
915567(636)
915448(637)
915456(574)
915458(549+ 1)
915471(617)
915476(589)
915479(639^ 2)
915502(550)
915515(592)
915519(598)
915531(592)
915533(570)
915540(646)
915550(610)
915554(619)
915555(611)
915437(756)
915460(694)
915464(728)
915465(740)
915469(737)
915353(704)
915368(749)
915420(682)
915427(658+ 2)
915430(701)
915503(733)
915520(708)
915525(665)
915527(680)
915588(687)
915482(716)
915492(731)
915493(672)
915496(685)
915499(677)
75
915818(472^ 3)
915826(442^ 3)
915840(540)
915845(454^ 3)
915846(455^ 4)
915767(523)
915791(458)
915794(489)
915804(488^ 1)
915815(517^ 2)
915870(447)
915875(456)
915878(467)
915879(443^ 1)
915886(499)
915847(469)
915849(504^ 2)
915855(517)
915861(446^ 1)
915869(482)
915727(539)
915740(475^ 1)
915748(519)
915750(528^ 2)
915760(518^ 1)
915660(527^ 2)
915661(516)
915662(459)
915664(506^ 3)
915668(539)
915621(523)
915625(491^ 2)
915639(525^ 2)
915641(536^ 1)
915646(537)
915706(526)
915708(525)
915711(538)
915715(475)
915716(482)
915669(543)
915670(448^ 5)
915678(518)
915679(511)
915688(461^ 3)
915891(542)
915901(507)
915910(448^ 4)
915913(488)
915922(524)
916082(539)
953631(518)
953632(460^ 1)
953636(485)
953641(498)
916050(473)
916056(464)
916067(535)
916073(461)
916079(463)
916021(473)
916022(443^ 3)
916038(487)
916044(491^ 2)
916045(472)
915939(453)
915940(540)
915949(440)
915956(485)
915958(526)
915924(439+ 1)
915928(473)
915931(460)
915935(454^ 3)
915938(487)
916006(514)
916010(447^ 3)
916011(515)
916015(525)
916018(487)
915965(447)
915976(503^ 2)
915977(463)
916003(479)
916005(493)
916032(574)
916055(578^ 1)
916060(575^ 1)
916063(553)
916070(562^ 1)
953644(618)
953670(601)
953672(564)
953682(595)
953685(576)
915714(561)
915725(571^ 1)
915728(574)
915731(557^ 3)
915733(607)
915751(577)
915755(611)
915756(621)
915762(608)
915765(619)
915629(654)
915630(601)
915634(628)
915638(633)
915657(606)
915666(562)
915685(552)
915703(611^ 3)
915707(592)
915710(564)
915769(649)
915775(631)
915783(551)
915799(642)
915807(604)
915908(645)
915927(573)
915946(573)
915950(634)
915953(595)
915954(651)
915955(643)
915997(575)
916013(627)
916023(630)
915808(626)
915821(612)
915830(616)
915841(550)
915844(558)
915858(646)
915862(614)
915874(582)
915881(552)
915887(623)
915781(756)
915782(663)
915790(668)
915795(676)
915805(709)
915806(700)
915809(693)
915811(656+ 4)
915814(745)
915838(697)
915753(734)
915757(721)
915761(696)
915763(657+ 3)
915771(666)
915645(699)
915651(659+ 1)
915653(694)
915667(753)
915681(660)
915682(747)
915699(758)
915700(665)
915705(755)
915732(761)
915989(712)
916004(668)
916009(690)
916014(764)
916017(691)
916036(669)
916057(740)
916066(725)
953707(743)
915944(658+ 2)
915948(700)
915975(658+ 2)
915979(659+ 1)
915982(756)
915839(676)
915850(701)
915851(700)
915854(677)
915871(752)
915898(658+ 2)
915902(716)
915912(680)
915919(724)
915921(744)
915788(803)
915801(790)
915859(819)
915888(845)
915937(864)
916062(841)
916064(772)
916074(829)
953702(834)
76
916194(570)
916197(629)
916198(569)
916205(605)
916206(580)
916185(612)
916190(612)
916191(577)
916192(584)
916193(628)
916259(593)
916265(574)
916277(609)
916287(545+ 5)
916289(642)
916208(568)
916230(593)
916237(614)
916250(601)
916251(634)
916124(572)
916125(555)
916129(573)
916130(580)
916132(558)
916104(612)
916109(631)
916119(620^ 1)
916120(560)
916123(554)
916170(561^ 1)
916172(625)
916182(644)
916183(577)
916184(636)
916138(636)
916143(594)
916153(571)
916163(605)
916165(584)
916293(562)
916294(602)
916298(638)
916300(654)
916302(608)
916374(567)
916381(568)
916388(632)
916391(617)
916395(549+ 1)
916320(633)
916330(553)
916331(585)
916332(629)
916338(561)
916308(628)
916312(552)
916315(640)
916317(648)
916318(590)
916361(588)
916362(570)
916364(556)
916367(563^ 1)
916370(600)
916340(594)
916342(545+ 5)
916347(558)
916353(626)
916354(582)
917029(711)
917035(679)
917057(676)
917060(681)
917062(656+ 4)
916979(728)
916991(709)
916994(707)
917022(691)
917025(664)
917082(663)
917090(682)
953803(682)
953808(715)
953817(678)
953866(714)
953890(691)
953908(663)
953945(667)
953948(661)
953827(722)
953831(665)
953832(687)
953856(725)
953860(719)
916937(713)
916938(702)
916951(705)
916955(661)
916956(699)
916363(692)
916378(707)
916389(681)
916492(723)
916529(742)
916532(656+ 4)
916548(663)
916562(732)
916626(736)
916632(658+ 2)
916309(693)
916310(681)
916321(725)
916334(668)
916346(670)
916148(655+ 5)
916149(674)
916162(672)
916173(764)
916181(664)
916195(692)
916223(703)
916278(690)
916301(670)
916307(664)
916884(678)
916888(687)
916889(708)
916904(668)
916911(738)
916914(663)
916915(729)
916918(712)
916919(720)
916934(711)
916787(670)
916799(671)
916837(732)
916877(661)
916882(682)
916633(717)
916645(711)
916653(687)
916664(677)
916669(659+ 1)
916672(687)
916692(707)
916716(673)
916717(675)
916741(674)
916264(800)
916295(773)
916333(774)
916526(782)
916766(781)
916866(795)
916907(777)
916925(783)
916981(769+ 1)
917071(793)
916779(924)
Premier Govt. College (Evening)
915671(428^ 5)
915915(413^ 2)
916002(397^ 3)
916024(426^ 2)
953660(417^ 4)
953674(419^ 3)
953680(395^ 1)
953708(427)
953643(451^ 2)
953651(464^ 6)
953652(499)
953653(533^ 2)
953663(481)
953681(439+ 1)
953689(534)
953697(451^ 1)
953709(492^ 3)
982732(493)
77
916971(585)
916972(596)
916973(605)
916977(652)
916978(563)
916959(590)
916961(589)
916963(614)
916964(585)
916970(597)
916980(556)
916982(638)
916986(584)
916989(649)
916990(593)
917002(634)
917003(592)
917004(561)
917005(552)
917006(613)
916993(597)
916995(579)
916996(621)
916997(546+ 4)
916998(618)
916941(628)
916946(583)
916952(553)
916953(562)
916957(555)
916890(553)
916891(596)
916892(565)
916893(589)
916894(576)
916895(589)
916900(587)
916901(623)
916908(594)
916912(581)
916928(607)
916930(585)
916931(604)
916932(601)
916933(641)
916920(566)
916921(649)
916924(625)
916926(557)
916927(578)
917009(560)
917011(598)
917013(595)
917021(596)
917024(634)
953821(557)
953822(602)
953824(557)
953828(639)
953830(592)
917102(647)
953809(552)
953814(545+ 5)
953819(636)
953820(654)
953836(621)
953838(565)
953840(630)
953841(625)
953846(574)
917089(599)
917092(594)
917096(630)
917098(581)
917101(632)
917043(608)
917045(558)
917047(580)
917052(609)
917053(602)
917026(618)
917027(616)
917036(618)
917037(592)
917040(565)
917054(581)
917056(585)
917058(639)
917059(650)
917061(625^ 1)
917073(635)
917074(651)
917076(614)
917080(574)
917081(557)
917064(587)
917065(560)
917066(616)
917067(632)
917070(595)
916619(633)
916624(647)
916630(628)
916634(621)
916637(564)
916605(561)
916611(557)
916612(614)
916617(618)
916618(600)
916641(611)
916643(583)
916647(551)
916648(578)
916651(562)
916677(555)
916678(561)
916679(547+ 3)
916681(622)
916683(550)
916663(641)
916667(622)
916668(564^ 1)
916674(554)
916676(566)
916583(551^ 2)
916584(555)
916589(565)
916596(556)
916604(567)
916396(591)
916403(648)
916405(620)
916434(654)
916438(629)
916873(593)
916876(598)
916881(649)
916885(607)
916886(585)
916453(639)
916463(565)
916479(618)
916491(603)
916507(554)
916550(644)
916554(602)
916564(561)
916578(587)
916579(551)
916512(601)
916523(641)
916537(615)
916544(621)
916545(610)
916684(622)
916686(547+ 3)
916687(579)
916688(572)
916691(600)
916819(597)
916825(595)
916829(615)
916830(552^ 2)
916832(588)
916800(626)
916803(579)
916806(599)
916811(553^ 3)
916815(563)
916833(596)
916836(620)
916838(562)
916840(625)
916843(626)
916859(623)
916861(591)
916862(599)
916869(590)
916870(557)
916847(615)
916848(563)
916850(603)
916851(591)
916852(577)
916785(564)
916789(545+ 5)
916795(638)
916797(596)
916798(553)
916714(619)
916718(638)
916719(646)
916725(607)
916726(611)
916693(639)
916699(578)
916700(578)
916702(584)
916703(563)
916727(606)
916729(626)
916730(558)
916733(554)
916734(596)
916746(584)
916760(620)
916761(573)
916765(620)
916771(567)
916737(548+ 2)
916738(634)
916739(627)
916743(570)
916745(635)
78
916427(528)
916429(539^ 3)
916432(506)
916433(539)
916435(480^ 2)
916397(503)
916398(532)
916414(538)
916415(517)
916422(519)
916451(447)
916458(500)
916473(436+ 4)
916482(522)
916495(488)
916527(487)
916534(519)
916535(504)
916540(454^ 2)
916543(486^ 4)
916508(532)
916513(535)
916518(522)
916521(457)
916522(456^ 3)
916382(481^ 4)
916383(503^ 2)
916392(505)
916393(537)
916394(509)
916343(461^ 2)
916345(498^ 2)
916348(452^ 5)
916349(511)
916350(486)
916351(490)
916352(455)
916356(469)
916357(487)
916358(494)
916369(509)
916372(478)
916373(506)
916375(451^ 1)
916379(498)
916359(515)
916360(498)
916365(456)
916366(522)
916368(482)
916552(517)
916556(442^ 2)
916557(509)
916560(514^ 2)
916568(442^ 2)
916675(522)
916680(521)
916682(493)
916685(539)
916689(530)
916656(492)
916657(495)
916662(458)
916670(491^ 4)
916673(521)
916690(513)
916694(507)
916695(512)
916697(475)
916701(503)
916644(517)
916646(514^ 1)
916649(459)
916652(533)
916654(460)
916601(508)
916602(488)
916603(541)
916606(448)
916608(530)
916573(518)
916577(444^ 2)
916585(488^ 2)
916586(524)
916592(455)
916610(509)
916614(544)
916615(471)
916620(524^ 2)
916622(508^ 3)
916631(495)
916635(525)
916636(529)
916639(459)
916640(465)
916623(495)
916625(477^ 2)
916627(520)
916628(476)
916629(513)
916164(517)
916167(536)
916169(514)
916174(511)
916175(494)
916154(483)
916156(507)
916158(452)
916160(463^ 3)
916161(539)
916186(490)
916187(479)
916188(500)
916199(461)
916203(516)
916176(471)
916177(470)
916178(526)
916179(457^ 2)
916180(449)
916105(525)
916106(495)
916107(525)
916114(456)
916117(437+ 3)
916327(452)
916336(517)
916337(469)
916339(518^ 2)
916341(468)
916146(539)
916147(443)
916150(479)
916151(508)
916152(494)
916118(540)
916126(469^ 2)
916131(489)
916133(441^ 2)
916142(522)
916211(450)
916219(486)
916220(527)
916227(493^ 2)
916233(456^ 2)
916282(475)
916283(450)
916291(535)
916292(476)
916296(540)
916274(501)
916275(466)
916276(473)
916280(536)
916281(516)
916316(473^ 1)
916322(458)
916323(522)
916324(461)
916326(463)
916297(525)
916299(541)
916305(536^ 1)
916306(494)
916313(457^ 2)
916245(537)
916246(494)
916247(510)
916248(492)
916253(454)
916234(497)
916235(461)
916238(481)
916241(508)
916243(515^ 3)
916262(481)
916263(487^ 2)
916268(490^ 3)
916269(491^ 1)
916272(490)
916254(498)
916255(504)
916257(465)
916258(541)
916261(475)
953854(607)
953855(616)
953863(645)
953864(573)
953865(642)
953847(595)
953848(588)
953849(572)
953850(582)
953851(642)
953935(577)
953939(558)
953947(570^ 3)
953949(594)
953910(589)
953912(616)
953913(645)
953920(626)
953921(586)
953870(568)
953871(565)
953872(593)
953873(610)
953899(603)
79
917106(468)
953801(460^ 1)
953802(541)
953811(500)
953815(507)
917099(518)
917100(503)
917103(496)
917104(518)
917105(518)
953816(528)
953818(488)
953825(516)
953829(510)
953833(508)
953843(529)
953844(536)
953852(535)
953853(503)
953857(528)
953834(504)
953835(538)
953837(540)
953839(509)
953842(510)
917039(535)
917042(494)
917044(518)
917046(475)
917049(525)
917030(464)
917031(518)
917032(488)
917033(457^ 3)
917038(533)
917051(471)
917055(531)
917063(497)
917068(538)
917072(475^ 3)
917087(457)
917091(506)
917093(523)
917095(517)
917097(474)
917075(493)
917077(531)
917079(464)
917083(535)
917084(471)
953858(525)
953859(481)
953861(496)
953862(505)
953867(526)
953936(525)
953937(524)
953938(537)
953941(519)
953943(471)
953924(483)
953925(510)
953930(492)
953932(501)
953933(460)
953953(450^ 1)
953954(444^ 2)
953955(485^ 1)
982773(480)
982779(543)
982780(467)
982783(525)
982784(487)
982785(524)
982787(443)
953886(439+ 1)
953888(455)
953891(536)
953892(488)
953893(494^ 3)
953868(495)
953869(521)
953874(457)
953876(451)
953882(457)
953894(481)
953895(464)
953896(506)
953897(500)
953900(541)
953916(478)
953917(529)
953918(508)
953922(476^ 1)
953923(534)
953901(505)
953903(533)
953905(529)
953906(503)
953914(478^ 3)
917016(545^ 1)
917017(500)
917018(485)
917019(502)
917023(513)
916781(455^ 2)
916783(521)
916784(450)
916788(509^ 1)
916793(445^ 1)
916768(474)
916769(463^ 2)
916770(465^ 3)
916773(452)
916775(493)
916794(530)
916801(525)
916805(467)
916807(521)
916809(534^ 1)
916822(481)
916824(500)
916835(500)
916839(492^ 1)
916841(496)
916812(514)
916814(487^ 3)
916818(478^ 3)
916820(497^ 1)
916821(484)
916754(520^ 3)
916755(518)
916756(465)
916759(520)
916762(460^ 2)
916710(444^ 3)
916712(453)
916713(518)
916715(486)
916721(483^ 1)
916704(529)
916705(543)
916707(488)
916708(457^ 1)
916709(519^ 3)
916722(518)
916724(472^ 2)
916728(509)
916731(471)
916732(543)
916748(511)
916749(494)
916750(499)
916751(447^ 2)
916752(511)
916736(502)
916740(467^ 3)
916742(501)
916744(515^ 1)
916747(487)
916949(498)
916958(540)
916960(536)
916962(525)
916965(497)
916942(506)
916943(515)
916944(516)
916945(530)
916948(476)
916967(475)
916969(501)
916974(452)
916975(512)
916976(472^ 3)
916992(514^ 3)
916999(532)
917000(531)
917001(506)
917012(476)
916983(494)
916984(530)
916985(476)
916987(480)
916988(524)
916922(543)
916923(502^ 3)
916929(507)
916935(450)
916940(530)
916854(454)
916855(528)
916856(517)
916857(539)
916858(533)
916842(521^ 1)
916844(505)
916845(535)
916846(510)
916853(498)
916865(495)
916867(457)
916868(490)
916871(509^ 3)
916878(486)
916909(452^ 3)
916910(529)
916913(499)
916916(540)
916917(517)
916879(482^ 2)
916880(449)
916899(533)
916902(538)
916906(539)
80
917444(814)
917449(829)
917456(836)
917466(783)
917496(782)
917396(800)
917397(817)
917420(773)
917432(851)
917433(813)
917566(843)
917595(810)
917596(788)
917613(780)
917626(826)
917517(843)
917527(770)
917536(776)
917549(793)
917564(872)
917319(851)
917353(819)
917357(850)
917384(788)
917387(845)
917225(803)
917228(821)
917229(831)
917230(806)
917238(803)
917201(809)
917204(818)
917206(807)
917214(777)
917216(858)
917278(783)
917283(800)
917286(790)
917314(803)
917317(798)
917239(840)
917244(773)
917245(840)
917258(851)
917265(821)
917627(800)
917628(873)
917629(787)
917650(854)
917660(842)
917906(787)
917922(822)
917928(810)
917931(820)
917934(782)
917895(768+ 2)
917897(774)
917902(834)
917903(795)
917904(817)
917952(804)
917966(774)
954159(824)
917936(774)
917937(800)
917941(829)
917947(828)
917950(804)
917849(852)
917860(780)
917873(849)
917880(833)
917890(778)
917724(788)
917742(772)
917747(825)
917748(845)
917757(805)
917665(784)
917693(796)
917700(805)
917707(781)
917709(827)
917793(835)
917797(787)
917804(791)
917810(848)
917826(795)
917768(774)
917776(804)
917779(805)
917782(846)
917784(780)
917178(804)
917186(781)
917187(791)
917198(860)
917200(865)
917144(852)
917147(810)
917155(795)
917156(792)
917165(780)
917167(794)
917168(812)
917171(776)
917174(827)
917177(812)
917311(879+ 1)
917329(876+ 4)
917359(881)
917398(881)
917409(915)
917191(935)
917199(914)
917207(928)
917211(960)
917213(939)
917437(878+ 2)
917450(881)
917474(923)
917508(878+ 2)
917530(904)
917900(954)
917914(875+ 5)
917933(879+ 1)
917538(946)
917544(962)
917567(951)
917863(910)
917898(885)
Premier Govt. College (Morning)
916539(397^ 6)
916565(428)
916567(426^ 3)
916569(393^ 3)
916593(434^ 1)
916638(404)
916642(439^ 2)
916658(425^ 3)
916660(439^ 1)
916671(428^ 5)
916252(432)
916260(439^ 3)
916271(413^ 3)
916325(422^ 2)
916402(418^ 1)
916136(412^ 3)
916157(429^ 1)
916159(426^ 2)
916166(414^ 2)
916189(435^ 1)
916201(426)
916215(423^ 1)
916217(411^ 3)
916221(406^ 2)
916229(439^ 3)
953884(433^ 1)
953887(401)
953889(408)
953926(419^ 1)
953946(405^ 5)
982776(369)
982781(426)
982786(431)
953804(439^ 1)
953826(437^ 2)
953878(379)
953879(382)
953880(407)
916711(436^ 1)
916790(407)
916817(439^ 3)
916863(433^ 2)
916897(424^ 2)
916950(419^ 3)
916968(420)
917010(433^ 2)
917015(433)
917078(417^ 1)
982788(453)
982789(465)
81
917248(571)
917253(554)
917260(628)
917261(653)
917268(573)
917269(550)
917272(580)
917294(637)
917298(579)
917303(582)
917309(654)
917315(561^ 1)
917328(581)
917332(574)
917333(602)
917133(556)
917134(618)
917135(580)
917161(652)
917175(647)
917183(551)
917202(610)
917208(624)
917210(636)
917222(602)
917226(614)
917227(587)
917233(646)
917242(567)
917246(603)
917343(641)
917346(553)
917352(601)
917355(647)
917356(602)
917361(591)
917363(614)
917372(602)
917379(593)
917386(561)
917390(618)
917393(561^ 3)
917400(588)
917402(598)
917403(597)
917850(681)
917856(714)
917862(687)
917866(747)
917867(657+ 3)
917870(764)
917874(753)
917875(662)
917882(685)
917884(676)
917839(677)
917840(664)
917842(706)
917847(745)
917848(692)
917780(716)
917781(735)
917790(663)
917805(760)
917816(693)
917825(672)
917831(758)
917832(686)
917836(730)
917838(731)
954133(710)
954139(680)
954141(760)
954154(714)
954162(742)
954179(725)
954188(722)
954191(762)
954198(657+ 3)
917954(669)
917958(662)
917959(656+ 4)
917961(764)
917973(674)
917885(746)
917892(717)
917905(732)
917910(757)
917912(700)
917913(757)
917926(719)
917939(673)
917944(752)
917945(744)
917729(708)
917739(701)
917749(656+ 4)
917751(763)
917753(709)
917224(749)
917231(659+ 1)
917232(700)
917236(722)
917237(734)
917203(724)
917212(734)
917218(719)
917219(742)
917221(679)
917240(722)
917241(750)
917243(730)
917263(671)
917275(679)
917296(743)
917300(727)
917301(687)
917322(711)
917326(751)
917281(703^ 1)
917284(729)
917290(661)
917293(699)
917295(671)
917145(717)
917150(755)
917157(722)
917158(692)
917159(673)
917131(724)
917132(736)
917138(660)
917140(700)
917142(722)
917160(736)
917162(668)
917163(737)
917166(664)
917172(750)
917185(720)
917192(680)
917193(715)
917194(745)
917196(720)
917173(758)
917176(680)
917179(757)
917181(682)
917184(752)
917327(732)
917340(744)
917342(750)
917358(714)
917373(730)
917632(732)
917647(673)
917652(716)
917662(666)
917672(725)
917612(704)
917617(694)
917624(735)
917625(707)
917630(667)
917678(718)
917684(754)
917687(750)
917690(665)
917694(735)
917713(754)
917714(667)
917719(743)
917720(669)
917727(724)
917698(722)
917704(737)
917708(709)
917710(746)
917712(756)
917445(719)
917446(664)
917458(726)
917462(681)
917471(688)
917375(756)
917388(683)
917414(715)
917417(733)
917436(699)
917473(665)
917477(664)
917510(722)
917519(722)
917522(722)
917559(762)
917560(684)
917590(758)
917602(675)
917610(761)
917529(692)
917535(693)
917545(763)
917555(747)
917558(700)
82
917195(524)
917197(513)
917205(439+ 1)
917209(519)
917215(541)
917220(538^ 1)
917234(539)
917235(542)
917252(520)
917255(535)
917256(497)
917262(479)
917266(458)
917267(490)
917279(541)
917136(531)
917137(534)
917139(484)
917141(508)
917146(467)
917149(502)
917151(506)
917152(469^ 1)
917153(532)
917154(499)
917164(466^ 2)
917170(503)
917188(499)
917189(494)
917190(438+ 2)
917282(514^ 2)
917287(540^ 2)
917289(453^ 5)
917297(530^ 1)
917306(514^ 3)
917318(528^ 3)
917323(544)
917330(460^ 1)
917331(494^ 2)
917334(463^ 3)
917336(491)
917337(514)
917338(538)
917339(492)
917341(493)
917344(486)
917345(529)
917347(505)
917348(526)
917351(471)
917942(596)
917946(623)
917951(547+ 3)
917955(602)
917957(560)
917962(598)
917963(551)
917964(582)
917967(651)
917969(559)
917893(635)
917907(620)
917918(604)
917919(603)
917920(615^ 3)
917923(619)
917925(650)
917927(633)
917930(594)
917938(595)
917970(565)
917971(548+ 2)
954122(606)
954130(610)
954131(545+ 5)
954164(573^ 2)
954169(628)
954172(607)
954176(582)
954197(604)
954200(545+ 5)
954205(599)
954135(572)
954138(622)
954145(613)
954147(581)
954149(590)
954153(626)
954155(618)
954156(640)
954158(639)
954160(576)
917869(626)
917872(548+ 2)
917877(647)
917878(639^ 3)
917886(652)
917539(609)
917540(547+ 3)
917550(568)
917552(594)
917554(645)
917512(552)
917524(586)
917531(650)
917534(612)
917537(579)
917563(603)
917565(581)
917574(614)
917588(654)
917606(607)
917646(596^ 1)
917648(637)
917653(559)
917654(555)
917655(549+ 1)
917609(608)
917618(624)
917619(603)
917636(548+ 2)
917645(601)
917494(563)
917500(608)
917507(611)
917509(590)
917511(552)
917423(611)
917424(572)
917425(650)
917427(627)
917428(607)
917408(652)
917412(576)
917416(571)
917418(565^ 1)
917422(642)
917438(593)
917439(546+ 4)
917440(575)
917447(600)
917451(598)
917478(557)
917479(569)
917484(651)
917489(646)
917490(638)
917453(593)
917455(603)
917463(652)
917467(581)
917469(646)
917795(571)
917796(575)
917798(621)
917803(566)
917813(647)
917763(601)
917772(588)
917777(608^ 3)
917778(550)
917787(611)
917815(643)
917818(626)
917820(632)
917822(651)
917829(607)
917857(550)
917858(607)
917859(613)
917861(593)
917864(555)
917843(557)
917844(545+ 5)
917851(635)
917852(627)
917855(615)
917746(651)
917752(638^ 1)
917755(650)
917761(588)
917762(636)
917675(549+ 1)
917676(643)
917679(598)
917680(547+ 3)
917681(648)
917664(587)
917666(588)
917667(572)
917668(625)
917669(631)
917686(635)
917691(617)
917695(550)
917699(634^ 2)
917701(558)
917718(592)
917723(571)
917732(633)
917741(604)
917744(628)
917702(563)
917703(636)
917705(561)
917711(588)
917715(620)
83
918008(829)
918133(786)
Govt. Deg. Science & Commerce College 11-A, North Karachi
917459(436^ 2)
917516(429)
917546(406)
917556(405)
917569(411^ 5)
917689(423^ 2)
917792(422)
917799(438^ 2)
917965(432)
954128(408^ 1)
954132(430)
954174(432)
954186(422^ 3)
954189(421^ 1)
954206(428^ 3)
954123(463)
954125(531)
954127(472)
954129(508)
954134(532)
954137(539)
954140(467)
954144(524)
954146(530)
954150(454)
917974(523)
917975(464^ 1)
917976(492)
917977(531)
954121(445)
917924(527)
917929(487^ 2)
917935(517)
917940(478)
917943(471^ 2)
917948(524)
917953(502)
917956(473)
917968(532)
917972(513^ 1)
954151(437+ 3)
954157(491)
954161(451)
954165(522)
954171(488)
954207(495)
982802(478)
982805(440)
982806(523)
982808(496)
982810(468)
954190(491)
954192(520)
954194(447)
954201(453)
954203(528)
954173(544)
954175(515)
954177(510)
954178(518)
954180(481)
954181(527)
954182(468)
954183(464)
954185(541)
954187(543)
917887(485^ 1)
917894(543)
917896(488^ 3)
917901(517)
917908(463^ 1)
917502(491)
917503(496^ 2)
917504(529)
917506(537)
917515(515)
917488(526)
917491(455)
917497(516)
917499(544)
917501(450)
917518(451)
917525(505)
917526(466)
917528(463)
917532(449^ 1)
917553(535)
917561(500)
917562(523)
917568(521)
917571(530)
917533(445)
917541(531)
917543(509)
917547(530)
917551(446)
917482(541)
917483(518)
917485(532)
917486(543)
917487(456^ 3)
917394(493)
917395(475)
917401(519)
917404(445^ 2)
917407(512^ 2)
917354(521)
917362(533^ 3)
917377(530^ 2)
917381(542^ 2)
917389(545^ 1)
917410(448^ 3)
917411(500)
917415(534)
917426(532)
917429(511)
917465(543)
917470(517)
917475(513)
917476(533)
917480(484)
917434(448)
917435(458^ 2)
917448(504)
917460(514)
917464(487)
917770(491^ 3)
917771(485)
917788(464^ 3)
917789(529)
917806(518)
917722(484)
917730(533^ 3)
917745(501)
917760(516)
917765(538)
917808(497^ 2)
917811(448)
917814(517)
917817(532)
917821(522)
917835(447)
917854(467^ 1)
917865(488)
917868(543)
917871(505)
917823(529)
917827(529)
917828(535^ 2)
917830(450)
917834(509)
917692(536)
917696(477)
917706(462^ 2)
917717(487^ 2)
917721(444^ 3)
917584(491)
917594(500)
917597(461^ 1)
917599(519)
917600(485^ 2)
917572(459)
917573(494)
917575(526)
917580(514)
917581(485)
917603(492)
917607(542)
917608(541)
917611(440^ 1)
917614(452)
917651(494)
917659(514)
917661(507)
917685(509)
917688(452)
917615(496)
917634(483)
917637(512)
917638(479^ 3)
917642(455^ 2)
84
918029(499)
918033(525)
918034(530)
918036(475)
918043(500)
918045(473)
918052(544)
918053(511)
918056(471)
918060(505)
918062(524)
918063(543)
918069(517)
918070(447)
918072(510)
918003(521)
918004(501)
918006(487)
918007(532)
918009(496)
918012(479^ 1)
918013(508^ 3)
918014(501)
918016(528)
918019(544)
918020(523)
918023(534)
918025(528)
918026(515)
918027(519)
918074(532)
918078(501)
918079(480)
918081(544)
918082(527)
918084(540^ 1)
918085(518)
918089(501)
918092(543)
918094(472)
918095(505)
918099(460^ 2)
918100(459^ 2)
918101(540)
918102(544^ 3)
918210(651)
918217(570)
918220(590)
918221(559)
918225(564)
918229(548+ 2)
918230(610)
918232(618)
918236(587)
918238(574)
918201(585)
918204(635)
918206(564)
918207(605)
918209(561)
918186(546+ 4)
918187(595)
918188(622)
918189(570)
918191(600)
918192(597)
918193(572)
918195(596)
918199(602)
918200(554)
918287(623)
918288(654)
918291(650)
918294(602)
954341(609)
954342(627)
954348(600)
954359(568)
954364(600)
954368(590)
918275(558)
918278(636)
918281(635)
918285(554)
918286(555)
918241(610)
918242(585)
918243(563)
918251(652)
918254(546+ 4)
918259(550)
918260(579)
918261(610)
918262(584)
918267(553^ 3)
918178(582)
918179(573)
918183(651)
918184(575)
918185(576)
918065(585)
918066(552)
918067(616)
918071(633)
918073(648)
918057(593^ 1)
918058(588)
918059(648)
918061(572)
918064(551)
918090(597)
918091(560)
918093(568)
918096(566)
918097(628)
918075(629)
918076(616)
918077(580)
918080(558)
918088(575)
918028(558)
918030(588)
918031(555)
918032(566)
918035(589)
918001(588^ 1)
918010(550)
918011(555^ 1)
918018(570)
918024(548+ 2)
918047(636)
918048(590)
918049(551)
918054(572)
918055(601)
918037(650)
918038(580)
918039(547+ 3)
918041(600)
918044(645)
918151(588)
918152(636)
918154(615)
918157(604)
918158(556)
918146(608)
918147(619)
918148(605)
918149(605)
918150(609)
918169(593)
918172(594)
918174(623)
918176(606)
918177(621)
918160(611)
918161(567)
918162(562)
918167(649)
918168(564)
918113(600)
918114(573)
918115(571)
918116(591)
918117(572)
918098(565)
918106(563)
918108(585)
918109(567)
918112(583)
918135(631)
918141(561)
918142(641)
918144(573)
918145(560)
918120(601)
918121(566)
918123(554)
918127(616)
918132(558)
918130(737)
918134(670)
918166(656+ 4)
918170(712)
918175(665)
918002(722)
918040(656+ 4)
918042(700)
918051(697)
918126(669)
918276(730)
918282(704)
918284(741)
918295(664)
918180(672)
918248(722)
918269(669)
918273(724)
918274(707)
85
918347(987)
918348(942)
918349(959)
918351(931)
918354(983)
918339(891)
918340(926)
918343(977)
918345(911)
918346(986)
918331(988)
918332(879+ 1)
918333(991)
918334(885)
918338(982)
918362(876+ 4)
938622(940)
938623(963)
938624(1003)
938625(912)
918355(949)
918356(931)
918358(927)
918359(953)
918360(898)
Tabani's College, North Nazimabad Campus
938608(516^ 1)
938611(534^ 3)
918311(637)
918318(620)
938594(564)
938598(633)
938605(619)
918312(752)
918313(673)
918315(764)
918317(745)
938593(657+ 3)
938597(687)
938606(707)
938607(674)
938609(676)
938610(711)
938612(661)
918314(827)
918316(812)
938595(766+ 4)
938596(803)
938602(855)
938603(845)
938604(871)
938599(875+ 5)
Al-Khair College of Higher Education
918046(424^ 2)
954358(420^ 1)
954360(424)
918203(494^ 3)
918205(498)
918208(517)
918212(528)
918213(469^ 1)
918182(496)
918194(527)
918196(539)
918198(517)
918202(503)
918222(489)
918223(497)
918224(533)
918226(525)
918227(483)
918214(529)
918215(538)
918216(494)
918218(506)
918219(478)
918159(520)
918164(537)
918171(503)
918173(470)
918181(532)
918111(516)
918119(502)
918122(513)
918124(522)
918125(469^ 3)
918103(533)
918104(525)
918105(517)
918107(526)
918110(513^ 1)
918139(485)
918140(504)
918143(517)
918153(478)
918155(437+ 3)
918129(539)
918131(467)
918136(528)
918137(498)
918138(504)
954345(521)
954349(529)
954350(472)
954353(508)
954355(531)
918290(507)
918292(534)
918293(521)
918296(446)
954344(537)
954366(483)
954356(521)
954357(514)
954361(513)
954362(515)
954363(503)
918271(486)
918272(521)
918277(518)
918279(498^ 1)
918289(539)
918240(472)
918244(518)
918245(520)
918246(540)
918247(522)
918228(532)
918231(539)
918233(452^ 1)
918237(506)
918239(535)
918258(519)
918264(516)
918265(523^ 1)
918266(518)
918270(498)
918249(536)
918250(512)
918255(524)
918256(488^ 3)
918257(521)
86
Public Higher Secondary School North Karachi
918391(443)
918392(439+ 1)
918397(470)
918399(457)
918402(471)
918394(574)
954594(602^ 1)
938641(690)
954593(741)
The Paradise College
918379(529)
918380(529)
918372(583)
918375(574)
918376(560)
918378(577)
918382(592)
938631(615)
938638(631)
918373(697)
918381(675)
938633(710)
938635(657+ 3)
938637(688)
938634(797)
938636(765+ 5)
Quaid-e-Azam Rangers Public School & College
918350(583)
918361(681)
918335(827)
918336(798)
918337(854)
918341(813)
918342(779)
918344(824)
918352(829)
918353(789)
918357(835)
938621(781)
938626(885)
954511(887)
973461(878+ 2)
87
Govt. Degree Science & Commerce College Orangi Town
918472(415^ 4)
918451(508)
918453(509)
918459(494)
918462(505)
918479(473^ 3)
918480(467^ 3)
918481(466^ 3)
918455(590)
918458(546+ 4)
918467(575)
918485(550)
918486(594)
918468(711)
Govt. Boys Baba Willayat Ali Shah Higher Secondary School
918421(762)
918429(706)
954641(707)
918422(771^ 2)
918424(794)
918426(768+ 2)
918427(847)
918425(876+ 4)
918428(900)
Iqra Huffaz Boys College
954621(515)
954622(495)
918411(570)
918412(586)
88
918537(422^ 4)
918570(479)
918571(512)
918574(518)
918575(481)
918578(473)
918559(457)
918561(542)
918562(499)
918564(491^ 3)
918568(495)
918598(534)
918599(507)
918602(503)
918603(542)
918605(485)
918579(507)
918584(540)
918586(492)
918593(501)
918597(536)
918523(523)
918526(467^ 1)
918528(504)
918532(537)
918541(450)
918501(443^ 2)
918505(438+ 2)
918506(521)
918514(523)
918516(492)
918552(488)
918553(536)
918554(468)
918557(516)
918558(512)
918543(523)
918544(493)
918545(476)
918547(536)
918551(532)
918612(497)
918613(486)
918614(522)
918616(503)
918622(482)
954898(477)
954899(513)
954900(528)
954907(516)
954908(497)
954891(452)
954892(533)
954895(506)
954896(484)
954897(477)
954915(530)
954909(493)
954910(468)
954911(490)
954912(502)
954914(533)
918636(503)
918637(502)
918638(496)
918640(512)
918643(483)
918624(470)
918625(489)
918628(466)
918632(486^ 1)
918633(515)
954881(496)
954886(472^ 2)
954887(532)
954888(528)
954889(486^ 1)
918667(499)
918668(543)
918670(447)
918673(540)
918674(543)
918540(597)
918542(548+ 2)
918548(614)
918549(546+ 4)
918565(629)
918567(570)
918572(623)
918576(584)
918581(560)
918582(556)
918583(574)
918585(567)
918587(559)
918588(631)
918590(546+ 4)
918529(555)
918533(586)
918534(548+ 2)
918535(581)
918536(582)
918502(594)
918504(595)
918507(563)
918509(581)
918510(646)
918511(563)
918512(584)
918513(598)
918515(622)
918518(583)
918519(585)
918520(621)
918521(554)
918525(651)
918527(612)
918592(627)
918595(582)
918596(607)
918604(558)
918607(628)
918660(559)
918661(601)
918662(653)
918664(578)
918665(627)
918666(621)
918669(554)
918671(558)
918672(581)
954882(594)
954883(642)
954884(564)
954893(604)
954903(585)
954906(634)
918652(591)
918655(547+ 3)
918656(645)
918657(582)
918658(653)
918609(556)
918615(565)
918617(566)
918618(652)
918620(547+ 3)
918621(622)
918623(548+ 2)
918631(576)
918634(606)
918642(594)
918646(624)
918647(598)
918648(587)
918649(574)
918651(631)
918538(659+ 1)
918550(679)
918560(707)
918566(690)
918580(658+ 2)
918503(656+ 4)
918508(671)
918517(674)
918524(697)
918531(656+ 4)
918594(665)
918600(704)
918606(667)
918611(690)
918639(669)
918663(671)
954890(743)
954904(699)
918641(674)
918645(719)
918653(691)
918654(665)
918659(655+ 5)
89
919333(881)
919434(880)
Govt. College of Commerce & Economics (Evening)
955018(435^ 1)
955028(418^ 3)
955030(393)
918756(533)
918762(516)
918763(522)
918764(495)
918766(525)
918767(510)
918769(466)
918770(457)
918772(510)
918774(499)
918776(473^ 1)
918777(543)
918778(543)
918782(518)
918784(477^ 1)
918702(515)
918710(510)
918711(485^ 1)
918715(460)
918721(493)
918724(522)
918725(529)
918726(545^ 3)
918733(522)
918738(501)
918742(480^ 1)
918744(470)
918746(541)
918752(505)
918753(504)
918790(470)
918792(479^ 3)
918793(500)
918794(504)
918801(519)
955005(527)
955006(536)
955010(532)
955019(449)
955020(474)
955025(519)
955026(545^ 1)
955027(529^ 3)
955032(534)
955033(499^ 2)
982982(442)
918802(507)
918808(536)
918810(530)
918811(540)
918815(469)
918820(501)
918824(505)
918828(441^ 1)
918832(476)
918837(494)
918838(504)
918839(532)
918840(481)
955002(470)
955004(458^ 1)
955024(563)
955034(588)
955035(599)
918728(645)
918731(556)
918735(564)
918737(583)
918739(568)
918741(564)
918743(549+ 1)
918747(571)
918748(552)
918750(560)
918754(561)
918757(562)
918758(552)
918759(576)
918760(578)
918712(546+ 4)
918716(616)
918718(574)
918719(564)
918720(633)
918691(582)
918692(557)
918694(610)
918695(554)
918696(573)
918697(614)
918698(613)
918699(607)
918700(652)
918701(608^ 3)
918703(581)
918704(564)
918705(591)
918706(552^ 3)
918707(607)
918819(623)
918821(629)
918823(565)
918825(549+ 1)
918826(591)
918834(548+ 2)
955003(623)
955009(589)
955011(595)
955012(565)
955014(631)
955016(551)
955021(570^ 3)
955022(562)
955023(577)
918812(617)
918813(599)
918814(588)
918816(608)
918818(571)
918761(577)
918771(582)
918775(580)
918779(564)
918780(636)
918783(597)
918785(598)
918786(600)
918787(588)
918788(620)
918789(596)
918795(582)
918799(645)
918805(553)
918806(568)
918722(666)
918729(664)
918751(688)
918800(756)
918803(752)
918804(671)
918807(710)
955013(675)
955015(751)
Shaheed Zulfiqar Ali Bhutto Govt. Boys Degree College
90
918878(504)
918882(472)
918883(543)
918885(543)
918887(475)
918859(510)
918860(509)
918861(513)
918867(530)
918870(469^ 3)
918851(503)
918852(537^ 3)
918853(459)
918856(462^ 1)
918858(522)
918890(471)
918892(455^ 2)
918893(472^ 1)
918896(527)
918897(463)
919203(559)
919222(579)
919224(625)
919229(596)
919249(607)
919251(579)
919258(567)
919263(592)
919267(557)
919278(601^ 1)
919279(575)
919285(609)
919288(563)
919289(629)
919291(601)
919173(604)
919174(600)
919176(582)
919193(621)
919194(570)
919097(558)
919099(588)
919108(581)
919118(616)
919122(589)
919123(564)
919124(642)
919137(588)
919143(631)
919147(615)
919150(552)
919164(646)
919166(621)
919169(558)
919171(654)
919292(556)
919297(551)
919299(624)
919304(574)
919345(582)
919536(597)
956003(606)
956027(641)
956039(648)
956050(554)
956051(619)
956052(643)
956054(545+ 5)
956068(586)
956074(553)
956084(569)
983039(545+ 5)
919448(589^ 3)
919472(605)
919478(617^ 2)
919483(627)
919526(645)
919346(568)
919353(599)
919359(552)
919370(626)
919374(602)
919375(600^ 2)
919382(579)
919385(593)
919392(628)
919394(590)
919395(645)
919398(594)
919431(554^ 2)
919443(616)
919447(586)
919078(576)
919082(635)
919084(605)
919088(633)
919095(614)
918888(637)
918889(585)
918899(647)
918900(574)
918917(546+ 4)
918855(557)
918876(598)
918879(595)
918881(610)
918884(619)
918933(637)
918937(573)
918943(613)
918953(558)
918954(628)
919032(567)
919040(547+ 3)
919050(589)
919074(630)
919077(618)
918957(608)
918964(573)
918974(617)
918996(588)
919015(577)
919113(709)
919121(662)
919128(684)
919130(676)
919152(664)
919170(727)
919184(661)
919204(672)
919211(676)
919220(686)
919025(730)
919048(704)
919054(692)
919081(694)
919105(720)
918875(720)
918880(671)
918894(669)
918918(684)
918923(672)
918948(676)
918990(655+ 5)
919001(735)
919020(733)
919021(757)
919223(662)
919245(683)
919286(659+ 1)
919295(708)
919302(720)
919497(726)
919534(672)
956032(656+ 4)
956038(669)
956046(712)
956067(693)
956099(741)
956116(732)
919423(673)
919441(687)
919451(681)
919490(660)
919494(673)
919307(663)
919313(737)
919328(730)
919339(656+ 4)
919360(729)
919371(696)
919376(660)
919381(754)
919400(705)
919406(680)
918866(803)
918942(858)
918989(790)
919111(867)
919129(788)
919216(807)
919221(774)
919262(768+ 2)
919319(808)
919461(791)
956057(776)
91
919120(411^ 2)
919127(410^ 5)
919144(437^ 1)
919146(420)
919148(413^ 3)
919149(407^ 3)
919158(396^ 1)
919168(426^ 2)
919247(428^ 2)
919248(432)
918910(437^ 2)
918926(436^ 1)
918985(417^ 1)
918988(433^ 1)
918995(414^ 1)
919000(431)
919013(428^ 2)
919022(406^ 2)
919107(422)
919115(401^ 2)
919254(419^ 1)
919257(421^ 1)
919276(435^ 1)
919308(417)
919323(433)
919337(399^ 3)
919363(423^ 5)
919366(421)
919384(409)
919455(418)
919456(429)
919473(437^ 3)
919477(373^ 4)
919480(432)
919513(421)
919503(492^ 2)
919508(507)
919510(511)
919511(452)
919512(477)
919514(445)
919515(496)
919518(530)
919520(543)
919523(533)
919462(523)
919463(466)
919479(505)
919482(461^ 3)
919484(523)
919421(466)
919426(507)
919427(475)
919432(449^ 3)
919435(497)
919444(461^ 2)
919450(480)
919454(441)
919459(495)
919460(440^ 1)
919524(515^ 1)
956002(507)
956004(534)
956011(501)
956012(437+ 3)
956106(435+ 5)
956114(529)
983033(455)
983034(446)
983035(437+ 3)
983036(438+ 2)
956058(525)
956060(544^ 3)
956061(451^ 1)
956066(449)
956087(512)
956014(488^ 1)
956016(470)
956029(542)
956030(458^ 2)
956033(465)
956034(505)
956035(486)
956036(466)
956037(462)
956049(476)
919404(512)
919407(468^ 3)
919410(516^ 1)
919411(485)
919419(517^ 1)
919068(513^ 3)
919069(495)
919070(468^ 2)
919071(477^ 2)
919076(476)
919046(506)
919053(442)
919056(458)
919057(445)
919066(444^ 1)
919087(440^ 1)
919091(460)
919096(500^ 1)
919098(459^ 1)
919101(512)
919138(540)
919140(450^ 1)
919141(510)
919142(520)
919153(491)
919106(492)
919131(509)
919133(469^ 1)
919135(541)
919136(440^ 1)
919028(453)
919034(499^ 2)
919037(487)
919038(454)
919045(528)
918927(504)
918928(512)
918931(496)
918938(487)
918941(533)
918901(533)
918914(522)
918919(459)
918920(517)
918922(502)
918949(528)
918962(486)
918966(487^ 2)
918967(444^ 3)
918977(479)
918998(468)
919010(465)
919018(470^ 1)
919024(525)
919027(447)
918979(437+ 3)
918984(477)
918986(526)
918994(468)
918997(521)
919154(474)
919155(525)
919159(523)
919161(479)
919163(472)
919311(534)
919312(449^ 3)
919314(511)
919316(504)
919321(472)
919273(472)
919275(521)
919284(505)
919294(502)
919296(504)
919326(490^ 1)
919329(541)
919330(457^ 1)
919335(462^ 2)
919340(487)
919379(505)
919380(460^ 2)
919389(502)
919390(468)
919399(449)
919343(533)
919350(453^ 1)
919355(530^ 3)
919368(502)
919369(533)
919264(463)
919266(493)
919269(535)
919270(480)
919271(452)
919187(511)
919188(445)
919191(489^ 1)
919195(485)
919196(514^ 1)
919165(482)
919167(484)
919172(518)
919178(502)
919180(504^ 1)
919197(484^ 3)
919201(536)
919205(448)
919208(535)
919210(463)
919234(452)
919236(479^ 2)
919243(522)
919255(500)
919256(479)
919215(500)
919217(490)
919225(509)
919232(517)
919233(471^ 2)
92
919702(814)
919713(821)
919715(792)
919726(869)
919739(775)
919687(794)
919689(816)
919690(840)
919692(767+ 3)
919701(842)
919743(862)
919745(828)
919747(862)
919750(849)
919755(775)
919771(857)
919773(821)
919774(800)
919778(813)
919780(869)
919756(765+ 5)
919758(846)
919759(846)
919763(771)
919764(813)
919673(856)
919675(793)
919676(780)
919680(784)
919683(849)
919586(835)
919593(780)
919595(846)
919596(847)
919598(870)
919555(870)
919556(773)
919557(842)
919561(795)
919567(821)
919599(834)
919611(779)
919620(791)
919624(775)
919625(855)
919659(800)
919661(799)
919664(834)
919665(807)
919667(872)
919626(780)
919627(773)
919644(799)
919650(805)
919656(840)
919781(833)
919785(836)
919788(835)
919796(840)
919803(846)
919913(857)
919919(767+ 3)
919923(814)
919926(850)
919928(806)
919908(782)
919909(856)
919910(830)
919911(852)
919912(816)
919892(813)
919900(770)
919901(782)
919902(823)
919907(840)
919830(839)
919833(776)
919835(856)
919837(780)
919841(773)
919804(861)
919812(765+ 5)
919814(866)
919822(830)
919827(798)
919843(770)
919844(825)
919847(821)
919848(783)
919858(813)
919871(870)
919875(842)
919877(834)
919886(836)
919891(860)
919861(829)
919862(824)
919864(823)
919865(813)
919868(811)
919904(973)
919906(939)
919914(935)
919915(880)
919917(889)
919840(900)
919842(916)
919867(917)
919881(971)
919896(877+ 3)
919990(875+ 5)
919998(892)
920006(916)
920007(888)
920021(940)
919925(919)
919927(877+ 3)
919958(962)
919961(913)
919989(971)
919784(925)
919801(909)
919817(925)
919823(979)
919826(955)
919618(918)
919663(897)
919674(881)
919685(918)
919693(895)
919568(884)
919569(904)
919572(941)
919575(912)
919589(903)
919757(975)
919762(947)
919766(915)
919782(888)
919783(896)
919696(901)
919728(896)
919752(917)
919753(876+ 4)
919754(884)
939843(916)
939858(891)
939860(930)
939873(934)
939890(952)
939803(880)
939817(984)
939824(877+ 3)
939827(968)
939830(888)
939971(901)
939976(965)
939977(892)
956244(879+ 1)
939893(879+ 1)
939923(900)
939961(925)
939962(930)
939968(922)
939725(954)
939740(928)
939772(891)
939793(963)
939801(891)
939456(898)
939467(944)
939483(924)
939488(959)
939490(924)
920025(889)
920048(902)
920053(925)
920066(934)
920102(890)
939644(948)
939652(927)
939683(960)
939695(906)
939711(947)
939547(876+ 4)
939552(955)
939567(951)
939576(891)
939593(898)
Govt. College of Commerce & Economics No. 1
919519(423^ 2)
956017(390^ 4)
956048(403^ 2)
956072(396^ 4)
956075(434^ 1)
956092(406^ 3)
956112(382^ 4)
983045(407^ 1)
93
919578(690)
919580(687)
919581(690)
919582(723)
919583(733)
919562(707)
919564(671)
919565(743)
919566(685)
919571(755)
939800(842)
939805(767+ 3)
939808(818)
939809(831)
939810(780)
939785(788)
939796(774)
939797(866)
939798(767+ 3)
939799(809)
939829(833)
939834(785)
939841(803)
939845(846)
939848(799)
939811(827)
939815(802)
939820(806)
939821(765+ 5)
939822(834)
939728(816)
939730(846)
939732(780)
939738(841)
939739(841)
939709(866)
939719(869)
939720(853)
939726(823)
939727(873)
939776(783)
939778(827)
939779(799)
939780(779)
939781(782)
939741(835)
939750(837)
939762(778)
939763(812)
939773(781)
939850(805)
939851(828)
939862(835)
939867(793)
939868(830)
939978(840)
939981(777)
939986(830)
939990(804)
939994(830)
939953(811)
939960(836)
939965(783)
939972(801)
939974(848)
956278(837)
974712(793)
974716(854)
974718(770)
956245(805)
956246(802)
956247(777)
956256(778)
956275(781)
939899(827)
939900(865)
939903(853)
939907(769+ 1)
939910(807)
939882(786)
939888(854)
939889(776)
939892(770)
939897(849)
939933(791)
939935(801)
939940(809)
939942(871)
939945(822)
939911(810)
939913(772)
939915(766+ 4)
939917(805)
939926(800)
939689(821)
939690(795)
939698(768+ 2)
939702(798)
939703(824)
920040(817)
920041(819)
920045(823)
920052(766+ 4)
920058(867)
920019(768+ 2)
920026(808)
920027(773)
920031(807)
920034(855)
920059(786)
920060(854)
920063(801)
920064(844)
920067(835)
920097(777)
920100(782)
939455(798)
939459(838)
939460(787)
920073(831)
920076(765+ 5)
920088(788)
920090(807)
920093(839)
920012(807)
920013(853)
920015(786)
920016(827)
920017(774)
919942(840)
919943(792)
919944(838)
919949(822)
919950(793)
919930(780)
919931(774)
919932(794)
919935(811)
919939(787)
919953(833)
919959(844)
919963(830)
919967(774)
919975(780)
920000(868)
920002(799)
920008(834)
920009(812)
920010(818)
919983(788)
919987(822)
919993(809)
919997(780)
919999(784)
939605(828)
939608(829)
939616(828)
939617(819)
939621(841)
939569(781)
939580(860)
939590(797)
939594(843)
939603(817)
939627(863)
939633(798)
939638(859)
939640(808)
939647(790)
939660(847)
939666(869)
939673(772)
939684(871)
939685(777)
939648(850)
939650(826)
939651(834)
939654(805)
939655(765+ 5)
939539(810)
939541(782)
939546(860)
939563(803)
939564(797)
939484(783)
939492(823)
939493(860)
939495(782)
939497(844)
939474(838)
939479(832)
939480(806)
939481(873)
939482(838)
939498(789)
939499(850)
939503(803)
939505(843)
939507(815)
939526(770)
939528(813)
939536(854)
939537(805)
939538(814)
939508(776)
939514(829)
939518(793)
939523(795)
939525(835)
94
939466(718)
939468(669)
939470(685)
939471(664)
939476(682)
939452(692)
939457(733)
939458(706)
939464(750)
939465(717)
939487(677)
939489(662)
939496(749)
939502(726)
939504(717)
939530(749)
939533(700)
939535(736)
939548(735)
939551(760)
939509(662)
939512(706)
939513(695)
939521(754)
939529(738)
920082(655+ 5)
920089(738)
920094(747)
920104(656+ 4)
939451(679)
919981(674)
919984(729)
919988(753)
919992(744)
919994(700)
919996(756)
920001(693)
920004(676)
920005(689)
920011(715)
920069(718)
920074(746)
920077(695)
920078(686)
920079(676)
920023(694)
920032(713)
920054(725)
920057(702)
920068(723)
939553(706)
939554(749)
939562(737)
939566(708)
939571(685^ 3)
939692(702)
939693(722)
939697(660)
939699(721)
939704(718)
939675(670)
939678(748)
939682(740)
939686(676)
939687(704)
939705(755)
939707(724)
939713(705)
939714(674)
939717(708)
939657(754)
939658(743)
939663(660)
939670(660)
939674(741)
939581(669)
939585(670)
939587(715)
939589(757)
939601(697)
939572(695)
939574(670)
939575(723)
939578(719)
939579(694)
939610(704)
939612(739)
939613(687)
939622(741)
939626(748)
939645(763)
939646(711)
939649(683)
939653(745)
939656(758)
939629(671)
939632(701)
939635(667^ 2)
939636(677)
939639(732)
919682(741)
919688(695)
919691(759)
919698(749)
919700(759)
919668(760)
919669(725)
919672(725)
919677(705)
919679(737)
919703(675)
919705(681)
919706(692)
919707(681)
919709(735)
919720(706)
919722(657+ 3)
919723(655+ 5)
919729(750)
919731(699)
919710(742)
919711(656+ 4)
919712(746)
919714(752)
919719(759)
919651(668)
919652(736)
919658(752)
919662(689)
919666(749)
919584(708)
919585(695)
919587(660)
919597(741)
919608(698)
919956(725)
919960(697)
919964(674)
919970(733)
919971(715)
919613(726)
919614(678)
919628(673)
919629(741)
919631(683)
919642(748)
919645(717)
919646(752)
919648(681)
919649(750)
919633(703)
919635(751)
919636(688)
919638(660)
919639(724)
919732(663)
919733(713)
919736(728)
919737(734)
919738(700)
919882(678)
919883(666)
919890(705)
919893(740)
919899(715)
919870(688)
919874(759)
919876(708)
919878(688)
919880(752)
919905(756)
919916(724)
919918(686)
919921(698)
919924(686)
919940(730)
919945(743)
919946(727)
919951(740)
919952(743)
919929(715)
919933(696)
919934(751)
919936(676)
919937(718)
919854(704)
919855(759)
919856(686)
919857(714)
919863(656+ 4)
919768(764)
919769(748)
919770(658+ 2)
919786(676)
919792(754)
919740(722)
919741(704)
919742(716)
919751(684)
919765(722)
919794(740)
919795(754)
919800(669)
919802(731)
919807(700)
919846(730)
919850(715)
919851(711)
919852(660)
919853(655+ 5)
919811(707)
919819(671)
919832(711)
919834(676)
919836(683)
95
919704(587^ 2)
919716(570)
919717(609)
919718(650)
919724(606)
919671(637)
919681(629)
919694(628)
919695(607)
919699(652)
919734(625)
919735(630)
919744(615)
919746(578)
919748(600)
919779(642)
919787(624)
919789(560)
919790(644)
919791(645)
919749(637)
919760(635)
919767(643)
919775(630)
919776(548+ 2)
919653(546+ 4)
919654(652)
919655(587)
919660(630)
919670(594^ 1)
919588(585)
919594(652)
919600(599)
919601(573)
919604(591)
919605(609)
919610(605)
919615(647)
919616(594)
919617(574)
919632(624)
919634(560)
919637(593)
919640(565)
919641(576)
919619(604)
919621(584)
919622(606)
919623(648)
919630(620)
919793(654)
919798(617)
919799(620)
919805(583)
919806(557)
919980(623)
919982(600)
919995(627)
920003(608)
920014(582)
919969(608)
919974(620)
919977(562)
919978(650)
919979(559)
920024(604)
920029(570)
920030(603)
920035(644)
920037(556)
919955(545+ 5)
919957(571)
919962(635)
919965(651)
919968(630)
919824(645)
919825(588)
919828(639)
919838(605)
919845(602)
919808(579)
919810(566)
919813(620)
919818(602)
919821(647)
919849(641)
919859(631)
919860(652^ 3)
919866(616)
919869(553)
919920(575)
919922(642)
919938(596)
919941(558)
919948(599)
919872(601)
919884(653)
919885(610)
919888(612)
919898(577)
919552(615)
919554(603)
919570(631)
919574(631^ 3)
919579(568^ 3)
939833(697)
939835(689)
939838(727)
939839(727)
939847(699)
939794(748)
939795(725)
939819(717)
939823(667)
939828(752)
939853(758)
939856(764)
939857(747)
939861(750)
939864(672)
939884(660)
939887(716)
939894(702)
939895(723)
939898(719)
939865(760)
939866(726)
939870(736)
939880(706)
939883(736)
939736(734)
939737(660)
939743(759)
939745(755)
939747(722)
939718(691)
939722(741)
939723(763)
939734(729)
939735(733)
939748(664)
939749(700)
939751(668)
939756(658+ 2)
939759(737)
939786(718)
939787(751)
939788(728)
939790(674)
939792(681)
939761(721)
939766(728)
939769(735)
939771(764)
939782(673)
956250(672)
956252(717)
956254(746)
956258(741)
956259(749)
956238(682)
956239(672)
956240(706)
956243(687)
956248(717)
956262(696)
956271(678)
956274(731)
956282(736)
974702(692)
974723(748)
974725(665)
974729(681)
974730(752)
974740(687)
974705(676)
974706(685)
974708(723)
974721(668)
974722(658+ 2)
939983(713)
939987(700)
956234(672)
956236(675)
956237(758)
939912(715)
939921(680)
939927(703)
939928(670)
939930(674)
939901(715)
939904(687)
939905(743)
939906(694)
939909(666)
939931(689)
939937(746)
939939(762)
939946(732)
939950(704)
939964(655+ 5)
939966(713)
939969(750)
939973(752)
939979(677)
939952(712)
939954(697)
939958(742)
939959(759)
939963(675)
96
919873(516)
919879(539)
919889(526)
919895(460^ 3)
919903(441^ 2)
919816(494)
919820(458)
919829(522)
919831(435+ 5)
919839(471^ 2)
919976(539)
919985(485)
919986(519)
919991(515)
920018(541^ 2)
919947(494)
919954(500)
919966(540)
919972(520^ 1)
919973(518)
919591(472)
919592(540)
919602(522)
919606(480)
919609(479)
919551(549^ 2)
919553(509)
919576(476)
919577(510)
919590(490)
919721(519)
919772(463)
919777(486)
919797(516)
919815(447^ 1)
919612(470)
919643(505)
919657(490^ 3)
919686(540^ 2)
919708(522^ 1)
920022(498)
920028(511)
920036(472)
920038(501)
920039(490)
939583(494)
939599(459)
939602(513)
939604(507^ 1)
939606(457)
920085(470)
920086(464)
920098(448)
920101(531)
939453(468)
920046(487)
920050(496)
920070(501)
920071(517)
920075(507^ 3)
939550(537)
939555(525)
939565(514)
939568(531)
939573(462^ 1)
939454(458)
939463(499)
939486(483)
939527(542^ 2)
939545(509)
956257(545+ 5)
956263(545+ 5)
956264(590)
956265(642)
956268(595)
956233(589)
956235(611)
956241(579)
956249(631)
956253(640)
956269(603)
956276(556)
956277(623)
956280(634)
974701(653)
974717(654)
974720(627)
987032(599)
987042(573)
974703(650)
974704(557)
974707(607)
974713(593)
974715(594)
939970(564^ 1)
939975(613)
939980(610)
939991(640)
956232(574)
939559(593)
939560(616)
939582(617)
939584(633)
939591(611)
939522(617)
939540(632)
939544(634)
939549(641)
939556(568^ 2)
939592(640)
939597(630)
939600(612)
939607(609)
939609(586)
939631(646)
939634(584)
939641(601)
939665(580)
939668(632)
939611(600)
939614(573)
939615(625)
939623(620)
939625(602)
939510(618)
939511(590)
939515(602^ 2)
939519(567)
939520(585)
920051(611)
920056(616)
920061(556)
920062(588)
920065(613)
920042(608)
920043(584)
920044(621)
920047(638)
920049(638)
920072(653)
920080(642)
920081(564)
920083(623)
920084(627)
939469(622)
939475(559^ 3)
939477(591)
939501(603)
939506(550^ 3)
920095(576)
920096(559)
920103(565)
939461(567)
939462(575)
939855(559)
939869(570)
939871(593^ 3)
939876(638)
939878(597)
939844(559^ 3)
939846(598^ 1)
939849(614)
939852(648)
939854(565)
939879(565)
939896(651)
939908(637^ 1)
939918(648)
939924(580)
939951(627^ 1)
939955(631)
939956(576)
939957(659^ 1)
939967(573)
939934(629^ 2)
939936(569^ 2)
939938(559)
939943(587^ 2)
939949(588)
939831(604)
939832(610)
939837(557)
939840(600^ 1)
939842(564)
939696(572)
939700(586)
939701(549+ 1)
939710(646)
939715(590)
939671(583)
939676(618)
939679(610)
939691(597)
939694(556)
939716(555)
939721(622)
939742(625)
939755(649)
939767(546+ 4)
939789(637)
939804(596)
939812(626)
939825(590)
939826(581)
939768(583^ 2)
939770(621)
939774(614)
939777(645^ 1)
939784(616)
97
920138(536)
920140(436+ 4)
920141(448^ 2)
920143(530)
920145(486)
920147(538^ 2)
920148(483)
920151(452)
920153(510)
920157(505)
920130(457)
920131(468)
920134(464)
920135(464^ 3)
920136(444^ 3)
920113(490)
920114(503)
920116(455)
920120(449)
920122(500)
920123(449^ 1)
920125(519)
920126(539)
920127(511)
920128(522)
920158(535)
920160(487)
920161(483^ 3)
920163(448)
920165(503^ 2)
920166(475^ 2)
920167(481)
920169(506)
920171(482)
920173(494)
920351(581)
920359(550)
920363(596)
920364(575)
920391(607)
920398(578)
920414(623)
920423(567)
920446(561)
920449(578)
920457(578)
920458(549+ 1)
920460(564)
920468(554)
920473(560)
920208(648)
920215(599)
920223(599^ 2)
920250(581)
920252(560)
920256(609)
920262(557)
920264(589)
920265(587)
920269(598)
920278(563)
920312(590)
920324(545+ 5)
920331(566)
920336(654)
956361(584)
956366(573)
956374(572)
956379(634)
956380(611)
956396(569)
956398(627)
956406(586)
956407(550)
956408(556)
956416(571)
956432(642)
956443(556)
920474(592)
920475(620)
920476(631)
920507(561)
920521(627^ 3)
920522(654)
920528(577)
920539(595)
920544(565)
920551(564)
920557(550)
920562(545+ 5)
920568(615)
920569(578)
956352(596)
920191(594)
920192(607)
920195(618^ 2)
920197(568)
920205(569)
920115(576)
920119(598)
920150(591)
920154(547+ 3)
920189(576)
920162(666)
920289(676)
920376(713)
920427(685)
920428(723)
920464(662)
920479(680)
956372(660)
956383(658+ 2)
Islamia Govt. Arts & Commerce College (Evening)
939637(403^ 5)
974736(428^ 2)
983071(402^ 1)
983076(434)
987044(425)
939758(459)
939760(533)
939764(535)
939765(513)
939775(517)
939791(522^ 1)
939813(497^ 3)
939814(507^ 1)
939816(529)
939872(536)
939731(526)
939733(455^ 3)
939744(511)
939752(520^ 1)
939754(487)
939630(482)
939643(506)
939659(494)
939662(542)
939669(504)
939677(542)
939681(536)
939688(517)
939706(520)
939712(536)
974724(539)
974726(495)
974727(506)
987033(503)
987037(509^ 3)
987038(541)
987041(476)
987043(481^ 3)
956284(501)
956285(537)
974709(484^ 2)
974714(458^ 4)
974719(535)
939919(514)
939920(538)
939922(524)
939932(531)
939988(479)
939992(521)
939993(528)
956261(532)
956267(535)
956281(510)
98
920319(406^ 1)
920344(431)
920380(416)
920384(406^ 3)
920387(432)
920216(399^ 4)
920231(422)
920263(434^ 1)
920267(413)
920309(421^ 2)
920117(427)
920132(420^ 1)
920181(413)
920183(437^ 1)
920185(431^ 1)
920552(487)
920554(456^ 2)
920561(542)
920564(483)
920575(446^ 2)
920535(465^ 2)
920538(474)
920543(490)
920546(486)
920547(538)
956359(495)
956360(471)
956367(484^ 1)
956369(507)
956370(522)
920579(444^ 2)
956353(481^ 1)
956354(508^ 1)
956355(468)
956357(494^ 2)
920493(497)
920494(475)
920495(455)
920500(493)
920501(538)
920480(459)
920485(441)
920488(538)
920491(516)
920492(468^ 4)
920525(539)
920526(467)
920527(538)
920531(476)
920534(486^ 3)
920504(450)
920512(481)
920513(519^ 3)
920518(540^ 1)
920524(514)
956427(524)
956428(436+ 4)
956430(467)
956431(473)
956436(447)
956422(449)
956423(485)
956424(473)
956425(501)
956426(542)
983111(439+ 1)
983112(464)
956438(513)
956439(526)
956444(531)
956445(509)
956447(444)
956385(529)
956386(439+ 1)
956389(491)
956390(496)
956391(477)
956373(492)
956377(523)
956378(512)
956382(444)
956384(527)
956411(538)
956414(463)
956415(543)
956417(524)
956418(490)
956393(495)
956399(493)
956401(487)
956402(533)
956410(530)
920465(455^ 2)
920470(512)
920471(459)
920472(487)
920477(494)
920259(544)
920260(480)
920266(470)
920270(447)
920271(491^ 1)
920247(461)
920253(451)
920254(471)
920255(529)
920257(455)
920272(508)
920273(531)
920274(488)
920275(508)
920277(474^ 2)
920292(464)
920294(441)
920296(537)
920301(466)
920302(506)
920280(483)
920281(473)
920284(472^ 2)
920285(448)
920286(528)
920239(463)
920240(523^ 2)
920241(538)
920243(464^ 1)
920246(457^ 4)
920194(488)
920196(457)
920198(498)
920199(441)
920201(458)
920175(464)
920182(452)
920186(454)
920187(445)
920193(453)
920202(500)
920203(488)
920207(504)
920209(519)
920214(495^ 2)
920233(456)
920234(517)
920235(502)
920237(451)
920238(478^ 3)
920220(529)
920221(503)
920222(496)
920226(508)
920228(495)
920421(464)
920422(514)
920424(484)
920426(474^ 2)
920429(526)
920412(496)
920413(439+ 1)
920415(440^ 2)
920418(492)
920420(462^ 1)
920430(475)
920431(473)
920432(492^ 3)
920434(455)
920436(452)
920448(516)
920450(527)
920451(524^ 2)
920454(508)
920461(450^ 2)
920438(514)
920439(506)
920440(495)
920442(540)
920443(509)
920404(526)
920405(478)
920406(452)
920407(446^ 2)
920410(450^ 2)
920316(451^ 3)
920320(475)
920333(534)
920339(446^ 2)
920345(464)
920307(460)
920308(463)
920311(464^ 1)
920313(492)
920315(454^ 3)
920346(524)
920347(466)
920355(450)
920356(456)
920360(491)
920383(439+ 1)
920392(514)
920395(501)
920399(533)
920400(452^ 1)
920370(504)
920373(441^ 1)
920378(510)
920379(461)
920382(524)
99
920871(547+ 3)
920872(563)
920873(609)
920878(582)
920880(633)
920852(547+ 3)
920865(598)
920866(618)
920869(589)
920870(574)
920883(547+ 3)
920884(566)
920886(552)
920892(604)
920896(596)
920931(613)
920932(621)
920937(621)
920945(634)
920946(592)
920897(566)
920916(599)
920921(558)
920925(630)
920929(635)
920815(549+ 1)
920823(551)
920833(606)
920847(575)
920851(595)
920643(550)
920648(606)
920649(632)
920657(552)
920667(580)
920610(584)
920612(651)
920617(579)
920623(558^ 3)
920637(550^ 2)
920682(584^ 2)
920685(586)
920688(548+ 2)
920700(587)
920715(622)
920777(634)
920782(578)
920793(593)
920805(575)
920809(563)
920730(601)
920753(591)
920755(608)
920762(606)
920763(620)
921032(574)
921034(618)
921035(545+ 5)
921037(597)
921038(559)
921026(574)
921027(597)
921028(585)
921029(562)
921030(552)
921010(610)
921011(605)
921018(607)
921020(573)
921024(561)
920962(631)
920967(592)
920968(577)
920971(573)
920972(566)
920948(594)
920952(612)
920956(545+ 5)
920958(639)
920960(620)
920973(634)
920975(636)
920978(598)
920979(618)
920980(566^ 1)
920989(609)
920995(572)
920996(554)
921003(569)
921008(574)
920981(623)
920982(573)
920986(557)
920987(558)
920988(606)
956637(681^ 2)
920770(686)
920790(705)
920797(660)
920802(666)
920803(741)
920818(668)
920829(657+ 3)
920830(692)
920846(706)
920874(681)
920710(679)
920718(743)
920734(701)
920738(762)
920749(695)
920605(664)
920615(734)
920633(697)
920635(724)
920647(669)
920664(752)
920671(724)
920672(715)
920673(678)
920675(718)
920877(706)
920879(662)
920882(745)
920890(662)
920911(761)
921121(657+ 3)
921134(714)
921135(661)
921151(676)
921165(670)
921168(672)
921171(725)
921202(723)
921221(667)
956598(703^ 2)
921043(726)
921048(708)
921054(708)
921060(664)
921082(686)
920912(667)
920944(662)
920953(690)
920954(721)
920970(703)
920990(755)
920997(720)
921005(668)
921007(697)
921021(670)
920611(857)
920619(809)
920758(800)
920994(779)
921036(776)
921057(783)
921185(765+ 5)
921206(825)
921216(838)
920827(898)
Islamia Govt. Arts & Commerce College (Morning)
920505(436^ 1)
920537(427^ 3)
920559(419^ 2)
920560(422^ 3)
920567(429^ 2)
920416(405^ 3)
920433(420)
920482(420^ 3)
920498(409^ 2)
920503(426)
983104(399^ 3)
983106(388)
983107(385)
983113(420)
920576(435^ 4)
956404(403^ 1)
956405(406)
956421(410)
983102(409)
100
920964(495)
920965(498)
920966(453)
920974(486)
920976(505)
920949(525)
920955(481)
920957(458)
920959(537)
920963(515)
920977(527^ 2)
920984(522)
920985(531)
920991(486)
920993(506)
921006(497)
921014(461)
921015(481^ 3)
921016(446^ 3)
921017(540)
920998(509)
920999(474)
921000(498^ 1)
921001(485)
921002(530)
920935(449)
920941(489)
920942(479)
920943(462^ 1)
920947(535)
920857(514)
920861(460^ 3)
920863(502)
920864(481)
920867(537)
920875(524^ 1)
920876(510)
920881(452)
920887(461)
920889(534)
920920(519)
920924(436+ 4)
920926(523)
920928(496)
920934(505)
920901(458)
920903(494)
920907(476)
920913(490^ 2)
920917(480^ 1)
921022(501)
921025(512^ 3)
921031(448)
921039(505)
921040(539)
921110(505)
921111(459^ 2)
921115(511^ 2)
921117(494)
921122(513)
921105(540)
921106(502)
921107(503)
921108(488)
921109(468)
921123(491)
921124(445)
921125(504)
921127(485)
921129(538^ 2)
921100(503)
921101(544)
921102(522)
921103(470)
921104(543)
921055(533)
921061(500)
921062(543)
921063(490)
921064(536)
921044(514)
921045(515)
921047(533^ 1)
921049(493)
921053(521^ 1)
921067(539)
921068(529)
921069(493)
921071(540)
921073(516)
921086(517)
921087(525)
921091(537)
921093(494)
921095(472)
921077(471)
921078(495)
921079(507)
921084(491^ 1)
921085(514)
920631(531)
920634(504)
920636(508)
920644(499)
920650(520^ 2)
920655(539)
920663(498)
920669(539)
920670(530)
920678(533)
920841(489)
920842(503)
920844(542)
920853(511)
920856(495)
920604(474)
920614(541)
920616(511)
920620(489)
920628(488)
920683(521)
920686(443^ 2)
920687(536)
920690(539)
920693(498)
920780(509)
920786(447^ 1)
920806(520^ 2)
920814(484^ 2)
920824(529)
920825(497)
920835(517)
920837(508)
920838(505)
920840(466)
920727(542)
920728(457^ 2)
920733(480)
920746(513)
920756(441^ 2)
920765(534)
920768(456^ 1)
920769(463)
920771(527)
920773(469^ 3)
921097(550)
921098(590)
921099(568^ 1)
921112(560)
921114(593)
921116(597^ 1)
921118(548+ 2)
921119(626)
921133(569)
921137(646)
921143(632)
921146(610)
921152(600)
921153(599)
921154(558)
921050(592)
921051(552)
921052(604)
921056(626)
921058(653)
921065(634)
921066(608)
921070(610)
921075(574)
921076(549+ 1)
921088(561)
921089(555^ 1)
921092(557)
921094(584)
921096(611)
921211(635)
921213(558)
921214(555)
921215(570)
921217(624)
921218(640)
956566(638)
956575(548+ 2)
956589(600)
956590(559)
956591(594)
956624(600)
956639(652^ 3)
956658(594)
921201(654)
921203(552)
921208(589)
921209(573)
921210(649)
921156(645)
921157(599)
921158(569)
921162(575)
921163(619)
921173(636)
921174(546+ 4)
921180(565)
921183(579)
921188(608)
921191(565)
921193(583)
921194(635)
921199(587)
921200(618)
101
921316(570)
921317(554)
921318(576)
921325(557)
921331(611)
921302(604)
921307(572)
921308(545+ 5)
921312(649)
921313(644)
921358(586^ 1)
921361(550)
921362(570^ 2)
921365(631)
921367(600)
921336(581)
921348(585)
921350(588)
921351(637)
921355(568)
921255(596)
921258(563)
921263(567)
921267(594)
921272(546+ 4)
921247(605)
921250(570)
921251(588)
921252(559)
921253(612)
921291(568)
921293(574)
921294(596)
921299(635)
921300(614)
921277(576)
921284(545+ 5)
921287(546+ 4)
921288(546+ 4)
921289(599)
921368(643)
921369(590)
921370(592)
921371(563)
921374(654)
921414(586)
921415(549+ 1)
921416(617)
921417(614)
921418(582)
921390(573)
921393(577)
921394(627)
921395(582)
921399(638)
921375(589)
921377(648)
921378(588)
921379(651)
921386(618)
921407(621)
921408(568)
921409(571)
921411(586)
921412(612)
921400(578)
921401(612)
921402(649)
921404(569)
921406(572)
921615(690)
921622(705)
921626(691)
921628(738)
921631(729)
921551(715)
921562(717)
921581(679)
921582(755)
921595(675)
921636(672)
921645(716)
921646(737)
921676(671)
921691(655+ 5)
921809(735)
921817(743)
921883(714)
956849(733)
921692(694)
921705(760)
921738(683)
921789(747)
921798(749)
921471(656+ 4)
921477(656+ 4)
921490(669)
921518(674)
921537(682)
921266(693)
921292(665)
921295(661)
921298(736)
921305(702)
921337(661)
921389(748)
921391(683)
921405(742)
921466(698)
921561(790)
921602(798)
921609(833)
921612(851)
921630(832)
921729(771)
S.M. Govt. Arts & Commerce College (Evening)
920893(413)
920902(430^ 3)
920908(433^ 3)
920909(416^ 4)
920938(432^ 3)
920691(392^ 5)
920725(420^ 1)
920811(436^ 3)
920821(413)
920858(422)
983152(419^ 3)
921207(428)
956570(415)
956605(439^ 1)
956667(436^ 2)
983145(421^ 2)
921160(542)
921161(492)
921166(534)
921167(494)
921172(484)
921175(473)
921176(541)
921177(507^ 2)
921178(490)
921182(508)
921130(478^ 3)
921131(480)
921139(543)
921140(498)
921141(543)
921144(468^ 3)
921145(504)
921150(473^ 5)
921155(479)
921159(540)
956597(457^ 3)
956643(521)
956662(533)
983148(510)
983149(443)
983150(492)
983151(513)
983154(481^ 2)
983155(467^ 1)
983156(490)
921184(482)
921189(535)
921192(447)
921204(538)
921205(512)
921220(459)
956576(539)
956580(521^ 3)
956586(436+ 4)
956595(508)
102
921338(487)
921339(521)
921341(479^ 1)
921342(511)
921344(478)
921324(523)
921326(446^ 1)
921327(528)
921330(538)
921335(500)
921345(484)
921346(480)
921347(504)
921349(512)
921352(488)
921382(470^ 3)
921383(502)
921384(529)
921385(478)
921387(480)
921356(530)
921366(503)
921373(516)
921380(534)
921381(492^ 1)
921319(462^ 3)
921320(506)
921321(514)
921322(462)
921323(479^ 1)
921273(473)
921274(453)
921275(508)
921276(529)
921278(475)
921279(468)
921280(440)
921282(444)
921285(536)
921286(500)
921309(527)
921310(509)
921311(543)
921314(513)
921315(540)
921290(495)
921296(456^ 3)
921301(528)
921303(520)
921306(518)
921388(506)
921392(527)
921397(544)
921398(516)
921403(495)
921482(491)
921484(538)
921487(517)
921488(504)
921491(489)
921474(532)
921475(454)
921476(458)
921478(540)
921481(534)
921492(491)
921494(503)
921495(500)
921496(538)
921497(504)
921460(501)
921461(488)
921463(509)
921464(543)
921467(496)
921427(532)
921428(480)
921429(533)
921430(477)
921431(474)
921410(536)
921413(515)
921424(465^ 2)
921425(489)
921426(538)
921432(502)
921433(541)
921436(498)
921437(467)
921438(523^ 1)
921450(541^ 1)
921451(492)
921452(485)
921456(530)
921457(461)
921440(452^ 1)
921442(507)
921443(469^ 3)
921446(473)
921449(486)
921265(488)
921268(495)
921269(505)
921270(532)
921271(480)
921241(542)
921244(504)
921248(492)
921249(523)
921254(503)
921256(514)
921257(528)
921261(456)
921262(529)
921264(478^ 3)
921533(644)
921544(626)
921545(572)
921549(650)
921559(562)
921507(558)
921508(624)
921525(550)
921528(547+ 3)
921532(548+ 2)
921579(590)
921589(580)
921591(599)
921594(553)
921596(635)
921569(561)
921571(549+ 1)
921572(588)
921573(578)
921578(581)
921489(576)
921493(561)
921502(562)
921505(609)
921506(587)
921441(618)
921444(616)
921445(595)
921447(552)
921453(553)
921419(612)
921420(588)
921422(592)
921434(565)
921439(567)
921472(604)
921473(606)
921479(603)
921480(549+ 1)
921483(613)
921455(545+ 5)
921459(557)
921462(559)
921465(572)
921468(573)
921711(571)
921713(554)
921714(565)
921723(563)
921724(578)
921688(560)
921689(591)
921693(563)
921697(572)
921702(612)
921726(579)
921731(606)
921734(576)
921736(615)
921737(617)
956848(596)
956911(554)
956932(645)
956959(601)
956968(597)
921756(625)
921848(586^ 2)
921869(578)
921873(572)
921884(602)
921606(602)
921608(649)
921613(561)
921619(552)
921625(550)
921598(629)
921600(596)
921601(644)
921603(546+ 4)
921604(651)
921627(635)
921633(550)
921635(625)
921638(571)
921639(630)
921666(621)
921667(639)
921668(591)
921673(573)
921677(557)
921640(560)
921651(550)
921655(585)
921660(545+ 5)
921665(584)
103
922124(774)
922157(859)
922188(774)
922195(870)
922232(838)
921971(791)
921980(770)
922013(860)
922032(792)
922096(799)
921956(880)
922217(885)
922275(882)
922339(927)
922469(886)
S.M. Govt. Arts & Commerce College (Morning)
921813(424^ 2)
921815(381^ 4)
921837(420^ 2)
921860(379^ 3)
921901(425)
921746(418)
921753(396^ 1)
921757(412^ 2)
921762(400^ 2)
921765(396^ 2)
921243(403^ 5)
921260(434^ 1)
921353(420^ 1)
921423(439^ 3)
921469(405^ 1)
956984(432^ 3)
983190(411)
983191(412)
983192(432)
983193(432)
956929(424)
956948(414)
956954(386)
956964(418^ 5)
956982(428^ 3)
956855(429^ 2)
956897(435^ 1)
956901(429)
956908(380^ 2)
956916(418)
921875(490)
956852(454)
956853(486)
956854(461^ 1)
956856(507)
921835(445)
921836(459)
921847(474)
921849(486)
921855(435+ 5)
921790(446^ 1)
921796(542)
921800(541)
921819(536)
921831(532)
956862(435+ 5)
956863(465)
956878(483)
956882(480)
956885(478)
956973(457)
956980(511)
956986(516)
956989(511)
983188(442)
956896(544)
956907(445^ 1)
956923(461^ 1)
956957(452)
956972(445)
956887(497)
956890(488)
956892(463)
956893(537)
956894(523^ 1)
921758(484^ 1)
921759(442^ 3)
921776(470)
921777(524)
921786(461)
921564(508)
921565(451)
921566(509)
921567(502)
921568(474)
921555(496)
921557(512)
921558(474)
921560(538)
921563(491)
921570(508)
921574(472)
921576(540)
921580(513)
921584(525)
921593(532)
921597(534)
921605(487)
921607(543)
921610(500)
921585(531)
921586(483)
921587(516)
921588(447)
921590(518^ 1)
921547(544)
921548(490)
921550(522)
921552(538)
921554(521)
921511(524)
921512(528)
921513(511)
921514(544)
921515(490)
921498(508)
921499(526)
921501(522)
921504(489)
921510(497)
921516(498)
921517(495)
921520(529)
921521(544)
921522(535)
921540(511)
921541(465)
921542(469^ 2)
921543(450^ 3)
921546(513^ 3)
921527(487)
921530(532)
921531(504)
921534(492)
921539(524)
921700(440)
921701(473)
921703(442)
921704(469)
921707(509)
921694(495)
921695(492)
921696(529)
921698(484)
921699(488)
921709(491)
921710(536)
921712(509)
921715(505)
921717(500)
921739(519)
921740(514)
921741(477^ 1)
921748(467)
921750(477)
921721(498)
921727(530)
921728(486)
921730(525)
921733(513)
921664(526^ 1)
921671(509)
921675(526)
921686(536)
921690(501)
921623(508)
921624(532)
921629(514^ 1)
921632(524)
921634(519)
921611(494^ 1)
921614(517^ 2)
921618(489)
921620(454)
921621(521)
921637(492)
921641(499)
921642(520^ 3)
921643(523)
921644(501)
921657(506)
921658(490)
921661(454)
921662(544)
921663(466)
921647(535)
921648(508)
921649(542)
921652(515)
921653(503)
104
922115(573)
922116(645)
922126(576)
922127(607)
922136(596)
922093(593)
922094(568)
922099(587)
922101(572)
922114(618)
922139(632)
922145(624)
922147(638)
922154(640)
922160(611)
922212(574)
922215(608)
922216(568)
922220(586)
922225(614)
922177(627)
922186(586)
922194(628)
922199(569)
922210(624)
922072(611)
922074(598)
922077(551)
922078(579)
922081(618)
921940(603)
921944(585^ 1)
921966(649)
921974(641)
921977(601)
921915(569)
921918(574)
921920(548+ 2)
921925(591)
921930(570^ 1)
921986(622)
921989(594)
921990(648)
922007(562)
922016(591)
922059(559)
922061(565)
922063(632)
922067(600)
922071(628)
922020(598)
922025(553)
922036(561)
922038(592)
922058(561)
922354(626)
922358(614^ 2)
922361(647)
922366(601)
922371(653)
922332(611)
922333(593)
922334(596^ 2)
922336(640)
922338(572)
922310(558^ 2)
922311(604)
922317(558)
922319(548+ 2)
922329(587^ 2)
922235(597)
922236(592)
922240(604)
922241(647)
922248(641)
922226(551)
922227(648)
922231(639)
922233(555)
922234(653)
922251(579)
922252(605)
922254(635)
922258(639)
922271(650)
922292(551)
922293(639)
922297(558)
922308(583)
922309(591)
922281(559)
922283(592)
922285(569)
922287(565)
922290(563)
957214(749)
957215(729)
957248(690)
922111(660)
922121(665)
922140(674)
922148(708)
922149(683)
922053(715)
922090(675)
922091(754)
922100(715)
922104(666)
922229(669)
922244(738)
922268(661)
922276(662)
922279(656+ 4)
922158(755)
922196(763)
922205(746)
922213(731)
922221(729)
921957(688)
921967(740)
921970(710)
921976(758)
921981(710)
921917(723)
921924(697)
921932(738)
921941(678)
921945(683)
922021(664)
922039(689)
922043(725)
922048(746)
922049(664)
921985(750)
921995(668)
922000(692)
922006(728)
922015(688)
922284(670)
922289(687)
922304(667)
922313(748)
922314(673)
922553(731)
922584(709)
922589(707)
922593(701)
922612(759)
922517(657+ 3)
922523(705)
922526(705)
922530(692)
922532(697)
922676(700)
957174(683)
957175(721)
957187(687)
957209(674)
922616(762)
922626(721)
922632(662)
922645(686)
922646(656+ 4)
922347(674)
922403(693)
922415(754)
922435(712)
922444(666^ 2)
922323(749)
922327(683)
922328(728)
922342(657+ 3)
922345(669)
922494(728^ 3)
922503(679)
922513(716)
922514(678)
922515(763)
922447(672)
922453(721)
922457(686)
922459(757)
922488(723)
922463(799)
922473(787)
922480(768+ 2)
922492(859)
922510(815)
922272(788)
922278(815)
922383(768+ 2)
922408(870)
922431(837)
922633(794)
922649(839)
957199(844)
922516(843)
922563(853)
922574(781)
922604(814)
922606(766+ 4)
105
922208(508)
922209(528^ 1)
922214(448)
922218(465)
922219(460^ 1)
922197(468^ 2)
922203(449)
922204(461)
922206(466^ 1)
922207(512)
922228(457)
922237(435+ 5)
922238(506)
922239(501)
922243(481)
922266(481^ 3)
922273(446)
922274(485)
922277(456)
922280(456)
922245(489)
922246(486)
922247(463)
922255(470^ 3)
922260(511)
922174(515)
922183(440)
922190(513)
922191(455)
922193(477)
922102(441^ 1)
922103(496^ 3)
922105(538)
922109(478)
922113(467)
922117(530)
922118(442)
922122(478)
922123(538)
922130(448)
922162(506)
922170(455)
922171(527^ 1)
922172(486^ 1)
922173(530)
922132(506)
922137(441^ 2)
922142(523)
922150(544)
922159(451)
922286(498)
922291(531)
922296(450^ 2)
922299(525)
922300(441)
922508(473)
922509(505^ 2)
922511(470)
922519(494^ 2)
922524(475^ 1)
922487(536)
922489(470)
922491(490^ 3)
922493(511)
922501(493)
922528(494)
922529(474)
922534(450)
922543(544)
922544(538)
922449(534)
922455(535)
922460(510)
922461(462)
922478(496)
922318(517^ 1)
922321(542)
922330(502)
922335(532)
922351(487^ 3)
922303(458)
922306(496)
922307(484)
922312(455)
922315(533)
922362(457^ 3)
922364(537)
922369(481)
922388(470^ 1)
922391(447)
922426(463^ 1)
922433(463^ 3)
922440(524)
922441(508)
922448(515)
922406(466^ 1)
922410(514)
922417(463^ 1)
922423(470)
922424(458^ 2)
921965(523)
921975(479)
921983(522)
921992(463)
921993(528^ 2)
921997(448)
921998(467^ 1)
921999(491^ 1)
922001(464)
922004(503)
922083(465)
922085(532)
922086(459^ 1)
922088(541)
922095(488^ 1)
921919(536)
921921(475^ 2)
921922(441)
921937(508^ 2)
921950(449^ 2)
922040(505)
922041(465)
922042(495)
922047(483)
922050(491)
922051(458)
922060(449^ 1)
922064(481)
922069(490)
922073(445^ 2)
922010(462)
922012(498)
922014(516)
922017(512)
922018(473)
922019(474)
922026(448)
922027(519)
922030(538)
922037(522)
922464(557)
922467(574)
922468(565)
922471(558)
922477(613)
922499(629)
922500(628)
922525(616)
922533(581)
922535(570)
922539(576)
922540(565)
922546(547+ 3)
922548(550)
922551(647)
922381(546+ 4)
922384(572)
922399(645)
922400(606)
922402(604)
922411(604^ 1)
922412(547+ 3)
922422(549+ 1)
922425(639^ 2)
922427(598^ 1)
922432(621^ 1)
922442(655^ 3)
922443(578^ 2)
922454(573)
922456(635)
922556(566)
922566(588)
922571(619)
922573(605)
922580(580)
922677(612)
922679(599)
922683(609)
957152(549+ 1)
957162(584)
957171(602)
957181(580)
957192(555)
957198(639)
957205(567)
957217(579)
922661(624)
922662(628)
922664(552)
922668(642)
922671(608)
922582(595)
922585(627)
922587(595)
922599(644)
922609(629)
922610(553)
922617(597)
922620(587)
922624(607)
922634(618)
922638(551)
922642(625^ 2)
922650(608)
922654(587)
922658(650)
106
922751(798)
922752(767+ 3)
922753(793)
922755(870)
922758(847)
940425(938)
940426(888)
940427(878+ 2)
940429(880)
940430(952)
922756(895)
940421(878+ 2)
940422(929)
940423(891)
940424(900)
940443(931)
940445(912)
940446(879+ 1)
940447(932)
940448(915)
940433(892)
940434(897)
940438(881)
940440(897)
940441(875+ 5)
Bahria College (M.T. Khan Road)
922721(600)
922722(644)
922724(570)
922726(623)
940413(547+ 3)
940414(622)
940417(650)
922725(703)
922727(700)
922728(658+ 2)
922730(732)
940412(755)
940415(725)
922733(868)
922736(779)
922737(862)
922739(775)
940418(814)
922735(893)
922738(882)
940416(913)
922723(919)
922729(925)
922731(882)
922732(896)
922734(901)
Army Public College, Saddar
922331(411^ 3)
922374(407^ 5)
922418(419^ 2)
922490(414^ 2)
922504(437^ 1)
922068(409^ 1)
922135(419^ 3)
922146(439^ 2)
922198(426)
922261(432^ 1)
921959(420)
921978(420^ 1)
922035(424)
922056(430^ 1)
922057(413^ 3)
957160(423^ 4)
957165(405^ 1)
983224(432^ 2)
983227(410)
983240(423^ 3)
922667(426^ 3)
922675(428^ 3)
922693(400)
957153(410^ 1)
957158(421^ 2)
922541(430^ 1)
922618(422)
922622(421^ 2)
922640(438^ 1)
922656(430^ 3)
922666(503)
922670(477)
922672(479)
922673(543)
922674(541)
922680(531)
922682(514^ 3)
922692(525)
922696(543)
957157(460)
957166(439+ 1)
957169(498)
957172(538^ 3)
957185(542)
957188(535)
922547(459)
922550(445)
922564(453)
922570(531)
922597(506)
922605(545^ 6)
922613(518)
922621(534)
922625(488^ 1)
922627(539)
922636(481)
922637(537)
922651(473)
922659(515)
922663(537^ 2)
957250(461^ 2)
957264(512)
957265(506^ 3)
983221(454)
983222(491^ 2)
983223(465)
983226(437+ 3)
983229(489)
983230(468)
983235(485)
983237(518)
983239(520)
957197(476)
957207(499)
957208(544)
957213(518)
957218(442^ 3)
957219(479)
957221(462^ 1)
957223(459^ 2)
957225(442)
957226(455)
957228(442)
957230(537)
957237(527^ 3)
957239(516)
957243(474^ 2)
107
922858(856)
922861(859)
922868(807)
922869(776)
922880(859)
922837(789)
922849(842)
922851(874)
922853(862)
922857(768+ 2)
922825(821)
922826(769+ 1)
922828(791)
922830(793)
922835(821)
940616(799)
940600(789)
940606(831)
940611(873)
940612(767+ 3)
940615(788)
922882(812)
922883(802)
940580(872)
940584(870)
940598(786)
922833(894)
922838(936)
922850(986)
922859(899)
922860(884)
922864(901)
922867(881)
922871(913)
940591(951)
940595(912)
St. Patrick's College (Morning)
957541(542^ 1)
957551(449^ 1)
922771(654)
922776(613)
922785(582)
922787(627)
922788(573)
922795(630)
940551(638)
940554(652)
957544(605)
957545(582)
957547(585)
957549(620)
957546(693)
957548(757)
922803(672)
922804(748)
922805(684)
940555(755)
957543(669)
922772(700)
922775(671)
922777(665)
922778(732)
922781(721)
922782(674)
922783(752)
922784(729)
922786(676)
922790(698)
922792(670)
922796(677)
922798(675)
922800(738)
922801(697)
922773(782)
922774(779)
922779(870)
922780(794)
922789(826)
922793(818)
922794(771)
922797(786)
922799(787)
922802(871)
922806(765+ 5)
940552(783)
940553(773)
957542(789)
957550(842)
Guard Public Higher Secondary School
922754(699)
922759(733)
922760(764)
922763(738)
922761(854)
922762(854)
922765(865)
940428(782)
940431(852)
940432(852)
940435(844)
940436(859)
940437(824)
940439(851)
940442(827)
940444(840)
940449(795)
108
922926(549+ 1)
922928(615)
922930(628)
922931(639)
922932(597)
922915(592)
922916(560)
922920(575)
922921(605)
922924(552^ 1)
922901(630)
922905(587)
922909(624)
922911(599)
922914(554)
922937(608)
922941(607)
922947(583)
922949(579)
922950(614)
922952(717)
922955(655+ 5)
922957(655+ 5)
922959(695)
922960(661)
922935(689)
922939(683)
922940(728)
922946(730)
922948(666)
922912(671)
922919(690)
922922(760)
922929(679)
922933(727)
922966(729)
922970(711)
922971(722)
922972(680)
922973(702)
957688(669)
922992(670)
940631(711)
940636(662)
940642(678)
940652(758)
922975(720)
922980(702)
922982(716)
922988(667)
922990(731)
922934(780)
922936(780)
922942(779)
922943(806)
922944(825)
922945(827)
922963(848)
922968(771)
922976(783)
922977(838)
922978(837)
922987(796)
922989(793)
940647(853)
957684(789)
922974(923)
St. Patrick's College (Evening)
922841(530)
922846(541)
940572(528)
940574(486)
940607(504^ 2)
940613(499)
957636(498)
922852(648)
922856(653)
922878(627)
922885(623)
922886(622)
922832(585)
922834(627)
922842(603)
922845(576)
922848(636)
922821(634)
922822(631)
922823(648)
922824(603)
922827(617)
922889(647)
940573(642)
940575(602)
940578(604)
940579(649)
957637(633)
957638(606)
975504(588)
940609(628)
940610(615)
957633(575)
957634(653)
957635(648)
940581(582)
940588(547+ 3)
940597(648)
940601(569)
940602(551)
922862(691)
922863(756)
922865(745)
922866(694)
922870(750)
922872(661)
922873(663)
922874(673)
922875(666)
922876(756)
922829(660)
922831(743)
922836(751)
922839(661)
922840(762)
922843(727)
922844(677)
922847(703)
922854(763)
922855(710)
922877(736)
922879(669)
922881(675)
922884(723)
922887(738)
940603(673)
940605(662)
940608(656+ 4)
940614(699)
957631(732)
957632(704)
922888(714)
940571(751)
940577(691)
940582(720)
940583(670)
940587(738)
940592(679)
940593(675)
940594(741)
940596(732)
109
923091(431^ 6)
923086(527)
923094(480)
923098(538)
923101(509)
923121(543)
940793(512)
957859(512)
957869(469)
957872(514^ 2)
923092(601)
923095(557)
923099(553)
923100(604)
923102(636)
923078(647)
923082(593)
923087(590)
923088(644)
923089(612)
923103(651)
923120(585^ 3)
923122(649)
923123(654)
923133(634)
957864(566)
957866(545+ 5)
957868(631)
957871(616)
923136(587)
940798(579)
957852(625)
957858(589^ 1)
957860(545+ 5)
923118(666)
923119(699)
923125(713)
923130(745)
923131(743)
923096(759)
923104(704)
923109(720)
923112(687)
923115(698)
923080(760)
923084(752)
923085(725)
923090(702)
923093(659+ 1)
923135(756^ 3)
940791(706)
940795(665)
940799(725)
940800(695)
957874(686)
957875(717)
957862(731)
957865(706)
957867(726)
957870(656+ 4)
957873(704)
940801(761)
957851(681)
957853(667)
957856(668)
957861(764)
923072(711)
923073(719)
923074(730)
923075(718)
923076(758)
923106(867)
923107(808)
923108(792)
923110(777)
923111(802)
923071(844)
923077(794)
923079(783)
923081(792)
923083(785)
940792(828)
940794(779)
940797(793)
957854(792)
923116(787)
923117(813)
923128(848)
923129(860)
923134(779)
923105(875+ 5)
923113(927)
940796(960)
DHACSS Degree College (Intermediate)
922907(421)
940635(411)
940644(405)
940646(433)
940650(434^ 2)
940638(524^ 1)
940640(511^ 1)
940643(526)
940651(487)
940653(500)
922918(533)
922925(539)
922938(481)
922996(515)
940634(532)
957703(492^ 1)
983352(472)
940654(529^ 2)
957683(503)
957690(521)
957693(506^ 1)
957696(476^ 3)
922979(618)
922981(605)
922983(623)
922984(606)
922985(595)
922961(644)
922962(641)
922964(599)
922965(589)
922969(562)
922951(588)
922953(639)
922954(610)
922956(635)
922958(586)
957691(604)
957700(554)
957701(563)
940645(578)
940648(545+ 5)
940649(648)
957686(589)
957687(566^ 3)
922986(563)
922991(603)
922994(565)
922995(567)
940639(590)
110
923448(727)
923450(696)
923469(745)
923488(657+ 3)
923528(684)
923386(760)
923393(661)
923407(706)
923420(675)
923444(728)
923333(683)
923357(669)
923378(671)
923382(671)
923383(670)
923537(686)
923546(731)
923583(698)
923591(661)
923605(695)
923348(870)
923438(812)
923485(777)
923508(841)
923579(781)
923623(801)
923677(793)
923688(823)
923917(791)
923678(878+ 2)
923903(894)
923914(876+ 4)
923915(928)
Govt. Superior Commerce College (Evening)
923201(432)
923203(409^ 1)
923206(426)
923209(438^ 2)
923266(398^ 1)
923274(436^ 2)
923281(429^ 2)
923286(403^ 2)
923299(426)
958504(398^ 1)
923252(456)
923255(458^ 2)
923262(508)
923263(498)
923272(522)
923232(525)
923233(506)
923234(487)
923240(483^ 4)
923241(494^ 3)
923205(496)
923207(498^ 2)
923212(501)
923218(526)
923231(491)
983503(452)
923295(486)
923298(460)
958510(453^ 3)
958511(450)
983501(460)
923278(470)
923280(542)
923283(491)
923284(528)
923290(532)
923182(574^ 3)
923187(550^ 1)
923216(567^ 3)
923223(573)
923224(577)
923239(573)
923282(553)
923292(617)
923185(740)
923243(692)
923250(683)
923229(798)
Govt. Allama Iqbal Degree College (Evening)
923161(508)
923166(461)
923162(634)
923163(627)
923164(610)
923165(557)
940841(606)
940842(688)
940843(752)
Pace College of Advance Studies Clifton
111
923464(482)
923466(474)
923468(473)
923470(453)
923471(436+ 4)
923421(471^ 2)
923428(480)
923441(503)
923451(470^ 3)
923452(470^ 2)
923484(525^ 1)
923486(467^ 2)
923489(527)
923493(501)
923497(510)
923474(444)
923478(489)
923479(515)
923481(531^ 3)
923483(498)
923356(540)
923361(478)
923364(520)
923368(459)
923377(492)
923334(517)
923340(463)
923342(449^ 1)
923349(530)
923351(446)
923409(483^ 1)
923414(473)
923415(481^ 3)
923416(541)
923419(538)
923381(452)
923394(492^ 3)
923395(505)
923399(513)
923405(459)
923595(454^ 1)
923599(539)
923601(514)
923604(529)
923606(529)
923512(467)
923514(457)
923515(464^ 3)
923519(451)
923523(474)
923501(476)
923503(519)
923506(446)
923507(483)
923509(459)
923569(439+ 1)
923571(524^ 2)
923580(538)
923585(447^ 2)
923594(509)
923525(452)
923535(457)
923547(536)
923549(465)
923566(485)
923931(610)
923939(546+ 4)
958601(633)
958605(557)
958606(551)
923896(583)
923901(568)
923922(595^ 2)
923923(600)
923927(572)
923856(649)
923857(607)
923875(558)
923876(597^ 3)
923878(551)
958658(648)
958676(557)
958706(621)
958712(564)
983543(577)
958646(592)
958647(609)
958649(569)
958651(576)
958652(563^ 1)
958620(617)
958634(641)
958638(600)
958641(548+ 2)
958645(559)
923824(582)
923829(551)
923832(594)
923837(558)
923854(623)
923492(605)
923498(579)
923499(556)
923500(605)
923502(595)
923510(585)
923516(601)
923530(573)
923542(548+ 2)
923574(612)
923578(644)
923581(583)
923635(550)
923636(560)
923647(578)
923439(592)
923449(612)
923475(639)
923480(616)
923490(595)
923338(555)
923345(579)
923352(577)
923360(645)
923365(609)
923379(569)
923380(577)
923387(571)
923397(609)
923402(626)
923403(615)
923404(585)
923410(559)
923426(578)
923427(563)
923657(564)
923658(605)
923661(580)
923676(557)
923679(632)
923767(572)
923771(575)
923773(557)
923774(610)
923778(569)
923779(590)
923784(640)
923787(563)
923790(590)
923799(587)
923800(593)
923805(573)
923811(636)
923815(620)
923823(600)
923747(547+ 3)
923748(594)
923752(636)
923754(547+ 3)
923761(557)
923687(555)
923690(558^ 2)
923695(616)
923700(545+ 5)
923705(632)
923706(649)
923709(589)
923711(614^ 2)
923719(561)
923726(558)
923727(579)
923730(566)
923735(586)
923737(546+ 4)
923741(571)
923807(754)
923814(673)
923842(712)
923845(721)
923858(655+ 5)
923738(696)
923772(709)
923775(661)
923782(724)
923783(737)
923622(679)
923662(739)
923718(700)
923725(743)
923733(760)
958684(689)
923916(657+ 3)
923926(718)
923930(740)
958621(682)
958630(697)
923883(677)
923889(692)
923891(706)
923898(718)
923910(656+ 4)
112
Ali Intermediate College
923632(435^ 4)
923646(422^ 3)
923753(424^ 3)
923764(424)
923781(432^ 2)
923557(420^ 1)
923593(412)
923615(406^ 3)
923625(406^ 4)
923631(404^ 3)
923332(405^ 4)
923339(438^ 3)
923359(413^ 5)
923370(425^ 3)
923495(420^ 3)
923802(430^ 2)
923809(428)
923830(430^ 5)
923879(436^ 5)
923918(427^ 3)
983562(402^ 3)
983566(428)
983567(425)
958692(418)
958695(428^ 1)
958698(425^ 5)
983550(402)
983555(434)
923937(436^ 2)
958622(394^ 3)
958628(425^ 3)
958677(413^ 4)
958691(405)
958680(508)
958686(503)
958687(465^ 3)
958688(477)
958689(505)
958693(450)
958701(483)
958703(466^ 1)
958704(492)
958705(438+ 2)
958657(543)
958661(462)
958663(451^ 2)
958664(470)
958671(535)
958672(497^ 2)
958674(462)
958675(479)
958678(458)
958679(491)
958707(476^ 2)
958708(447)
958710(469)
958732(470)
958733(484)
983559(503)
983560(456^ 2)
983561(530)
983565(460)
983568(458)
983570(470)
958737(478^ 2)
983541(494)
983544(488)
983545(474)
983546(498)
983548(511)
983549(508)
983553(438+ 2)
983554(460)
983556(532)
923780(544)
923785(528)
923786(484)
923791(536)
923792(521)
923766(520)
923769(464^ 3)
923770(442)
923776(470)
923777(538)
923793(453)
923794(501)
923796(521)
923797(543)
923798(495)
923819(539)
923820(521)
923822(465^ 3)
923833(481^ 1)
923836(467)
923803(442)
923804(521^ 2)
923806(521)
923813(476^ 2)
923817(542)
923745(466)
923751(507)
923756(511)
923762(435+ 5)
923765(495)
923650(460)
923669(504)
923670(521)
923673(514)
923674(472^ 1)
923608(458)
923616(518)
923618(445)
923629(445)
923634(467)
923675(525)
923683(488)
923686(467)
923689(530)
923693(476^ 5)
923729(444^ 2)
923734(521)
923742(504)
923743(461)
923744(479)
923710(527)
923713(457)
923717(491^ 1)
923723(455^ 1)
923728(541)
923840(492^ 1)
923843(544)
923846(484)
923848(522)
923849(511)
923945(487)
923946(498)
923947(502)
958602(465)
958608(478)
923936(514)
923938(491)
923942(454)
923943(531)
923944(508)
958610(495)
958616(513)
958619(467^ 2)
958627(441)
958631(474)
958648(509)
958650(490)
958653(513^ 1)
958655(503)
958656(469)
958633(453)
958636(528)
958642(508)
958643(512)
958644(483^ 4)
923928(527)
923929(526)
923933(511)
923934(519)
923935(542)
923873(510)
923874(530)
923877(477)
923880(510)
923881(483)
923851(471)
923853(495)
923860(521)
923861(468)
923868(457^ 1)
923887(467)
923890(455^ 1)
923892(538)
923895(499)
923897(448^ 2)
923908(440)
923909(469)
923911(539)
923912(470)
923913(484^ 1)
923899(502)
923900(491)
923902(525)
923905(477)
923906(507)
113
941761(878+ 2)
New Fazaia Intermediate College, Shahrah-e-Faisal
941752(600)
983601(555)
923981(734)
923982(687)
923983(736)
923984(659+ 1)
923985(710)
923987(746)
923988(680)
923990(681)
923991(750)
923993(744)
923994(707)
923995(754)
923997(656+ 4)
923986(820)
923989(783)
923992(835)
923996(820)
KBV CAA Model School & College
923971(464)
923972(487)
976841(498^ 1)
Iqra Intermediate College for Boys & Girls, Shah Faisal Colony
958901(382^ 5)
923961(473)
923962(441)
923964(465)
923967(474)
941733(527)
941734(437+ 3)
958902(443)
983581(439+ 1)
923965(569)
923966(568)
941732(672)
114
Govt. Degree Boys College, Metrovill, S.I.T.E.
924032(515)
941829(515)
941837(439+ 1)
924035(547+ 3)
924037(595)
924038(549+ 1)
924040(641)
941830(638)
941835(645)
924031(746)
924034(714)
924039(666)
924041(727)
924042(721)
941823(741)
941832(657+ 3)
924033(827)
924036(780)
941822(778)
941824(831)
941827(779)
941834(856)
941836(845)
941828(970)
Cantt. Public Degree College Faisal Cantt.
941772(528)
959073(548^ 1)
924021(616)
924022(545+ 5)
959071(559)
959072(570)
941771(676)
Bright Success College
924005(492)
924006(463^ 1)
924008(486^ 2)
924010(459^ 4)
924011(539)
924001(649)
924002(603)
924007(546+ 4)
924009(575)
924003(676)
924004(732)
941766(721)
941767(715)
941762(795)
941763(799)
941765(784)
941768(834)
941769(804)
115
924508(654)
924512(581)
924519(581)
924525(611)
924526(611)
924531(545+ 5)
924533(579)
924535(584)
924538(626)
924542(640)
924544(573)
924547(602)
924548(606)
961507(562)
924504(656+ 4)
924513(727)
924524(701)
924536(726)
924537(681)
924518(845)
924540(787)
924541(901)
Govt. Degree Science & Arts College For Women Baldia Town
924166(439^ 2)
924179(433^ 2)
924198(399)
924201(496)
924202(480)
924204(515)
924205(477^ 1)
924210(524)
924151(456)
924155(531^ 3)
924163(464)
924170(527)
924199(472)
960172(477)
924211(442)
924213(464)
924228(522)
960162(498)
960164(455^ 1)
924208(629)
924226(608)
924225(674)
Govt. Degree Boys College, Mangopir, Karachi
924057(403^ 2)
924066(429)
924067(417^ 3)
924072(423)
924114(439^ 3)
924127(408^ 3)
960003(390^ 3)
960006(429)
960009(418)
960011(429)
960016(401^ 2)
924107(452)
924115(456^ 3)
924119(483)
960004(483)
960007(452^ 1)
924060(439+ 1)
924065(446)
924069(539)
924076(504)
924102(442)
960019(482)
960008(461)
960010(498)
960014(483)
960015(502)
960017(459)
924059(557)
924083(597)
924062(670)
116
924681(635)
924682(554)
Al-Baldia Memon Higher Secondary School
924662(467^ 2)
924669(501)
924668(640)
924672(610)
924675(592)
924661(763)
924663(706)
924667(722)
924670(761)
924673(689)
924674(723)
924665(831)
924666(856)
924671(774)
Haroon Bahria Intermediate College for Boys & Girls
924648(416^ 2)
924649(544^ 2)
924653(519)
924641(646)
924644(651)
924646(586)
924647(604)
924652(611)
924645(666)
924654(665)
924651(833)
The Graceful Higher Secondary School
924529(427^ 1)
924506(454^ 2)
924507(465)
924509(451^ 2)
924510(488^ 3)
924522(445^ 1)
924523(467^ 3)
961502(479)
961509(491^ 2)
117
924865(556)
924866(600)
924872(548+ 2)
924876(624)
924879(607)
924882(565)
924883(609)
924891(628)
924902(602)
924905(566)
924912(626)
924920(554)
924922(583)
924854(677)
924855(666)
924861(731)
924904(662)
924862(802)
924898(821)
924899(787)
Govt. Degree Girls College Gulzar-e-Hijri
924817(489)
924811(559)
924818(599)
924814(711)
924819(681)
924812(867)
924813(799)
Bel College for Modern Sciences
924731(467^ 2)
924732(491)
924733(492^ 3)
924740(542)
924748(477^ 1)
924753(481)
924764(481)
924784(488^ 1)
961872(543)
961873(512)
924736(558)
924739(556)
924742(592)
924747(553)
924772(584)
924780(583)
924785(571)
924790(564)
924797(597)
924737(689)
924743(656+ 4)
924754(724)
924760(675)
924762(737)
924770(687)
924774(680)
924777(754)
924787(694)
924734(854)
924755(795)
924771(886)
Govt. Girls Degree College, Gulshan-e-Hadeed, Bin Qasim
118
925016(501)
925017(535)
925022(526)
925027(471)
925035(520)
924964(497)
924967(510)
924973(536)
924996(539)
925002(492)
925019(648)
925023(605^ 1)
925024(607)
925025(552)
925032(554)
925036(576)
925053(627)
925063(582)
925079(611^ 3)
925081(610)
925084(606)
925087(549+ 1)
925089(647)
925091(651)
925093(565)
924962(640)
924966(632)
924969(602)
924970(608)
924974(624)
924975(586)
924976(610)
924982(565)
924984(580^ 1)
924989(582)
924995(596)
924998(648)
925001(607)
925007(610)
925010(616)
925157(572)
925171(570^ 1)
925181(585)
925184(654)
925192(625)
925193(577)
925195(605)
925199(597)
925207(569)
925208(639)
925209(605)
962504(566)
962514(610)
962527(633)
925095(548+ 2)
925101(607)
925103(578)
925104(641)
925114(587)
925118(573)
925121(652)
925122(629)
925129(624)
925136(565)
925138(573)
925139(583)
925143(611)
925146(632)
925148(639)
925144(747)
925158(655+ 5)
925162(672)
925165(655+ 5)
925169(720)
925117(679)
925120(658+ 2)
925125(681)
925133(708)
925134(661)
925191(725)
925204(719)
925212(750)
962506(674)
962530(682)
925170(689)
925177(709)
925178(670)
925180(670)
925188(674)
925106(660)
925107(733)
925111(695)
925113(702)
925116(685)
924994(660)
924997(706)
925003(673)
925004(704)
925006(707)
924977(690)
924983(707)
924987(695)
924988(684)
924993(752)
924956(759)
924958(724)
924960(744)
924961(737)
924971(684)
925008(665)
925009(666)
925011(690)
925012(704)
925015(694)
925083(703)
925085(697)
925092(709)
925094(689)
925099(681)
925058(744)
925060(658+ 2)
925065(743)
925069(671)
925073(730)
925018(753)
925029(713)
925038(745)
925055(698)
925057(751)
924959(781)
925000(820)
925034(795)
925039(768+ 2)
925042(824)
925045(780)
925061(789)
925066(859)
925072(822)
925074(770)
925082(834)
925105(831)
925124(786)
925142(769+ 1)
925175(871)
924972(884)
APWA Govt. College for Women Karimabad
924886(479)
924888(470^ 2)
924900(497)
924901(474)
924903(446^ 1)
924858(492)
924871(447^ 6)
924877(448^ 4)
924878(443^ 1)
924885(525)
924911(443^ 6)
924914(486)
924919(447^ 3)
924923(477)
924925(500)
924906(533)
924907(515^ 3)
924908(528)
924909(471)
924910(489^ 1)
119
925280(638)
925283(592)
925299(649)
925300(611)
925303(583)
925304(629)
925309(548+ 2)
925319(566)
925323(603)
925327(575)
925334(574)
925338(586)
925343(559^ 1)
925348(552)
925349(613)
925221(571)
925224(645)
925230(575)
925239(552)
925242(623)
925243(643)
925249(629)
925250(583)
925262(597)
925263(571)
925264(572)
925269(569)
925274(565)
925276(574)
925277(642)
925350(546+ 4)
925355(550)
925358(624)
925364(568)
925366(648)
925372(581)
925374(590)
925375(557)
925376(635)
925385(648)
925387(562)
925394(627)
925405(551)
925409(589)
925422(641)
925400(659+ 1)
925401(693)
925412(678)
925419(720)
925425(743)
925427(663)
925430(676)
925442(736)
925445(716)
925448(672)
925379(728)
925383(660)
925384(748)
925388(712)
925390(727)
925351(675)
925353(760)
925354(704)
925359(716)
925363(706)
925365(742)
925367(746)
925368(750)
925370(665)
925378(677)
925581(709)
925585(693)
925588(673)
925594(746)
925612(692)
925617(744)
925626(676)
925551(756)
925555(728)
925557(683)
925572(719)
925574(697)
925480(744)
925488(693)
925502(669)
925509(681)
925528(682)
925530(756)
925538(674)
925539(686)
925548(745)
925550(677)
925306(683)
925307(760)
925324(722)
925337(694)
925340(691)
925223(657+ 3)
925229(727)
925234(658+ 2)
925237(708)
925238(715)
925241(722)
925244(714)
925246(669)
925252(743)
925253(736)
925254(731)
925255(675)
925268(684)
925286(713)
925291(695)
925329(782)
925330(792)
925332(771)
925357(785)
925381(766+ 4)
925247(784)
925258(851)
925271(798)
925293(802)
925321(821)
925429(818)
925437(771)
925438(810)
925447(765+ 5)
925469(799)
925607(772)
925627(836)
925485(848)
925526(769+ 1)
925543(770)
925554(791)
925556(844)
925308(890)
925414(971)
Govt. Science & Commerce College for Women, Block 16 F.B.Area
925203(422^ 2)
925109(525)
925115(465)
925123(518)
925128(537)
925131(541)
925088(510^ 1)
925096(532)
925100(507^ 3)
925102(439+ 1)
925108(485^ 1)
925048(542)
925049(500)
925054(468^ 2)
925067(534)
925070(528)
925141(450^ 1)
925145(515)
925150(542)
925152(484)
925155(532)
962521(467^ 2)
962523(542)
962524(485)
984331(536)
984333(505)
925200(501^ 1)
925206(467^ 2)
925213(501^ 3)
962503(541)
962520(506)
925159(467)
925166(516)
925174(480^ 1)
925179(475)
925189(531)
120
Govt. Girls Degree College Al-Noor F.B. Area
925295(418^ 5)
925362(412^ 4)
925499(422^ 3)
925503(421)
925512(395^ 3)
925519(411^ 2)
925533(412^ 2)
925625(433^ 1)
962632(429)
962633(419^ 2)
962648(434)
962650(433)
925486(530)
925487(490)
925490(479)
925501(534)
925506(478)
925507(450^ 3)
925516(463^ 2)
925524(475)
925531(531)
925532(532)
925536(465)
925542(544)
925558(514)
925563(478)
925577(467)
925411(508)
925417(453^ 4)
925418(493)
925421(512)
925428(463^ 5)
925433(535)
925440(542)
925441(466^ 2)
925446(537)
925453(472)
925455(460)
925456(512^ 1)
925478(513)
925482(455)
925483(444^ 2)
925641(480)
962626(440)
962628(455^ 3)
962631(435+ 5)
962635(469)
962640(443^ 2)
962645(528)
962649(455)
962654(461)
962655(502)
984373(462)
984376(537)
984377(474)
984378(492)
925579(488)
925580(532)
925584(507)
925587(516)
925597(528)
925605(526)
925608(455)
925609(502)
925610(482)
925614(507)
925622(453^ 1)
925631(459)
925632(455^ 2)
925633(525^ 1)
925636(439+ 1)
925392(523)
925393(542)
925395(503)
925398(541)
925408(528^ 2)
925278(460)
925284(443)
925285(504)
925289(542)
925290(504)
925251(468)
925260(507)
925267(518)
925270(523)
925273(478)
925222(536)
925225(516)
925226(510)
925227(476^ 2)
925235(521)
925292(481)
925296(475)
925297(456^ 1)
925310(501)
925320(491^ 1)
925371(542)
925373(540)
925377(490)
925382(534)
925391(529^ 1)
925341(524)
925342(478)
925345(533^ 1)
925361(461)
925369(458^ 6)
925322(457)
925326(508)
925328(456)
925331(535)
925339(530)
925505(607)
925508(629)
925510(582)
925511(610)
925518(571)
925522(605)
925529(640)
925535(557)
925540(584)
925541(569^ 1)
925544(548+ 2)
925546(630)
925547(602)
925549(641)
925553(556)
925491(570)
925492(581)
925494(621)
925495(559)
925498(557)
925426(558)
925436(623)
925443(587)
925452(547+ 3)
925454(645)
925459(645)
925460(620)
925462(627)
925463(559)
925464(626)
925465(638)
925467(629)
925481(634)
925484(643)
925489(589)
925604(630)
925606(612)
925618(570)
925619(626)
925620(552)
925623(563)
925629(609)
925635(654)
925639(586)
962624(605)
962629(581)
925598(590)
925599(654)
925600(570)
925601(596)
925603(566)
925559(585)
925564(600)
925567(650)
925568(632)
925569(573)
925570(592)
925571(640)
925575(603)
925576(568)
925578(601)
925589(610)
925590(641)
925591(564)
925593(611)
925595(594)
121
926015(868)
926018(851)
926021(765+ 5)
926035(847)
926041(791)
926051(799)
926056(798)
926060(861)
926061(869)
926063(780)
925978(785)
925981(793)
925986(838)
926002(845)
926014(820)
925915(770)
925921(789)
925922(849)
925923(790)
925935(797)
925943(778)
925947(785)
925948(769+ 1)
925954(846)
925960(769+ 1)
926067(812)
926073(806)
926081(793)
926082(799)
926084(796)
926151(775)
926152(801)
926161(807)
926172(787)
926178(850)
962857(772)
926123(837)
926124(805)
926125(798)
926128(782)
926150(819)
926085(827)
926091(827)
926092(838)
926100(781)
926106(766+ 4)
926108(834)
926109(780)
926111(836)
926114(766+ 4)
926117(837)
925999(875+ 5)
926003(931)
926008(915)
926078(892)
926086(905)
926095(878+ 2)
926113(904)
926147(878+ 2)
926159(902)
Shaheed-e-Millat Govt. Degree College for Women Azizabad
925714(415^ 2)
925763(403)
925793(435^ 3)
984413(442)
962752(498)
962760(484)
962763(540)
984411(449)
984412(478)
925709(476)
925712(480)
925713(445)
925715(492^ 1)
925722(482)
925690(500)
925694(486^ 1)
925697(477)
925703(521)
925707(539)
925662(524^ 2)
925664(520)
925666(519)
925671(530)
925689(487)
925724(444)
925733(492^ 2)
925737(476)
925738(463)
925746(542)
925839(500)
925847(477^ 2)
925871(542)
925892(523^ 1)
962751(466)
925785(463)
925787(505)
925794(472)
925795(452^ 3)
925835(509^ 3)
925749(493^ 2)
925750(446)
925764(440)
925767(480^ 1)
925771(516^ 3)
925740(575)
925747(560)
925748(604)
925751(615)
925775(559)
925684(642)
925688(624)
925701(615)
925711(552)
925736(596)
925665(629^ 3)
925667(655^ 2)
925673(555^ 1)
925679(572)
925680(549+ 1)
925865(601^ 2)
925867(559^ 3)
925869(567)
925887(627^ 1)
925827(556^ 1)
925850(634)
925855(578)
925858(552^ 3)
925864(636)
925782(613)
925784(624)
925791(568)
925821(637)
925822(590)
925678(704)
925696(687)
925721(759)
925741(664)
925753(764)
925668(724)
925670(688)
925672(731)
925674(685)
925675(667)
925836(682)
925844(759)
925870(726)
925885(664)
925754(712)
925755(665)
925789(679)
925809(694)
925823(683)
925742(771)
925788(788)
925810(820)
122
962856(418^ 2)
926052(508)
926062(472)
926066(531)
926075(460)
926096(466^ 2)
926006(541)
926022(524^ 2)
926029(533^ 1)
926034(486^ 3)
926047(530)
925958(464^ 2)
925976(530^ 3)
925992(480)
925994(529)
925997(518^ 1)
926112(484^ 2)
926134(493)
926137(517^ 2)
926140(540)
926162(456)
962849(544)
984441(482)
984442(448)
984445(514)
962840(524)
962841(528)
962843(513)
962846(482^ 2)
962847(457^ 4)
926167(543)
926179(525^ 1)
962835(492)
962838(526)
962839(540)
926083(564)
926088(628)
926089(628)
926090(641)
926093(617)
926097(630)
926098(578)
926101(611)
926105(650)
926115(632)
926030(594)
926038(599)
926039(642)
926050(645)
926053(558)
926065(612)
926069(625)
926071(645)
926072(581)
926079(647)
926116(635)
926120(625)
926122(592)
926129(629)
926130(626)
926173(594)
926177(590^ 3)
926180(647)
926181(626)
926182(555)
962842(564)
962844(586)
962845(641)
962850(648)
926133(608)
926139(557)
926145(566^ 3)
926146(595)
926148(653)
926154(602)
926155(576)
926157(648)
926160(652)
926165(638)
925953(575)
925956(567)
925959(611^ 2)
925964(608)
925968(621)
925924(586)
925925(562^ 3)
925939(597)
925941(604)
925944(585)
925911(596^ 2)
925912(620)
925913(642)
925914(653^ 2)
925917(592)
926016(643)
926019(596)
926020(637)
926023(637)
926027(617)
925998(645)
926005(585)
926007(637)
926010(610)
926012(588)
925970(629)
925973(587)
925974(615)
925985(564)
925996(580^ 2)
925982(706)
925988(739^ 1)
925990(758)
926001(672)
926009(762)
926011(712)
926013(693)
926017(737)
926024(710)
926025(707)
926026(656+ 4)
926028(753)
926031(753)
926032(677)
926033(751)
925971(735^ 1)
925972(733)
925975(679)
925979(674)
925980(754)
925918(696)
925920(697)
925928(671^ 2)
925929(691)
925932(758)
925933(762)
925938(667)
925940(686)
925942(748)
925946(728)
925950(750)
925957(734)
925961(759)
925962(675^ 3)
925963(666)
926040(740)
926042(729)
926044(702)
926048(730)
926049(680)
926138(726)
926141(716)
926142(687)
926143(668)
926149(750)
926153(698)
926158(762)
926163(664)
926166(724)
926170(669)
926174(671)
962833(757)
962848(719)
962858(678)
926110(715)
926121(694)
926127(672)
926135(750)
926136(674)
926055(763)
926057(723)
926058(664)
926059(692)
926068(672)
926070(711)
926076(680)
926080(673)
926087(738)
926094(672)
926099(729)
926102(684)
926103(743)
926104(672)
926107(743)
123
926312(541)
926311(633)
926313(739)
926314(700)
926316(742)
926315(855)
926317(785)
926318(804)
Metropolitan Girls College, F.B. Area
926272(648)
926298(618)
926299(562)
926269(713)
926270(717)
926274(728)
926294(764)
926304(751)
926267(791)
926271(774)
926276(851)
926279(783)
926280(834)
926261(806)
926262(872)
926264(771)
926265(846)
926266(841)
926292(767+ 3)
926293(812)
926295(783)
926296(810)
926300(801)
926281(867)
926282(818)
926283(831)
926285(864)
926289(841)
926278(887)
926284(930)
926286(921)
926287(880)
926288(919)
926263(886)
926268(945)
926273(892)
926275(924)
926277(906)
926303(904)
926290(979)
926291(905)
926297(880)
926301(915)
926302(879+ 1)
Metropolis Intermediate College for Girls
926256(430^ 1)
926253(515)
926255(491^ 2)
926252(609)
926257(609)
926254(824)
Memon Girls College, Block-3, F.B. Area
124
926525(542)
926530(475^ 1)
926535(541)
926541(488)
926545(479)
926546(436+ 4)
926547(543)
926548(476^ 1)
926549(494)
926553(458)
926513(443^ 2)
926516(449^ 3)
926520(528)
926522(543)
926523(477)
926462(497)
926467(460^ 3)
926472(435+ 5)
926474(504)
926477(542)
926485(454^ 2)
926491(511)
926494(472)
926497(457)
926512(442^ 2)
926556(538)
926558(500)
926559(454)
926566(476)
926568(486)
926584(483)
926587(463)
926592(518)
926594(441^ 1)
926604(542)
926608(512)
926609(534)
926611(466)
926617(535)
926622(520)
926640(634)
926644(646)
926658(614)
926659(596)
926668(597)
926690(546+ 4)
926696(608)
926698(573)
926701(622)
926706(567)
926595(619)
926598(644)
926602(553)
926612(565)
926639(653)
926533(567)
926534(557)
926554(618)
926563(584)
926571(604)
926575(624)
926576(550)
926582(630)
926589(599)
926591(554^ 1)
926709(607)
926714(652)
926717(588)
926720(627)
926727(570)
963608(606)
963609(631)
963611(631)
963618(549+ 1)
963619(592)
963621(571)
963622(580)
963625(552)
963631(621)
963643(551)
926757(624)
926759(565)
926765(565)
926766(617)
963601(631)
926728(562)
926729(647)
926733(584)
926737(619)
926738(605)
926743(553)
926744(604)
926750(617)
926752(625)
926754(547+ 3)
926514(652)
926517(648)
926521(548+ 2)
926526(572)
926529(598)
926461(605)
926465(568)
926473(566)
926475(584)
926481(623)
926482(642)
926487(609)
926490(631)
926506(549+ 1)
926511(647)
926551(692)
926555(713)
926561(685)
926569(748)
926596(682)
926606(758)
926631(669)
926638(723)
926643(680)
926654(735)
926483(734)
926488(697)
926493(725)
926501(720)
926502(704)
926508(697)
926519(729)
926528(658+ 2)
926532(678)
926543(698)
926655(710)
926669(743)
926681(686)
926684(727)
926687(720)
926755(731)
926756(696)
963604(664)
963613(672)
963624(690)
963641(700)
926689(683)
926695(689)
926705(718)
926723(683)
926725(707)
926731(696)
926734(657+ 3)
926740(715)
926748(725)
926751(662)
926469(776)
926479(773)
926495(843)
926499(823)
926503(801)
926510(772)
926537(798)
926538(869)
926544(849)
926557(847)
926562(798)
926615(776)
926618(774)
926666(767+ 3)
926722(807)
926620(896)
Govt. Deg. Girls College Shaikh Zaid Centre Gulshan-e-Iqbal
125
927228(815)
927259(834)
927272(859)
927273(792)
927298(779)
927338(801)
927352(790)
927379(825)
927398(785)
927399(778)
Govt. Degree Girls College Block 13, Gulistan-e-Jauhar
926819(539)
926824(459)
926826(496)
926836(475^ 2)
926843(491^ 3)
926791(462^ 3)
926803(533)
926804(491)
926805(476^ 3)
926808(484)
926849(509^ 3)
926855(466^ 2)
926860(481^ 2)
926862(519)
926863(536)
984654(478)
926866(524)
963730(501)
963732(475)
984651(447)
984653(539)
926816(569)
926818(581)
926822(606)
926828(628)
926838(583)
926794(571)
926796(608)
926807(612)
926811(550)
926815(558)
926784(557)
926785(555)
926787(561)
926788(553)
926793(570)
926865(620)
926873(621)
926874(556)
963724(601)
963727(634)
926847(568)
926850(586)
926851(551)
926853(562^ 3)
926861(562)
926839(601)
926840(572)
926841(557)
926844(577)
926846(610)
926789(679)
926792(667)
926797(681)
926800(655+ 5)
926802(734)
926814(733)
926823(731)
926832(702)
926845(681)
926848(724)
926854(754)
926867(715)
926790(813)
926827(829)
926856(858)
926864(824)
926876(793)
963736(798)
Govt. Degree Girls College Block 12, Safoora Goath
926476(428)
926515(401^ 1)
926527(432^ 2)
926536(412^ 1)
963638(429^ 3)
984604(415)
926704(497)
926707(536)
926712(526)
926713(527^ 1)
926718(478)
926719(466)
926721(536)
926732(533)
926735(534)
926736(491)
926623(505^ 1)
926625(440)
926652(523)
926664(512^ 2)
926676(459^ 3)
926682(518)
926686(490^ 2)
926692(445^ 3)
926694(442)
926697(537)
926746(444)
926753(502)
926758(472)
926762(515^ 3)
926763(538)
963635(495)
963636(508)
963637(504)
963642(502)
963644(521)
963646(519)
963649(451)
963651(536)
984603(475)
963602(527)
963607(538)
963614(457)
963626(478)
963628(454)
963629(439+ 1)
963630(486)
963632(437+ 3)
963633(495)
963634(457)
126
927481(801)
927483(869)
927500(790)
927506(794)
927507(770)
927509(804)
927518(805)
927520(832)
927526(874)
927527(853)
927529(853)
927530(820)
927533(778)
927537(785)
927538(785)
927426(803)
927427(782)
927432(824)
927433(836)
927439(797)
927451(782)
927462(801)
927466(774)
927468(777)
927469(874)
927470(796)
927473(818)
927474(845)
927477(792)
927478(784)
927540(773)
927542(766+ 4)
927543(864)
927544(793)
927545(861)
927546(807)
927549(847)
927551(787)
927554(785)
927555(797)
927562(823)
927568(801)
927576(772)
927583(802)
927590(799)
927592(862)
927598(781)
927602(791)
927604(767+ 3)
927613(784)
927479(885)
927484(901)
927486(975)
927508(898)
927514(889)
927424(888)
927428(936)
927429(970)
927441(967)
927448(886)
927521(891)
927525(930)
927528(964)
927531(877+ 3)
927532(959)
927667(891)
927674(889)
927547(950)
927553(947)
927566(971)
927580(904)
927638(931)
Khatoon-e-Pakistan Govt.Deg. College For Women Stadium Road
927258(428^ 3)
927342(411^ 3)
927371(430^ 1)
927391(424^ 3)
963883(422)
963884(501)
984691(436+ 4)
984692(454^ 2)
927276(539)
927277(481^ 1)
927295(529)
927299(464)
927302(486^ 1)
927243(529)
927244(483)
927253(453)
927254(501)
927266(549^ 2)
927222(493)
927231(439+ 1)
927232(452)
927237(495^ 1)
927242(497^ 3)
927331(441)
927332(501)
927341(453)
927346(509^ 1)
927362(496^ 6)
927403(468)
963878(538^ 1)
963880(544)
963881(439+ 1)
963882(506)
927386(502)
927390(535)
927392(500)
927400(509^ 1)
927401(466^ 3)
927367(468^ 1)
927380(442)
927382(539)
927383(451^ 5)
927385(496)
927303(621)
927308(591)
927314(645)
927322(573)
927323(565)
927264(620)
927269(612)
927270(580)
927294(618)
927301(604)
927221(579)
927224(558)
927229(611)
927249(611)
927262(606)
963855(561)
963869(598)
963885(551)
963892(614)
927365(563)
927370(570)
927378(636)
927396(616)
927410(582)
927324(572)
927329(578)
927330(583)
927357(554)
927358(563)
927265(692)
927267(666)
927271(667)
927281(730)
927288(742)
927239(704)
927245(730)
927248(717)
927251(682)
927257(673)
927289(678)
927292(735^ 3)
927309(656+ 4)
927313(728)
927315(658+ 2)
927366(719)
927384(658+ 2)
927397(751)
963876(764)
927317(689)
927321(690)
927334(727)
927340(668)
927364(694)
963875(780)
127
927519(645)
927534(559)
927541(577)
927548(637)
927550(615)
927557(631)
927560(621)
927567(604)
927569(629)
927575(631^ 2)
927589(559^ 2)
927594(561)
927597(630)
927603(545+ 5)
927611(623)
927503(622)
927504(624)
927505(587^ 3)
927512(620)
927516(577)
927421(606)
927434(597)
927435(596)
927437(565)
927443(552)
927447(641)
927449(615)
927453(610)
927460(652)
927465(640)
927475(582)
927480(610)
927489(559)
927493(603)
927499(648)
927709(583)
927711(625)
927714(639)
927722(561)
927723(618)
927728(587)
927737(546+ 4)
927749(654)
927752(564)
927760(619)
927672(654)
927675(613)
927692(630)
927695(588)
927702(550^ 3)
927614(654)
927616(604)
927623(577)
927627(592)
927630(634)
927631(632)
927636(649)
927641(554)
927650(624)
927657(608)
927663(622)
927665(563)
927668(625)
927669(568)
927670(583)
927715(675)
927717(755)
927718(687)
927719(706)
927721(696)
927704(760)
927706(723)
927708(698)
927710(691)
927713(669)
927686(720)
927689(701)
927691(677)
927698(735)
927703(703)
963951(721)
963955(660)
963958(658+ 2)
963961(701)
927738(762)
927741(672)
927742(691)
927744(717)
927757(756)
927725(697)
927727(697)
927733(736)
927734(680)
927736(715)
927673(735)
927676(686)
927678(708)
927683(709)
927684(750)
927471(747)
927476(690)
927482(669)
927488(714)
927495(687)
927496(677)
927498(715)
927501(717)
927502(694)
927510(679)
927511(747)
927513(742)
927517(669)
927522(661)
927523(750)
927425(749)
927430(688)
927431(657+ 3)
927436(675)
927438(688)
927440(673)
927442(671)
927445(717)
927450(700)
927454(692)
927455(736)
927456(695)
927459(732)
927461(672)
927464(753)
927524(658+ 2)
927536(698)
927539(751)
927556(748)
927564(763)
927619(687)
927620(667)
927629(754)
927632(697)
927634(689)
927639(761)
927640(756)
927643(699)
927648(728)
927649(741)
927651(661^ 2)
927653(722)
927658(668^ 2)
927662(671)
927666(690)
927565(720)
927572(746)
927574(681)
927581(725)
927586(733)
927591(752)
927593(760)
927596(760)
927600(687)
927605(705)
927606(704)
927609(685)
927610(697)
927612(753)
927615(737)
927682(790)
927685(850)
927690(801)
927693(811)
927694(770)
927697(862)
927699(837)
927701(824)
927705(766+ 4)
927707(843)
927617(795)
927618(824)
927621(825)
927622(798)
927637(777)
927645(811)
927646(811)
927660(802)
927671(817)
927681(785)
927746(850)
927747(798)
927748(843)
927750(847)
927751(863)
927754(774)
927755(785)
927756(803)
927758(834)
963954(817)
927712(810)
927716(867)
927720(796)
927726(776)
927730(837)
927731(847)
927735(843)
927739(868)
927740(808)
927743(841)
128
928113(726)
928133(658+ 2)
928135(657+ 3)
928138(784)
928117(878+ 2)
928141(882)
Govt. Girls College P.I.B. Colony
927981(523)
927986(509)
927990(484)
927982(585^ 1)
Govt. Degree Girls College, Shahnawaz Shar Goath
927893(505)
927906(536)
964481(439+ 1)
927899(564)
927904(644)
927910(630)
927892(689)
927895(748)
927898(692)
927901(688)
927903(707)
927896(871)
927900(817)
927907(853)
927909(860)
927911(846)
927894(924)
927897(892)
927902(890)
927908(911)
Hayat Ul Islam Girls College
927559(432^ 2)
927588(509^ 2)
927635(517)
927642(523)
927647(507)
927654(533)
927485(538)
927492(539)
927558(452^ 1)
927578(512^ 1)
927582(525^ 3)
927422(495)
927444(496)
927446(522)
927458(452)
927472(527)
963952(508)
963960(543)
984721(538)
927688(452)
927724(542^ 1)
927729(450^ 2)
927732(540^ 2)
927745(540)
927655(497)
927656(516)
927677(488)
927680(505)
927687(502)
963953(620)
963957(617)
129
928250(796)
928256(872)
928257(793)
928258(819)
928260(826)
928262(839)
928263(816)
928269(872)
928272(847)
928278(777)
928280(853)
928285(839)
928290(844)
928293(780)
928296(768+ 2)
928201(845)
928206(865)
928209(852)
928212(777)
928214(790)
928216(871)
928220(845)
928223(797)
928228(848)
928233(822)
928236(808)
928242(824)
928243(802)
928247(788)
928249(827)
928298(822)
928300(783)
928301(829)
928302(869)
928303(831)
928306(781)
928307(808)
928308(775)
928310(770)
928313(840)
928315(818)
928322(786)
928324(850)
928325(769+ 1)
928337(774)
928341(826)
928342(817)
928343(814)
928345(826)
928347(783)
928391(899)
928400(885)
928402(882)
928403(953)
928404(960)
928408(963)
928409(902)
928419(887)
928421(992)
928423(895)
928368(932)
928370(904)
928371(951)
928373(878+ 2)
928376(886)
928377(913)
928378(952)
928379(941)
928382(972)
928384(904)
928429(897)
928431(928)
928435(928)
928436(967)
928437(876+ 4)
928477(908)
928480(921)
928484(986)
928487(933)
965502(897)
965511(915)
965514(885)
928445(886)
928451(928)
928452(944)
928453(961)
928455(915)
928456(932)
928461(964)
928464(897)
928468(898)
928473(925)
928353(907)
928359(917)
928360(912)
928363(901)
928367(916)
928235(917)
928237(938)
928238(899)
928241(958)
928253(917)
928255(909)
928261(895)
928264(923)
928265(961)
928266(901)
928226(952)
928227(985)
928229(913)
928232(887)
928234(982)
928202(886)
928207(892)
928210(929)
928211(893)
928213(938)
928217(940)
928221(924)
928222(906)
928224(965)
928225(909)
928267(992)
928274(947)
928277(884)
928281(880)
928283(878+ 2)
928329(903)
928330(944)
928331(957)
928333(990)
928334(980)
928335(929)
928339(891)
928344(972)
928346(888)
928351(946)
928318(891)
928319(952)
928321(921)
928327(918)
928328(985)
928287(914)
928288(930)
928289(973)
928291(941)
928292(928)
928295(933)
928304(909)
928311(928)
928316(883)
928317(916)
BAMM P.E.C.H.S. Govt. College For Women
928122(415)
928136(439^ 2)
928091(510^ 2)
928094(496)
928095(536)
928107(504^ 3)
928109(458^ 3)
928114(534)
928118(463)
928130(462)
928131(455)
964942(455)
928092(552)
928093(590)
928097(553^ 2)
928098(585)
928112(553)
928115(633)
928120(574)
928124(573)
928129(548+ 2)
928134(586)
928137(632)
928144(592)
130
928508(555)
928523(586^ 3)
928525(551)
928534(633)
928540(574)
928501(721)
928502(714)
928512(763)
928513(661)
928535(752)
Dukhtar-e-Mashriq Govt. Degree Girls College
928218(476)
928244(487)
928476(515^ 3)
928479(534)
928356(565)
928358(648)
928383(580)
928385(611)
928386(631)
928215(584)
928230(567)
928245(651)
928271(597)
928297(585^ 2)
928440(621)
928458(554)
928471(554)
928485(626)
965512(564)
928389(569)
928395(552^ 5)
928399(602)
928418(653)
928425(654)
928482(738)
965501(670)
965506(706)
965507(724)
965508(743)
965510(760)
928450(744)
928454(684)
928459(761)
928460(756)
928463(689)
928259(749)
928268(695)
928270(723)
928273(731)
928275(724)
928279(753)
928282(723)
928284(764)
928286(688)
928294(717)
928203(761)
928205(753)
928208(682)
928231(688)
928239(731)
928240(668)
928246(686)
928248(764)
928251(701)
928252(727)
928299(657+ 3)
928305(710)
928309(691)
928312(722)
928314(742)
928415(745)
928424(729)
928428(695)
928433(750)
928439(753)
928441(702)
928442(716)
928443(756)
928446(729)
928447(694)
928320(708)
928326(739)
928336(736)
928338(697)
928340(749)
928349(735)
928374(671)
928375(731)
928380(762)
928397(753)
928392(805)
928393(858)
928394(861)
928396(788)
928398(843)
928401(869)
928405(786)
928406(830)
928407(828)
928410(834)
928411(799)
928412(840)
928413(803)
928414(829)
928416(803)
928348(806)
928352(870)
928355(874)
928357(817)
928361(818)
928362(868)
928364(868)
928365(830)
928366(796)
928369(858)
928372(856)
928381(781)
928387(780)
928388(850)
928390(796)
928467(848)
928469(820)
928470(835)
928474(841)
928475(825)
928478(822)
928481(851)
928483(794)
928486(850)
965503(788)
965509(847)
965513(865)
928417(837)
928420(860)
928422(872)
928426(874)
928427(872)
928430(833)
928432(814)
928434(865)
928438(801)
928448(783)
928449(873)
928457(833)
928462(836)
928465(812)
928466(832)
131
928835(705)
928841(733)
928843(731)
928848(685)
928849(699)
928756(699)
928764(731)
928769(761)
928821(755)
928834(699)
928755(791)
928800(767+ 3)
928844(815)
928847(839)
928852(807)
928860(862)
928870(851)
928912(797)
928975(788)
928988(779)
929071(775)
929079(813)
929151(766+ 4)
929158(777)
928973(923)
965770(878+ 2)
Govt. Islamia College For Women
928654(420^ 1)
928655(459)
928660(439+ 1)
928672(496^ 2)
928678(512)
928681(443^ 1)
928618(483^ 3)
928619(544)
928630(450^ 3)
928633(540)
928640(474)
928561(497)
928562(504)
928576(544^ 1)
928596(476)
928606(541)
985174(535)
928725(456)
928732(465^ 1)
928733(463^ 2)
985171(449)
985172(443)
928697(467^ 3)
928698(542^ 3)
928712(487^ 1)
928713(456^ 1)
928718(519)
928735(599)
928736(557)
928737(587)
928687(633)
928704(632)
928726(569)
928731(554)
928734(632)
928620(626)
928623(636)
928627(644)
928629(620)
928634(559)
928578(630)
928602(654)
928609(652)
928614(581^ 1)
928617(590)
928671(564)
928673(559^ 1)
928676(569)
928684(564)
928685(620)
928638(558)
928639(610)
928642(641)
928667(607)
928670(591)
928604(673)
928605(668)
928608(669)
928632(759)
928647(704)
928567(741)
928569(752)
928574(658+ 2)
928575(672)
928583(662)
928656(721)
928664(733)
928666(694)
928668(706)
928677(656+ 4)
928707(656+ 4)
928720(730)
928721(655+ 5)
928730(741)
928680(759)
928686(669)
928694(747)
928699(683)
928705(762)
928573(771)
928616(829)
928641(787)
928679(844)
928689(808)
928603(882)
Govt. Girls Degree College, Mehmoodabad Block 6, P.E.C.H.S.
928503(413)
928509(430)
928518(417)
928541(411^ 3)
928514(503)
928515(482)
928517(474)
928519(461^ 1)
928522(459^ 2)
928530(470)
985151(466)
965603(554)
132
928879(512)
928880(438+ 2)
928886(499)
928888(535)
928891(524)
928858(524)
928863(534)
928867(451)
928869(477)
928878(523)
928892(536)
928895(456^ 2)
928898(452)
928915(515^ 2)
928925(501^ 1)
928945(543)
928948(542)
928955(475)
928956(515)
928961(522)
928926(477)
928930(502)
928934(453^ 2)
928937(501)
928944(464)
928782(498^ 2)
928786(484)
928788(481)
928792(480)
928793(544)
928752(516)
928761(514)
928762(464)
928774(526)
928778(501)
928801(480)
928804(449^ 3)
928806(461^ 3)
928807(456)
928809(445)
928837(488)
928838(464^ 2)
928845(488)
928851(538)
928855(457)
928823(537)
928825(436+ 4)
928826(498)
928829(543)
928832(521^ 2)
928969(488)
928970(465)
928971(500)
928976(539)
928977(485)
929110(490)
929113(506)
929121(463)
929126(510)
929128(529)
929097(516^ 2)
929098(525)
929100(513)
929101(449)
929109(480)
929001(500)
929004(507^ 2)
929005(472)
929006(536)
929014(453)
928978(477)
928979(451^ 1)
928985(515)
928989(494)
929000(451^ 3)
929016(481)
929018(478)
929022(439+ 1)
929024(524)
929030(501)
929058(521)
929069(496^ 3)
929074(532)
929083(506)
929092(522^ 3)
929035(531)
929042(505^ 1)
929043(443^ 1)
929045(469^ 3)
929052(464)
929162(572)
929169(546+ 4)
929174(552)
965765(545+ 5)
965790(637)
929104(644)
929107(587)
929140(636)
929145(582)
929146(605)
928839(578)
928857(613)
928861(633)
928864(642)
928866(596)
928874(564)
928882(621)
928885(559)
928890(570)
928894(592)
928899(568)
928903(594)
928905(633)
928906(602)
928914(625)
928751(612)
928757(622)
928766(628)
928767(554)
928771(639)
928779(591)
928781(566)
928787(580)
928789(619)
928791(588)
928795(616)
928810(566)
928820(561)
928824(634)
928836(562)
929012(616)
929019(616)
929029(570)
929037(605)
929038(566)
929054(583)
929055(558)
929063(591)
929070(630)
929076(622)
929081(572)
929084(581)
929085(587)
929093(597)
929099(624)
928927(566)
928931(588)
928933(621)
928939(650)
928946(601)
928951(566)
928957(577)
928964(596)
928968(601)
928974(566)
928980(566)
928981(617)
928982(605)
928995(633)
928998(629)
928901(692)
928909(700)
928916(725)
928928(733)
928960(675)
928965(729)
928967(678)
928983(665)
928986(686)
928991(763)
928853(728)
928862(671)
928865(730)
928871(735)
928877(670)
928881(660)
928884(735)
928887(666)
928893(668)
928896(702)
929007(694)
929009(661)
929023(704)
929034(691)
929047(661)
929165(730)
929167(720)
929170(655+ 5)
965751(689)
965773(686)
965784(712)
965797(723)
929061(704)
929067(665)
929089(657+ 3)
929090(743)
929096(692)
929116(674)
929118(731)
929133(656+ 4)
929143(687)
929161(719)
133
929344(624)
929347(584)
929351(584)
929360(585)
929361(598)
929354(692)
929394(739)
929418(742)
929421(668)
929430(678)
929444(727)
929458(701)
929397(870)
929455(870)
929377(881)
Shaheed Mohtarma Benazir Bhutto Govt. Degree Girls College
929279(433^ 3)
929306(423^ 3)
965895(431^ 2)
985231(437^ 3)
929274(540)
929284(482^ 1)
929285(474)
929287(515)
929291(446)
929201(489)
929207(510)
929255(528)
929268(536)
929272(532)
965892(454^ 3)
965893(509)
965894(484)
965898(486^ 1)
985232(449)
929292(459^ 3)
929304(494)
929305(523^ 3)
929312(468^ 3)
929313(513)
929244(590^ 3)
929259(560)
929262(651)
929263(556)
929264(646)
929293(559)
929295(650)
929296(611)
929309(548+ 2)
929311(582)
929316(569)
965901(624)
929225(562)
929226(597)
929237(583)
929239(593)
929240(561)
929202(628)
929204(638)
929210(549+ 1)
929214(574)
929216(570)
929230(699)
929231(701)
929232(678)
929236(677)
929238(656+ 4)
929203(693)
929208(674)
929215(715)
929217(721)
929228(660)
929276(693)
929282(675^ 1)
929286(693)
929299(670)
929310(738)
929246(721)
929249(732)
929251(669)
929258(710)
929265(694)
929233(767+ 3)
929235(809)
929253(815)
929254(804)
929256(774)
929257(826)
929283(801)
929289(799)
929297(833)
929302(838)
929314(807)
H.R.H. Agha Khan Govt. Girls Inter College
928784(425^ 3)
928797(435^ 2)
928827(402^ 4)
928833(429^ 3)
928950(412^ 4)
929053(417^ 2)
929075(429^ 3)
929077(432)
965755(433)
965756(434)
965777(436^ 2)
929164(443)
929177(468)
965754(468)
965757(501)
965758(454)
929130(509)
929132(524^ 3)
929139(495)
929153(479)
929160(514^ 2)
965796(504)
985202(468)
985203(441)
985204(505)
965772(527)
965783(492)
965792(452^ 1)
965794(468^ 1)
965795(522)
134
929612(577)
929613(618)
929614(629)
929615(649)
929616(633)
929620(636)
929617(662)
Gulistan Shah Abdul Latif Girls Higher Secondary School
929548(508)
929570(487)
929573(457)
929541(615)
929543(599^ 3)
929544(601)
929553(644)
929561(595)
929562(555)
929567(637)
929572(579)
929575(640)
929583(608)
929591(627)
929592(619)
929596(561)
966261(629)
985331(620)
929593(750)
929598(689)
929599(758)
929581(690)
929584(698)
929587(722)
929588(755)
929589(723)
929542(661)
929546(710)
929549(730)
929554(704)
929555(734)
929556(732)
929557(711)
929558(746)
929564(712)
929565(689)
929566(734)
929571(702)
929576(656+ 4)
929577(711)
929578(679)
929547(844)
929551(792)
929559(862)
929560(832)
929563(817)
929574(861)
929586(802)
929595(864)
929597(765+ 5)
929545(893)
929550(944)
929552(930)
929568(885)
929569(1005)
929579(922)
929580(925)
929582(904)
929585(901)
929590(906)
Fatimiyah College Girls Campus
929348(428^ 3)
929364(408^ 1)
929381(404^ 3)
965969(432)
929342(503)
929349(470^ 2)
929357(454^ 4)
929370(484^ 3)
929375(543)
929331(455)
929332(464)
929335(495)
929338(464)
929339(511)
929463(456)
965963(478)
965964(472)
929388(510^ 3)
929400(510)
929419(466)
929424(515)
929429(457)
929389(556)
929391(652)
929393(597)
929398(608)
929399(595)
929371(635)
929374(639)
929376(627)
929379(570)
929387(577)
929456(650)
929408(553)
929417(630)
929433(592)
929439(606)
929453(591)
135
929753(652)
929765(645)
929772(604)
929773(564)
929774(651)
929742(699)
929746(716)
929748(688)
929758(744)
929759(759)
929769(715)
929771(721)
929741(851)
929744(774)
929745(766+ 4)
929747(783)
929749(824)
929754(843)
929755(780)
929756(805)
929757(844)
929760(816)
929761(848)
929762(793)
929763(864)
929764(851)
929768(766+ 4)
929750(995)
929751(918)
929767(898)
Al-Badar Higher Secondary School (Girls)
929733(590)
929731(759)
929732(751)
Green Flag Intermediate College
929683(401^ 6)
929681(449)
929684(460^ 2)
Mariam Higher Secondary School, Azam Town
929619(503)
136
929932(924)
929935(963)
Mama Girls Intermediate College, P.E.C.H.S. Karachi
929873(499)
929875(493)
929883(461^ 3)
929876(582)
929877(613)
929880(637)
929881(619)
929882(553)
929884(580)
929874(658+ 2)
929878(671)
Aisha Bawany Girls College (Intermediate)
929781(538)
929799(542^ 2)
985483(514)
929794(612)
929795(598)
929801(648)
929806(601)
929807(648)
929808(649)
929816(654)
929825(577)
929832(560)
929836(609)
966652(584)
929782(713)
929792(753)
929800(706)
929804(693)
929821(701)
929823(705)
929826(763)
929828(723)
929831(657+ 3)
966653(663)
929802(849)
929805(838)
929809(780)
929815(861)
929817(776)
929784(871)
929790(856)
929793(868)
929796(806)
929797(765+ 5)
966651(786)
929819(793)
929822(846)
929827(830)
929829(874)
929834(800)
929789(887)
929791(943)
929798(973)
929810(968)
929811(907)
929783(878+ 2)
929785(939)
929786(920)
929787(968)
929788(889)
929824(940)
929835(918)
929812(892)
929813(904)
929814(882)
929818(933)
929820(956)
CAMS Girls College, Tipu Sultan Road
929743(535)
929770(483)
137
930070(683)
930074(700)
930090(663)
930101(712)
930105(758)
930109(679)
930112(684)
930119(705)
930132(679)
930138(708)
930140(734)
930143(743)
930146(712)
930149(656+ 4)
930150(669)
930045(711)
930047(733)
930049(700)
930062(699)
930068(701)
929978(745)
929983(761)
929984(742)
929986(677)
929988(719)
929989(673)
929999(748)
930007(659+ 1)
930016(756)
930020(702)
930021(710)
930029(666)
930031(733)
930035(738)
930039(747)
930158(657+ 3)
930163(724)
930170(673)
930171(671)
930177(707)
930266(722)
930270(690)
930274(666)
930277(673)
930285(684)
930190(681)
930191(671)
930192(657+ 3)
930193(684)
930201(656+ 4)
930205(704)
930206(701)
930209(699)
930220(713)
930235(732)
930242(680)
930248(705)
930253(717)
930261(724)
930265(686)
930291(823)
930292(845)
930313(864)
930331(772)
930346(799)
930252(794)
930269(786)
930276(774)
930280(812)
930290(780)
930214(765+ 5)
930233(771)
930243(803)
930246(769+ 1)
930250(816)
930350(796)
930356(794)
930365(767+ 3)
930385(844)
930388(843)
930471(775)
930483(839)
930484(778)
967311(807)
930427(787)
930432(795)
930450(774)
930456(855)
930460(767+ 3)
930402(785)
930403(843)
930412(818)
930419(805)
930424(818)
930168(829)
930176(831)
930186(771)
930198(801)
930204(767+ 3)
930017(857)
930022(832)
930034(848)
930044(804)
930055(874)
929990(782)
930003(777)
930004(818)
930013(791)
930014(777)
930056(853)
930060(803)
930069(793)
930073(795)
930080(815)
930135(778)
930136(820)
930145(866)
930148(853)
930153(793)
930097(825)
930099(847)
930104(827)
930115(834)
930121(797)
930064(914)
930100(881)
930116(895)
930125(893)
930161(922)
929982(875+ 5)
929995(893)
930030(884)
930041(889)
930048(914)
930452(922)
930455(892)
930222(899)
930357(878+ 2)
930378(900)
930418(924)
930431(913)
Govt. College For Women Korangi No. 4
929923(505)
929927(508)
929930(551)
929933(590)
929921(716)
929924(756)
929928(699)
929934(666)
929922(827)
929925(766+ 4)
929926(851)
929931(825)
929936(822)
138
930042(492^ 1)
930053(538)
930054(540)
930077(514)
930079(498^ 1)
930000(528)
930018(509^ 2)
930019(501)
930026(517)
930040(525)
929974(471)
929981(529^ 1)
929985(486)
929987(469)
929993(461^ 3)
930284(634)
930286(643)
930288(573)
930303(580)
930305(566)
930260(611)
930262(588)
930267(564)
930271(630)
930273(547+ 3)
930316(573)
930321(628)
930330(581)
930337(587)
930339(587)
930306(643)
930307(653)
930309(565^ 3)
930311(587)
930314(625)
930213(622^ 1)
930215(584)
930217(567)
930221(634)
930229(609)
930195(621)
930202(599)
930208(597)
930210(640)
930212(571)
930255(598)
930256(611)
930257(612)
930258(602)
930259(580)
930231(573)
930232(648)
930236(637)
930244(579)
930254(625)
930447(646)
930453(605)
930458(609)
930459(560^ 1)
930463(621)
930433(571)
930434(599)
930438(586)
930440(648)
930444(596)
930486(571^ 3)
967306(573)
967317(587)
930467(549+ 1)
930472(579)
930473(611)
930474(577)
930477(623)
930372(618)
930377(602)
930380(552)
930381(623)
930387(615)
930341(547+ 3)
930345(560)
930348(545+ 5)
930364(583)
930369(553)
930408(557)
930417(646)
930420(632)
930422(596)
930426(633)
930393(613)
930394(549+ 1)
930399(620)
930401(616)
930406(643)
930184(599)
930185(557)
930187(620)
930189(610)
930194(640)
930028(572^ 3)
930032(654)
930036(576)
930037(612)
930038(624)
930046(602)
930051(629^ 1)
930052(628)
930057(651)
930059(600)
930065(640)
930066(642)
930067(624)
930075(558)
930076(633)
929973(639)
929975(548+ 2)
929977(555)
929979(622)
929980(623)
929992(574)
929997(617)
930001(611)
930005(627)
930006(630)
930011(590^ 1)
930012(593)
930015(603)
930023(546+ 4)
930027(617)
930131(637)
930142(624)
930152(647)
930156(625)
930159(639)
930160(549+ 1)
930162(553)
930166(555)
930172(641)
930173(583)
930174(602)
930175(614)
930180(557)
930182(654)
930183(558)
930081(649)
930086(631)
930087(556)
930088(611)
930089(645)
930091(602)
930092(651)
930093(642^ 3)
930096(627)
930102(626)
930106(647)
930107(617)
930120(631)
930124(625)
930126(600)
930323(693)
930324(693)
930351(735)
930358(738)
930373(672)
930379(714)
930382(726)
930386(656+ 4)
930390(691)
930392(688)
930289(758)
930293(655+ 5)
930294(748)
930298(732)
930299(752)
930300(752)
930312(760)
930317(745)
930319(718)
930322(722)
930398(678)
930400(733)
930404(725)
930405(751)
930407(691)
930449(708)
930454(666)
930457(737)
930461(702)
930462(704)
930468(697)
930469(693)
930470(731)
967304(698)
967312(702)
930410(723)
930411(723)
930413(712)
930414(666)
930415(706)
930425(686)
930435(710)
930439(693)
930443(722)
930446(679)
139
930606(587)
930619(609^ 1)
930640(594)
930654(578)
930659(628)
930660(562)
930670(567)
930671(581)
930677(566)
930682(574^ 2)
930683(637)
930685(647)
930686(642)
930691(613)
930693(652^ 2)
930508(604)
930520(619)
930533(547+ 3)
930534(559)
930535(599)
930538(610)
930540(600^ 1)
930543(646)
930546(615)
930548(619)
930565(603)
930567(564)
930572(623)
930577(570)
930590(639)
930728(555)
930743(580)
930747(571^ 1)
930760(581)
930762(576)
930767(621)
930785(610)
930786(573)
930788(556)
930805(648)
930817(612)
930826(590)
930831(600)
930846(546+ 4)
930851(568)
930852(607)
930865(653)
930867(636)
930870(592)
930871(621)
930759(723)
930802(678)
930803(726)
930838(667)
930840(764)
930620(745)
930644(702^ 2)
930653(726)
930662(739)
930673(685)
930516(680)
930518(729)
930559(655+ 5)
930578(708)
930600(662)
931040(667)
931043(753)
931079(672)
931082(715)
931098(702)
930968(686)
930996(754)
930997(722)
931024(665)
931033(703)
930854(715)
930896(668)
930911(753)
930915(700)
930932(680)
930787(769+ 1)
930864(853)
930882(776)
930891(848)
930937(773)
930989(798)
930998(859)
931017(788)
931041(823)
930542(790)
930566(865)
930593(842)
930624(794)
930652(785)
Govt. College For Women Korangi No. 6
929976(438^ 1)
930072(419^ 3)
930275(424)
930295(439^ 3)
930304(433^ 2)
930374(393^ 4)
930216(520^ 3)
930218(509)
930219(544)
930226(486)
930234(489)
930238(467)
930245(508)
930272(481)
930279(541)
930281(448)
930282(474)
930287(485)
930296(538)
930301(532)
930308(467)
930179(493)
930181(473)
930188(535)
930200(518)
930203(533)
930082(502)
930083(511)
930095(450^ 3)
930103(494)
930108(503)
930110(515)
930117(533)
930128(485)
930129(512)
930141(441^ 6)
930155(535)
930157(503^ 3)
930167(467^ 1)
930169(459^ 3)
930178(452^ 3)
930315(514^ 2)
930320(452)
930325(510)
930326(537)
930333(500)
930451(508)
930464(512)
930465(447^ 3)
930466(461)
930476(500)
930479(463)
930485(485^ 3)
967305(544)
967307(467^ 1)
967315(530)
985602(518)
930416(524)
930423(537)
930442(468)
930445(513)
930448(458)
930335(485)
930338(535)
930343(483^ 2)
930353(470)
930354(538)
930359(496)
930361(456^ 4)
930363(516)
930366(487)
930371(449)
930376(503)
930391(457)
930395(474^ 3)
930397(485^ 1)
930409(543)
140
931153(637)
931176(648)
931182(604)
931185(555^ 1)
931195(546+ 4)
931117(580)
931119(570)
931130(567)
931151(576)
931152(606)
931234(652)
931251(575)
931333(598)
931361(549+ 1)
931363(640)
931409(594)
931417(593^ 3)
931486(605)
967611(589^ 3)
931364(603)
931369(558)
931389(615)
931394(561)
931399(583)
931115(662)
931166(657+ 3)
931211(666)
931224(688)
931257(680)
931285(671)
931301(691)
931325(763)
931491(836)
Govt. Degree Girls College Sector 42, Korangi 2-1/2
930512(418)
930549(435^ 2)
930736(434^ 1)
930763(422)
930811(388^ 2)
930815(435^ 1)
930877(403^ 6)
930919(422^ 1)
930961(411)
931039(409^ 3)
967438(400^ 3)
967448(421^ 4)
967449(439^ 2)
985643(394)
985647(413)
967423(460)
967435(517)
985642(467)
985651(470^ 3)
985658(445)
931044(493^ 3)
931059(540^ 1)
931066(511)
931068(468^ 3)
931086(517)
930645(512)
930647(538)
930675(496^ 2)
930717(464)
930718(540)
930725(500)
930727(494)
930734(485)
930738(469^ 1)
930744(461)
930764(445^ 1)
930769(534)
930775(528^ 3)
930792(516)
930797(521^ 2)
930501(540^ 3)
930507(525)
930515(480)
930517(505)
930519(493)
930529(491^ 6)
930531(519)
930537(542^ 3)
930539(545^ 3)
930564(508)
930598(533)
930601(520)
930609(465)
930630(510^ 4)
930643(496)
930801(525)
930812(518)
930813(509)
930818(519)
930823(469^ 2)
930939(484)
930942(471^ 1)
930943(540)
930950(463)
930952(508)
930969(447^ 2)
930972(480)
930973(481^ 1)
930981(543^ 1)
930982(543)
930994(456)
931011(517)
931022(453)
931025(480^ 3)
931036(511^ 3)
930827(481^ 3)
930828(440)
930841(493)
930842(462)
930853(472)
930868(490)
930869(530)
930887(459^ 3)
930900(450^ 1)
930901(520)
930902(474)
930910(543)
930930(512)
930935(460^ 1)
930936(441)
930934(620)
930944(581)
930947(575)
930948(556)
930951(550)
930958(620)
930959(589)
930960(587)
930963(630)
930964(615)
930876(650)
930892(574)
930895(616)
930897(569)
930898(649)
930903(582)
930904(641)
930912(589)
930921(634)
930926(645)
931051(547+ 3)
931058(578^ 1)
931065(586)
931072(546+ 4)
931081(645^ 2)
931083(573)
931100(605)
967428(563)
967434(589^ 3)
930965(636)
930980(594)
930988(563)
930991(620)
931008(550)
931010(558)
931021(561^ 3)
931028(597)
931045(572)
931050(578)
141
931616(841)
931622(788)
Nasra Girls College
931591(533)
931595(513^ 3)
931603(593)
931592(659+ 1)
931594(723)
931596(703)
931598(681)
931599(756)
931601(691)
931607(725)
931597(772)
931600(816)
931604(840)
931606(817)
931593(932)
931602(892)
931605(910)
Firoza Khatoon Women College(Intermediate)
931538(433^ 6)
931535(495)
931546(514^ 2)
931554(521)
985701(474)
931537(613)
931539(605)
931549(600)
931555(589)
931558(614)
931547(754)
931551(764)
931542(822)
931550(797)
931553(790)
931560(794)
Govt. Degree Girls College Ibrahim Hyderi
931286(439^ 2)
931317(409^ 2)
931377(417^ 3)
967630(403)
931237(451^ 3)
931259(490)
931260(464)
931264(482)
931299(456)
931164(527^ 6)
931165(457)
931186(539)
931190(442)
931225(515)
931120(496)
931134(523^ 3)
931135(458)
931136(475)
931148(491)
931302(503)
931312(488)
931332(516^ 1)
931337(528)
931339(506)
931476(456^ 1)
931479(491)
931485(457^ 4)
967612(498^ 1)
985671(486)
931385(489^ 3)
931392(536)
931403(442^ 1)
931408(468^ 1)
931451(490^ 1)
931350(461^ 2)
931358(495)
931359(521)
931370(465)
931378(462^ 1)
142
931816(588)
931824(588)
931835(634^ 1)
931837(567)
931838(576)
931849(586)
931850(552)
931852(561)
931864(651)
931871(569)
931722(598)
931728(586)
931730(590)
931740(585)
931741(575^ 3)
931757(648)
931783(638)
931791(562)
931806(586)
931809(560)
931875(649)
931877(637)
931879(576)
931880(611^ 2)
931881(595)
931882(620)
931892(616)
931893(628)
931895(571)
931912(578)
931913(592)
931922(571)
931929(623)
931931(620)
931942(557)
931796(674^ 2)
931817(664)
931819(674)
931828(664)
931840(669)
931724(708)
931726(755)
931733(672)
931738(656+ 4)
931785(655+ 5)
931866(728)
931867(665)
931888(690)
931889(755)
931898(686)
931951(688)
968504(695)
968530(763)
931903(689)
931926(754)
931930(676)
931932(657+ 3)
931937(724)
931729(806)
931743(766+ 4)
931800(766+ 4)
931813(825)
931829(785)
931862(850)
931865(866)
931899(842)
931902(773)
931944(766+ 4)
931946(871)
931727(910)
Govt. Degree Girls College Landhi 3-1/2
931644(546+ 4)
931651(557)
931656(579)
931641(701)
931646(758)
931649(677)
931652(729)
931653(684)
931654(751)
931642(859)
931643(840)
931645(810)
931655(820)
931647(954)
931650(931)
Khadija Girls College (Intermediate)
931612(552)
931614(640)
931618(635)
931620(599)
931611(738)
931613(734)
143
The Horizon Higher Secondary School
985951(420)
932042(476^ 3)
932044(453^ 4)
932052(498)
932045(546+ 4)
932051(724)
Govt. Girls Higher Secondary School, Landhi No. 1
932003(505^ 3)
932007(464)
932010(518)
932022(506)
968622(499)
932004(546+ 4)
932016(580)
932008(683)
932011(669)
932012(657+ 3)
932017(764)
932025(759)
932005(842)
Govt. Degree Girls College, Industrial Area, Landhi
931808(413^ 5)
931891(414^ 3)
931896(423)
931900(423^ 3)
931905(431^ 1)
931781(480)
931811(455^ 1)
931812(517)
931831(502)
931841(538)
931844(511)
931846(437+ 3)
931856(478)
931860(482)
931863(536)
931725(479)
931734(442^ 1)
931737(514^ 3)
931739(484^ 2)
931742(461)
931752(516)
931760(493^ 3)
931763(522)
931775(527)
931777(517)
931947(516^ 1)
931960(503)
931961(539)
931962(488^ 1)
931966(522)
931973(514)
931982(477^ 1)
968528(483^ 5)
985901(544)
985902(454)
931868(482)
931872(478^ 2)
931873(464)
931897(513)
931901(537)
931916(534)
931921(441^ 2)
931925(527)
931938(503)
931941(511)
931948(600)
931949(641)
931950(606)
931953(605)
931967(643)
931972(636)
931975(645)
968522(573)
144
932184(749)
932187(681)
932190(662)
932195(662)
932200(658+ 2)
932177(701)
932178(675)
932180(704)
932181(684)
932182(735)
932220(734)
932223(669)
932232(764)
932237(735)
932240(717)
932203(725)
932204(753)
932207(745)
932213(677)
932214(720)
932098(757)
932102(732)
932103(724)
932108(656+ 4)
932121(743)
932081(719)
932083(703)
932085(704)
932087(728)
932088(762)
932154(683)
932167(659+ 1)
932168(670)
932173(763)
932174(700)
932129(728)
932131(699)
932138(655+ 5)
932141(684)
932144(718)
932322(675^ 2)
932330(675)
932334(716)
932335(757)
932338(759)
932313(660)
932314(683)
932316(768^ 3)
932317(691)
932321(735)
932360(712)
932366(719)
932377(696)
932380(735)
932342(741)
932351(716)
932353(712)
932357(729)
932358(761)
932276(655+ 5)
932278(720)
932281(684)
932286(713^ 2)
932287(753)
932244(666)
932248(762)
932255(728)
932271(750)
932272(720^ 3)
932301(761)
932302(732)
932303(679)
932311(661)
932312(668)
932289(683^ 1)
932292(691)
932293(713)
932294(682)
932298(724)
932305(768+ 2)
932318(777^ 1)
932329(787)
932336(846)
932337(869)
932345(815)
932346(782)
932348(856)
932359(872)
932367(857)
932369(785)
932372(767+ 3)
932275(784)
932277(849)
932288(784)
932290(795^ 2)
932304(812)
932134(788)
932137(796)
932140(781)
932151(773)
932152(848)
932113(813)
932115(840)
932124(773)
932126(788)
932130(830)
932082(829)
932091(781)
932101(847)
932107(861)
932112(844)
932162(783)
932164(833)
932171(795)
932185(847)
932186(775)
932233(804)
932250(779^ 1)
932256(781)
932267(803)
932269(797)
932218(781)
932221(804)
932225(830)
932228(797)
932229(855)
932193(817)
932198(849)
932202(844)
932215(836)
932217(816)
932093(889)
932196(892)
932211(933)
932239(910)
932249(915)
932261(890)
932328(910)
932332(877+ 3)
932378(888)
Govt. Degree College for Women Nazimabad
932063(632)
932061(745)
932062(839)
932064(778)
932065(842)
145
932487(448)
932494(530)
932495(544)
932497(458)
932503(450)
932505(544)
932512(487)
932515(537)
932518(475)
932519(465)
932452(471^ 3)
932460(472)
932481(459^ 2)
932482(452^ 5)
932484(450^ 1)
932408(467)
932409(462^ 3)
932410(522)
932414(520)
932431(463^ 3)
932440(508^ 1)
932441(531)
932442(498)
932444(539^ 1)
932451(453)
932521(507)
932528(529)
932530(472)
932547(529^ 1)
932555(511^ 3)
932561(498)
932565(458)
932570(452)
932574(541)
932578(528)
932456(569)
932458(568)
932474(575)
932480(579)
932490(605)
932418(572)
932422(570)
932436(573)
932443(632)
932450(598)
932493(646)
932501(581)
932510(642)
932526(560)
932545(616)
932602(637)
969162(584)
969170(624)
969175(610)
932553(598)
932572(579^ 1)
932576(585)
932579(573)
932597(559^ 1)
932429(752)
932496(677)
932516(724)
932525(687)
932534(755)
932541(659+ 1)
932554(738)
932620(711)
932575(836)
Govt. Girls Degree College KMC Park Liaquatabad
932118(432^ 1)
932175(452^ 1)
932209(493^ 5)
932222(542)
932235(506)
932241(455^ 4)
932147(509)
932148(491)
932149(440^ 3)
932150(516)
932156(441^ 2)
932092(539)
932094(521)
932097(514^ 1)
932109(461)
932143(509^ 3)
932370(497)
932343(505)
932347(455)
932350(527)
932354(487)
932356(494)
932251(530^ 3)
932260(516^ 3)
932299(538^ 1)
932315(482^ 2)
932331(514^ 1)
932161(631)
932166(626)
932176(576)
932183(606)
932189(546+ 4)
932191(562)
932194(629)
932199(634)
932201(599)
932210(578)
932142(592)
932146(565)
932153(629)
932155(602)
932158(587)
932086(564)
932095(634)
932096(573)
932100(650)
932104(578^ 2)
932106(619)
932117(549+ 1)
932123(560)
932127(604)
932139(636)
932212(643)
932216(577)
932219(560)
932234(555)
932254(652)
932327(599^ 1)
932341(611)
932344(593)
932349(628)
932355(642)
932361(548+ 2)
932368(640)
932371(564)
932373(608)
932376(647)
932309(602)
932319(578)
932323(591^ 1)
932324(631)
932325(629)
932259(566^ 2)
932263(655^ 1)
932264(593)
932265(628)
932270(641)
932280(591^ 1)
932283(648)
932284(633)
932296(554^ 3)
932307(659^ 1)
146
932717(462)
932718(511)
932722(467)
932723(514^ 2)
932725(485)
932730(543)
932731(508)
932739(481)
932747(531)
932749(451)
932690(536^ 1)
932698(484^ 4)
932708(474)
932711(498)
932713(524)
932655(529)
932656(462)
932665(508)
932670(523)
932673(519)
932680(485^ 2)
932681(515)
932684(441^ 4)
932686(455)
932688(474)
932754(513)
932755(492)
932757(525)
932764(488)
932775(471^ 3)
932781(495)
932783(503)
932789(458^ 3)
932798(478)
932802(507)
932808(455)
932818(489)
932819(505^ 5)
932833(523^ 3)
932838(435+ 5)
932743(584)
932744(577)
932745(628)
932750(633^ 2)
932758(574)
932762(635^ 1)
932776(623)
932777(552)
932784(577)
932792(636)
932719(595)
932724(601)
932728(632)
932734(557)
932740(625)
932669(559)
932677(551)
932692(625)
932693(605^ 1)
932705(545+ 5)
932706(648)
932709(569)
932710(547+ 3)
932714(558)
932716(583)
932794(586)
932801(606)
932804(592)
932806(640)
932815(552)
932909(616)
932912(648)
932913(637)
932915(592)
969432(626)
969439(588)
969442(606)
969461(553)
986052(601^ 1)
932889(634)
932892(627)
932898(602)
932903(579)
932907(545+ 5)
932820(625)
932823(621)
932827(636)
932839(633)
932840(624^ 3)
932842(618)
932856(632)
932872(555)
932876(628)
932879(558^ 2)
932631(630)
932645(632)
932647(579)
932648(571)
932659(647)
932720(753)
932735(660)
932738(665)
932741(721)
932756(755)
932668(681)
932676(763)
932682(696)
932712(735)
932715(696)
932644(737)
932652(667)
932654(755)
932660(745)
932666(740)
932774(725)
932778(664)
932782(673)
932786(671)
932788(708)
932870(684)
932880(718)
932906(689)
932916(710)
969440(672)
932824(680)
932830(696)
932836(734)
932862(655+ 5)
932867(701)
932790(723)
932793(728)
932813(657+ 3)
932814(690)
932822(759)
932639(835)
932663(789)
932674(799)
932697(814)
932726(838)
932727(797)
932733(782)
932761(861)
932800(782)
932817(779)
932821(770)
932835(796)
932868(843)
932877(765+ 5)
932869(896)
H.I Osmania Govt. Girls College
932424(427)
932425(411)
932476(423)
932535(393^ 3)
932546(427)
969189(415^ 2)
932598(499)
932599(500)
932604(475^ 1)
932605(484)
932610(499)
932613(524)
932618(442^ 2)
969161(519)
969174(475^ 3)
969179(519)
969182(466)
147
933156(773)
933160(786)
933164(801)
933168(807)
933179(798)
933142(855)
933144(772)
933146(782)
933151(839)
933152(789)
933121(854)
933125(832)
933133(827)
933135(871)
933141(777)
933180(801)
933181(811)
933182(872)
933183(842)
933190(831)
933285(935)
933289(905)
933291(895)
933324(881)
933339(891)
933355(917)
933361(896)
933394(900)
933396(886)
933419(954)
933139(898)
933154(958)
933171(883)
933172(935)
933175(903)
933239(913)
933259(962)
933260(961)
933264(904)
933270(923)
933484(878+ 2)
933485(927)
933496(931)
933506(920)
933509(894)
933515(904)
933517(881)
933554(946)
933573(990)
933578(925)
933422(922)
933423(881)
933426(986)
933436(977)
933437(980)
933440(919)
933446(900)
933447(927)
933455(918)
933469(968)
Sir Syed Govt. Girls College Nazimabad
932973(427^ 1)
932995(435^ 1)
933069(425^ 4)
933018(544)
933019(509^ 3)
933027(530)
933048(488)
933052(492^ 5)
933067(475^ 3)
933068(477)
933074(481^ 1)
933076(483)
933081(445)
933098(451^ 2)
986071(507)
986072(469)
932990(458)
932992(519)
932996(457^ 1)
932998(481)
933001(481)
932934(499)
932941(532)
932943(502)
932946(543)
932960(494)
932962(447^ 3)
932968(450^ 1)
932977(470)
932980(469^ 1)
932987(523^ 2)
932956(546+ 4)
932961(562)
932969(587)
932989(586)
933012(567)
932937(581^ 2)
932944(641)
932945(621)
932947(598)
932955(615)
933111(549+ 1)
986073(569)
986074(583)
933026(554)
933038(596^ 1)
933043(603)
933072(558^ 1)
933100(564^ 1)
932967(708)
932970(692)
933003(667^ 1)
933032(692)
933060(685)
933075(735)
932950(779)
932975(777)
933106(785)
Riaz Govt. Girls College Liaquatabad No. 10
932805(426)
969425(408^ 6)
969426(434)
932890(508)
932897(512^ 1)
932900(509^ 3)
932901(499)
932910(495)
932843(524^ 2)
932846(527^ 2)
932853(531)
932878(505)
932888(537)
986053(501)
932911(468)
969428(542)
969438(469)
969444(506)
986051(509)
148
933143(609)
933147(600^ 1)
933153(651)
933158(592)
933163(574)
933123(556)
933124(617)
933128(622)
933129(640)
933137(564)
933290(727)
933293(666)
933296(726)
933298(678)
933301(719)
933256(721)
933267(709)
933271(681)
933283(759)
933284(700)
933338(678)
933345(744)
933346(684)
933350(686)
933362(691)
933310(685)
933317(717)
933329(761)
933331(715)
933337(701)
933188(759)
933189(688)
933199(743)
933201(672)
933203(667)
933150(698)
933157(728)
933161(736)
933162(700)
933176(749)
933228(674)
933236(724)
933243(737)
933245(758)
933249(716)
933208(676)
933214(750)
933215(675)
933221(723)
933225(693)
933363(746)
933376(705)
933377(670)
933378(752)
933384(656+ 4)
933511(714)
933518(707)
933529(699)
933546(757)
933557(718)
933478(689)
933480(674)
933488(688)
933495(729)
933499(726)
933589(737)
933591(741)
933599(691)
933560(674)
933564(703)
933574(659+ 1)
933580(692)
933582(755)
933407(677)
933409(662)
933411(755)
933424(675)
933435(741)
933398(674)
933401(657+ 3)
933402(711)
933403(656+ 4)
933406(657+ 3)
933468(694)
933472(686)
933473(719)
933474(758)
933477(718)
933438(699)
933442(661)
933451(714)
933454(704)
933465(730)
933122(704)
933131(692)
933132(696)
933138(712)
933145(739)
933294(770)
933295(858)
933297(840)
933303(833)
933304(862)
933279(832)
933281(865)
933282(814)
933286(807)
933287(794)
933311(827)
933312(852)
933316(771)
933318(834)
933319(841)
933343(771)
933352(840)
933356(820)
933357(873)
933359(814)
933327(853)
933328(863)
933333(780)
933334(794)
933342(787)
933198(818)
933206(826)
933207(820)
933210(856)
933211(825)
933191(806)
933192(786)
933194(833)
933195(810)
933197(825)
933213(791)
933217(769+ 1)
933218(810)
933230(847)
933232(774)
933251(799)
933254(783)
933255(830)
933258(824)
933261(817)
933234(800)
933235(868)
933237(794)
933240(802)
933246(856)
933360(823)
933364(843)
933365(810)
933372(771)
933374(791)
933532(827)
933535(768+ 2)
933536(786)
933541(801)
933542(802)
933508(868)
933510(803)
933512(852)
933516(824)
933524(776)
933543(802)
933550(824)
933551(833)
933552(812)
933576(865)
933588(770)
933590(809)
933597(799)
969651(829)
969656(834)
933579(805)
933581(829)
933584(859)
933585(850)
933587(824)
933399(776)
933404(832)
933410(871)
933412(768+ 2)
933417(813)
933375(814)
933387(845)
933390(869)
933392(855)
933397(842)
933421(869)
933425(863)
933431(807)
933433(854)
933434(818)
933487(870)
933492(834)
933498(793)
933502(837)
933507(835)
933456(832)
933457(796)
933463(829)
933481(765+ 5)
933486(830)
149
933623(435^ 5)
933624(524)
933622(563)
933621(719)
933625(677)
933627(671)
933630(759)
969771(660)
933628(863)
933629(825)
933631(895)
Jinnah Intermediate College for Girls
933127(437^ 3)
933155(420)
933544(438^ 2)
933500(521)
933501(457^ 3)
933521(509)
933530(504)
933531(540)
933432(502)
933449(477^ 1)
933460(536)
933467(544)
933490(507)
933562(470)
933575(515)
933598(535)
969655(524^ 2)
986091(512)
933537(521)
933545(487)
933548(519)
933555(534)
933561(489)
933177(534)
933178(528)
933187(504)
933202(490)
933223(511)
933134(500^ 1)
933140(503)
933148(499)
933165(524)
933170(460)
933226(440^ 1)
933231(509)
933248(530)
933252(515)
933273(536)
933393(534)
933395(505^ 2)
933413(459^ 1)
933427(514)
933428(442^ 2)
933340(438+ 2)
933354(492)
933381(516)
933388(540)
933389(479^ 2)
933330(558)
933335(587)
933341(590)
933344(639)
933348(563)
933300(571)
933305(600)
933307(598)
933315(554)
933320(647)
933371(584)
933373(591)
933380(553)
933383(615)
933391(562)
933349(587)
933351(558)
933358(578)
933368(643)
933369(647)
933209(573)
933212(649)
933219(629)
933229(587)
933233(598)
933167(585)
933173(608)
933174(641)
933184(625)
933204(593)
933276(588)
933277(626^ 2)
933278(572)
933280(563)
933299(546+ 4)
933262(639)
933263(558)
933265(556)
933268(622)
933275(584)
933405(611)
933420(618)
933430(637)
933439(637)
933445(652)
933556(583)
933559(654)
933563(571)
933565(604)
933566(551)
933538(645)
933539(608)
933540(620)
933547(579)
933553(562)
933595(576)
969654(545+ 5)
969658(573)
986063(596)
986092(583)
933567(632)
933568(620)
933569(642)
933577(593)
933586(564)
933466(621)
933470(644)
933476(607)
933482(654)
933483(579)
933450(579)
933452(607)
933453(584)
933458(562)
933459(620)
933514(579)
933522(546+ 4)
933523(619)
933526(584)
933527(575)
933491(590)
933493(643)
933494(564)
933503(593)
933505(574)
150
933761(630)
933762(587)
933770(595^ 1)
933775(631)
933782(578^ 1)
933789(630)
933790(645)
933792(643)
933796(597)
933799(599)
933729(590)
933731(614)
933733(571)
933734(642)
933742(579)
933743(584)
933747(570)
933750(652)
933759(647)
933760(558)
933802(635)
933805(615)
933810(619)
933820(564)
933823(613)
933828(638)
933830(590)
933841(578)
933848(612)
933853(600)
933726(682)
933756(722)
933771(704)
933794(692)
933808(695)
933811(703)
933812(672)
933831(714)
933844(675)
933849(713)
933857(669)
933864(730)
933869(743)
933903(657+ 3)
933727(808)
933748(777)
933763(770)
933809(808)
933825(808)
933845(804)
933851(775)
Raunaq-e-Islam Govt. Girls College
933703(517)
933704(519)
933708(504)
933715(450^ 1)
970061(597)
933716(869)
Govt. Degree Girls College Punjabi Club, Kharadar
933651(410^ 3)
933654(457^ 1)
933660(490)
933662(482)
933668(516)
933674(491)
933681(476)
933686(527)
970006(509)
986161(447)
933678(563)
933679(579)
933657(748)
933671(751)
933672(712)
Govt Girls Inter Sc./Arts College Moosa Lane, Lyari
151
934077(743)
934083(739)
934087(718)
934088(696)
934090(709)
934066(730)
934068(763)
934070(683)
934075(682)
934076(764)
934033(751)
934034(661)
934035(752)
934046(722)
934050(675)
934094(685)
934099(753)
934100(679)
934101(717)
934102(739)
934081(860)
934085(816)
934092(803)
934098(773)
934105(803)
934056(855)
934057(843)
934074(807)
934078(822)
934080(780)
934040(811)
934042(819)
934043(794)
934044(767+ 3)
934047(785)
934149(814)
934151(835)
934153(798)
934155(835)
934123(790)
934134(851)
934142(848)
934144(803)
934145(765+ 5)
934110(842)
934114(872)
934115(820)
934116(873)
934120(791)
934037(919)
934054(897)
934071(923)
934072(907)
934143(887)
K.M.A. Girls Degree College
933945(460)
933968(471)
933982(498)
933985(529)
970243(448)
934014(547+ 3)
970239(637)
970242(575)
933988(580)
933993(602)
934000(556)
934004(624)
934009(592)
933940(590)
933951(635)
933957(547+ 3)
933965(568)
933979(553^ 3)
933986(687)
934015(714)
Shaheed Benazir Bhutto Govt. Degree Girls College Lyari
933723(403^ 2)
933737(424^ 3)
933738(432)
933751(427^ 2)
933814(434)
933854(430^ 3)
933905(430^ 2)
933913(426^ 3)
933780(504)
933787(490)
933793(457)
933795(482^ 2)
933798(498)
933766(505)
933774(521)
933777(480)
933778(474)
933779(497)
933721(534)
933730(473)
933741(532)
933754(513)
933765(516)
933807(488)
933813(500)
933833(507)
933834(524)
933836(543)
933916(534)
970124(456)
933904(465^ 2)
933907(537)
933908(521)
933909(515)
933915(483^ 1)
933847(538)
933873(443)
933876(514)
933891(498)
933892(466^ 3)
933858(616)
933859(636)
933877(547+ 3)
933884(576)
933893(592)
986192(552)
152
934293(636)
934299(651)
934301(611)
934310(557)
934313(574)
934319(636)
934332(611)
934349(557)
934350(639)
934352(654)
934353(569)
934361(625)
934362(571)
934373(624)
934374(648)
934206(613)
934207(583)
934209(653)
934219(601)
934220(602)
934222(595)
934224(551)
934226(587)
934237(652)
934256(560)
934268(619)
934272(638)
934280(594)
934282(612)
934289(602)
934382(557)
934383(635)
934384(559)
934406(630)
934418(620)
934422(554)
934426(629)
934427(559)
934429(611)
934430(599)
934439(643)
934444(651)
934446(546+ 4)
934450(629)
934451(546+ 4)
934454(596)
934458(546+ 4)
934459(589)
934462(554)
934464(644)
934249(686)
934251(750)
934258(657+ 3)
934259(736)
934264(695)
934266(723)
934275(762)
934281(664)
934312(680)
934328(672)
934201(681)
934202(733)
934210(702)
934211(678)
934212(733)
934215(671)
934218(702)
934230(696)
934233(688)
934244(678)
934330(691)
934341(674)
934343(733)
934345(718)
934356(722)
934468(730)
934481(736)
934497(693)
934502(753)
934513(690)
934521(757)
934358(741)
934369(759)
934370(687)
934400(659+ 1)
934403(672)
934407(685)
934431(720)
934457(664)
934463(726)
934467(733)
934245(812)
934279(777)
934311(833)
934355(790)
934404(794)
934419(799)
934441(826)
934471(825)
934234(883)
934411(928)
Govt. College For Women Saudabad
934031(533)
934032(493)
934039(529)
934052(512)
934053(507)
934060(512)
934069(498^ 1)
934084(530)
934106(493)
934109(544)
934117(480^ 2)
934130(502^ 2)
934141(535)
934154(479)
970455(464)
934051(601)
934055(547+ 3)
934061(637)
934062(649)
934063(600)
934036(572)
934038(646)
934045(654)
934048(623)
934049(641)
934064(589)
934065(589)
934067(633)
934073(615)
934082(648)
934132(635)
934138(620)
934146(614^ 1)
934150(604)
970451(607)
934095(641)
934096(642)
934097(652)
934103(576)
934127(629)
934113(748)
934126(677)
934128(660)
934129(714)
934137(676)
934104(746)
934107(762)
934108(761)
934111(743)
934112(690)
934156(756)
934158(684)
934159(656+ 4)
934160(758)
970453(713)
934139(710)
934140(665)
934147(688)
934148(756)
934152(678)
153
934743(907)
934746(885)
934750(931)
934754(881)
934756(876+ 4)
Govt. Degree Science/Commerce College Malir Cantt.
934582(408^ 3)
934598(544)
934610(524)
934613(503)
934624(531)
934628(515^ 1)
934558(448^ 3)
934568(498)
934572(465)
934579(519)
934591(475)
934695(524^ 2)
934708(518^ 1)
986351(462)
934637(506)
934639(470)
934645(475)
934667(514)
934680(540)
934630(586)
934646(653)
934690(624)
934699(545+ 5)
934707(573^ 1)
934562(647)
934575(619)
934609(592)
934611(557)
934615(551)
934723(590)
971060(615)
971061(550^ 1)
971062(605)
934710(650)
934715(595)
934716(562)
934718(555)
934721(633)
934594(655+ 5)
934612(703)
934642(756)
934652(726)
934654(690)
934556(672)
934570(723)
934573(672)
934576(725)
934583(706)
934704(755)
934719(676)
934656(668)
934664(677)
934674(738)
934682(673^ 1)
934692(693)
934647(773)
Govt. Girls Comm/Arts College, C-1 Area, Malir
934231(439^ 1)
934331(410^ 1)
934333(424^ 3)
970822(401^ 1)
970824(388)
986304(427)
986307(427)
934325(477^ 2)
934329(517^ 3)
934338(459^ 1)
934342(532^ 1)
934347(476)
934363(526)
934365(503)
934375(471)
934376(466)
934380(521^ 4)
934270(436+ 4)
934283(536)
934285(526)
934294(505^ 2)
934321(448^ 3)
934204(539)
934216(512)
934217(450)
934223(535)
934225(440^ 1)
934236(536)
934240(469^ 2)
934241(517)
934243(484)
934265(464^ 3)
934391(448)
934412(506)
934420(515^ 2)
934434(487)
934435(504)
934512(446)
934516(476^ 3)
934518(486)
934519(505)
970813(471)
970829(510)
986302(476)
986308(474)
986309(480)
934480(456^ 3)
934489(513^ 1)
934492(543)
934500(464)
934510(480)
934437(519)
934442(465^ 2)
934449(519)
934452(539)
934455(544)
934456(508)
934465(480^ 3)
934470(518)
934475(540)
934478(457^ 2)
934476(606)
934477(570)
934483(545+ 5)
934488(650)
934491(592)
934494(607)
934501(623)
934504(625)
934505(650)
934506(634)
970811(557)
970819(642)
154
934879(601)
934880(550)
934886(585^ 3)
934887(567)
934888(609^ 3)
934855(628)
934857(603)
934865(554)
934869(547+ 3)
934871(607)
934843(654)
934845(579)
934849(559)
934850(563^ 3)
934853(632)
934951(637)
971185(637)
971194(548+ 2)
934928(581)
934930(545+ 5)
934932(588^ 2)
934941(629)
934948(601^ 1)
934901(604)
934907(588)
934911(576)
934920(620)
934922(649)
934884(663)
934885(737)
934902(734)
934909(664)
934913(732)
934844(678)
934848(715)
934851(684)
934859(691)
934881(702)
934934(673)
934949(714)
934918(723)
934923(694)
934924(677)
934931(687)
934933(763)
934856(782)
934860(810)
934894(806)
934935(771)
934939(844)
934950(801)
934952(774)
934847(903)
Liaquat Govt. College
934795(521)
934813(544)
934822(522^ 1)
986371(486)
934735(590)
934748(581)
934749(625)
934751(652)
934752(578)
934753(553^ 2)
934755(612)
934762(599)
934763(599)
934820(637)
934829(597)
934786(719)
934788(752)
934789(662)
934792(705)
934796(754)
934758(732)
934778(716)
934779(749)
934782(762)
934784(731)
934733(728)
934734(709)
934739(737)
934742(725)
934745(670)
934827(764)
934831(659+ 1)
934832(711)
934833(735)
934817(752)
934818(710)
934821(709)
934823(747)
934826(664)
934798(762)
934801(753)
934806(737)
934814(724)
934816(689)
934768(860)
934769(781)
934772(859)
934773(779)
934775(864)
934757(798)
934759(815)
934761(803)
934765(838)
934767(787)
934732(829)
934738(818)
934740(851)
934744(848)
934747(791)
934776(817)
934777(870)
934780(874)
934781(842)
934783(789)
934812(856)
934819(817)
934824(829)
934828(864)
934805(818)
934807(867)
934808(815)
934810(786)
934811(804)
934785(783)
934787(861)
934791(807)
934793(871)
934800(863)
934764(889)
934766(891)
934771(932)
934774(936)
934790(907)
934794(910)
934799(881)
934815(882)
934825(942)
155
935092(508)
935108(475)
935136(535)
935146(478^ 4)
935152(542)
935031(457^ 2)
935038(460)
935043(522)
935044(521)
935079(495^ 2)
935126(607)
935137(568^ 2)
935140(574)
935154(601)
935173(548+ 2)
935179(617)
935242(601)
935244(560)
935254(591)
935255(578)
935032(580)
935034(586)
935055(574)
935060(629)
935081(594)
935086(569^ 1)
935103(629)
935111(592)
935113(546+ 4)
935117(627)
935334(580)
935335(653)
935350(564)
935351(554)
935356(603)
935362(612)
971843(560)
935257(634)
935260(570)
935262(563^ 2)
935266(600)
935274(570)
935277(648)
935285(614)
935287(577)
935288(563)
935291(561)
935114(747)
935119(718)
935151(746)
935162(731)
935188(734)
935040(662)
935053(753)
935063(705)
935065(689^ 2)
935097(736)
935298(732)
935330(706)
935360(748)
971808(675)
935222(692)
935231(725)
935261(657+ 3)
935278(710)
935295(729)
935074(775)
935101(779)
935178(791)
935191(792)
935252(767+ 3)
935256(860)
935269(857)
935341(785)
Govt. College For Women New Karachi 11-F
935017(557)
971412(560^ 1)
935014(737)
935011(847)
935012(825)
935018(775)
935013(917)
935015(899)
Hawwa Jee Girls Colleges (Intermediate)
934895(433^ 3)
934899(496)
934906(530^ 1)
934908(537)
934925(470)
934927(535^ 2)
934841(537^ 2)
934852(499^ 3)
934858(504)
934874(527)
934876(439+ 1)
971189(516)
986381(484)
934947(488^ 2)
934955(535)
971182(473^ 2)
971187(509)
971188(448^ 5)
156
Azeemi Public Higher Secondary School
935474(439^ 4)
935490(431^ 2)
935472(457)
935476(458)
935482(498)
935483(522)
935493(461)
935499(531)
935501(524)
935502(538)
935517(482)
935487(569)
935492(617)
935494(626)
935495(553)
935496(551)
935498(599)
935509(640)
935522(568)
935525(643)
972051(580)
935473(689)
935481(679)
935488(674)
935503(673)
935504(659+ 1)
935515(681)
935516(756)
935521(717)
935523(656+ 4)
935477(771)
935479(811)
935484(870)
935500(803)
Jan Muhammad Brohi Govt. Degree Girls College, Gulshan-e-Maymar
935382(527)
935395(540)
935406(536)
935407(487)
935409(480^ 3)
935414(533)
935422(461^ 2)
935455(470)
986531(460)
935437(564)
935389(681)
935390(681)
935391(688)
935393(694)
935410(699)
935408(867)
935420(781)
935421(792)
935424(772)
935449(848)
Govt. Degree Girls College, Surjani Town
935045(435^ 2)
935216(437^ 2)
935302(429^ 3)
986508(411^ 2)
935293(465)
935294(439+ 1)
935300(504)
935301(486)
935304(525)
935311(463^ 3)
935319(499)
935320(522)
935340(525)
935343(518)
935165(508^ 4)
935172(528)
935209(471^ 2)
935214(452)
935224(518)
935225(475)
935230(535^ 2)
935253(498^ 3)
935282(502)
935290(535)
971806(533^ 3)
971818(456^ 2)
971831(446)
986504(462)
986505(466)
986507(467)
986509(458)
935345(500)
935347(527^ 1)
935348(477)
935349(474^ 3)
935353(528)
935357(505)
935364(463)
935366(459)
935367(456)
935371(469)
157
935668(650)
935669(604^ 3)
935675(635)
935680(639)
935682(640)
935631(596)
935637(606)
935647(652)
935657(599)
935658(634)
935702(602)
935706(646)
935714(548+ 2)
935715(600)
935718(566)
935683(566)
935685(653)
935692(603)
935694(549+ 1)
935697(572)
935585(642)
935589(592^ 1)
935593(563)
935594(590)
935596(631)
935562(648)
935564(566)
935565(604)
935577(575)
935578(611)
935621(618)
935622(633)
935628(646^ 3)
935629(618)
935630(641)
935605(600)
935607(551)
935609(642)
935611(547+ 3)
935612(606)
935840(570)
935847(583)
935851(583)
935853(616)
935858(606)
935757(650)
935759(625)
935760(570)
935762(574)
935765(583)
935721(627)
935723(560)
935732(567)
935733(578)
935755(562)
935800(649)
935808(560)
935811(633)
935826(643)
935835(651)
935773(553)
935778(545+ 5)
935779(567)
935797(560)
935798(607)
935787(690)
935815(673)
935816(737)
935817(687)
935818(764)
935741(690)
935769(666)
935770(720)
935785(662)
935786(681)
935686(746)
935690(662)
935691(738)
935699(664)
935731(682)
935887(679)
935842(662)
935859(744)
935867(754)
935871(717)
935873(683)
935821(752)
935827(667)
935831(753)
935833(660)
935834(693)
935645(684)
935648(657+ 3)
935653(723)
935655(691)
935676(740)
935561(682)
935575(661)
935581(687)
935588(695)
935595(726)
935597(686)
935601(732)
935617(696)
935643(655+ 5)
935644(681)
935656(804)
935666(838)
935671(854)
935678(784)
935693(769+ 1)
935576(791)
935598(778)
935602(840)
935620(805)
935654(820)
935700(856)
935742(779)
935780(774)
935799(841)
935803(771)
935893(817)
935918(794)
935820(861)
935841(808)
935849(789)
935882(824)
935888(782)
935642(895)
935892(894)
935899(983)
Abdullah Govt. College For Women North Nazimabad
935542(617^ 1)
935543(567)
935544(550)
935545(554)
935541(712)
158
936059(716)
936063(758)
936071(700)
936078(730)
936079(750^ 1)
936085(700)
936094(709)
936095(712)
936100(681)
936106(709)
936114(703)
936117(667)
936121(717)
936128(752)
936129(678)
935946(686)
935960(707)
935963(682)
935972(703)
935990(731)
936013(657+ 3)
936019(740)
936024(679)
936028(680)
936029(701)
936032(687)
936033(674)
936041(661)
936043(761)
936057(756)
936190(673)
936195(694)
936196(734)
936197(697)
936198(715)
936203(724)
936204(717)
936205(670)
936207(720)
936208(670)
936130(682)
936135(748)
936141(660)
936148(670)
936149(655+ 5)
936153(659+ 1)
936158(675)
936160(669)
936161(689)
936165(751)
936168(689)
936169(744)
936181(749)
936184(659+ 1)
936188(721)
935962(788)
936009(780)
936034(809)
936039(771)
936067(865)
936069(862)
936092(852)
936105(822)
936152(852)
936192(797)
936199(777)
936202(802)
936038(908)
936061(925)
936064(922)
Govt. Degree College For Women Block-M, North Nazimabad
935767(408)
935795(423)
935880(428^ 2)
986602(429)
935567(430^ 3)
935590(425^ 1)
935701(423)
935716(427^ 2)
935752(416^ 1)
935684(491^ 6)
935695(460)
935696(487)
935698(508)
935707(540)
935710(524)
935713(506)
935717(484)
935727(435+ 5)
935734(497^ 2)
935737(512)
935744(473^ 3)
935748(529)
935749(517^ 2)
935753(442)
935652(516)
935663(538)
935664(441^ 5)
935674(545^ 2)
935677(457)
935563(468)
935566(451^ 3)
935571(486^ 4)
935572(541)
935574(502)
935583(513)
935584(495^ 2)
935586(446)
935592(490)
935610(521)
935616(500^ 2)
935624(539)
935635(467)
935650(517)
935651(517)
935758(486)
935766(544)
935768(499)
935771(458^ 3)
935775(528)
935874(484)
935877(461^ 2)
935884(514)
935886(461^ 1)
935889(521)
935894(451^ 3)
935906(494)
935909(456)
935915(542^ 1)
972501(537)
986601(453)
935814(512)
935819(533)
935822(485)
935845(468^ 1)
935850(505)
935776(500)
935777(513)
935782(485)
935783(505)
935784(544)
935788(514)
935791(524)
935793(517)
935796(520)
935801(532)
935802(525)
935805(445)
935810(474^ 3)
935812(512)
935813(500)
935878(642)
935896(552)
935898(592)
935900(576)
935904(626)
935860(549+ 1)
935864(553)
935872(644)
935875(564)
935876(647)
935908(606)
935911(580)
935913(604)
935921(645)
935922(606^ 2)
972515(556)
986603(600)
935925(569^ 1)
935926(576)
972504(573)
972506(555)
972511(600)
159
936356(699)
936372(684)
936399(694)
936403(663)
936406(714)
936297(684)
936313(660^ 3)
936315(695)
936318(743)
936333(731)
936268(704)
936272(711)
936286(678)
936293(723)
936295(676)
936407(759)
936425(719)
936427(689)
936437(681)
936443(739)
936518(671)
936531(704)
936537(675)
936567(659+ 1)
936583(716)
936444(686)
936448(753)
936468(683)
936486(662)
936505(658+ 2)
936301(793)
936305(852)
936310(786)
936335(835)
936355(784)
936363(784)
936365(819)
936369(855)
936388(817)
936389(774)
936438(802)
936472(837)
936529(768+ 2)
936555(787)
Govt. Degree Girls College Buffer Zone
936000(426^ 5)
936123(419^ 4)
986632(437^ 1)
986638(425)
936138(502)
936142(484^ 2)
936143(509)
936145(543)
936162(463)
936101(508^ 1)
936109(496)
936133(530)
936136(520)
936137(501)
936191(537^ 2)
972647(521)
986631(494)
936163(486)
936166(517)
936173(516)
936178(473)
936187(437+ 3)
936087(518)
936088(486)
936089(461^ 5)
936093(468)
936098(532)
935975(480)
935977(533)
935982(485^ 2)
935983(456^ 3)
935988(521)
935949(521)
935951(524^ 3)
935967(486)
935969(502^ 3)
935971(498^ 1)
935993(494^ 3)
936004(440)
936010(459^ 1)
936017(544)
936018(533)
936056(457)
936060(450)
936077(507)
936082(519)
936084(509)
936022(536)
936025(534)
936026(457)
936030(536)
936054(532)
936016(649)
936020(610)
936027(647)
936031(624)
936035(596)
936036(650)
936037(593)
936040(625)
936042(617)
936045(578)
936047(570)
936050(557)
936052(554)
936055(577)
936058(619)
936008(556)
936011(626^ 3)
936012(614)
936014(649)
936015(555)
935943(638^ 2)
935945(566)
935947(591^ 3)
935953(607)
935954(565^ 3)
935956(595)
935968(622^ 2)
935981(590)
935986(582)
935987(637)
935998(640)
936001(586)
936003(554)
936005(584)
936007(629)
936156(647)
936157(652^ 3)
936174(565)
936176(579)
936179(591)
936189(589)
936200(639)
936201(566)
936209(609)
972645(645)
972646(587)
972648(585)
972651(603^ 3)
986637(567^ 2)
936139(569)
936144(552)
936147(605)
936150(583)
936154(597^ 3)
936065(587)
936066(587)
936070(615)
936075(594)
936091(586)
936096(591)
936097(625)
936099(589)
936103(559)
936104(599)
936113(641)
936115(610)
936118(639)
936122(636)
936131(570)
972643(674)
972644(662)
160
936650(685)
936656(657+ 3)
936668(681)
936690(730)
936692(690)
936683(794)
936687(821)
936795(782)
936839(839)
936956(809)
936960(766+ 4)
936984(820)
936851(886)
Govt. Degree Girls College Sector 11-B North Karachi
936225(401^ 2)
936247(401^ 2)
936291(433)
936366(437^ 3)
936393(415^ 3)
936404(387^ 3)
936461(432)
936480(433^ 3)
936492(410)
936570(424^ 1)
972762(424)
972777(401)
936460(530^ 1)
936466(526)
936475(492)
936476(503)
936488(507)
936497(452)
936499(472)
936500(504)
936517(532^ 2)
936519(503)
936411(464)
936412(507)
936418(484)
936419(507)
936420(488)
936432(521)
936435(509^ 1)
936447(527)
936455(442)
936459(493)
936572(478)
936580(488)
936599(533)
936605(469^ 2)
972733(508^ 3)
972752(497^ 1)
972753(448)
986661(464)
986665(484)
936520(459^ 4)
936527(480^ 3)
936532(516)
936538(535^ 3)
936540(516)
936541(516)
936545(538^ 3)
936550(536^ 2)
936557(445)
936565(451^ 4)
936380(466)
936383(481)
936384(506^ 1)
936390(510)
936405(525)
936221(470)
936224(462)
936237(515)
936261(500^ 5)
936282(513)
936288(495)
936294(458)
936306(501)
936319(458)
936331(478)
936334(513)
936339(522^ 1)
936350(535)
936362(495)
936377(516^ 3)
936381(552)
936382(582)
936385(576)
936391(612)
936400(624)
936353(654)
936360(638)
936361(634)
936367(581)
936376(563)
936440(597)
936445(647)
936446(570^ 3)
936449(549+ 1)
936450(634)
936408(623)
936410(591)
936413(616)
936414(635)
936430(627)
936283(582)
936284(630)
936289(582)
936292(552)
936304(564)
936226(585)
936231(591)
936245(596)
936259(584)
936270(596)
936343(567)
936344(631)
936346(554)
936348(578)
936351(589)
936307(547+ 3)
936314(652)
936317(640)
936324(598)
936327(612^ 1)
936551(572)
936561(654)
936566(601^ 1)
936568(591)
936574(609^ 2)
936536(563)
936544(558)
936546(577)
936548(613)
936549(617)
972773(633)
936586(559)
972727(614)
972730(602)
972731(623)
972749(622)
936474(653)
936477(555)
936484(582)
936485(553)
936494(643)
936452(637)
936454(568)
936462(590)
936471(577)
936473(572^ 2)
936512(599)
936515(573)
936525(602)
936530(648)
936534(623)
936496(638)
936501(569)
936503(551)
936507(643)
936511(562)
936587(722)
972721(688)
161
937094(831)
937097(773)
937104(852)
937108(810)
937109(793)
937038(770)
937044(850)
937045(790)
937076(768+ 2)
937077(784)
937102(928)
937105(945)
937165(932)
937196(959)
937215(987)
937216(876+ 4)
937281(915)
937302(945)
Govt. Degree Girls College Sector 11-I, North Karachi
936643(382^ 3)
936770(421^ 6)
936819(416^ 1)
936831(431^ 1)
936849(409)
937012(415^ 2)
936825(521^ 1)
936826(443^ 2)
936827(508)
936830(486)
936842(522)
936846(496^ 2)
936852(539)
936887(517)
936891(522)
936901(504)
936791(446)
936794(524)
936808(531^ 1)
936816(517^ 3)
936820(464)
936711(440)
936720(489^ 4)
936729(486)
936740(527)
936744(494)
936748(534)
936753(494)
936762(536)
936783(488)
936785(443^ 1)
972881(528)
972889(508)
986681(522)
986685(451^ 1)
986687(484)
986690(448)
936989(496)
937009(512)
972862(441)
972863(459)
972864(495)
936904(544)
936906(503)
936924(480)
936930(538)
936937(515)
936948(456^ 1)
936950(512)
936954(465)
936966(442)
936976(539)
936680(523)
936685(492)
936688(505)
936689(536^ 2)
936707(458^ 3)
936642(481)
936645(470^ 3)
936651(468)
936654(452^ 2)
936658(478)
936695(589)
936700(575)
936747(596)
936749(623^ 2)
936769(565)
936780(551)
936781(612)
936789(573)
936797(586)
936800(568^ 2)
936802(568)
936803(652)
936815(561)
936828(568)
936832(634)
936623(565)
936630(569)
936633(555)
936636(596)
936637(646)
936640(545+ 5)
936648(587)
936649(562)
936653(567)
936664(586)
936665(616)
936672(653)
936675(565)
936677(571)
936686(612)
936947(565)
936961(546+ 4)
936968(632)
936972(554)
936977(573)
936987(652)
936988(607)
936990(626)
972870(568)
972874(648)
972875(567^ 3)
972880(608)
972887(646)
936833(654)
936834(552)
936854(589)
936868(623)
936878(643)
936883(554)
936892(570)
936900(630)
936903(572)
936918(616)
936920(613)
936928(558)
936931(630)
936936(633)
936941(631)
936767(750)
936775(719)
936790(719)
936810(698)
936847(688)
936724(705)
936735(658+ 2)
936755(672)
936756(670)
936763(743)
936698(755)
936699(689)
936701(670)
936710(735)
936715(721)
936857(682)
936865(747)
936869(756)
936894(689)
936910(706)
936986(680)
936991(729)
936997(709)
936944(718)
936951(661)
936962(685)
936981(746)
936983(694)
936925(764)
936926(693)
936927(695)
936934(666)
936935(693)
162
937112(508)
937121(536^ 3)
937125(460^ 1)
937143(482^ 3)
937144(513^ 2)
937147(521)
937150(505^ 1)
937174(496)
937186(462)
937187(469)
937036(444)
937041(479^ 2)
937063(503)
937065(538)
937074(507)
937075(477^ 2)
937078(493^ 2)
937086(540)
937091(461)
937093(472)
937189(472^ 2)
937199(540)
937207(509)
937213(474^ 2)
937219(532)
937284(499)
937290(519)
937291(520)
937294(530)
937295(483^ 2)
937325(515)
986711(458^ 1)
937225(541)
937228(522)
937240(531^ 1)
937241(524)
937248(529)
937254(534)
937260(502)
937266(448^ 1)
937277(541)
937279(537^ 1)
937200(609)
937201(627)
937203(564)
937205(600)
937206(594)
937210(616)
937218(570)
937221(613)
937224(643)
937226(632)
937172(654)
937175(596^ 1)
937177(650)
937179(616)
937180(581)
937181(616)
937188(591)
937191(644)
937197(598)
937198(604)
937237(609)
937242(617)
937244(599)
937246(584)
937247(624)
937303(637)
937304(615)
937306(606)
937319(627)
937321(565)
937323(557)
937326(650)
973001(566)
973002(593)
973003(632)
937253(612)
937257(642)
937265(561)
937268(636)
937270(614)
937271(625)
937272(579)
937283(551^ 2)
937287(580)
937288(578)
937153(597)
937154(566)
937162(623^ 3)
937167(570)
937168(626)
937069(633)
937073(633)
937082(585)
937087(636)
937088(602)
937039(640)
937056(548+ 2)
937059(561)
937064(566^ 2)
937068(654)
937024(576^ 2)
937026(578)
937027(614^ 2)
937034(562)
937037(573)
937130(558)
937132(608^ 2)
937133(566^ 2)
937139(632)
937141(633)
937114(630)
937120(586)
937122(642)
937124(579)
937129(639)
937090(574^ 1)
937099(553)
937100(594)
937107(632)
937113(619)
937115(752)
937116(723)
937119(754)
937131(697)
937135(692)
937138(695)
937151(760)
937152(693)
937158(708)
937160(751)
937095(727)
937098(700)
937101(724)
937106(759)
937110(753)
937030(725)
937032(742)
937033(681)
937035(675)
937049(689)
937050(702)
937054(679^ 1)
937060(673)
937081(659+ 1)
937089(683)
937163(660)
937169(749)
937176(671)
937178(749)
937193(672)
937286(762)
937289(742)
937300(720)
937301(760)
937305(679)
937313(687)
937324(676)
937252(671)
937259(737)
937261(662)
937274(700)
937276(721)
937194(740)
937204(731)
937212(676)
937220(736)
937230(678^ 2)
937231(734)
937232(664)
937239(710)
937249(729)
937250(698)
937170(778)
937171(801)
937182(772)
937211(784)
937214(767+ 3)
937117(787)
937123(795)
937140(818)
937145(801)
937164(855)
937299(780)
937233(793)
937234(854)
937251(845)
937273(810)
937296(767+ 3)
163
937418(505)
937420(520)
937424(532)
937425(541)
937427(525)
937438(460^ 3)
937463(506)
937469(505)
937475(520)
937477(483)
937482(474^ 3)
937491(502)
937493(529)
937502(518)
937503(481)
937402(491^ 2)
937404(495)
937406(504^ 1)
937409(496)
937410(492)
937334(514)
937336(524)
937338(522)
937339(508^ 1)
937341(456)
937347(532)
937362(476)
937365(481)
937379(489^ 1)
937385(516)
937386(485)
937391(477)
937395(470)
937399(464^ 1)
937400(525)
937572(544)
937574(527)
937591(480^ 3)
937603(515)
937604(450)
937626(449^ 2)
937633(517^ 1)
937644(457^ 3)
937649(502^ 1)
973131(510)
937553(463)
937555(506^ 3)
937558(461)
937563(497)
937571(503)
937506(503^ 1)
937507(467)
937508(460^ 3)
937509(464)
937511(464^ 1)
937514(454)
937516(492)
937522(497^ 2)
937527(510^ 1)
937529(452^ 2)
937530(527)
937531(522)
937532(471^ 1)
937539(535)
937549(469)
937587(564^ 3)
937592(569)
937598(554^ 3)
937605(624)
937608(592)
937559(636)
937561(613^ 2)
937573(582)
937583(570)
937585(597)
937519(642)
937533(654)
937537(636)
937541(615)
937547(640)
937639(628)
937642(603)
937647(567)
937648(614)
973137(559)
937624(596)
937628(600)
937629(589)
937632(577^ 1)
937637(580)
937613(557^ 1)
937615(589)
937617(591)
937618(572)
937619(606^ 1)
937478(630)
937486(643)
937488(581)
937512(587)
937513(618)
937348(584)
937352(616)
937366(653)
937372(547+ 3)
937375(582)
937342(606)
937343(643)
937344(559^ 1)
937345(564)
937346(573)
937434(590)
937445(601)
937447(623)
937457(584)
937460(561)
937377(638)
937389(620)
937394(574)
937397(558)
937405(601)
937435(734)
937446(738)
937452(750)
937518(697)
937520(690)
937524(718)
937528(661)
937550(760)
937556(657+ 3)
937570(708)
937353(738)
937356(723)
937357(699)
937360(693)
937373(730)
937376(656+ 4)
937380(706)
937381(747)
937423(717)
937428(755)
937621(759)
937623(727)
937636(664)
937641(699)
937646(668)
973133(678)
937576(742)
937577(739)
937578(656+ 4)
937584(679)
937586(694)
937595(684)
937600(732)
937601(706)
937610(707)
937620(699)
937449(835)
937473(835)
937474(847)
937487(827)
937494(767+ 3)
937538(791)
937557(778^ 2)
937593(813)
937622(867)
937560(905)
Govt. Girls Sc./Comm. College Block K, North Nazimabad
937307(419^ 1)
164
937696(683)
937706(748)
937710(695)
937711(708)
937713(756)
937720(741)
937723(677)
937727(656+ 4)
937728(750)
937735(725)
937683(660)
937690(706)
937691(688)
937693(746)
937694(681)
937666(696)
937669(667)
937670(697)
937672(760)
937677(748)
937678(761)
937679(750)
937680(688)
937681(697)
937682(676)
937736(764)
937742(678)
937743(708)
937744(721)
937745(720)
937751(670)
937754(658+ 2)
937755(668)
937762(693)
937771(663)
938196(790)
938197(857)
938200(848)
938204(837)
938205(843)
938207(771)
938209(847)
938216(776)
938222(789)
938223(810)
938236(765+ 5)
938241(801)
938244(767+ 3)
938245(768+ 2)
938248(789)
938076(808)
938105(869)
938113(808)
938117(770)
938124(788)
938128(797)
938130(820)
938135(771)
938137(835)
938143(812)
938159(786)
938168(823)
938173(829)
938177(767+ 3)
938195(817)
938345(788)
938348(790)
938349(779)
938352(768+ 2)
938364(774)
938375(835)
938378(787)
973222(863)
973238(819)
973247(817)
973250(792)
938255(791)
938263(830)
938277(775)
938279(837)
938286(789)
938287(841)
938289(781)
938298(850)
938301(830)
938308(855)
938310(864)
938313(861)
938316(774)
938326(842)
938338(794)
938024(769+ 1)
938026(779)
938037(858)
938042(790)
938065(825)
937747(787)
937750(781)
937785(848)
937792(844)
937793(768+ 2)
937797(787)
937821(776)
937822(859)
937823(793)
937824(787)
937732(804)
937733(857)
937737(805)
937740(858)
937746(824)
937663(815)
937675(834)
937676(811)
937684(808)
937701(833)
937703(806)
937712(765+ 5)
937719(783)
937721(830)
937730(793)
937967(777)
937977(803)
937993(795)
938000(785)
938004(856)
938005(793)
938013(834)
938019(798)
938021(775)
938023(869)
937918(864)
937937(805)
937943(815)
937944(867)
937963(807)
937826(778)
937841(802)
937846(775)
937851(765+ 5)
937862(823)
937866(831)
937872(765+ 5)
937896(862)
937906(779)
937911(805)
937756(930)
937779(910)
937844(897)
937889(944)
937931(876+ 4)
937673(913)
937685(939)
937689(920)
937702(883)
937714(898)
937936(901)
938017(906)
938214(939)
938228(900)
938243(957)
938325(974)
938327(913)
938336(909)
938343(983)
938381(918)
938260(910)
938271(926)
938296(922)
938297(893)
938321(921)
Govt. Premier College for Women, North Nazimabad
937351(434^ 3)
937387(432^ 3)
937462(402^ 4)
937501(409)
937510(396^ 4)
937542(396^ 1)
937640(402^ 2)
973141(435^ 1)
973143(428^ 3)
973134(466^ 1)
973135(494)
973139(517)
973140(536)
165
937799(573)
937807(610)
937808(572)
937815(548+ 2)
937819(620)
937768(551)
937787(606)
937791(584)
937796(628)
937798(585)
937842(654)
937845(633)
937852(580)
937853(629)
937854(619)
937825(625)
937830(619)
937832(559)
937834(633)
937837(636)
937739(642)
937748(605)
937758(597)
937761(640)
937763(565)
937674(636)
937686(552)
937687(653)
937692(638)
937695(588)
937661(598)
937664(554)
937667(654)
937668(568)
937671(640)
937718(584)
937724(616)
937726(607)
937729(644)
937731(598^ 3)
937698(594)
937704(623)
937705(601)
937709(559)
937716(562)
937972(643^ 2)
937985(610)
937991(549+ 1)
937998(584)
938001(620^ 3)
937955(600)
937960(625)
937968(628)
937969(652)
937970(572)
937878(637)
937881(624)
937883(653)
937884(622)
937890(558)
937856(598^ 2)
937861(576)
937868(654)
937873(653)
937877(597)
937924(550)
937933(648)
937938(552^ 3)
937941(619)
937945(606)
937891(594)
937895(568)
937898(571)
937916(602)
937923(598)
938355(695)
938360(729)
938362(712)
938368(708)
938371(683)
938322(660)
938323(751)
938332(701)
938335(690)
938350(763)
938385(749)
973221(663)
973226(671)
973228(732)
973236(677)
938373(715)
938374(714)
938377(689)
938382(740)
938384(741)
938288(736)
938290(693)
938307(704)
938315(737)
938318(699)
937909(671)
937915(710)
937920(730)
937921(672)
937925(726)
937882(687)
937885(724)
937900(678)
937901(667)
937902(692)
937926(667)
937927(699)
937928(744)
937930(753)
937934(736)
937971(694)
937973(687)
937974(676)
937978(692)
937981(672)
937939(690)
937940(695)
937946(740)
937962(734)
937965(744)
937847(708^ 1)
937848(704)
937849(661)
937870(716)
937879(700)
937783(718)
937786(706)
937788(720)
937790(688)
937794(693)
937774(704)
937775(725)
937778(657+ 3)
937781(704)
937782(738)
937795(677)
937802(657+ 3)
937804(710)
937806(724)
937810(657+ 3)
937827(745)
937828(665)
937831(656+ 4)
937840(729)
937843(672)
937811(754)
937812(661)
937813(760)
937816(689)
937820(694)
938213(722)
938217(732)
938225(752)
938226(713)
938231(674)
938181(752)
938194(681)
938203(706)
938206(705)
938212(699)
938233(720)
938242(755)
938246(693)
938252(663)
938253(759)
938275(663)
938276(716)
938278(763)
938280(708)
938284(721)
938256(693)
938257(677)
938258(668)
938264(690)
938273(695)
938148(757)
938154(764)
938155(732)
938165(745)
938175(656+ 4)
937994(678)
938009(656+ 4)
938010(749)
938012(744)
938033(759)
937982(702)
937983(672)
937984(742)
937986(754)
937990(740)
938034(734)
938050(723)
938052(734)
938055(739)
938061(744)
938112(679)
938116(697)
938122(728)
938132(760)
938145(738)
938069(676)
938077(711)
938085(746)
938094(707)
938095(741)
166
937996(492)
937999(485)
938006(548^ 3)
938027(483)
938029(488)
937951(511)
937954(531)
937959(498)
937976(454^ 3)
937979(544)
938070(535)
938083(444^ 4)
938089(521^ 3)
938092(486)
938093(492^ 1)
938031(543)
938044(535)
938049(521)
938054(480^ 2)
938058(456^ 4)
937929(508)
937935(482)
937942(540)
937949(448)
937950(543^ 2)
937789(534)
937814(517)
937839(539)
937850(526^ 3)
937860(542)
937749(531^ 1)
937752(480)
937757(480)
937759(525)
937780(473)
937904(486)
937912(473^ 1)
937913(489)
937914(482)
937919(511)
937875(526^ 2)
937876(487)
937888(534^ 3)
937892(534)
937899(444^ 3)
938309(542)
938319(454)
938329(482)
938354(525)
938357(446^ 4)
938240(498)
938247(529)
938251(444^ 1)
938268(513)
938292(493)
973249(477)
973252(500)
986766(522^ 1)
986770(442)
938363(522)
938366(543)
938370(516)
973232(494)
973237(501)
938221(472)
938224(506)
938227(517)
938229(511)
938239(532)
938108(464)
938129(509)
938144(502)
938152(505)
938153(536)
938097(516)
938102(535)
938103(465)
938106(462^ 1)
938107(504^ 1)
938169(530)
938174(494)
938185(540)
938186(450^ 3)
938202(451)
938156(475^ 2)
938157(525)
938160(490)
938161(530)
938162(514)
937717(484)
937722(519^ 1)
937725(448^ 1)
937734(542)
937741(500)
937665(542)
937699(532)
937707(481)
937708(525)
937715(529^ 2)
938127(641)
938133(648)
938138(566)
938139(577)
938141(551)
938096(556)
938110(547+ 3)
938120(635)
938121(581)
938126(644)
938146(646)
938150(635)
938158(584)
938163(594)
938164(646)
938182(577)
938183(618)
938184(636)
938188(585)
938193(630)
938167(566)
938172(627)
938176(652)
938178(599)
938179(604)
938020(597)
938028(639)
938035(627)
938039(587)
938040(557)
938002(557)
938011(643)
938014(588^ 1)
938016(651)
938018(597)
938041(594)
938046(634)
938051(590^ 2)
938056(561)
938060(597)
938081(633)
938082(652)
938084(618^ 1)
938088(585)
938091(576^ 3)
938062(599^ 1)
938071(586)
938072(652^ 1)
938073(585)
938075(595)
938210(636)
938215(592)
938219(569)
938220(563)
938234(634)
938372(588)
938376(561)
938379(591)
938383(555)
938386(608)
938347(588)
938356(591)
938361(625)
938365(565)
938367(583)
938388(639)
938389(549+ 1)
973223(579^ 3)
973225(590)
973227(620)
973243(610)
973244(613)
973246(586^ 2)
973254(582)
986762(546+ 4)
973230(578)
973235(648)
973239(642)
973240(573)
973241(628)
938265(654)
938269(604)
938272(638)
938282(600)
938285(609)
938237(567)
938249(623)
938250(626)
938254(600)
938259(617)
938293(652)
938295(584)
938299(573)
938300(614)
938302(602)
938333(632)
938334(616)
938342(574^ 3)
938344(594)
938346(586^ 1)
938304(579)
938305(551)
938306(619)
938314(633)
938317(614)
167
938831(725)
938834(680)
938847(664)
938860(706^ 1)
938861(673)
938886(759)
938884(779)
Govt. Inter Sc./Arts/Comm. College Orangi Town Sector 15-C
938709(434^ 3)
938728(424^ 5)
938712(512)
938716(454)
938717(477)
938719(494^ 3)
938736(485)
938675(506^ 1)
938677(477)
938688(486)
938697(541)
938699(441^ 4)
974007(469)
938737(538)
938738(454^ 2)
938756(528^ 2)
938768(453^ 1)
974003(483)
938672(547+ 3)
938674(592)
938689(571)
938693(563)
938695(572)
938696(584)
938713(577)
938718(570)
938746(575^ 2)
938757(637)
938765(603)
974001(587)
974005(579)
938704(737)
938711(728)
938741(672)
938761(656+ 4)
974002(736)
938691(774)
Govt. Girls Degree College Sector 11, Orangi Town
938414(472)
938415(448)
938423(532^ 1)
938434(512^ 3)
938437(527)
938441(483^ 3)
938442(511^ 3)
938445(514)
938453(519^ 3)
938416(632)
938427(564)
938450(590)
938433(656+ 4)
938452(687)
938455(656+ 4)
973351(692)
Govt. Girls Comprehensive Higher Sec. School Block M, N. Nazimabad
937887(435^ 1)
938053(423^ 3)
938099(426^ 5)
938114(407)
938324(437^ 1)
938331(421)
938351(427^ 3)
973245(420)
986764(436^ 1)
168
938996(752)
939004(714)
939009(674)
939011(688)
939019(683)
939020(699)
939023(663)
939027(693)
939030(704)
939058(683)
938933(687)
938936(664)
938937(680)
938948(716)
938952(680^ 3)
938957(699)
938959(665)
938961(658+ 2)
938963(663)
938972(684)
939071(705)
939083(732)
939086(686)
939091(732^ 2)
939095(683^ 3)
939175(786)
939182(873)
939189(872)
939197(825)
939201(831)
939012(857)
939116(798)
939156(783)
939158(818)
939169(825)
938939(774)
938966(857)
938990(865)
938991(855)
939010(834)
939397(848)
974516(778)
939274(864)
939307(799)
939314(775)
939334(861)
939375(817)
939216(843)
939217(780)
939219(794)
939224(827)
939263(853)
939070(903)
939177(905)
939184(878+ 2)
939194(930)
939218(918)
939315(911)
939316(938)
939342(913)
939348(875+ 5)
Govt. College For Women Shahrah-e-Liaquat
938916(516)
938915(609^ 3)
Govt. Girls Degree Sc./Arts College Orangi Town Sector 11-1/2
938812(433)
938887(410^ 3)
938823(494)
938828(489)
938830(499)
938832(519)
938845(535)
938813(525^ 2)
938818(455)
938820(525)
938821(528)
938822(471)
938796(518)
938798(441)
938803(513)
938807(507)
938810(464^ 1)
986931(494)
938893(465)
938895(451^ 1)
938901(502^ 2)
974076(526)
974080(468^ 3)
938848(543)
938854(539^ 2)
938870(454)
938872(454^ 4)
938892(482)
938795(548+ 2)
938804(644)
938811(562)
938849(648)
938850(639)
938865(625)
938871(560)
938879(584)
938880(556)
938881(631)
938882(549+ 1)
938888(553)
938891(577)
938894(613)
974078(573)
169
939025(528)
939029(519)
939031(447)
939038(506)
939039(541^ 2)
939040(539)
939063(493^ 5)
939074(531)
939081(450^ 1)
939090(478)
938989(509^ 3)
938994(491)
938995(530)
939005(506)
939016(515^ 1)
938941(474)
938949(513)
938956(533)
938958(547^ 3)
938964(514)
938965(450)
938967(464)
938969(477)
938970(518^ 1)
938974(444^ 1)
939097(465)
939122(534)
939127(511)
939129(497^ 3)
939130(472)
939136(468^ 6)
939146(533)
939163(522)
939168(462^ 3)
939174(512)
939185(531)
939187(514)
939193(526)
939205(536)
939206(498)
939301(629)
939302(596)
939306(576)
939311(634^ 3)
939318(590)
939325(561)
939327(594)
939329(550^ 3)
939330(597)
939340(627^ 1)
939264(624)
939265(625)
939268(553)
939281(559)
939282(585)
939222(622)
939223(596)
939229(594)
939240(553)
939247(565)
939248(589)
939253(623)
939254(601)
939257(603)
939258(637)
939350(570^ 3)
939357(585)
939360(620)
939365(620^ 1)
939370(602)
939437(593)
974504(557)
974506(576)
974509(596)
974515(580)
974528(563)
974544(623)
987015(557)
939407(586)
939411(573)
939415(584)
939425(632)
939427(583)
939374(590)
939382(620)
939383(609)
939384(624)
939385(623)
939387(610)
939389(619)
939394(586^ 3)
939395(627)
939403(606)
939211(558)
939212(625)
939213(592)
939214(610)
939221(615)
938986(597)
938992(585)
938993(604)
939001(600)
939021(637)
939022(639)
939026(650)
939028(611)
939033(612)
939036(607)
938931(589)
938942(576)
938943(611^ 2)
938955(587)
938960(559)
938962(630)
938977(639)
938979(563)
938980(635)
938982(596)
939037(648)
939047(570)
939048(584)
939053(579)
939062(632)
939160(574)
939164(590)
939167(630)
939171(616)
939180(554)
939190(654)
939192(614)
939195(603)
939203(614)
939209(549+ 1)
939065(656^ 1)
939072(605)
939076(553^ 2)
939077(614)
939114(567)
939126(588)
939128(642)
939135(611)
939140(623)
939155(576)
939181(708)
939183(725)
939188(711)
939196(690)
939199(679)
939200(736)
939202(719)
939227(710)
939238(701)
939244(680)
939250(699)
939251(713)
939256(711)
939286(732)
939298(745)
939103(757)
939111(689)
939115(663)
939118(693)
939123(679)
939124(690)
939142(667^ 1)
939144(693)
939148(681^ 2)
939151(706)
939153(661)
939165(717)
939166(705)
939170(665)
939176(704)
939367(755)
939376(726)
939391(695)
939396(686^ 1)
939401(757)
939402(754)
939406(762)
939416(664)
939420(683)
939421(687)
939430(764)
974523(674)
974524(722)
974529(665)
939312(693)
939321(693)
939324(724)
939332(742)
939333(701)
939336(699)
939337(666)
939341(746)
939343(716)
939345(681)
939346(699)
939349(745)
939351(727)
939353(730)
939366(692)
170
940052(433^ 3)
940142(429^ 1)
940147(432^ 1)
940152(434^ 3)
940164(433)
940060(483^ 2)
940072(517)
940076(461^ 2)
940095(534)
940100(527)
940015(441)
940027(510)
940032(487)
940036(543)
940041(513)
940107(497)
940126(481)
940134(467)
940143(495^ 2)
940144(450)
974852(468)
974857(507^ 3)
974858(544)
974879(500)
987071(459)
940172(512^ 1)
940173(523)
940174(510)
940196(483)
940201(467^ 3)
940053(602)
940057(560)
940062(573)
940069(610)
940083(649)
940084(587)
940090(616)
940105(616^ 2)
940106(612)
940116(629)
940012(619)
940016(554)
940020(596)
940021(594)
940022(578)
940023(548+ 2)
940031(571)
940035(619)
940049(605)
940050(594)
940199(623)
940200(607)
940216(648)
974867(553)
974868(600)
974884(583)
974888(627)
940118(580)
940121(622)
940124(550)
940131(628^ 1)
940138(619)
940141(631)
940146(607)
940148(642)
940163(558)
940192(627)
940078(662)
940101(728)
940104(668)
940110(701)
940132(697)
940136(754)
940156(733)
940160(711)
940166(669)
940168(678)
940182(738)
940187(695)
940210(665)
974872(684)
940044(684)
940054(672)
940056(700)
940058(659+ 1)
940066(696)
940011(716)
940018(715)
940030(711)
940040(682)
940043(725)
940019(786)
940051(813)
940059(781)
940071(785)
940113(850)
940114(766+ 4)
940117(765+ 5)
940181(817)
940204(817)
940217(776)
974871(770)
974874(779)
940048(892)
940193(877+ 3)
974856(937)
Govt. Girls Degree College, Gizri Clifton
938976(398^ 2)
939084(419^ 1)
939232(416^ 3)
939245(400^ 3)
939292(412^ 6)
939358(407^ 3)
939361(433^ 3)
974502(412)
974519(430^ 3)
974536(411^ 5)
987019(439^ 2)
939252(498)
939259(461)
939261(508)
939275(503)
939283(532)
939295(474)
939299(453^ 3)
939309(497^ 1)
939313(535)
939331(454^ 2)
939210(524)
939215(515^ 2)
939225(501)
939226(474)
939231(455^ 3)
939234(485)
939235(474)
939241(528)
939246(534)
939249(489)
939339(528^ 1)
939344(515)
939371(537)
939379(523)
939386(476)
974522(542^ 2)
974531(482)
974540(519)
974546(464^ 1)
987011(443)
987013(448)
987014(469)
987016(447)
987017(504)
939388(535)
939404(470^ 3)
939413(522)
939417(508^ 2)
939426(512)
939432(484^ 2)
974507(521^ 3)
974511(469)
974512(511)
974514(451^ 1)
171
940462(605)
940483(635)
940493(619)
940507(564)
940534(581)
975303(654)
975305(550)
975308(643)
975313(638)
975315(572)
940508(747)
940509(658+ 2)
940510(673)
940516(735)
940517(689)
940476(717)
940478(715)
940479(736)
940497(703)
940506(720)
940519(721)
940522(721)
940527(745)
940528(700)
940531(702)
975309(752)
975310(725)
975316(711)
975318(681)
975319(673)
940538(677)
940539(748)
975301(665)
975302(668)
975307(663)
940475(831)
940481(863)
940485(841)
940488(790)
940490(791)
940461(842)
940467(847)
940469(780)
940471(828)
940474(812)
940494(810)
940495(768+ 2)
940496(769+ 1)
940498(842)
940499(844)
940526(807)
940529(781)
940530(822)
940537(866)
975311(767+ 3)
940500(779)
940511(832)
940518(787)
940521(816)
940525(769+ 1)
940492(968)
940501(911)
940502(963)
940503(938)
940504(980)
940484(932)
940486(908)
940487(915)
940489(926)
940491(931)
940505(919)
940512(882)
940513(967)
940514(915)
940515(881)
940536(918)
940540(907)
940523(902)
940524(880)
940532(912)
940533(949)
940535(947)
940472(882)
940473(952)
940477(920)
940480(939)
940482(920)
940463(948)
940464(916)
940465(915)
940466(947)
940470(911)
DHACSS College for Women (Intermediate)
940333(419^ 3)
940345(435^ 1)
940361(430)
940375(416^ 5)
974977(426^ 3)
940264(465^ 3)
940293(464)
940309(453)
940312(467^ 2)
940330(532)
940230(516^ 1)
940240(524^ 3)
940252(513)
940254(516^ 2)
940255(525^ 3)
940377(537)
940399(543)
940400(491)
974970(450^ 3)
987081(506)
940334(531^ 3)
940336(476^ 1)
940346(469)
940357(448^ 4)
940362(514^ 2)
940243(601)
940260(590)
940268(574)
940279(618^ 2)
940280(550)
940222(620^ 3)
940223(555)
940231(595)
940232(600)
940239(614)
940368(548+ 2)
940388(579)
940396(654)
940398(562)
987082(565)
940288(605)
940305(610)
940327(610)
940331(651)
940364(548+ 2)
940229(667)
940235(679)
940251(656+ 4)
940253(660)
940267(664)
940290(677)
940314(655+ 5)
940329(717)
940382(697)
974967(679)
940335(827)
940376(834)
Karachi Govt. College For Women Chand Bibi Road
172
940753(647)
940754(633)
940755(621)
940760(568)
940771(561)
940772(614)
940776(550)
940779(549+ 1)
940756(658+ 2)
940762(724)
940763(661)
940767(731)
940769(749)
940773(717)
940777(758)
940758(848)
940759(867)
940761(855)
940764(784)
940768(791)
940775(791)
940778(832)
940784(871)
Trinity Methodist Girls Higher Secondary School
940675(481)
940685(482^ 2)
940715(537)
940734(499)
975614(477)
940672(555)
940681(577)
940690(598)
940695(599)
940704(644)
940710(584)
940713(603)
940714(641)
940722(590)
940724(574)
940725(596)
940732(555)
940683(716)
940687(746)
940692(709)
940693(742)
940694(704)
940673(673)
940674(656+ 4)
940676(699)
940679(666)
940680(747)
940661(724)
940664(693)
940665(703)
940668(699)
940669(695)
940726(668)
940728(665)
940733(733)
975615(764)
940711(729)
940716(713)
940718(695)
940719(744)
940720(705)
940696(702)
940701(752)
940702(734)
940707(682)
940708(709)
940678(769+ 1)
940682(836)
940684(785)
940686(775)
940688(872)
940662(768+ 2)
940663(798)
940666(849)
940670(842)
940671(857)
940691(849)
940697(865)
940699(837)
940700(874)
940703(773)
940731(850)
940705(780)
940706(800)
940709(814)
940721(774)
940729(769+ 1)
940667(885)
940677(898)
940689(918)
940698(893)
940712(986)
940727(893)
940730(929)
St. Joseph's College for Women
975304(535)
975314(527)
975320(500)
975322(537)
975317(592)
975321(551)
173
940900(575)
940907(577)
940919(573)
940920(616)
940921(549+ 1)
940864(553)
940875(626^ 2)
940889(589)
940892(630)
940898(611)
940944(759)
940951(656+ 4)
940986(680)
940989(667)
941031(686)
941036(687)
941125(696)
940948(769+ 1)
940982(807)
941078(777)
941139(833)
Allama Iqbal Govt. Girls Degree College, Shah Faisal Colony
940821(499)
940824(592^ 3)
940825(635)
940831(598)
940833(608)
940836(609)
940823(684)
940827(720)
940828(659+ 1)
940830(732)
940832(689)
940834(733)
940835(700)
940826(826)
940829(782)
Behbood Girls Higher Secondary School
940817(487^ 2)
940818(522)
940812(611)
940816(647)
940814(774)
940815(938)
Muhammad Ismail Allah Wala Women College(Intermediate)
940751(487^ 4)
940752(450)
940757(496^ 2)
940765(487)
940766(471)
940770(450)
940774(531)
174
941257(711)
941258(662^ 2)
941266(757)
941282(698)
941283(740)
941285(698)
941286(709)
941287(697)
941299(761^ 1)
941304(704)
941220(670)
941235(721)
941242(695^ 3)
941243(752)
941250(702)
941162(740)
941173(661)
941176(717)
941177(657+ 3)
941182(702^ 1)
941184(721)
941201(711)
941202(747)
941204(727)
941211(667)
941305(750)
941312(672)
941320(696)
941324(674)
941325(742)
941327(696)
941329(749)
941341(736)
941342(722)
941343(696)
941347(700)
941348(742)
941356(747)
941358(660)
941365(683)
941306(822)
941319(794)
941323(827)
941351(778)
941354(867)
941355(808)
941360(793)
941369(808)
941372(795)
941378(813)
941249(786)
941252(787)
941270(776)
941288(821)
941301(837)
941164(863)
941165(801)
941191(775)
941197(819)
941210(855)
941218(858)
941222(774)
941224(860^ 3)
941232(808)
941239(808)
941546(771)
941555(778)
941567(785)
941585(814)
941586(811)
941630(822)
941645(816)
941646(771)
941652(841)
941675(772)
941471(800)
941481(772)
941489(862)
941491(823)
941511(834)
941403(849)
941404(860)
941405(770)
941420(820)
941428(803)
941431(790)
941439(796)
941442(766+ 4)
941458(769+ 1)
941468(826)
941455(902)
941163(918)
941209(909)
941223(945)
941303(915)
941314(885)
941353(903)
941361(883)
941368(928)
941415(878+ 2)
941426(955)
Khursheed Govt. Girls College Shah Faisal Colony
940958(426^ 3)
940999(419^ 3)
941122(387^ 1)
987302(421)
940953(495)
940955(462^ 3)
940956(494)
940957(492)
940990(478)
940995(452^ 2)
941005(453^ 1)
941009(508)
941015(469)
941021(476^ 3)
940869(537)
940872(466)
940877(463^ 3)
940879(511)
940884(460^ 2)
940894(458)
940895(479)
940899(539)
940909(484^ 5)
940941(491)
941131(533^ 2)
941132(538)
941135(519)
941144(478^ 2)
976523(524)
987304(441)
987305(464)
941032(520^ 4)
941044(451^ 2)
941049(472^ 1)
941074(480)
941101(466)
941106(452)
941113(457)
941118(488)
941120(541)
941124(497)
940981(600)
940988(584)
941000(645)
941003(608)
941007(648)
940947(633^ 3)
940964(628)
940970(576)
940978(592)
940980(563)
940923(558)
940926(617)
940934(550)
940940(603)
940942(587)
941010(629^ 2)
941022(549+ 1)
941030(579)
941034(607)
941035(587)
941099(569)
941105(622)
941112(546+ 4)
941127(573)
941083(565)
941089(567)
941092(645)
941093(649)
941097(568)
941045(603)
941047(589)
941050(596)
941054(568)
941064(601)
175
941284(467^ 3)
941294(510^ 3)
941297(461)
941298(513^ 3)
941300(517)
941330(516^ 3)
941331(483^ 2)
941335(485)
941349(481)
941352(453^ 1)
941161(493)
941169(459)
941170(539)
941178(483)
941185(516)
941195(446)
941208(499)
941234(503^ 3)
941247(503^ 1)
941272(527)
941359(514)
941379(437+ 3)
941380(524)
941384(489)
941387(540)
941493(548+ 2)
941502(616)
941510(559)
941512(582)
941514(642)
941516(628)
941517(627)
941521(643)
941525(547+ 3)
941531(599)
941538(569)
941539(636)
941543(653)
941544(636)
941545(572)
941463(620)
941464(630)
941466(654)
941469(547+ 3)
941490(555)
941376(653)
941382(641)
941383(560)
941385(617)
941391(575^ 3)
941406(606)
941409(634)
941414(569)
941418(550)
941421(596)
941430(604)
941437(647)
941443(630)
941448(614)
941450(630)
941651(590)
941654(553)
941656(547+ 3)
941659(577)
941664(643)
941667(578)
941671(645)
941676(647)
941677(607^ 2)
976636(547+ 3)
976640(642)
976649(611)
987335(572)
941632(615)
941633(631)
941634(650)
941643(547+ 3)
941644(555^ 3)
941547(545+ 5)
941549(557)
941556(583)
941574(587)
941578(552)
941580(654)
941582(584)
941584(648)
941591(616)
941605(619)
941607(641)
941610(579)
941624(566)
941625(647)
941631(632)
941340(566)
941345(568)
941357(593)
941362(607)
941374(615)
941226(566^ 2)
941227(617)
941229(601)
941231(618)
941238(545+ 5)
941198(597)
941199(555)
941200(594)
941214(601)
941216(641)
941171(588^ 3)
941183(558)
941187(598)
941190(647)
941192(546+ 4)
941241(598^ 2)
941251(620)
941253(596)
941254(642)
941255(621)
941326(559^ 1)
941328(571)
941332(587)
941333(647)
941338(613)
941289(659^ 3)
941292(642)
941302(556)
941308(639)
941311(652)
941256(595^ 1)
941259(603)
941265(578)
941267(560^ 1)
941271(617)
941460(700)
941461(661)
941462(670)
941467(747)
941470(755)
941472(701)
941473(704)
941474(676)
941478(734)
941485(658+ 2)
941500(657+ 3)
941504(696)
941505(702)
941515(752)
941522(721)
941441(726)
941446(673^ 2)
941451(715)
941454(655+ 5)
941459(713)
941366(700)
941371(682)
941375(673)
941386(737)
941390(693)
941397(687)
941398(696)
941402(717)
941407(726)
941419(731)
941423(721)
941429(663)
941433(734)
941435(725)
941436(732)
941640(700)
941647(660)
941650(701)
941655(729)
941661(752)
941665(726)
941666(680)
941668(755)
941669(669)
941672(670)
941678(714)
976634(662)
941603(741^ 2)
941604(760)
941608(752^ 1)
941619(676)
941636(764)
941523(748)
941524(660)
941532(666)
941541(737)
941551(659+ 1)
941557(688)
941561(735)
941566(664)
941571(669)
941575(701)
941577(687)
941581(683)
941583(756)
941588(721)
941589(660)
176
941852(432^ 2)
941860(425)
941856(518^ 1)
941858(495)
941859(526)
941862(539)
941870(530)
941865(637)
941868(575)
941869(545+ 5)
941871(646)
941866(692)
941864(842)
Govt. Degree Girls College, Metrovill, S.I.T.E.
941790(424^ 2)
941787(481)
941789(496)
941792(500^ 1)
941793(544)
941799(536)
987421(458)
941783(640)
941782(675)
941784(763)
941791(728)
941794(671)
941809(722)
Govt. Girls Science College Shah Faisal Colony
941205(420^ 2)
941219(416^ 2)
941447(439^ 2)
941477(406^ 3)
941503(421^ 1)
941520(439^ 2)
976642(434)
941484(542)
941486(507^ 3)
941492(467^ 3)
941494(451^ 1)
941495(487)
941498(540)
941499(537)
941506(466^ 3)
941507(520)
941509(500)
941519(537)
941527(472)
941530(523)
941533(483^ 3)
941536(532^ 2)
941388(438+ 2)
941393(535)
941394(494)
941401(469)
941408(505^ 2)
941411(511)
941416(528)
941417(446)
941440(534)
941449(467^ 3)
941453(516)
941457(484^ 4)
941476(518)
941482(468)
941483(452^ 1)
976631(535)
976633(483)
976647(498^ 1)
976650(500)
976651(490^ 2)
987333(490)
987336(470)
987337(484)
987338(506)
987339(486)
987340(486^ 3)
941537(528)
941552(480^ 5)
941559(532)
941563(520)
941565(543^ 1)
941601(501^ 2)
941617(454)
941618(528)
941635(474^ 3)
941653(457^ 1)
941657(465^ 6)
941662(539^ 1)
941680(524)
941682(460^ 1)
941686(513)
177
Hira Institute of Emerging Sciences (HIES) Intermediate (Evening Shift)
945421(689)
Ideal Grammer Higher Secondary School, Suparco Road
941914(407^ 4)
941911(502)
941913(511)
941919(616)
941920(573)
941927(564)
941928(567)
941929(581)
Govt. Degree Girls College Pak. Colony
941892(503^ 1)
941895(521)
941896(464)
941897(483)
941898(518)
941899(476)
941900(523)
941891(626)
941893(563)
941901(559)
Govt. Girls Degree College Qasba Colony
178
965021(933)
Park House Grammer H.S.S.
957601(542)
957602(498)
957603(537)
975461(530)
957604(708)
The American College, Clifton
951722(447)
951721(621)
Govt. Degree Boys College Razzakabad
968073(524)
949288(636)
949291(612)
968062(586)
968065(554)
968066(622)
968067(643)
968068(597)
968074(629)
949282(682)
949285(720)
949286(678)
949287(715)
949289(735)
968071(684)
949284(768+ 2)
949292(824)
968061(829)
968063(779)
968070(792)
968072(779)
179
College of Accounting & Management Sciences (Tipu Sultan Rd)
Govt. Girls Degree College, Block-N, North Nazimabad
967002(518)
Govt. Girls Higher Secondary School Kemari
965022(570)
965023(553^ 2)
965024(641)
965025(690)
180
Hussaini Government Boys Higher Secondary School
982241(424)
986221(512)
Memon Commerce College, Kharadar
981641(539)
985731(450)
Habib Academy Higher Secondary School, Korangi 5 - 1/2
981171(447)
181
985751(460)
Kingston Higher Secondary School, Korangi
The Education Hub (Intermediate)
983251(467)
983252(498)
N.J.V. Govt. Boys Higher Secondary School (Urdu Medium)
982841(434)
182
Govt. Degree Girls College, 7-C, Orangi Town
986391(434^ 2)
Army Public Intermediate College (Evening), Malir Cantt.
986231(406^ 3)
Excellence Intermediate College, Jumani Arcade, Moosa Lane
Iqra Ilm-o-Amal Boys & Girls College, Landhi
183
.
