Pre-Medical 
                  Part-I
URL: https://www.biek.edu.pk/Result-2022/Part-I/SM/RESULT-GAZETTE-SMR-PART-I-A-2022.pdf
Source: https://www.biek.edu.pk/LastResults.asp

1
CANDIDATES BEARING THE FOLLOWING ROLL NUMBERS ARE DECLARED TO HAVE
PASSED THE INTERMEDIATE SCIENCE (PRE-MEDICAL) GROUP PART - I (CLASS XI)
ANNUAL EXAMINATION 2022.
400302(316)
400303(330)
400305(306)
400307(303)
400312(436)
6 Papers
Jinnah Govt. College Nazimabad
400156(34)
***********
1Paper
400158(65)
2 Papers
400132(127)
400137(97)
400146(120)
400154(132)
400157(153)
3 Papers
400136(155)
400139(153)
400148(160)
400151(165)
4 Papers
400131(235)
400133(201)
400135(212)
400138(226)
400141(193)
400142(194)
400143(207)
400144(243)
400145(185)
400149(252)
400155(200)
400160(202)
400161(213)
400162(196)
5 Papers
400163(230)
400140(244)
400147(340)
400152(253)
400153(266)
400159(251)
Govt. Degree Boys College, Surjani Town
****NIL****
400026(100)
400043(87)
400003(116)
400004(145)
400007(127)
400008(135)
400010(124)
400013(118)
400021(119)
400023(117)
400029(133)
400031(119)
400032(133)
400034(142)
400044(152)
400048(113)
400049(135)
400006(184)
400015(242)
400022(173)
400024(190)
400028(206)
400039(182)
400050(164)
400051(169)
400009(227)
400019(216)
400020(223)
400041(205)
400042(216)
400046(270)
400047(260)
400014(280)
400016(292)
400017(257)
400018(341)
400027(272)
400001(287)
400002(235)
400005(299)
400011(331)
400012(346)
400038(321)
400040(259)
400030(307)
400033(380)
400035(322)
400036(274)
400037(365)
Govt. Degree Boys Sc./Arts/Comm. College 5-L New Karachi
2
400538(395)
400539(394)
400542(368)
400543(282)
400544(339)
400545(403)
400551(324)
400552(308)
400554(330)
400557(323)
400511(280)
400513(276)
400517(259)
400519(295)
400520(292)
400525(275)
400526(423)
400533(245)
400535(328)
400537(384)
400560(294)
400561(283)
400566(337)
400568(337)
400569(396)
400570(346)
400571(308)
400572(384)
400573(295)
400575(348)
Pakistan Shipowner's Govt. College
400319(72)
400400(76)
400356(145)
400387(146)
400391(144)
400392(150)
400394(130)
400301(142)
400306(128)
400336(124)
400340(160)
400352(142)
400436(123)
400444(110)
400406(162)
400413(144)
400423(110)
400424(130)
400430(122)
400308(197)
400309(187)
400396(224)
400429(209)
400443(227)
400445(274)
400420(181)
400426(255)
400432(350)
400437(222)
400439(262)
400348(231)
400358(263)
400362(282)
400364(254)
400366(281)
400331(270)
400333(256)
400334(281)
400335(262)
400347(233)
400304(229)
400310(262)
400311(229)
400314(253)
400322(268)
400393(265)
400397(252)
400402(229)
400411(234)
400417(257)
400375(208)
400378(198)
400384(286)
400385(227)
400390(271)
400368(294)
400370(261)
400371(198)
400372(259)
400373(230)
400342(300)
400343(417)
400344(331)
400345(409)
400346(328)
400349(351)
400350(328)
400351(331)
400353(281)
400354(293)
400355(309)
400357(313)
400359(335)
400360(346)
400361(330)
400332(312)
400337(342)
400338(335)
400339(370)
400341(350)
400313(280)
400315(303)
400316(315)
400317(432)
400318(295)
400320(321)
400321(262)
400323(354)
400324(343)
400325(309)
400326(375)
400327(383)
400328(306)
400329(416)
400330(323)
400363(356)
400365(349)
400367(369)
400369(339)
400374(327)
400419(299)
400421(335)
400422(318)
400425(468)
400427(324)
400431(362)
400433(447)
400434(354)
400435(303)
400438(281)
400440(290)
400441(277)
400442(347)
400446(295)
400447(372)
400412(397)
400414(287)
400415(386)
400416(345)
400418(251)
400376(361)
400377(267)
400379(334)
400382(385)
400383(415)
400388(417)
400389(346)
400395(283)
400398(366)
400399(306)
400401(315)
400404(369)
400405(326)
400408(359)
400409(393)
3
400763(253)
400765(219)
400767(242)
400771(231)
400776(281)
400778(274)
400779(223)
400781(230)
400785(242)
400792(277)
400728(245)
400729(250)
400731(249)
400732(246)
400734(277)
400739(287)
400744(276)
400745(256)
400751(248)
400754(257)
400793(244)
400794(301)
400797(248)
400806(205)
400807(237)
400764(349)
400766(359)
400768(312)
400770(313)
400773(420)
400774(402)
400775(336)
400780(287)
400782(362)
400783(391)
400786(361)
400787(389)
400788(343)
400790(371)
400791(368)
400755(310)
400756(359)
400758(323)
400759(319)
400760(368)
400722(299)
400723(350)
400724(294)
400726(341)
400733(351)
400736(338)
400738(363)
400740(390)
400742(377)
400743(374)
400747(270)
400749(328)
400750(322)
400752(373)
400753(353)
400840(421)
400845(373)
400846(359)
400850(414)
400851(348)
400852(337)
400854(415)
400856(327)
400859(399)
400862(319)
400863(334)
400866(360)
400832(433)
400833(314)
400836(370)
400838(305)
400839(269)
400795(380)
400798(346)
400799(276)
400801(402)
400803(406)
400805(395)
400808(393)
400811(360)
400819(314)
400822(327)
400826(353)
400828(270)
400829(302)
400830(361)
400831(423)
Govt. Boys Degree College Buffer Zone
400528(35)
400530(17)
400531(72)
400532(65)
400534(66)
400547(86)
400549(98)
400550(76)
400512(105)
400514(123)
400524(155)
400527(109)
400555(144)
400565(134)
400576(127)
400580(101)
400597(130)
400599(129)
400605(112)
400607(116)
400516(160)
400521(179)
400553(171)
400574(178)
400578(154)
400581(181)
400584(187)
400601(191)
400606(163)
400540(200)
400541(201)
400546(245)
400556(271)
400558(207)
400515(198)
400518(273)
400522(221)
400523(271)
400529(258)
400559(221)
400562(242)
400563(282)
400564(283)
400567(234)
400598(267)
400600(253)
400603(212)
400588(206)
400589(243)
400592(302)
400593(201)
400596(198)
400577(302)
400579(442)
400582(259)
400583(340)
400585(433)
400586(366)
400587(330)
400590(335)
400591(425)
400594(365)
400595(293)
400602(281)
400604(370)
4
401091(391)
401092(387)
401094(390)
421491(361)
421492(344)
Quaid-e-Azam Rangers Public School & College
400942(26)
400945(129)
400962(144)
400963(102)
400985(126)
400991(128)
400992(131)
400934(215)
400944(205)
400952(140)
400955(208)
400973(160)
400980(160)
400956(236)
400957(213)
400960(199)
400965(242)
400968(210)
400931(238)
400932(214)
400938(233)
400940(267)
400953(264)
400981(247)
400982(284)
400969(258)
400974(272)
400975(227)
400977(221)
400979(236)
400986(312)
400987(335)
400988(283)
400989(344)
400990(267)
400993(243)
400994(315)
400995(335)
400972(303)
400976(299)
400978(371)
400983(298)
400984(363)
400941(363)
400946(281)
400947(344)
400948(301)
400949(271)
400933(268)
400935(286)
400936(307)
400937(403)
400939(393)
400961(291)
400964(315)
400966(333)
400967(363)
400970(398)
400950(292)
400951(328)
400954(304)
400958(340)
400959(388)
Govt. Degree College for Boys 7-D/2, North Karachi
400816(77)
400746(170)
400748(111)
400777(142)
400789(109)
400815(159)
400820(163)
400821(154)
400827(174)
400841(114)
400843(134)
400848(120)
400857(137)
400861(130)
400864(168)
400868(130)
400741(236)
400757(190)
400762(175)
400772(174)
400784(210)
400721(229)
400725(211)
400727(231)
400730(160)
400737(215)
400818(201)
400844(177)
400853(230)
400858(198)
400796(197)
400800(165)
400802(224)
400804(172)
400810(153)
400812(208)
400817(243)
400823(247)
400824(253)
400825(215)
400834(219)
400835(228)
400837(228)
400842(210)
400847(255)
400849(205)
400855(229)
400860(266)
400865(302)
400867(276)
5
401181(319)
401182(393)
401183(361)
401184(349)
401186(374)
401187(382)
401188(336)
422351(314)
422353(356)
422354(456)
422355(386)
Dr. Ziauddin Intermediate College
421826(98)
421812(139)
421843(128)
421814(206)
421818(173)
421825(187)
421841(180)
421836(244)
421840(232)
421820(270)
421823(243)
421828(248)
421834(243)
421835(257)
421819(299)
421821(395)
421822(309)
421824(348)
421827(313)
421811(355)
421813(288)
421815(403)
421816(309)
421817(306)
421837(355)
421838(400)
421839(360)
421842(328)
421829(350)
421830(331)
421831(361)
421832(342)
421833(356)
Al-Khair College of Higher Education
421495(122)
421494(181)
421500(323)
421501(323)
421502(330)
421503(358)
421504(329)
421493(381)
421496(353)
421497(385)
421498(295)
421499(315)
421510(399)
421511(301)
421505(404)
421506(355)
421507(331)
421508(348)
421509(406)
6
401385(288)
401386(305)
401389(317)
401392(363)
401394(336)
401395(337)
401397(372)
401399(324)
401401(279)
401404(344)
401379(329)
401381(354)
401382(352)
401383(363)
401384(354)
401352(258)
401356(336)
401359(299)
401361(310)
401364(331)
401367(348)
401369(265)
401372(397)
401376(362)
401377(314)
401405(259)
401406(307)
401407(279)
401408(299)
401410(357)
401411(327)
401412(289)
401413(332)
401414(303)
401418(345)
Govt. Deg. Science & Commerce College 11-A, North Karachi
422919(123)
422915(449)
422916(428)
422917(418)
422918(320)
422920(448)
401316(392)
422911(416)
422912(351)
422913(395)
422914(442)
401311(429)
401312(431)
401313(450)
401314(491)
401315(434)
Tabani's College, North Nazimabad Campus
401211(434)
401212(350)
401213(472)
401215(484)
401216(399)
401217(485)
401218(499)
401219(497)
401220(424)
401221(418)
401222(454)
401223(448)
401224(468)
401225(467)
Usman Public School Campus II
7
422951(163)
422969(203)
422972(145)
401515(299)
422954(278)
422955(258)
422977(287)
422978(272)
401522(433)
401523(359)
401524(381)
401525(437)
401526(355)
401527(352)
401528(364)
422952(375)
422953(346)
422956(374)
401511(359)
401512(378)
401513(336)
401514(358)
401516(421)
401517(362)
401518(426)
401519(334)
401520(341)
401521(360)
422967(401)
422968(366)
422970(340)
422971(404)
422973(365)
422974(365)
422975(349)
422976(363)
422979(360)
422957(365)
422958(328)
422959(375)
422960(363)
422961(314)
422962(352)
422963(382)
422964(370)
422965(384)
422966(392)
Hamdard Intermediate College for Science & Commerce, Block-H, North Nazimabad
401390(76)
401426(52)
401354(139)
401358(144)
401362(126)
401370(136)
401388(153)
401402(97)
401424(112)
401446(108)
401449(133)
401375(204)
401380(224)
401391(151)
401393(171)
401396(181)
401360(185)
401363(212)
401365(186)
401366(205)
401368(212)
401435(220)
401442(163)
401450(158)
401451(165)
401398(156)
401415(159)
401416(154)
401417(152)
401430(196)
401373(275)
401374(275)
401378(233)
401387(240)
401400(257)
401351(234)
401353(219)
401355(229)
401357(259)
401371(248)
401436(340)
401437(241)
401438(282)
401403(230)
401409(243)
401425(235)
401429(235)
401434(258)
401427(318)
401428(328)
401431(323)
401432(316)
401433(282)
401419(278)
401420(319)
401421(284)
401422(288)
401423(361)
401447(286)
401439(251)
401440(280)
401443(279)
401444(237)
401445(303)
8
401922(179)
423571(120)
401921(198)
423576(234)
423574(311)
423575(368)
Amina Public Higher Secondary School
401737(29)
401740(33)
401746(26)
401749(23)
401752(21)
401719(31)
401728(34)
401729(32)
401735(34)
401736(25)
401662(34)
401663(24)
401664(25)
401691(48)
401706(37)
401792(32)
401794(34)
401767(37)
401770(27)
401783(23)
401789(24)
401791(36)
401754(23)
401755(21)
401760(31)
401765(32)
401766(28)
401782(53)
401784(63)
401785(78)
401793(75)
401796(70)
401712(82)
401715(83)
401717(65)
401720(76)
401721(71)
401695(68)
401696(71)
401704(72)
401705(56)
401709(65)
401666(93)
401667(63)
401673(65)
401674(73)
401685(65)
401758(83)
401761(64)
401762(77)
401763(68)
401764(83)
401748(59)
401750(74)
401751(72)
401753(71)
401756(64)
401723(68)
401731(57)
401742(75)
401743(83)
401744(72)
401702(101)
401703(99)
401714(118)
401716(103)
401718(119)
401686(110)
401687(92)
401688(130)
401693(117)
401694(124)
401669(107)
401675(97)
401679(108)
401683(96)
401684(104)
401774(127)
401779(109)
401780(105)
401781(113)
401795(112)
401741(121)
401745(116)
401747(102)
401771(99)
401772(107)
401722(109)
401724(122)
401726(109)
401727(98)
401739(153)
401698(180)
401699(167)
401700(145)
401701(183)
401707(155)
401668(209)
401671(151)
401672(184)
401680(186)
401692(142)
401775(194)
401776(169)
401786(183)
401788(148)
401708(189)
401710(150)
401725(173)
401732(158)
401773(177)
401678(241)
401681(269)
401733(218)
401759(223)
Govt. Degree Science & Commerce College Orangi Town
9
402194(387)
402197(238)
402198(312)
424162(386)
424163(350)
424164(390)
424165(299)
424166(343)
424169(362)
424176(351)
402172(404)
402176(354)
402180(328)
402182(339)
402186(288)
402189(324)
402190(344)
402191(336)
402192(277)
402193(303)
424202(345)
424203(369)
424204(363)
424205(424)
424210(374)
424179(369)
424180(339)
424184(329)
424185(422)
424191(338)
424192(354)
424194(367)
424196(340)
424197(341)
424201(312)
Karachi Superior College Saeedabad, Baldia Town
402103(22)
402108(31)
424060(25)
402121(88)
424026(56)
424048(72)
424050(80)
424105(79)
402117(128)
424021(139)
424023(149)
424025(103)
424027(98)
402101(123)
402102(116)
402107(135)
402114(113)
402116(111)
424070(151)
424100(123)
424102(154)
424106(137)
424049(147)
424055(187)
424061(134)
424062(118)
424064(135)
424054(168)
424058(147)
424075(226)
424087(181)
424088(171)
424093(179)
424095(220)
424099(210)
424101(192)
424031(166)
424032(177)
424039(185)
424042(159)
424046(200)
402110(170)
402112(167)
402113(158)
402115(179)
402118(171)
402119(167)
424003(194)
424010(193)
424011(190)
424016(164)
424008(252)
424012(247)
424015(240)
424030(290)
424034(267)
402105(239)
402109(230)
402111(269)
402120(197)
424006(246)
424036(312)
424038(320)
424040(232)
424045(276)
424047(332)
424076(226)
424080(263)
424083(272)
424094(219)
424051(316)
424052(280)
424059(295)
424068(250)
424071(287)
424017(319)
424018(366)
424019(389)
424020(359)
424024(334)
424028(288)
424029(363)
424033(420)
424035(412)
424037(344)
402104(319)
402106(308)
424001(272)
424002(317)
424004(315)
424005(320)
424007(383)
424009(390)
424013(344)
424014(325)
424044(406)
424056(378)
424057(338)
424065(465)
424066(330)
424089(323)
424090(360)
424091(298)
424092(380)
424096(346)
424097(385)
424098(350)
424104(344)
424067(312)
424069(313)
424072(372)
424074(385)
424077(305)
424078(376)
424079(397)
424081(398)
424084(344)
424086(314)
Crescent Public Higher Secondary School
10
424323(329)
424324(419)
424325(427)
424326(443)
424333(421)
424313(394)
424316(376)
424319(448)
424320(367)
424321(430)
424334(392)
424335(376)
424336(362)
424337(451)
424342(369)
424362(309)
424363(337)
424370(353)
424372(337)
424374(370)
424343(406)
424349(291)
424353(385)
424354(322)
424361(353)
402275(402)
402281(402)
402283(393)
402288(373)
402289(332)
402266(344)
402267(412)
402268(326)
402269(297)
402274(308)
402291(300)
402294(389)
402297(402)
402298(305)
402306(374)
402313(455)
424301(331)
424309(345)
424310(397)
424311(416)
402307(293)
402308(302)
402309(310)
402310(343)
402311(449)
424428(309)
424431(443)
424435(334)
424437(346)
424438(348)
424415(381)
424417(311)
424419(417)
424420(341)
424424(351)
424440(346)
424443(397)
424447(352)
424450(402)
424452(408)
424466(386)
424468(379)
424469(460)
424470(337)
424453(430)
424456(422)
424460(425)
424462(358)
424465(430)
424385(440)
424386(310)
424387(424)
424389(294)
424391(418)
424377(368)
424378(365)
424381(357)
424382(374)
424383(408)
424392(349)
424393(419)
424394(371)
424395(351)
424398(349)
424410(344)
424411(349)
424412(376)
424413(417)
424414(363)
424400(299)
424401(383)
424405(373)
424406(359)
424408(469)
402257(416)
402258(325)
402261(252)
402262(310)
402265(394)
402241(337)
402242(304)
402243(354)
402244(363)
402245(331)
402246(292)
402247(299)
402248(442)
402249(370)
402250(357)
402251(419)
402252(265)
402254(324)
402255(377)
402256(288)
Scholars Higher Secondary School, Saeedabad
402187(34)
424189(19)
402185(74)
424167(88)
424188(54)
402179(124)
402184(103)
424177(159)
424182(121)
424193(110)
424206(106)
424208(115)
424209(101)
402171(163)
402173(213)
402177(188)
402178(156)
402181(199)
402188(235)
424168(170)
424170(181)
424171(193)
424174(192)
424178(217)
424183(163)
424207(163)
424212(205)
424215(199)
424161(251)
424173(274)
424175(272)
424186(240)
424187(246)
402174(221)
402175(282)
402183(191)
402195(204)
402196(204)
424216(269)
424190(240)
424198(251)
424199(247)
424200(254)
424214(290)
424211(378)
424213(395)
11
424542(214)
424552(229)
424559(172)
424561(173)
424574(179)
424554(235)
424555(238)
424562(230)
424563(230)
424566(293)
402375(210)
402377(266)
424550(286)
424551(256)
424553(255)
424579(199)
424580(239)
424582(263)
424567(229)
424569(218)
424570(265)
424572(300)
424577(227)
424545(371)
424546(351)
424547(328)
424548(416)
424549(339)
402371(353)
402372(286)
402373(293)
402374(454)
424543(351)
424556(288)
424557(373)
424560(309)
424564(395)
424571(331)
424583(309)
424584(344)
424573(372)
424575(307)
424576(362)
424578(307)
424581(367)
The Graceful Higher Secondary School
402276(45)
424350(33)
424433(50)
424303(67)
424347(94)
424364(66)
424367(71)
424429(84)
424442(57)
424445(57)
424457(58)
424461(113)
424352(114)
424356(159)
424358(121)
424365(111)
424366(130)
402282(127)
424317(137)
424327(119)
424339(131)
424351(118)
424397(126)
424403(138)
424423(119)
424434(142)
424455(114)
424369(122)
424373(134)
424379(126)
424380(130)
424390(125)
424308(187)
424314(175)
424318(184)
424328(162)
424329(195)
402296(219)
402302(155)
402304(170)
402305(168)
424307(201)
402260(166)
402271(163)
402284(196)
402285(192)
402286(191)
424332(183)
424341(204)
424345(158)
424359(207)
424360(190)
424454(193)
424458(162)
424425(168)
424427(208)
424432(160)
424436(218)
424446(188)
424368(213)
424371(182)
424376(167)
424404(188)
424407(182)
402303(240)
424302(288)
424305(254)
424306(273)
424312(269)
424315(265)
424322(245)
424330(289)
424331(281)
424338(268)
402253(228)
402264(217)
402270(222)
402277(230)
402278(277)
402279(264)
402280(285)
402287(229)
402293(229)
402299(244)
424340(231)
424344(245)
424348(243)
424357(217)
424375(248)
424444(252)
424448(234)
424449(240)
424451(282)
424459(231)
424463(312)
424464(286)
424467(328)
424388(279)
424396(274)
424402(239)
424409(230)
424416(268)
424421(243)
424426(232)
424430(261)
424439(231)
424441(288)
12
402460(71)
402467(70)
402470(71)
402475(73)
402476(73)
402483(78)
402488(66)
402489(73)
402500(77)
402502(68)
402447(65)
402449(73)
402456(70)
402458(72)
402459(67)
402402(77)
402408(66)
402411(64)
402413(66)
402414(70)
402415(75)
402416(76)
402432(70)
402443(68)
402446(57)
402507(68)
402514(67)
402521(69)
402528(77)
402531(84)
402534(65)
402535(75)
402546(68)
402548(64)
402552(54)
402566(75)
402570(75)
402577(63)
402583(70)
402584(73)
402510(105)
402512(98)
402515(121)
402516(102)
402519(114)
402468(115)
402494(127)
402498(102)
402499(124)
402503(111)
402418(102)
402420(109)
402425(108)
402428(127)
402463(110)
402623(117)
402626(114)
402627(96)
402630(125)
402631(122)
402564(126)
402565(101)
402588(114)
402592(115)
402613(108)
402522(115)
402529(111)
402530(105)
402539(140)
402543(126)
402525(146)
402536(161)
402542(171)
402569(163)
402572(152)
402484(150)
402493(133)
402505(145)
402518(148)
402520(179)
402622(172)
402573(150)
402589(161)
402600(183)
402608(162)
402621(137)
402474(217)
402477(148)
402480(144)
402481(155)
402482(148)
402419(181)
402423(145)
402431(180)
402433(188)
402434(154)
402444(168)
402455(151)
402461(203)
402464(159)
402469(144)
402491(252)
402495(218)
402496(216)
402497(261)
402504(198)
402426(182)
402427(209)
402435(242)
402471(200)
402485(220)
402407(269)
402412(259)
402417(204)
402421(222)
402424(190)
402511(201)
402523(249)
402524(198)
402537(224)
402555(271)
402617(220)
402618(190)
402625(193)
402597(195)
402598(200)
402604(253)
402615(205)
402616(250)
402567(206)
402568(218)
402578(207)
402585(186)
402595(222)
402409(262)
402429(328)
402430(297)
402454(276)
402501(274)
402526(352)
402556(268)
402574(281)
402576(243)
402587(242)
402596(411)
402609(347)
402620(278)
Govt. Degree Boys College Baldia Town
424541(60)
424544(63)
424568(62)
402376(121)
424565(116)
13
402710(122)
424621(126)
424627(121)
424628(151)
424656(122)
424658(132)
402682(182)
402705(176)
424634(200)
424637(174)
424659(159)
424660(193)
424665(163)
424667(150)
424677(190)
424679(146)
424680(164)
424682(201)
424684(148)
424686(167)
402721(237)
424622(243)
424626(261)
424633(252)
424636(210)
402702(221)
402703(232)
402709(221)
402712(252)
402720(229)
424687(211)
424639(259)
424650(209)
424675(237)
424681(252)
424685(252)
424649(331)
424651(291)
424652(315)
424653(319)
424654(312)
424644(308)
424645(309)
424646(315)
424647(399)
424648(357)
424635(391)
424640(384)
424641(392)
424642(367)
424643(339)
424655(401)
424657(289)
424661(413)
424662(310)
424663(380)
424683(338)
424688(347)
424672(289)
424673(380)
424674(374)
424676(361)
424678(298)
424664(278)
424668(348)
424669(333)
424670(339)
424671(401)
424624(398)
424625(386)
424629(347)
424630(299)
424631(390)
402695(319)
402696(266)
402697(396)
402698(262)
402699(268)
402687(395)
402690(284)
402691(321)
402693(309)
402694(373)
402681(379)
402683(342)
402684(410)
402685(382)
402686(337)
402716(327)
402718(292)
402719(302)
402722(316)
424623(324)
402708(279)
402711(307)
402713(294)
402714(451)
402715(291)
402700(275)
402701(277)
402704(381)
402706(274)
402707(412)
The Pinnacle College
402472(37)
402473(29)
402478(27)
402479(32)
402486(34)
402492(39)
402506(36)
402508(29)
402509(35)
402527(18)
402448(24)
402451(24)
402452(28)
402453(18)
402457(27)
402401(36)
402410(21)
402436(19)
402437(28)
402438(22)
402439(20)
402440(25)
402441(30)
402442(32)
402445(28)
402593(35)
402603(39)
402614(35)
402619(33)
402635(17)
402636(20)
402638(25)
402639(41)
402560(18)
402561(19)
402579(32)
402580(28)
402581(28)
402538(29)
402544(27)
402545(26)
402547(28)
402549(17)
402551(22)
402553(19)
402554(29)
402557(29)
402559(25)
402586(74)
402591(88)
402594(61)
402599(83)
402602(89)
402605(72)
402606(62)
402610(72)
402611(81)
402628(67)
402629(78)
402633(64)
402634(64)
402637(70)
14
403025(244)
403026(223)
403027(201)
403029(290)
403030(242)
403017(267)
403019(250)
403020(284)
403021(238)
403024(253)
403001(216)
403005(212)
403008(219)
403013(296)
403014(229)
403035(247)
403036(270)
403038(217)
403040(215)
403041(229)
403012(327)
403015(312)
403016(330)
403063(250)
403065(281)
403073(333)
403081(328)
403090(298)
403107(334)
403115(286)
Govt. Degree Science & Commerce College Asifabad
402798(19)
402800(28)
402802(25)
402806(32)
402791(82)
402794(67)
402797(82)
402801(67)
402803(85)
402804(59)
402805(71)
402808(82)
402809(79)
402810(78)
402799(141)
402813(123)
402816(107)
402792(183)
402793(186)
402811(165)
402812(167)
402815(151)
402795(192)
402796(399)
Govt. Degree Boys College 9-E, Baldia Town
424737(87)
424741(69)
424734(110)
424735(136)
424742(138)
424743(135)
424746(120)
424748(121)
424732(215)
424733(199)
424738(224)
424744(192)
424745(184)
424747(207)
402752(223)
402753(245)
402754(208)
402759(210)
424731(246)
424740(238)
402751(250)
402755(274)
402756(262)
402757(250)
402760(343)
HOPE Inter College
424638(34)
424666(62)
15
403198(28)
403235(19)
403239(26)
403253(40)
403192(84)
403193(76)
403214(67)
403223(74)
403225(75)
403240(71)
403216(120)
403217(143)
403226(114)
403232(111)
403238(107)
403191(132)
403201(109)
403202(116)
403207(133)
403208(136)
403256(132)
403259(121)
403242(123)
403248(113)
403250(136)
403251(131)
403255(123)
403203(181)
403210(170)
403213(156)
403231(157)
403234(179)
403237(169)
403241(168)
403245(183)
403246(189)
403258(197)
403196(223)
403200(228)
403209(197)
403211(207)
403212(221)
403215(241)
403218(207)
403222(252)
403229(221)
403230(206)
403236(212)
403243(210)
403252(214)
403194(317)
403195(315)
403197(317)
403199(302)
403204(422)
403205(411)
403220(275)
403221(256)
403224(273)
403227(249)
403228(243)
403233(259)
403257(260)
Govt. Boys Higher Secondary School SITE Model
403044(38)
403061(35)
403078(32)
403100(37)
403113(23)
403054(74)
403057(64)
403058(75)
403076(87)
403079(58)
403003(80)
403011(75)
403028(74)
403043(80)
403049(81)
403112(82)
403114(57)
403084(76)
403092(66)
403096(60)
403099(78)
403109(54)
403060(128)
403062(124)
403067(95)
403068(131)
403070(126)
403009(115)
403022(103)
403034(111)
403039(127)
403051(114)
403091(151)
403095(125)
403102(144)
403103(114)
403105(141)
403071(127)
403077(146)
403080(121)
403082(116)
403089(127)
403023(165)
403032(167)
403033(167)
403037(157)
403046(174)
403004(157)
403006(154)
403007(177)
403010(153)
403018(198)
403088(173)
403093(162)
403104(161)
403108(176)
403110(160)
403047(153)
403048(166)
403052(184)
403055(193)
403072(143)
403069(224)
403074(194)
403075(204)
403083(221)
403085(218)
403042(302)
403045(253)
403053(227)
403064(203)
403066(212)
403106(214)
403111(249)
403087(203)
403094(252)
403097(281)
403098(239)
403101(218)
16
403684(143)
403689(157)
403693(160)
403695(150)
403696(212)
403681(209)
403687(266)
403688(265)
403691(203)
403702(234)
403710(257)
403723(238)
403730(247)
403765(247)
403778(264)
403783(228)
403795(241)
403798(242)
403817(232)
403682(322)
403703(330)
403708(342)
403714(311)
403732(349)
403767(296)
403769(335)
403773(297)
403776(379)
403800(310)
403807(351)
403809(318)
403816(349)
Govt. City College (Morning)
403533(119)
403596(154)
403543(242)
403544(245)
403583(278)
403504(319)
403516(277)
403548(304)
403591(297)
403599(277)
403605(344)
403608(378)
403534(339)
403535(428)
403536(388)
403537(437)
403538(355)
403528(360)
403529(461)
403530(433)
403531(441)
403532(414)
403539(397)
403540(471)
403541(405)
403542(409)
403545(424)
403552(417)
403553(493)
403554(437)
403555(474)
403556(439)
403546(441)
403547(388)
403549(403)
403550(427)
403551(439)
403507(350)
403508(456)
403509(395)
403510(357)
403511(373)
403501(432)
403502(394)
403503(402)
403505(409)
403506(459)
403512(428)
403513(440)
403514(472)
403515(383)
403517(438)
403523(381)
403524(410)
403525(439)
403526(368)
403527(411)
403518(388)
403519(491)
403520(429)
403521(447)
403522(464)
403588(475)
403589(420)
403590(443)
403592(432)
403593(480)
403582(371)
403584(499)
403585(395)
403586(408)
403587(425)
403594(481)
403595(418)
403597(421)
403598(469)
403600(406)
403607(374)
403609(490)
403610(491)
403601(484)
403602(430)
403603(459)
403604(412)
403606(403)
403562(489)
403563(446)
403564(413)
403565(452)
403566(462)
403557(419)
403558(471)
403559(469)
403560(401)
403561(477)
403567(473)
403568(423)
403569(481)
403570(418)
403571(399)
403577(457)
403578(404)
403579(425)
403580(429)
403581(432)
403572(446)
403573(358)
403574(457)
403575(372)
403576(472)
Dehli Govt. College
17
403908(229)
403909(289)
403910(223)
403911(233)
403915(227)
403878(272)
403882(261)
403893(256)
403895(261)
403900(235)
403861(249)
403866(290)
403867(290)
403873(211)
403877(276)
403917(266)
403934(288)
403935(218)
403936(222)
403937(197)
403887(385)
403888(280)
403890(289)
403892(381)
403897(318)
403898(314)
403899(259)
403902(317)
403904(303)
403905(395)
403906(282)
403912(286)
403916(288)
403920(273)
403932(316)
403862(298)
403864(268)
403865(302)
403868(336)
403869(391)
403870(340)
403871(330)
403872(453)
403879(342)
403880(385)
403881(359)
403883(388)
403884(337)
403885(275)
403886(315)
403942(303)
403943(294)
403945(327)
403950(307)
403953(321)
404008(271)
404011(371)
404014(355)
404015(383)
404017(291)
404018(294)
404019(355)
404020(354)
404021(349)
404024(350)
404025(375)
404027(351)
404028(390)
404029(370)
403957(351)
403960(355)
403963(375)
403968(380)
403969(327)
403974(388)
403977(348)
403978(299)
403992(295)
403993(394)
403997(264)
403998(350)
404001(352)
404002(314)
404003(314)
Govt. Boys Comprehensive H.S.School Azizabad F.B.Area
403802(17)
403819(21)
403699(17)
403701(23)
403705(21)
403706(21)
403707(32)
403712(20)
403716(31)
403735(29)
403741(23)
403745(34)
403752(29)
403753(28)
403755(23)
403757(38)
403786(19)
403743(55)
403747(57)
403750(83)
403754(79)
403762(65)
403726(69)
403736(52)
403738(72)
403740(78)
403742(73)
403683(62)
403715(68)
403717(70)
403719(74)
403721(79)
403812(54)
403820(79)
403824(71)
403826(71)
403827(67)
403799(73)
403801(55)
403803(65)
403806(83)
403808(66)
403768(74)
403772(74)
403787(69)
403791(69)
403797(58)
403764(134)
403775(132)
403777(125)
403780(128)
403782(113)
403724(99)
403733(127)
403734(141)
403751(109)
403763(129)
403685(111)
403690(139)
403694(115)
403700(127)
403711(124)
403813(129)
403814(174)
403822(113)
403823(90)
403792(114)
403794(112)
403796(137)
403804(88)
403810(96)
403784(98)
403785(153)
403788(110)
403789(96)
403790(123)
403728(160)
403731(186)
403748(145)
403749(137)
403756(170)
403697(188)
403698(156)
403704(203)
403722(173)
403727(157)
403771(147)
403779(169)
403781(177)
403815(162)
403818(173)
403758(206)
403759(161)
403760(181)
403761(152)
403766(161)
18
427342(346)
427337(425)
427338(445)
427339(418)
427340(426)
427341(385)
427343(399)
427344(415)
427345(438)
427346(453)
427347(457)
427332(481)
427333(335)
427334(467)
427335(441)
427336(339)
404071(428)
404072(454)
404073(391)
404074(374)
404075(472)
404076(450)
404077(425)
404078(429)
404079(424)
427331(454)
427363(438)
427364(462)
427365(475)
427366(419)
427367(484)
427368(376)
427369(478)
427370(448)
427371(437)
427358(435)
427359(416)
427360(439)
427361(458)
427362(401)
427348(358)
427349(387)
427350(459)
427351(443)
427352(451)
427353(440)
427354(455)
427355(409)
427356(417)
427357(385)
Aga Khan Higher Secondary School
403874(28)
403875(43)
403929(22)
403933(37)
403959(19)
403985(41)
404000(39)
404006(35)
403863(76)
403913(97)
403924(77)
403938(79)
403952(103)
403964(95)
403966(56)
403984(72)
403889(116)
403918(104)
403927(97)
403949(109)
403956(125)
403967(114)
403979(171)
403987(128)
403990(136)
404005(136)
404026(118)
403926(203)
403928(156)
403930(164)
403931(205)
403946(232)
403914(195)
403919(197)
403921(207)
403922(210)
403925(165)
403876(179)
403894(185)
403896(181)
403901(177)
403907(179)
404004(169)
404010(197)
404022(174)
403973(148)
403980(160)
403982(161)
403983(181)
403988(138)
403947(169)
403948(190)
403951(134)
403962(162)
403971(196)
403955(266)
403958(218)
403961(259)
403970(313)
403975(264)
403939(222)
403940(260)
403941(238)
403944(219)
403954(246)
403976(319)
403981(269)
403986(230)
403989(217)
403991(283)
404013(328)
403995(288)
403996(283)
403999(291)
404009(239)
404012(281)
19
404231(389)
404234(351)
404235(368)
404237(420)
404238(401)
427621(377)
427622(370)
427623(425)
427624(407)
427625(384)
404221(418)
404222(444)
404223(384)
404224(358)
404225(445)
404226(473)
404227(414)
404228(408)
404229(414)
404230(420)
427626(406)
427627(371)
427628(383)
427629(383)
427630(344)
Sir Adamjee Institute
427505(133)
427480(200)
427451(261)
427466(264)
427483(234)
427491(300)
427510(212)
427511(242)
427513(280)
427515(276)
427525(329)
427526(376)
427527(374)
427528(442)
427529(413)
427530(437)
427531(303)
427532(448)
427520(362)
427521(368)
427522(420)
427523(449)
427524(460)
404161(454)
427452(354)
427453(440)
427454(445)
427455(439)
404156(366)
404157(423)
404158(403)
404159(435)
404160(407)
427461(417)
427462(412)
427463(367)
427464(413)
427465(372)
427456(358)
427457(405)
427458(360)
427459(375)
427460(389)
404151(441)
404152(404)
404153(344)
404154(333)
404155(463)
404136(384)
404137(415)
404138(397)
404139(460)
404140(449)
404131(332)
404132(422)
404133(373)
404134(351)
404135(424)
404146(406)
404147(389)
404148(448)
404149(370)
404150(415)
404141(448)
404142(388)
404143(389)
404144(409)
404145(450)
427500(409)
427501(409)
427502(393)
427503(445)
427504(324)
427495(424)
427496(334)
427497(415)
427498(400)
427499(485)
427514(364)
427516(366)
427517(420)
427518(404)
427519(393)
427506(386)
427507(360)
427508(419)
427509(385)
427512(371)
427489(366)
427490(388)
427492(394)
427493(316)
427494(412)
427472(360)
427473(357)
427474(369)
427475(392)
427476(411)
427467(417)
427468(301)
427469(412)
427470(425)
427471(383)
427484(390)
427485(361)
427486(386)
427487(352)
427488(389)
427477(419)
427478(437)
427479(349)
427481(341)
427482(328)
Aga Khan Higher Secondary School (Evening)
20
404369(373)
404370(306)
404371(366)
404372(390)
404378(308)
404361(304)
404363(370)
404364(254)
404367(345)
404368(254)
Allama Iqbal Govt. Boys Higher Secondary School, Sohrab Goth
404313(27)
427752(129)
427753(198)
404311(356)
404312(417)
404314(376)
404316(354)
404317(368)
404318(409)
404319(361)
404320(312)
404321(302)
404322(331)
404323(274)
404324(339)
404325(346)
404326(342)
427751(327)
Dehli Science & Commerce College, Karimabad
427672(213)
404236(299)
427698(266)
427651(431)
427652(393)
427653(303)
427654(377)
427655(424)
427656(367)
427657(387)
427658(412)
427659(355)
427660(448)
427661(393)
427662(406)
427663(436)
427664(406)
427665(433)
427646(444)
427647(478)
427648(363)
427649(374)
427650(385)
427631(416)
427632(397)
427633(419)
427634(433)
427635(330)
427636(375)
427637(396)
427638(418)
427639(381)
427640(369)
427641(342)
427642(452)
427643(408)
427644(427)
427645(429)
427687(431)
427688(370)
427689(399)
427690(466)
427691(422)
427692(382)
427693(356)
427694(359)
427695(411)
427696(424)
427697(382)
427682(338)
427683(375)
427684(369)
427685(345)
427686(390)
427666(397)
427667(358)
427668(410)
427669(363)
427670(408)
427671(436)
427673(433)
427674(406)
427675(351)
427676(406)
427677(336)
427678(358)
427679(361)
427680(368)
427681(427)
21
427911(261)
427912(247)
427915(257)
404541(399)
404542(434)
427913(307)
427914(301)
427916(313)
Mehran Degree College
427833(117)
427848(109)
427829(219)
427830(278)
427839(254)
427850(222)
427854(237)
427857(375)
404514(408)
427821(330)
427822(346)
427823(374)
427824(348)
427825(340)
427826(343)
427827(347)
427828(366)
427831(340)
404501(359)
404502(424)
404503(351)
404505(418)
404507(356)
404508(353)
404509(448)
404510(369)
404511(411)
404513(437)
427844(255)
427845(301)
427846(385)
427847(340)
427849(350)
427851(325)
427852(333)
427853(277)
427855(353)
427856(315)
427832(303)
427834(393)
427835(368)
427836(403)
427837(329)
427838(434)
427840(344)
427841(278)
427842(427)
427843(249)
College for Advanced Studies
404375(142)
404380(154)
404365(196)
404376(206)
404362(233)
404377(299)
404379(359)
404381(346)
404383(368)
404384(394)
404386(290)
404387(382)
404388(397)
22
405050(323)
405051(311)
405053(310)
405054(413)
405055(333)
405044(344)
405045(372)
405047(352)
405048(426)
405049(358)
405056(404)
405058(326)
405059(353)
405060(408)
405062(384)
405069(382)
405071(352)
405072(405)
405073(352)
405074(376)
405063(417)
405064(376)
405065(310)
405066(420)
405068(426)
405036(326)
405039(370)
405040(334)
405041(353)
405043(367)
405007(343)
405008(384)
405009(384)
405010(366)
405011(373)
405001(389)
405003(395)
405004(329)
405005(328)
405006(331)
405012(388)
405013(420)
405016(381)
405017(362)
405018(358)
405025(420)
405027(388)
405029(335)
405030(334)
405034(357)
405019(375)
405020(378)
405022(409)
405023(410)
405024(406)
405075(383)
405076(390)
405078(333)
405079(425)
405080(307)
405123(383)
405124(428)
405125(435)
405127(410)
405128(402)
405118(347)
405119(386)
405120(452)
405121(457)
405122(380)
405112(360)
405114(463)
405115(411)
405116(370)
405117(371)
405087(412)
405088(408)
405089(331)
405090(367)
405091(481)
405082(375)
405083(342)
405084(364)
405085(492)
405086(378)
405092(372)
405093(400)
405094(389)
405095(403)
405096(427)
405105(339)
405106(327)
405108(333)
405109(341)
405110(368)
405097(480)
405098(410)
405099(392)
405101(404)
405104(428)
Govt. College For Men Nazimabad
404590(98)
428172(162)
428177(171)
428183(222)
428180(302)
404586(418)
404587(337)
404588(433)
404589(392)
428171(403)
404581(329)
404582(459)
404583(406)
404584(357)
404585(338)
428173(320)
428174(346)
428175(348)
428176(376)
428178(360)
428186(302)
428187(297)
428188(406)
428189(388)
428179(391)
428181(399)
428182(324)
428184(383)
428185(324)
The Caspian College
23
405264(133)
405270(145)
405275(131)
405292(106)
405302(158)
405304(116)
405309(105)
405312(107)
405315(150)
405319(133)
405321(135)
405329(133)
405345(135)
405346(165)
405266(184)
405283(184)
405287(194)
405288(219)
405294(155)
405316(173)
405318(180)
405335(202)
405340(185)
405286(300)
405289(231)
405299(248)
405311(216)
405313(259)
405268(262)
405274(242)
405277(215)
405278(282)
405282(226)
405337(276)
405339(252)
405347(252)
405322(205)
405324(249)
405325(263)
405333(237)
405334(257)
405295(352)
405296(400)
405298(277)
405300(327)
405301(340)
405303(340)
405305(295)
405306(278)
405307(266)
405308(275)
405269(293)
405271(304)
405272(322)
405273(301)
405276(269)
405279(335)
405280(373)
405281(434)
405284(313)
405285(345)
405332(323)
405336(327)
405338(381)
405342(338)
405343(349)
405344(349)
405310(344)
405314(259)
405317(296)
405320(304)
405323(354)
405326(300)
405327(412)
405328(283)
405330(363)
405331(315)
405261(309)
405262(314)
405263(349)
405265(276)
405267(310)
Sirajuddaullah Govt. College (Morning)
405032(159)
405061(152)
405107(139)
405152(166)
405002(179)
405026(180)
405046(217)
405052(206)
405067(217)
405113(208)
405141(208)
405033(277)
405035(319)
405037(298)
405042(326)
405057(250)
405014(292)
405015(310)
405021(305)
405028(299)
405031(300)
405137(255)
405139(255)
405144(226)
405150(249)
405077(292)
405081(263)
405100(273)
405111(318)
405126(284)
405143(437)
405145(293)
405146(302)
405147(332)
405148(384)
405134(444)
405135(450)
405136(361)
405140(407)
405142(448)
405129(438)
405130(416)
405131(416)
405132(445)
405133(449)
405162(402)
405157(365)
405158(395)
405159(351)
405160(349)
405161(359)
405149(405)
405151(411)
405153(313)
405154(353)
405155(390)
24
405646(371)
405656(345)
Hussaini Government Boys Higher Secondary School
430581(203)
430586(202)
430584(256)
405581(324)
405582(335)
405583(456)
405585(415)
405586(315)
430582(357)
430583(338)
430585(325)
Bahria Foundation College (Nazimabad Campus)
405427(20)
405430(30)
405431(32)
405441(27)
405455(23)
405461(29)
405477(34)
405480(33)
405493(26)
405426(65)
405445(81)
405449(51)
405457(75)
405482(67)
405485(69)
405487(66)
405488(57)
405421(120)
405422(129)
405434(137)
405446(122)
405456(125)
405465(123)
405475(118)
405481(120)
405489(95)
405492(125)
405423(163)
405424(190)
405435(183)
405439(152)
405444(171)
405448(206)
405450(176)
405458(161)
405462(166)
405464(170)
405486(172)
405425(209)
405428(235)
405433(239)
405437(219)
405442(291)
405443(241)
405451(199)
405459(213)
405460(272)
405467(213)
405472(249)
405473(233)
405474(195)
405476(259)
405491(210)
405429(329)
405436(397)
405438(274)
405447(328)
405452(315)
405453(303)
405463(279)
405466(342)
405469(347)
405471(416)
405478(390)
405479(401)
Govt. Degree Science College Liaquatabad
405348(52)
405290(75)
25
406062(124)
406063(161)
406003(248)
406064(366)
406065(458)
406066(397)
406067(477)
406068(467)
406069(474)
406070(453)
406071(445)
406072(477)
406073(471)
406052(402)
406053(451)
406054(393)
406055(457)
406056(461)
406057(378)
406058(410)
406059(478)
406060(470)
406061(443)
406084(443)
406085(450)
406086(388)
406087(399)
406088(466)
406089(436)
406090(444)
406074(441)
406075(440)
406076(476)
406077(468)
406078(478)
406079(445)
406080(487)
406081(465)
406082(387)
406083(461)
406047(454)
406048(470)
406049(491)
406050(408)
406051(461)
406012(404)
406013(419)
406014(466)
406015(416)
406016(477)
406017(390)
406018(439)
406019(357)
406020(467)
406021(395)
406001(491)
406002(471)
406004(424)
406005(490)
406006(452)
406007(352)
406008(470)
406009(385)
406010(443)
406011(474)
406022(456)
406023(410)
406024(462)
406025(385)
406026(410)
406037(470)
406038(418)
406039(431)
406040(502)
406041(341)
406042(435)
406043(498)
406044(413)
406045(490)
406046(440)
406027(428)
406028(428)
406029(475)
406030(418)
406031(458)
406032(453)
406033(427)
406034(459)
406035(418)
406036(463)
Adamjee Govt. Science College
405649(22)
405655(21)
405658(19)
405659(30)
405662(24)
405645(66)
405657(62)
405660(62)
405661(52)
405668(71)
405670(63)
405641(112)
405647(92)
405664(123)
405667(147)
405650(224)
405654(235)
26
406426(221)
406429(254)
406433(246)
406435(255)
406437(244)
406381(241)
406390(208)
406410(251)
406413(235)
406424(225)
406468(238)
406438(238)
406441(238)
406443(305)
406447(228)
406448(256)
406403(319)
406404(292)
406405(315)
406406(344)
406408(392)
406411(325)
406412(256)
406414(343)
406415(341)
406416(353)
406395(337)
406397(398)
406399(398)
406400(320)
406401(380)
406382(421)
406383(306)
406384(275)
406385(334)
406386(303)
406388(353)
406389(342)
406391(276)
406393(409)
406394(413)
406453(365)
406455(421)
406459(379)
406461(278)
406462(319)
406465(424)
406466(333)
406469(358)
406471(306)
406431(299)
406440(397)
406445(392)
406450(340)
406451(403)
406417(427)
406418(376)
406419(324)
406420(332)
406421(409)
406422(389)
406423(350)
406425(368)
406428(308)
406430(285)
Aisha Bawany Govt. College (Morning)
406233(32)
406238(37)
406301(28)
406216(62)
406225(78)
406226(69)
406237(85)
406302(68)
406220(152)
406234(119)
406273(124)
406281(110)
406215(240)
406224(194)
406227(175)
406262(146)
406268(192)
406288(167)
406291(152)
406292(143)
406295(148)
406296(144)
406247(253)
406256(217)
406257(271)
406258(298)
406265(234)
406219(275)
406230(218)
406235(246)
406243(228)
406245(189)
406297(216)
406298(251)
406267(227)
406269(235)
406270(286)
406280(250)
406287(270)
406246(270)
406248(433)
406249(352)
406250(267)
406251(363)
406253(363)
406254(386)
406255(325)
406259(324)
406260(312)
406232(333)
406236(312)
406240(381)
406242(290)
406244(440)
406212(319)
406213(414)
406214(460)
406217(311)
406218(281)
406221(298)
406222(446)
406228(350)
406229(405)
406231(328)
406285(321)
406286(375)
406289(342)
406290(444)
406293(292)
406294(454)
406299(355)
406300(344)
406303(328)
406278(278)
406279(289)
406282(323)
406283(318)
406284(318)
406261(283)
406263(412)
406264(306)
406266(348)
406271(309)
406272(345)
406274(425)
406275(259)
406276(297)
406277(318)
Govt. National College (Morning)
27
406681(237)
406682(315)
406697(196)
406699(229)
406701(276)
406752(319)
406753(386)
406757(332)
406758(303)
406765(227)
406693(285)
406702(341)
406703(272)
406728(337)
406748(341)
406766(348)
406797(333)
406798(248)
406812(324)
406819(284)
406872(342)
406892(279)
406822(304)
406825(302)
406835(375)
406840(308)
406855(280)
Govt. Degree Boys College, KMC Store Nishter Road
406554(99)
406590(98)
406615(87)
406541(126)
406574(176)
406587(124)
406543(180)
406546(172)
406551(212)
406561(176)
406567(179)
406568(160)
406569(220)
406583(175)
406595(146)
406612(200)
406547(218)
406553(235)
406560(233)
406566(220)
406591(231)
406600(199)
406605(224)
406607(238)
406570(266)
406571(440)
406572(402)
406573(413)
406575(352)
406576(372)
406577(264)
406578(343)
406579(347)
406580(340)
406559(342)
406562(431)
406563(400)
406564(371)
406565(288)
406542(313)
406544(409)
406545(388)
406548(459)
406549(414)
406550(369)
406552(419)
406555(371)
406556(383)
406557(374)
406603(404)
406604(288)
406606(353)
406609(322)
406610(390)
406611(405)
406613(306)
406597(440)
406598(379)
406599(380)
406601(339)
406602(350)
406581(382)
406582(279)
406584(384)
406585(346)
406586(403)
406589(354)
406592(400)
406593(357)
406594(418)
406596(377)
PECHS Education Foundation Govt. Degree Science College
406396(38)
406427(24)
406444(17)
406472(34)
406387(69)
406402(86)
406409(63)
406432(76)
406449(51)
406458(74)
406463(89)
406474(71)
406392(109)
406442(108)
406470(154)
406473(120)
406475(132)
406398(182)
406434(164)
406439(168)
406446(170)
406452(219)
406454(180)
406457(182)
406467(204)
406476(197)
28
406723(33)
406731(24)
406737(20)
406740(24)
406744(21)
406760(37)
406786(23)
406787(26)
406791(22)
406793(20)
406683(21)
406685(25)
406686(18)
406688(24)
406689(51)
406705(34)
406710(23)
406713(23)
406721(34)
406722(31)
406817(37)
406818(33)
406823(25)
406827(17)
406828(38)
406866(17)
406874(28)
406880(21)
406883(24)
406893(33)
406899(53)
406902(44)
406831(19)
406832(26)
406834(34)
406851(33)
406858(20)
406859(18)
406860(19)
406862(17)
406864(27)
406865(18)
406772(74)
406788(67)
406789(72)
406790(85)
406792(62)
406794(55)
406795(72)
406802(71)
406805(56)
406806(54)
406726(89)
406730(56)
406732(53)
406734(63)
406738(69)
406743(82)
406745(66)
406750(60)
406759(65)
406771(59)
406863(57)
406877(54)
406878(59)
406881(74)
406887(72)
406890(70)
406894(73)
406809(64)
406821(59)
406824(81)
406841(78)
406843(67)
406849(61)
406850(58)
406852(66)
406856(73)
406857(57)
406687(63)
406691(66)
406692(76)
406695(64)
406711(57)
406762(102)
406769(95)
406774(94)
406778(132)
406782(105)
406746(164)
406747(144)
406751(129)
406754(111)
406761(120)
406684(133)
406690(115)
406707(119)
406716(117)
406739(96)
406879(121)
406888(100)
406891(117)
406895(130)
406898(134)
406842(125)
406844(97)
406845(109)
406869(128)
406873(105)
406785(113)
406799(101)
406803(134)
406807(131)
406814(104)
406764(191)
406770(183)
406775(152)
406776(164)
406781(196)
406715(211)
406717(167)
406720(176)
406727(198)
406749(189)
406694(198)
406696(135)
406698(192)
406700(148)
406712(148)
406783(207)
406784(203)
406800(181)
406804(147)
406810(169)
406876(143)
406885(155)
406897(170)
406853(170)
406854(156)
406867(142)
406868(145)
406871(167)
406836(146)
406837(154)
406838(156)
406839(147)
406848(196)
406773(198)
406777(258)
406779(272)
406780(214)
406796(223)
406725(190)
406733(218)
406763(246)
406767(232)
406768(198)
406704(247)
406706(237)
406709(269)
406714(221)
406719(276)
406901(197)
406830(220)
406847(268)
406870(215)
406875(255)
406886(214)
406813(220)
406816(265)
406820(228)
406826(236)
406829(248)
29
407011(92)
407003(202)
407006(228)
407008(214)
407013(266)
407001(421)
407002(315)
407004(394)
407005(330)
407007(333)
407009(416)
407010(301)
407012(330)
407014(326)
407015(294)
407016(297)
Fatimiyah College Boys Campus
406958(33)
406947(52)
406959(130)
433330(105)
433271(224)
433292(207)
433317(213)
433323(198)
433331(211)
406943(267)
406948(260)
406956(230)
433267(256)
433272(277)
433275(223)
433277(280)
433287(262)
433290(364)
433296(281)
433298(295)
433299(298)
433313(274)
433315(287)
433319(269)
433262(387)
433263(466)
433264(372)
433265(420)
433266(449)
433268(321)
433269(369)
433270(369)
433273(380)
433274(376)
433276(446)
433278(354)
433279(387)
433280(463)
433281(429)
406942(311)
406944(449)
406945(357)
406946(378)
406949(338)
406950(304)
406951(444)
406952(366)
406953(317)
406954(384)
406955(418)
406957(462)
406960(395)
406961(341)
433261(460)
433282(480)
433283(426)
433284(447)
433285(417)
433286(353)
433310(340)
433311(477)
433312(415)
433314(337)
433316(427)
433318(475)
433320(466)
433321(309)
433324(348)
433325(365)
433326(428)
433327(416)
433328(368)
433329(414)
433332(297)
433288(364)
433289(359)
433291(404)
433293(278)
433294(425)
433295(411)
433297(366)
433301(365)
433302(406)
433303(448)
433304(437)
433306(356)
433307(363)
433308(391)
433309(382)
Meritorious Science College
30
407112(211)
407113(227)
433593(215)
433595(192)
433598(178)
433612(158)
407115(248)
433599(298)
433609(256)
433615(349)
433591(418)
433592(340)
433594(429)
433596(366)
433597(373)
407111(299)
407116(393)
407117(328)
407118(417)
407119(405)
433600(413)
433601(413)
433602(386)
433603(291)
433604(342)
433611(301)
433613(445)
433614(416)
433605(455)
433606(323)
433607(433)
433608(343)
433610(353)
Askari Inter College, Bahadurabad
407046(84)
433530(114)
407042(179)
407054(168)
407056(190)
407068(154)
407074(169)
433504(201)
433509(216)
433532(198)
407052(242)
407063(270)
407066(234)
407076(242)
407077(205)
433494(243)
433519(265)
433522(223)
433523(286)
433533(243)
407070(330)
407071(445)
407072(316)
407073(438)
407075(328)
407078(387)
433481(408)
433482(375)
433483(337)
433484(450)
433485(451)
433486(383)
433487(460)
433488(382)
433489(405)
407062(376)
407064(349)
407065(336)
407067(470)
407069(383)
407041(340)
407043(380)
407044(381)
407045(352)
407047(332)
407048(350)
407049(335)
407050(395)
407051(308)
407053(412)
407055(340)
407057(342)
407058(402)
407059(353)
407060(336)
433514(306)
433515(374)
433516(377)
433517(435)
433518(437)
433520(279)
433521(449)
433524(430)
433525(459)
433526(397)
433527(408)
433528(394)
433529(318)
433531(410)
433508(357)
433510(329)
433511(379)
433512(389)
433513(303)
433490(436)
433491(410)
433492(377)
433493(333)
433495(397)
433496(392)
433497(429)
433499(349)
433500(421)
433501(428)
433502(340)
433503(372)
433505(354)
433506(324)
433507(305)
College of Emerging Technologies
31
407298(194)
434272(254)
407292(308)
434271(428)
South City Institute of Management & Technology
407245(192)
407243(309)
434212(463)
434213(415)
434214(341)
434215(422)
434216(419)
407241(394)
407242(384)
407244(355)
407246(471)
434211(408)
434222(457)
434223(399)
434217(429)
434218(451)
434219(404)
434220(335)
434221(465)
Tabani's College
407195(76)
434143(103)
407186(189)
407187(186)
407192(184)
407196(166)
407198(154)
407184(209)
407185(280)
407190(222)
407191(198)
407200(250)
434141(256)
434148(274)
434144(394)
434145(399)
434146(340)
434147(366)
434149(370)
407193(278)
407194(316)
407197(365)
407199(359)
434142(382)
407181(420)
407182(399)
407183(372)
407188(351)
407189(331)
434160(421)
434161(352)
434162(409)
434163(411)
434155(351)
434156(266)
434157(357)
434158(350)
434159(361)
434150(371)
434151(424)
434152(342)
434153(400)
434154(430)
Army Public College, Faisal, S.M.C.H.S.
32
407727(377)
407728(484)
407729(398)
407732(347)
407734(377)
407708(315)
407710(428)
407714(420)
407715(393)
407720(430)
407701(395)
407702(336)
407703(354)
407704(386)
407706(453)
D.J. Sindh Govt. Science College
407371(30)
434427(60)
407385(59)
434416(74)
434421(74)
407377(103)
407378(121)
407384(104)
434422(128)
407379(164)
407388(175)
407391(212)
434414(199)
434415(207)
434417(205)
434419(175)
434420(162)
407372(221)
407374(242)
407375(229)
407381(230)
407382(227)
407383(279)
407386(283)
407389(251)
407392(236)
434411(259)
434412(282)
434413(277)
434418(262)
434424(252)
434426(301)
407373(322)
407376(313)
407380(265)
407387(308)
407390(308)
434423(304)
434425(360)
C.M.S Govt. Higher Secondary (Campus School) Boys & Girls, Nishter Road
434301(81)
407331(315)
434302(324)
434303(398)
Al-Hamd College of Professional Education
407296(22)
407297(36)
407295(130)
407299(100)
434273(123)
407291(231)
407293(185)
407294(173)
33
407725(129)
407731(101)
407742(130)
407830(140)
407845(144)
407903(124)
407911(128)
407713(127)
407716(167)
407726(184)
407736(175)
407744(180)
407745(160)
407786(206)
407823(161)
407828(172)
407834(196)
407837(219)
407840(234)
407848(181)
407874(171)
407910(181)
407735(243)
407764(231)
407771(209)
407784(251)
407789(259)
407719(249)
407721(254)
407724(240)
407730(216)
407733(237)
407705(256)
407709(275)
407711(214)
407712(229)
407717(234)
407791(229)
407794(266)
407807(231)
407812(238)
407813(280)
407896(284)
407902(269)
407906(245)
407914(284)
407865(337)
407870(243)
407876(258)
407880(257)
407895(231)
407818(185)
407824(263)
407829(233)
407835(211)
407841(206)
407899(330)
407900(315)
407901(421)
407904(389)
407905(379)
407892(438)
407893(388)
407894(420)
407897(475)
407898(422)
407915(341)
407916(380)
407907(420)
407908(345)
407909(457)
407912(319)
407913(377)
407781(372)
407782(386)
407783(313)
407787(394)
407788(354)
407776(423)
407777(445)
407778(464)
407779(416)
407780(370)
407790(419)
407792(351)
407793(442)
407795(348)
407796(420)
407802(367)
407803(335)
407804(344)
407805(308)
407806(396)
407797(419)
407798(286)
407799(340)
407800(338)
407801(410)
407770(465)
407772(450)
407773(359)
407774(452)
407775(419)
407743(340)
407746(454)
407747(396)
407748(464)
407749(361)
407737(473)
407738(425)
407739(470)
407740(374)
407741(336)
407751(430)
407752(404)
407754(448)
407755(430)
407756(389)
407765(424)
407766(284)
407767(363)
407768(341)
407769(444)
407757(385)
407759(441)
407760(443)
407761(427)
407763(415)
407808(304)
407809(432)
407810(395)
407811(276)
407814(386)
407864(334)
407868(416)
407869(431)
407871(377)
407872(342)
407859(486)
407860(385)
407861(382)
407862(347)
407863(303)
407873(463)
407875(413)
407877(454)
407879(411)
407881(370)
407887(459)
407888(357)
407889(382)
407890(453)
407891(321)
407882(412)
407883(420)
407884(449)
407885(435)
407886(342)
407854(440)
407855(374)
407856(364)
407857(436)
407858(353)
407821(417)
407822(411)
407825(281)
407826(382)
407827(390)
407815(416)
407816(417)
407817(403)
407819(274)
407820(338)
407831(442)
407832(390)
407833(479)
407836(441)
407838(391)
407849(428)
407850(460)
407851(447)
407852(387)
407853(330)
407842(287)
407843(420)
407844(489)
407846(406)
407847(404)
34
408130(287)
408131(469)
408132(436)
408133(443)
408134(402)
408121(372)
408123(450)
408124(352)
408126(342)
408128(288)
408135(329)
408136(340)
408137(350)
408138(336)
408139(337)
408149(388)
408150(378)
408151(391)
408152(410)
408140(292)
408142(361)
408144(344)
408146(432)
408148(393)
Islamia Govt. Science College
408008(41)
408036(44)
408040(42)
408041(49)
407978(99)
407990(66)
407995(75)
407996(98)
408020(62)
408046(60)
408059(58)
408068(68)
408069(61)
408070(65)
408074(69)
408001(130)
408012(125)
408015(132)
408023(141)
408030(123)
407973(188)
407977(117)
407992(121)
407993(111)
407998(107)
408071(106)
408072(106)
408031(100)
408035(126)
408037(126)
408043(128)
408066(146)
408032(162)
408042(211)
408044(189)
408050(179)
408053(158)
408054(178)
408055(175)
408061(145)
408064(180)
407969(201)
407985(170)
407987(186)
407988(174)
407991(189)
407997(160)
408003(183)
408013(181)
408028(143)
408029(170)
407962(245)
407967(281)
407982(232)
407989(198)
408007(253)
408010(238)
408022(238)
408025(259)
408026(232)
408033(230)
408049(240)
408058(243)
408067(214)
408075(205)
407976(318)
407979(356)
407980(301)
407983(442)
407984(341)
407986(392)
407994(458)
407999(269)
408000(385)
408002(274)
407961(302)
407964(302)
407965(373)
407966(341)
407968(379)
407970(363)
407971(360)
407972(399)
407974(398)
407975(470)
408004(300)
408005(318)
408006(409)
408011(400)
408014(341)
408045(285)
408047(327)
408048(412)
408051(379)
408052(350)
408056(388)
408062(375)
408063(316)
408016(291)
408017(419)
408018(296)
408019(350)
408021(291)
408024(322)
408027(427)
408034(376)
408038(320)
408039(395)
S.M. Govt. Science College
407722(29)
407723(28)
407707(67)
407750(60)
407753(90)
407758(67)
407785(87)
407839(83)
407866(52)
407867(70)
35
408282(267)
408284(323)
408286(209)
408293(278)
408295(238)
436458(381)
436459(348)
436460(350)
436461(419)
436462(438)
436449(319)
436450(397)
436451(335)
436456(431)
436457(377)
436473(323)
436474(297)
436476(302)
436477(393)
436478(320)
436463(413)
436464(427)
436468(347)
436471(376)
436472(320)
436444(304)
436445(327)
436446(347)
436447(447)
436448(428)
436420(360)
436421(332)
436422(442)
436423(328)
436424(430)
408381(326)
408383(339)
436412(309)
436418(385)
436419(361)
436435(366)
436440(397)
436441(445)
436442(395)
436443(380)
436428(386)
436429(410)
436430(352)
436433(365)
436434(413)
436516(371)
436517(385)
436520(409)
436521(374)
436522(389)
436509(401)
436511(429)
436513(333)
436514(353)
436515(372)
436529(308)
436523(452)
436524(391)
436525(430)
436527(386)
436528(399)
436503(353)
436504(326)
436506(288)
436507(370)
436508(472)
436485(371)
436488(457)
436489(403)
436490(401)
436491(388)
436479(409)
436480(349)
436482(368)
436483(395)
436484(302)
436497(356)
436499(384)
436500(410)
436501(396)
436502(306)
436492(348)
436493(381)
436494(404)
436495(353)
436496(329)
408372(424)
408373(347)
408375(339)
408376(366)
408380(317)
408309(280)
408310(365)
408312(428)
408317(398)
408319(346)
408325(332)
408326(364)
408327(332)
408329(371)
408332(384)
408299(346)
408300(367)
408301(386)
408303(364)
408307(304)
408281(383)
408283(382)
408285(401)
408287(360)
408288(376)
408289(358)
408290(405)
408294(341)
408296(403)
408297(415)
408354(317)
408355(288)
408356(299)
408357(318)
408364(339)
408365(407)
408367(331)
408368(335)
408370(376)
408371(374)
408347(302)
408348(485)
408350(302)
408351(300)
408352(355)
408333(423)
408334(344)
408335(366)
408336(422)
408337(326)
408338(393)
408342(337)
408343(371)
408345(319)
408346(325)
St. Patrick's College (Morning)
408127(83)
408141(140)
408129(155)
408147(178)
408143(270)
408145(265)
408153(238)
36
408453(124)
408444(166)
408445(167)
408441(260)
408442(311)
408443(247)
408450(217)
408451(195)
408455(235)
408459(244)
408464(227)
408469(253)
408470(236)
408486(251)
408489(258)
408462(350)
408463(323)
408465(295)
408466(336)
408467(327)
408468(334)
408471(310)
408472(359)
408473(356)
408474(336)
408446(323)
408447(377)
408449(312)
408452(396)
408454(402)
408456(416)
408457(426)
408458(379)
408460(338)
408461(324)
408485(302)
408487(342)
408488(299)
408490(315)
408491(388)
408492(380)
408493(356)
408494(422)
408495(312)
408496(370)
408475(379)
408476(329)
408477(397)
408478(295)
408479(310)
408480(356)
408481(302)
408482(350)
408483(355)
408484(354)
F.G Boys Inter College, Dr. Daud Pota Road
408362(33)
436439(36)
408378(70)
408302(136)
408369(111)
408384(134)
436427(162)
436437(107)
436453(120)
436481(135)
436510(126)
436518(142)
408358(210)
408361(224)
408363(224)
408366(200)
408385(161)
408316(175)
408320(213)
408321(177)
408324(191)
408330(192)
408291(198)
408292(194)
408306(183)
408308(204)
408314(183)
436526(226)
436530(182)
436533(184)
436535(182)
436465(193)
436467(194)
436470(207)
436512(221)
436519(208)
408386(194)
408387(205)
436426(245)
436431(207)
436455(191)
408349(230)
408353(230)
408359(307)
408360(287)
408377(205)
408379(244)
408382(265)
436411(261)
436413(218)
436414(289)
408331(244)
408339(266)
408340(265)
408341(244)
408344(293)
408298(245)
408304(274)
408305(313)
408311(274)
408313(271)
408315(253)
408318(250)
408322(242)
408323(305)
408328(291)
436505(220)
436531(296)
436532(212)
436534(220)
436536(240)
436537(281)
436538(275)
436469(225)
436475(198)
436486(222)
436487(195)
436498(261)
436415(282)
436416(206)
436417(254)
436425(298)
436432(225)
436436(231)
436438(247)
436452(229)
436454(303)
436466(280)
37
408653(278)
437114(264)
437117(316)
408642(387)
408644(404)
408645(386)
408646(397)
408647(399)
408648(407)
408649(409)
408650(417)
408651(332)
408652(429)
408631(401)
408632(371)
408633(379)
408634(411)
408635(390)
408636(399)
408638(403)
408639(369)
408640(401)
408641(406)
408654(434)
408655(405)
408656(407)
408657(360)
408658(397)
437111(381)
437112(368)
437113(392)
437115(422)
437116(388)
437118(436)
437119(399)
437120(399)
437101(317)
437102(455)
437103(482)
437104(397)
437105(445)
437106(437)
437107(405)
437108(407)
437109(364)
437110(389)
N.J.V. Govt. Higher Secondary School (Campus), Saeed Manzil
437035(25)
437024(151)
408585(267)
408590(307)
437022(258)
437023(234)
437033(291)
408571(334)
408572(427)
408573(385)
408574(354)
408575(430)
408576(362)
408577(366)
408578(396)
408579(257)
408580(302)
408581(321)
408582(388)
408583(366)
408586(295)
408587(351)
408566(363)
408567(316)
408568(279)
408569(331)
408570(379)
408551(313)
408552(378)
408553(409)
408554(412)
408555(305)
408556(348)
408557(292)
408558(342)
408559(389)
408560(386)
408561(365)
408562(376)
408563(445)
408564(397)
408565(271)
437025(323)
437026(348)
437027(354)
437028(337)
437029(362)
437030(384)
437031(331)
437032(299)
437034(342)
437036(493)
437037(357)
437038(358)
437039(443)
437017(318)
437018(375)
437019(229)
437020(438)
437021(417)
408588(325)
408589(284)
408591(311)
408592(344)
408593(357)
408594(378)
408595(397)
408596(319)
408597(311)
408598(275)
437011(347)
437012(381)
437013(360)
437015(332)
437016(390)
DHACSS Degree College (Intermediate)
408448(88)
38
408781(427)
408782(412)
408783(410)
408784(377)
408785(355)
Bahria College (M.T. Khan Road)
437369(476)
437370(368)
437371(413)
437372(450)
437373(463)
437364(374)
437365(444)
437366(438)
437367(448)
437368(462)
437359(445)
437360(412)
437361(414)
437362(445)
437363(369)
437374(462)
437375(343)
437376(457)
437377(435)
437378(323)
437389(417)
437390(345)
437391(467)
437392(476)
437393(448)
437384(424)
437385(404)
437386(466)
437387(351)
437388(428)
437379(368)
437380(464)
437381(374)
437382(426)
437383(419)
437354(388)
437355(372)
437356(408)
437357(422)
437358(460)
408726(385)
408727(382)
408728(423)
408729(374)
408730(460)
408731(419)
408732(377)
408733(354)
408734(374)
408735(411)
408736(429)
408738(402)
437321(336)
437322(359)
437323(411)
408711(450)
408712(366)
408713(349)
408714(384)
408715(397)
408716(357)
408717(420)
408718(394)
408719(383)
408720(373)
408721(442)
408722(434)
408723(371)
408724(392)
408725(355)
437339(441)
437340(438)
437341(438)
437342(368)
437343(377)
437344(414)
437345(367)
437346(423)
437347(401)
437348(412)
437349(374)
437350(449)
437351(386)
437352(403)
437353(431)
437324(337)
437325(470)
437326(447)
437327(373)
437328(407)
437329(401)
437330(380)
437331(410)
437332(369)
437333(443)
437334(449)
437335(453)
437336(394)
437337(406)
437338(441)
Army Public College, Saddar
39
408911(390)
408912(320)
408913(316)
408914(350)
408917(407)
408918(333)
408919(368)
408920(447)
Pak-Turk Maarif International School & College (Higher Secondary) Clifton
437456(134)
408786(215)
408794(188)
408787(287)
408788(285)
408791(240)
408793(295)
408795(291)
408797(256)
408805(291)
437474(371)
437498(306)
437507(280)
437523(261)
437537(287)
437545(269)
437558(388)
437559(409)
437560(356)
437561(437)
437562(460)
437553(454)
437554(357)
437555(363)
437556(442)
437557(384)
437568(486)
437569(381)
437570(365)
437571(406)
437563(391)
437564(435)
437565(424)
437566(465)
437567(346)
437466(461)
437467(431)
437468(437)
437469(406)
437470(371)
437461(489)
437462(422)
437463(453)
437464(456)
437465(410)
437471(369)
437472(449)
437473(452)
437475(455)
437476(377)
437482(478)
437483(453)
437484(369)
437485(379)
437486(400)
437477(373)
437478(474)
437479(479)
437480(446)
437481(444)
437455(341)
437457(342)
437458(455)
437459(427)
437460(454)
408799(436)
408800(414)
408801(379)
408802(442)
408803(403)
408789(306)
408790(401)
408792(361)
408796(345)
408798(373)
408804(346)
408806(377)
408807(405)
408808(396)
408809(343)
408815(363)
437451(345)
437452(392)
437453(343)
437454(370)
408810(415)
408811(367)
408812(419)
408813(390)
408814(374)
437487(417)
437488(420)
437489(403)
437490(437)
437491(488)
437530(406)
437531(464)
437532(432)
437533(350)
437534(406)
437525(420)
437526(437)
437527(381)
437528(441)
437529(404)
437535(326)
437536(337)
437538(399)
437539(441)
437540(411)
437547(403)
437548(419)
437549(464)
437550(415)
437551(374)
437541(455)
437542(456)
437543(448)
437544(430)
437546(421)
437519(417)
437520(362)
437521(365)
437522(359)
437524(414)
437497(380)
437499(448)
437500(433)
437501(341)
437502(405)
437492(429)
437493(302)
437494(413)
437495(458)
437496(487)
437503(460)
437504(413)
437505(474)
437506(447)
437508(354)
437514(296)
437515(328)
437516(380)
437517(361)
437518(325)
437509(362)
437510(412)
437511(385)
437512(390)
437513(398)
40
409031(168)
409033(165)
409032(246)
The American College, Clifton
408972(306)
408979(308)
437891(327)
437892(292)
408983(338)
408984(406)
408985(373)
408986(376)
408987(376)
408988(367)
408990(385)
437871(369)
437872(395)
437873(368)
408971(418)
408973(380)
408974(414)
408975(359)
408976(389)
408977(397)
408978(391)
408980(375)
408981(381)
408982(349)
437884(446)
437885(424)
437886(376)
437887(391)
437888(351)
437889(366)
437890(373)
437893(418)
437894(372)
437874(446)
437875(398)
437876(341)
437877(366)
437878(361)
437879(366)
437880(409)
437881(375)
437882(374)
437883(387)
Guard Public Higher Secondary School
408915(201)
41
439491(212)
439496(248)
439497(238)
439498(220)
439500(252)
439501(291)
439503(278)
409174(339)
409176(343)
439494(361)
439499(355)
439502(393)
439504(290)
439505(363)
439507(378)
439508(384)
The City School, Darakhshan Campus
438125(42)
438121(86)
438122(105)
438128(113)
409121(276)
409122(247)
409123(231)
409125(263)
409127(276)
438124(266)
438127(304)
409124(273)
409126(346)
409128(309)
438123(297)
438126(357)
The Nation's College of Science Arts & Commerce DHA-I, Karachi
437981(175)
409071(233)
437993(252)
437979(368)
437980(408)
437982(423)
437983(357)
437985(354)
437986(405)
437987(380)
437988(353)
437989(417)
437990(388)
437974(341)
437975(477)
437976(387)
437977(369)
437978(404)
409072(337)
409073(372)
409074(402)
409075(364)
409076(370)
409077(351)
409078(372)
437971(322)
437972(470)
437973(378)
437991(372)
437992(363)
437994(364)
437995(296)
437996(307)
438012(367)
438013(365)
438014(395)
438015(366)
438016(342)
438017(387)
438018(402)
438007(408)
438008(348)
438009(365)
438010(399)
438011(427)
437997(391)
437998(387)
437999(409)
438000(361)
438001(478)
438002(494)
438003(362)
438004(385)
438005(445)
438006(348)
Bahria College DHA Campus
42
409555(23)
409566(24)
409569(34)
409572(30)
409575(27)
409600(33)
409611(18)
409629(42)
409554(73)
409556(95)
409561(75)
409564(60)
409578(61)
409522(81)
409529(71)
409532(64)
409538(61)
409553(71)
409502(86)
409506(66)
409515(64)
409516(65)
409520(71)
409630(57)
409631(70)
409608(64)
409612(60)
409614(78)
409621(83)
409622(77)
409581(89)
409583(72)
409590(74)
409592(51)
409607(74)
409534(114)
409539(126)
409540(124)
409542(113)
409545(107)
409549(122)
409550(107)
409551(107)
409560(183)
409567(116)
409503(112)
409505(136)
409507(120)
409508(127)
409509(136)
409513(165)
409517(97)
409518(116)
409530(122)
409531(127)
409618(104)
409619(86)
409624(118)
409625(114)
409626(102)
409627(106)
409570(140)
409580(119)
409582(119)
409594(106)
409601(128)
409603(133)
409605(135)
409609(117)
409610(118)
409613(96)
409628(172)
409543(164)
409544(209)
409546(183)
409547(145)
409557(149)
409504(146)
409511(168)
409512(202)
409519(170)
409523(199)
409586(202)
409593(141)
409602(170)
409604(169)
409615(191)
409558(167)
409559(202)
409573(167)
409574(158)
409579(174)
409524(219)
409525(222)
409527(199)
409528(235)
409533(272)
409536(220)
409537(215)
409562(244)
409571(232)
409576(227)
409595(241)
409597(218)
409606(297)
409501(255)
409521(344)
409526(295)
409535(252)
409568(315)
409584(347)
409585(328)
409587(303)
409588(317)
409591(344)
409596(299)
409599(342)
409616(349)
409617(316)
Govt. Degree Science & Commerce College Lyari
409173(73)
439493(79)
409175(126)
439506(134)
409171(182)
409172(156)
439495(231)
43
440602(210)
440603(199)
440612(180)
440571(238)
440575(263)
440586(289)
440595(239)
440618(244)
440631(286)
440576(431)
440577(293)
440578(338)
440579(312)
440580(326)
440582(355)
440583(375)
440584(316)
440585(385)
440587(353)
440588(306)
440589(328)
440590(326)
440591(398)
440593(276)
409851(410)
409852(408)
409853(403)
409854(398)
409855(340)
409856(454)
409857(391)
409858(393)
409859(392)
409860(391)
409861(394)
409862(363)
440572(328)
440573(290)
440574(341)
440615(358)
440616(368)
440617(379)
440619(355)
440620(458)
440621(367)
440623(353)
440624(425)
440626(353)
440627(395)
440628(392)
440630(447)
440594(321)
440596(416)
440597(408)
440598(365)
440599(330)
440600(396)
440601(314)
440604(315)
440605(377)
440606(377)
440607(405)
440608(324)
440611(415)
440613(293)
440614(387)
Bahria College (Karim Campus) Higher Secondary
409706(75)
409717(79)
409724(124)
409743(179)
409744(160)
409750(156)
409751(143)
409691(141)
409692(110)
409694(149)
409697(143)
409709(118)
409764(126)
409766(134)
409767(131)
409752(139)
409754(169)
409756(135)
409760(154)
409763(133)
409699(165)
409719(148)
409730(217)
409738(211)
409761(207)
409762(256)
409704(252)
409705(245)
409714(232)
409716(265)
409718(278)
409722(205)
409723(217)
409726(248)
409731(265)
409732(244)
409740(290)
409765(281)
409710(313)
409711(301)
409712(305)
409713(343)
409715(294)
409701(345)
409702(326)
409703(321)
409707(375)
409708(306)
409693(325)
409695(293)
409696(378)
409698(281)
409700(328)
409720(268)
409721(386)
409725(366)
409727(320)
409728(313)
409749(315)
409757(375)
409758(303)
409759(334)
409737(342)
409741(321)
409742(383)
409747(326)
409748(309)
409729(292)
409733(325)
409734(314)
409735(335)
409736(336)
Haji Abdullah Haroon Govt. College (Morning)
44
409954(72)
410011(56)
410036(85)
409970(124)
409973(146)
409977(124)
409982(143)
409990(160)
409951(145)
409955(153)
409958(151)
409962(141)
409969(153)
410024(155)
410038(125)
409993(136)
409997(177)
410008(148)
410013(131)
410022(133)
409989(194)
409998(203)
410004(195)
410016(224)
410035(185)
409979(215)
409983(264)
409984(270)
409985(249)
409988(252)
409953(240)
409956(247)
409957(255)
409972(274)
409976(276)
410033(204)
409991(250)
410006(222)
410010(248)
410015(226)
410031(230)
409996(326)
409999(316)
410001(340)
410002(376)
410005(307)
409981(323)
409986(322)
409992(301)
409994(324)
409995(324)
410007(299)
410009(273)
410012(293)
410014(325)
410017(365)
410025(291)
410027(339)
410029(383)
410030(344)
410034(320)
410018(353)
410019(369)
410020(260)
410021(373)
410023(361)
409971(332)
409974(325)
409975(373)
409978(281)
409980(271)
409952(323)
409959(316)
409960(374)
409961(348)
409963(319)
409964(273)
409965(324)
409966(366)
409967(292)
409968(354)
Nusrat Bhutto Govt. Degree Boys College Lyari
409912(135)
409913(119)
409911(325)
409914(303)
409915(347)
409916(324)
409918(339)
Ghazi Muhammad Bin Qasim Govt. Boys Higher Secondary School
440629(37)
440609(85)
440625(62)
440610(131)
45
410440(70)
410443(57)
410445(74)
410451(75)
410455(64)
410414(57)
410417(60)
410419(73)
410423(59)
410428(71)
410431(165)
410432(127)
410434(106)
410435(129)
410439(121)
410403(152)
410411(122)
410413(136)
410421(125)
410429(143)
410478(124)
410479(121)
410452(118)
410454(135)
410456(106)
410458(113)
410463(139)
410409(159)
410415(178)
410416(147)
410420(183)
410427(178)
410401(187)
410405(151)
410406(207)
410407(186)
410408(145)
410444(156)
410469(217)
410472(182)
410430(178)
410433(170)
410436(160)
410437(172)
410442(209)
410410(267)
410424(185)
410425(199)
410453(255)
410457(222)
410459(210)
410468(266)
410470(210)
410484(257)
410402(311)
410426(427)
410441(371)
410446(262)
410460(412)
410471(304)
410481(420)
Govt. Degree College Jungle Shah, Keamari
441058(26)
441064(21)
441087(32)
441041(76)
441065(90)
441069(70)
441072(82)
441055(102)
441057(143)
441060(113)
441061(120)
441063(129)
441046(149)
441049(116)
441050(128)
441052(109)
441054(110)
441077(137)
441080(143)
441083(132)
441066(145)
441067(148)
441068(139)
441074(127)
441075(121)
441045(211)
441048(185)
441056(160)
441070(196)
441078(169)
441079(172)
441084(173)
410123(228)
410133(288)
410135(233)
410137(243)
410141(250)
441042(220)
441051(255)
441073(224)
441076(219)
441081(219)
410128(319)
410129(342)
410130(311)
410131(336)
410132(319)
410121(311)
410124(381)
410125(342)
410126(321)
410127(352)
410142(335)
441044(348)
441047(321)
441082(286)
410134(292)
410136(278)
410138(324)
410139(329)
410140(297)
Memon Degree College (Intermediate)
46
410675(63)
410676(57)
441557(18)
441558(34)
441561(24)
410652(94)
410656(102)
441552(80)
441553(64)
441562(92)
441568(63)
441572(65)
441575(60)
441591(96)
441604(82)
441551(144)
441556(112)
441559(138)
441565(157)
441566(122)
410657(139)
410658(133)
410662(143)
410674(155)
410678(156)
441582(128)
441583(129)
441588(126)
441590(140)
441593(108)
441609(139)
441596(126)
441601(157)
441605(134)
441606(108)
441607(141)
410654(181)
410667(203)
441574(215)
441577(224)
441579(153)
441585(195)
441592(168)
441600(212)
410642(257)
410643(282)
410646(219)
410650(263)
410668(253)
410669(258)
410672(223)
410673(220)
441573(226)
441586(254)
441597(237)
441581(287)
441587(300)
441594(306)
441602(300)
441603(308)
410665(328)
410670(345)
410671(314)
410679(345)
410681(334)
410641(307)
410644(348)
410645(334)
410649(264)
410651(357)
410655(291)
410659(310)
410660(328)
410663(302)
410664(349)
Govt. Boys & Girls Higher Secondary School, Younusabad
441491(151)
441493(248)
441494(212)
441496(195)
441497(276)
410581(363)
410582(376)
410583(352)
410584(340)
410585(366)
410587(367)
441492(349)
441495(363)
441498(435)
PAF Intermediate College, PAF Base Masroor
410404(34)
410412(32)
410422(23)
410447(29)
410462(18)
410482(28)
410461(81)
410464(79)
410465(89)
410467(69)
410474(73)
410477(88)
410480(101)
410483(83)
47
442018(420)
442019(277)
442020(454)
442021(435)
442022(406)
442013(409)
442014(462)
442015(418)
442016(381)
442017(402)
442023(283)
442024(406)
442025(334)
442028(418)
442029(458)
442035(398)
442037(398)
442038(387)
442039(304)
442040(393)
442030(331)
442031(259)
442032(419)
442033(454)
442034(356)
442007(368)
442008(340)
442009(380)
442010(375)
442012(396)
411056(422)
411058(400)
411063(320)
411064(388)
411066(376)
411067(373)
411068(226)
411069(433)
411070(313)
411073(268)
411080(325)
442002(296)
442003(390)
442004(372)
442006(412)
411075(351)
411076(447)
411077(342)
411078(260)
411079(354)
442041(411)
442042(374)
442043(413)
442044(429)
442045(440)
442087(418)
442088(419)
442089(324)
442090(340)
442091(334)
442082(436)
442083(421)
442084(307)
442085(431)
442086(421)
442092(273)
442093(409)
442094(435)
442096(379)
442097(451)
442077(362)
442078(340)
442079(382)
442080(432)
442081(319)
442054(458)
442056(453)
442057(345)
442058(458)
442059(356)
442046(362)
442047(354)
442048(355)
442051(415)
442052(448)
442061(412)
442062(432)
442063(367)
442064(415)
442065(365)
442072(413)
442073(366)
442074(372)
442075(422)
442076(437)
442066(412)
442067(448)
442068(372)
442069(427)
442070(350)
410944(422)
410945(297)
410946(339)
410947(335)
410949(294)
410937(386)
410939(402)
410941(293)
410942(374)
410943(297)
410966(349)
410967(365)
410970(317)
410971(360)
410972(300)
410955(398)
410956(390)
410960(383)
410962(332)
410965(280)
410930(367)
410931(421)
410932(356)
410933(320)
410934(332)
410901(341)
410902(390)
410905(440)
410907(334)
410909(327)
411051(359)
411052(382)
411053(417)
411054(355)
411055(473)
410919(371)
410920(308)
410921(411)
410922(329)
410929(395)
410910(445)
410911(343)
410916(363)
410917(326)
410918(319)
410974(384)
410976(293)
410977(466)
410978(293)
410979(376)
411029(385)
411033(394)
411034(421)
411037(384)
411038(362)
411020(396)
411021(359)
411022(332)
411025(338)
411028(377)
411045(265)
411046(305)
411048(388)
411049(310)
411050(268)
411039(379)
411041(282)
411042(287)
411043(409)
411044(359)
411010(488)
411011(393)
411016(419)
411017(373)
411019(391)
410987(340)
410988(288)
410989(398)
410992(343)
410993(457)
410980(388)
410982(417)
410984(257)
410985(406)
410986(320)
411003(343)
411005(347)
411006(430)
411007(345)
411009(362)
410994(323)
410995(379)
410996(401)
410998(285)
411002(338)
Govt. Deg. Sc./Commerce College Block 7, Gulshan-e-Iqbal
441563(18)
441567(22)
441569(24)
441570(30)
441576(23)
441580(17)
441584(19)
441589(35)
441608(21)
48
442268(415)
442269(444)
442270(395)
442271(328)
442272(410)
442263(351)
442264(393)
442265(435)
442266(351)
442267(372)
442273(369)
442274(444)
442275(422)
442276(461)
442279(409)
442286(429)
442287(429)
442288(434)
442289(334)
442290(411)
442280(387)
442281(345)
442282(434)
442283(427)
442284(470)
442257(437)
442258(361)
442259(404)
442260(414)
442261(424)
442234(441)
442235(421)
442236(330)
442237(468)
442238(404)
442239(483)
442240(439)
442241(398)
442242(444)
442243(430)
442251(402)
442252(402)
442253(414)
442254(286)
442256(280)
442244(361)
442245(302)
442246(384)
442247(460)
442249(392)
442291(374)
442292(404)
442293(398)
442294(413)
442296(440)
442342(411)
442343(416)
442344(398)
442345(399)
442346(450)
442335(362)
442337(398)
442339(340)
442340(382)
442341(455)
442347(338)
442348(327)
442349(449)
442350(383)
442351(460)
442330(398)
442331(476)
442332(441)
442333(386)
442334(417)
442305(324)
442307(383)
442308(382)
442309(367)
442310(443)
442297(395)
442298(441)
442300(388)
442302(379)
442303(455)
442311(357)
442312(389)
442314(429)
442315(355)
442316(394)
442322(398)
442323(383)
442326(393)
442327(446)
442329(423)
442317(439)
442318(386)
442319(467)
442320(459)
442321(397)
442133(384)
442134(413)
442135(334)
442136(343)
442139(398)
442127(369)
442128(345)
442129(420)
442131(400)
442132(381)
442140(348)
442143(360)
442144(347)
442145(431)
442146(367)
442152(416)
442153(349)
442154(368)
442155(421)
442157(373)
442147(377)
442148(440)
442149(382)
442150(381)
442151(408)
442121(321)
442122(399)
442124(437)
442125(404)
442126(418)
442098(385)
442099(416)
442100(445)
442101(336)
442102(436)
442229(418)
442230(383)
442231(392)
442232(431)
442233(427)
442103(404)
442104(341)
442106(369)
442107(452)
442109(346)
442116(462)
442117(412)
442118(390)
442119(414)
442120(327)
442110(477)
442111(379)
442113(385)
442114(365)
442115(402)
442158(316)
442159(431)
442160(459)
442163(401)
442164(388)
442208(460)
442209(402)
442211(392)
442212(430)
442213(403)
442201(402)
442202(383)
442205(425)
442206(405)
442207(302)
442214(314)
442215(449)
442216(376)
442217(398)
442218(434)
442224(341)
442225(361)
442226(420)
442227(447)
442228(432)
442219(430)
442220(442)
442221(374)
442222(409)
442223(443)
442195(348)
442196(370)
442197(348)
442199(332)
442200(406)
442172(348)
442173(382)
442174(427)
442175(450)
442176(470)
442165(376)
442166(418)
442167(342)
442168(413)
442170(409)
442177(439)
442178(390)
442179(413)
442180(360)
442182(373)
442190(438)
442191(424)
442192(359)
442193(450)
442194(379)
442183(370)
442184(391)
442185(345)
442187(464)
442188(372)
49
410908(77)
410925(86)
410938(62)
410957(62)
410964(102)
410975(82)
442142(56)
442162(59)
442313(51)
442411(126)
442415(72)
411062(150)
411065(138)
411074(104)
411081(144)
411082(144)
410990(119)
411027(145)
411035(133)
411047(104)
411061(165)
410904(130)
410923(130)
410927(111)
410935(105)
410951(105)
442412(188)
442171(148)
442295(153)
442306(137)
442324(185)
442336(117)
442027(146)
442053(139)
442112(136)
442141(173)
442169(125)
410948(188)
410973(174)
410997(192)
411004(158)
411031(216)
410903(156)
410913(161)
410924(191)
410936(238)
410940(173)
442189(182)
442248(178)
442370(169)
442374(192)
442379(207)
442036(231)
442095(181)
442108(153)
442137(172)
442156(166)
442262(252)
442277(297)
442285(295)
442299(269)
442301(270)
442304(269)
442325(334)
442328(279)
442338(327)
442360(307)
442362(240)
442364(288)
442380(287)
442384(303)
411000(217)
411001(247)
411008(277)
411012(226)
411013(271)
411015(251)
411018(288)
411023(247)
411024(260)
411026(237)
410963(235)
410981(219)
410983(219)
410991(238)
410999(253)
410906(289)
410912(297)
410914(260)
410915(269)
410950(275)
410952(282)
410954(260)
410958(271)
410959(227)
410961(208)
411030(270)
411032(222)
411036(217)
411057(247)
411059(266)
442138(273)
442161(267)
442181(286)
442186(278)
442198(232)
442203(228)
442204(334)
442210(260)
442250(266)
442255(217)
442060(321)
442071(248)
442105(265)
442123(309)
442130(283)
411060(257)
411071(241)
411072(219)
411083(326)
442001(239)
442011(264)
442026(209)
442049(249)
442050(224)
442055(230)
442372(406)
442373(456)
442375(372)
442376(305)
442377(361)
442378(339)
442381(357)
442382(394)
442383(412)
442385(341)
442366(421)
442367(309)
442368(396)
442369(394)
442371(378)
442352(398)
442353(414)
442355(397)
442356(395)
442357(414)
442358(367)
442359(360)
442361(310)
442363(380)
442365(413)
442386(414)
442387(448)
442388(367)
442389(446)
442390(369)
442406(377)
442407(407)
442408(366)
442409(433)
442410(430)
442413(395)
442414(377)
442416(326)
442417(403)
442401(422)
442402(401)
442403(437)
442404(382)
442405(404)
442391(437)
442392(382)
442393(481)
442394(430)
442395(396)
442396(446)
442397(383)
442398(304)
442399(408)
442400(403)
50
411391(399)
411392(412)
411393(338)
411394(433)
411395(432)
411396(440)
411397(435)
411398(351)
411400(399)
411401(389)
411402(352)
411403(405)
411404(316)
411405(429)
443631(432)
411386(375)
411387(463)
411388(436)
411389(489)
411390(361)
411371(423)
411372(429)
411373(423)
411374(439)
411375(422)
411376(466)
411377(361)
411378(483)
411379(380)
411380(393)
411381(421)
411382(421)
411383(410)
411384(460)
411385(373)
443632(392)
443633(320)
443634(390)
443635(414)
443636(395)
443652(367)
443653(398)
443654(333)
443655(388)
443656(424)
443637(441)
443638(431)
443639(451)
443640(468)
443641(482)
443642(420)
443643(463)
443644(468)
443645(446)
443646(385)
443647(375)
443648(429)
443649(383)
443650(433)
443651(469)
Commecs College
411174(119)
411180(98)
411194(130)
411196(130)
411195(165)
411243(161)
411161(286)
411163(232)
411181(238)
411183(280)
411200(245)
411210(332)
411214(209)
411225(225)
411227(247)
411247(278)
411190(336)
411191(311)
411192(391)
411193(403)
411197(337)
411198(402)
411199(342)
411201(347)
411202(347)
411204(321)
411205(432)
411206(335)
411207(358)
411208(323)
411209(392)
411182(341)
411185(339)
411186(361)
411188(325)
411189(314)
411162(307)
411164(346)
411165(333)
411166(345)
411167(296)
411168(382)
411169(357)
411170(389)
411171(386)
411172(346)
411173(384)
411175(362)
411176(385)
411178(329)
411179(403)
411235(363)
411236(242)
411237(288)
411238(342)
411239(271)
411240(369)
411241(266)
411242(379)
411244(396)
411246(355)
411248(304)
411250(340)
411230(338)
411231(280)
411232(355)
411233(341)
411234(295)
411211(325)
411212(363)
411213(377)
411215(346)
411217(306)
411218(304)
411219(336)
411220(395)
411221(376)
411222(303)
411223(299)
411224(333)
411226(294)
411228(363)
411229(327)
Govt. Degree Boys College No. 1 Gulistan-e-Jauhar
51
Ideal Grammer Higher Secondary School, Suparco Road
411441(209)
411442(212)
411443(202)
411445(206)
443804(236)
443802(253)
411444(383)
443801(350)
443803(355)
443805(438)
Bahria Foundation College (Gulshan-e-Iqbal Campus)
411399(294)
443661(218)
443675(284)
443678(300)
443710(280)
443729(262)
443680(348)
443681(459)
443682(432)
443683(443)
443684(372)
443685(387)
443686(431)
443687(453)
443688(427)
443689(414)
443690(396)
443691(380)
443692(437)
443693(342)
443694(468)
443673(432)
443674(442)
443676(366)
443677(384)
443679(376)
443657(442)
443658(399)
443659(412)
443660(349)
443662(476)
443663(355)
443664(308)
443665(421)
443666(302)
443667(462)
443668(401)
443669(420)
443670(378)
443671(427)
443672(434)
443717(398)
443718(463)
443719(321)
443720(436)
443721(322)
443722(463)
443723(386)
443724(445)
443725(428)
443726(376)
443727(350)
443728(393)
443711(357)
443712(444)
443713(313)
443715(493)
443716(463)
443695(353)
443696(416)
443697(369)
443698(405)
443699(354)
443700(366)
443701(350)
443702(433)
443703(330)
443704(376)
443705(444)
443706(467)
443707(419)
443708(477)
443709(392)
52
411621(112)
444681(182)
444682(202)
411624(337)
444683(284)
444684(408)
444685(411)
444686(421)
Shaheen Public College, Gulistan-e-Jauhar
411583(56)
411582(94)
444641(122)
444646(141)
444647(119)
411581(177)
444642(192)
444645(192)
444643(252)
444644(256)
The Smart College, Gulshan-e-Iqbal Block-6
411535(18)
411537(58)
411534(173)
411536(155)
411531(257)
411532(220)
443981(269)
411533(323)
443982(325)
443983(348)
Ghazi Foundation College, Gulshan-e-Iqbal
411491(119)
443861(92)
443862(141)
443863(118)
411492(195)
53
444811(286)
444823(286)
444826(307)
444837(280)
444838(258)
444774(265)
444789(246)
444802(266)
444807(292)
444809(286)
444797(323)
444798(414)
444799(386)
444800(372)
444801(396)
444792(334)
444793(397)
444794(362)
444795(352)
444796(382)
444810(410)
444812(409)
444813(336)
444814(392)
444815(364)
444803(329)
444804(415)
444805(330)
444806(414)
444808(365)
444775(367)
444776(290)
444777(330)
444778(385)
444779(382)
444769(373)
444770(401)
444771(393)
444772(411)
444773(337)
444785(324)
444786(364)
444787(400)
444788(420)
444791(407)
444780(391)
444781(298)
444782(344)
444783(398)
444784(351)
444816(385)
444817(384)
444818(415)
444819(401)
444820(393)
444853(402)
444854(392)
444856(357)
444857(410)
444858(373)
444847(393)
444848(410)
444849(448)
444851(429)
444852(311)
444866(344)
444867(445)
444859(356)
444861(328)
444862(431)
444863(380)
444865(332)
444828(328)
444829(393)
444830(345)
444832(371)
444833(344)
444821(372)
444822(350)
444824(363)
444825(313)
444827(427)
444841(403)
444842(396)
444843(351)
444845(383)
444846(423)
444834(331)
444835(338)
444836(366)
444839(379)
444840(321)
411706(406)
411707(369)
411708(334)
411709(368)
411710(324)
411701(411)
411702(368)
411703(480)
411704(429)
411705(394)
444764(362)
444765(360)
444766(413)
444767(449)
444768(452)
411712(369)
411713(328)
444761(402)
444762(420)
444763(399)
Bahria College EAB-I Majeed Campus
444726(79)
444723(139)
444724(173)
444728(171)
444721(261)
444722(296)
411661(276)
411662(298)
444725(241)
Metropolitan Intermediate College, Gulistan-e-Jauhar
411622(35)
411623(29)
54
411861(317)
411864(353)
411866(403)
411867(307)
446171(399)
Adler College
411811(152)
411812(222)
445961(252)
Ideal Degree College, Gulshan-e-Iqbal
444917(234)
444921(269)
411756(444)
444901(407)
444902(386)
444903(383)
444904(373)
411751(462)
411752(481)
411753(480)
411754(364)
411755(362)
444905(461)
444906(355)
444907(465)
444908(426)
444909(354)
444915(459)
444916(424)
444918(384)
444919(345)
444920(432)
444910(375)
444911(381)
444912(378)
444913(409)
444914(333)
Chiniot Islamia College
411711(132)
411714(104)
444831(136)
444790(236)
444844(268)
444850(291)
444855(285)
444860(278)
444864(214)
444868(275)
55
412012(290)
New Grammer Govt. Boys & Girls H.S.S
446269(86)
411924(168)
446264(190)
411921(213)
446263(265)
411922(343)
411923(349)
446261(390)
446262(368)
446265(355)
446266(394)
446267(403)
446268(382)
446270(377)
The Smart College, University Road
411891(49)
411893(156)
446229(202)
446221(261)
411892(379)
411894(399)
411895(431)
446222(389)
446223(295)
446224(290)
446225(423)
446226(446)
446227(432)
446228(319)
Rowan College
411863(108)
411862(237)
411865(253)
411868(243)
446176(341)
446173(327)
446174(397)
446175(371)
56
412118(277)
412119(261)
412131(235)
412132(282)
412137(275)
412093(268)
412095(225)
412107(331)
412110(226)
412113(251)
412085(245)
412086(251)
412087(227)
412091(273)
412092(255)
412112(380)
412114(308)
412115(364)
412116(384)
412117(278)
412120(298)
412121(306)
412122(335)
412123(347)
412124(387)
412103(336)
412104(352)
412106(305)
412108(367)
412109(298)
412082(300)
412083(369)
412084(327)
412090(371)
412094(340)
412097(264)
412098(328)
412099(356)
412101(296)
412102(319)
412125(390)
412130(314)
412135(270)
412138(345)
412139(277)
412165(372)
412168(322)
412169(339)
412171(400)
412172(340)
412173(349)
412174(320)
412158(287)
412159(306)
412161(406)
412163(296)
412164(352)
412141(315)
412143(299)
412145(356)
412147(312)
412150(356)
412151(278)
412152(350)
412153(388)
412155(335)
412157(365)
Govt. Degree Boys College Sachal Goth at Ghazi Goth
412041(249)
446314(452)
446315(413)
446316(406)
446317(421)
446318(374)
412042(339)
412043(436)
446311(441)
446312(425)
446313(442)
446324(395)
446325(427)
446326(436)
446327(440)
446319(435)
446320(451)
446321(422)
446322(423)
446323(400)
Army Public College, COD (Intermediate)
412011(34)
412016(18)
412013(65)
412015(60)
412014(197)
57
412282(168)
412283(177)
412284(264)
446421(266)
412281(489)
446422(402)
446423(370)
446424(408)
446425(395)
446426(388)
446427(286)
446428(379)
446429(430)
446430(412)
446431(353)
446432(360)
446433(346)
Beaconhouse School System Higher Secondary Gulistan-e-Jauhar Campus
412221(134)
446363(220)
446365(220)
446368(270)
412222(264)
446361(364)
446362(398)
446364(378)
446366(340)
446367(390)
446369(456)
446370(412)
446371(400)
446372(413)
446373(423)
The City School, University Road Campus
412111(66)
412126(95)
412178(77)
412181(79)
412188(86)
412089(134)
412100(133)
412127(156)
412128(136)
412140(142)
412182(139)
412186(99)
412081(171)
412088(159)
412096(208)
412105(241)
412129(170)
412134(191)
412136(180)
412146(209)
412160(161)
412166(238)
412176(155)
412177(198)
412183(173)
412184(192)
412185(164)
412142(255)
412144(239)
412148(324)
412149(201)
412154(224)
412162(232)
412167(231)
412170(296)
412175(274)
412179(317)
412180(283)
58
412761(432)
412762(404)
412763(426)
412764(396)
412765(373)
412756(473)
412757(463)
412758(431)
412759(427)
412760(364)
412766(400)
412767(473)
412768(432)
412769(443)
412770(418)
412776(456)
412777(414)
412778(455)
412779(407)
412780(473)
412771(399)
412772(411)
412773(460)
412774(457)
412775(436)
412736(475)
412737(490)
412738(370)
412739(389)
412740(348)
412731(408)
412732(441)
412733(386)
412734(421)
412735(467)
412741(377)
412742(479)
412743(460)
412744(441)
412745(466)
412751(488)
412752(471)
412753(460)
412754(478)
412755(493)
412746(463)
412747(463)
412748(381)
412749(442)
412750(462)
412781(438)
412782(441)
412783(458)
412784(422)
412785(440)
447740(446)
447741(435)
447742(445)
447743(450)
447744(384)
447735(466)
447736(452)
447737(480)
447738(458)
447739(412)
447745(427)
447746(454)
447747(426)
447748(443)
447749(467)
447715(363)
447716(475)
447717(489)
447718(471)
447719(471)
412786(378)
447711(371)
447712(409)
447713(346)
447714(404)
447720(491)
447721(481)
447722(455)
447723(475)
447724(416)
447730(485)
447731(502)
447732(446)
447733(453)
447734(462)
447725(430)
447726(474)
447727(461)
447728(465)
447729(488)
Bahria College (Karsaz)
412600(41)
412594(68)
412552(159)
412565(172)
412604(131)
412619(140)
412620(165)
412572(237)
412595(161)
412615(193)
412561(281)
412610(249)
412616(215)
412569(396)
412570(405)
412571(387)
412573(360)
412574(295)
412575(330)
412576(383)
412577(398)
412578(352)
412579(317)
412563(354)
412564(386)
412566(385)
412567(394)
412568(356)
412551(409)
412553(354)
412554(393)
412555(317)
412556(351)
412557(377)
412558(327)
412559(337)
412560(328)
412562(339)
412580(375)
412581(353)
412582(345)
412583(386)
412584(346)
412607(397)
412609(351)
412611(273)
412612(491)
412613(358)
412617(272)
412618(378)
412597(386)
412598(375)
412599(277)
412601(381)
412605(324)
412585(370)
412586(427)
412587(361)
412588(380)
412589(339)
412590(356)
412591(359)
412592(363)
412593(376)
412596(465)
Govt. Superior Science/Commerce College, Shah Faisal Colony
59
447896(388)
447897(371)
447898(392)
447899(406)
447900(376)
447891(447)
447892(403)
447893(439)
447894(429)
447895(415)
447906(430)
447907(398)
447908(404)
447909(397)
447910(344)
447901(446)
447902(416)
447903(444)
447904(387)
447905(440)
447886(435)
447887(405)
447888(416)
447889(458)
447890(477)
447871(347)
447872(396)
447873(412)
447874(417)
447875(478)
447866(396)
447867(392)
447868(440)
447869(347)
447870(371)
447881(479)
447882(466)
447883(438)
447884(457)
447885(397)
447876(442)
447877(444)
447878(447)
447879(438)
447880(406)
447941(369)
447942(466)
447943(447)
447944(472)
447945(380)
447936(470)
447937(435)
447938(398)
447939(462)
447940(470)
447951(436)
447952(425)
447953(419)
447954(392)
447946(362)
447947(337)
447948(398)
447949(393)
447950(393)
447931(436)
447932(369)
447933(361)
447934(419)
447935(378)
447916(466)
447917(413)
447918(393)
447919(376)
447920(417)
447911(308)
447912(441)
447913(458)
447914(462)
447915(460)
447926(481)
447927(449)
447928(430)
447929(432)
447930(411)
447921(414)
447922(464)
447923(460)
447924(465)
447925(472)
447785(473)
447786(416)
447787(392)
447788(402)
447789(438)
447780(374)
447781(448)
447782(407)
447783(387)
447784(411)
447790(435)
447791(417)
447792(464)
447793(467)
447794(478)
447800(378)
447801(423)
447802(339)
447803(442)
447804(426)
447795(456)
447796(457)
447797(411)
447798(418)
447799(402)
447775(429)
447776(416)
447777(437)
447778(431)
447779(456)
447755(413)
447756(451)
447757(438)
447758(444)
447759(373)
447750(394)
447751(363)
447752(413)
447753(432)
447754(413)
447760(337)
447761(412)
447762(433)
447763(364)
447764(322)
447770(489)
447771(473)
447772(461)
447773(463)
447774(394)
447765(430)
447766(474)
447767(359)
447768(338)
447769(450)
447805(424)
447806(428)
447807(465)
447808(442)
447809(461)
447846(461)
447847(452)
447848(474)
447849(454)
447850(422)
447841(447)
447842(457)
447843(447)
447844(473)
447845(417)
447851(412)
447852(470)
447853(431)
447854(472)
447855(467)
447861(322)
447862(383)
447863(355)
447864(435)
447865(427)
447856(451)
447857(496)
447858(411)
447859(441)
447860(421)
447836(445)
447837(429)
447838(463)
447839(424)
447840(432)
447815(477)
447816(349)
447817(406)
447819(379)
447820(434)
447810(492)
447811(365)
447812(342)
447813(423)
447814(440)
447821(371)
447822(453)
447823(464)
447824(411)
447825(470)
447831(373)
447832(446)
447833(419)
447834(426)
447835(373)
447826(434)
447827(446)
447828(467)
447829(408)
447830(392)
60
412926(447)
412927(353)
412928(353)
448184(404)
448185(266)
412921(328)
412922(289)
412923(375)
412924(378)
412925(326)
KBV CAA Model School & College
412891(136)
412893(154)
412892(196)
412894(396)
Iqra Intermediate College for Boys & Girls, Shah Faisal Colony
412842(273)
412843(273)
412845(277)
448054(295)
448064(282)
448045(389)
448046(372)
448047(389)
448048(352)
448049(401)
412849(405)
448041(332)
448042(363)
448043(351)
448044(310)
412841(340)
412844(348)
412846(328)
412847(401)
412848(365)
448061(414)
448062(411)
448063(419)
448065(383)
448066(407)
448056(407)
448057(427)
448058(400)
448059(407)
448060(404)
448050(394)
448051(407)
448052(382)
448053(393)
448055(327)
New Fazaia Intermediate College, Shahrah-e-Faisal
61
448662(263)
448663(247)
413021(372)
413022(412)
413023(386)
413024(420)
413025(400)
413026(419)
413027(413)
413028(372)
448661(292)
448664(301)
448665(317)
448666(344)
448667(340)
448668(414)
448669(379)
A.S.F. Intermediate College
448616(27)
448618(39)
448622(42)
448625(113)
412974(205)
448612(169)
448617(171)
448624(198)
412958(233)
412959(229)
412963(239)
412966(245)
412971(229)
412977(212)
412978(267)
448611(255)
448613(228)
448615(205)
412960(350)
412961(264)
412962(293)
412964(300)
412965(312)
412951(312)
412952(312)
412953(268)
412956(286)
412957(306)
448619(315)
412967(400)
412968(381)
412969(343)
412970(313)
412972(260)
Ali Higher Secondary School, Shah Faisal Colony No.3
448192(154)
448181(174)
448190(229)
448191(231)
448196(179)
448198(176)
448182(300)
448183(290)
448186(297)
448187(430)
448188(343)
448189(401)
448193(395)
448194(363)
448195(368)
448197(311)
62
413380(344)
413381(397)
413384(326)
413385(410)
413386(307)
413387(405)
413389(408)
413390(448)
413391(463)
413392(366)
413394(386)
413395(445)
413396(382)
413397(441)
413398(347)
413374(449)
413375(449)
413376(311)
413377(412)
413379(413)
413351(413)
413352(436)
413353(465)
413354(422)
413355(482)
413357(449)
413358(404)
413359(380)
413360(379)
413361(350)
413364(335)
413367(393)
413369(341)
413372(341)
413373(402)
413417(345)
413418(413)
413419(333)
413420(358)
413422(380)
413399(311)
413400(425)
413401(400)
413402(381)
413403(353)
413405(428)
413406(447)
413407(371)
413409(427)
413411(381)
413412(368)
413413(347)
413414(428)
413415(402)
413416(419)
Govt. Degree Science/Commerce College Malir Cantt.
449212(200)
413094(319)
449215(243)
449216(266)
413091(353)
413092(340)
413093(366)
413095(359)
413096(373)
413097(369)
413098(365)
413099(338)
413100(358)
413101(358)
449211(289)
449213(276)
449214(383)
449217(372)
Cantt. Public Degree College Faisal Cantt.
448712(34)
448714(40)
413061(136)
413062(131)
413068(126)
448719(127)
413064(181)
413065(220)
413067(207)
448713(150)
448716(178)
413063(242)
413066(265)
413069(222)
448711(195)
448718(239)
448715(320)
448717(337)
Bright Success College
63
449746(466)
449747(468)
449748(448)
449749(357)
449750(397)
449741(366)
449742(446)
449743(347)
449744(423)
449745(437)
449757(419)
449760(308)
449761(275)
449763(448)
449764(387)
449751(390)
449753(425)
449754(437)
449755(486)
449756(458)
449734(349)
449735(457)
449736(322)
449737(434)
449738(435)
449715(336)
449716(475)
449717(450)
449718(434)
449719(438)
449709(424)
449711(327)
449712(435)
449713(400)
449714(384)
449729(412)
449730(461)
449731(443)
449732(391)
449733(462)
449720(407)
449721(386)
449725(307)
449727(393)
449728(359)
449765(412)
449767(437)
449768(466)
449769(394)
449770(380)
449803(365)
449804(360)
449805(375)
449806(281)
449807(355)
449798(461)
449799(454)
449800(383)
449801(363)
449802(382)
449813(412)
449814(385)
449815(368)
449808(467)
449809(414)
449810(406)
449811(476)
449812(389)
449793(350)
449794(355)
449795(432)
449796(432)
449797(446)
449776(409)
449777(427)
449780(440)
449781(448)
449782(438)
449771(430)
449772(457)
449773(441)
449774(377)
449775(403)
449788(417)
449789(403)
449790(443)
449791(407)
449792(426)
449783(388)
449784(384)
449785(462)
449786(483)
449787(369)
449704(363)
449705(290)
449706(455)
449707(467)
449708(453)
449607(473)
449608(453)
449609(441)
449610(491)
449611(445)
449602(452)
449603(482)
449604(425)
449605(374)
449606(482)
449613(468)
449615(481)
449616(389)
449617(462)
449618(447)
449624(388)
449627(380)
449628(378)
449631(406)
449632(487)
449619(411)
449620(447)
449621(436)
449622(446)
449623(474)
413459(291)
413460(373)
413461(321)
413463(345)
449601(464)
413432(338)
413433(288)
413434(324)
413435(457)
413439(278)
413425(398)
413426(369)
413427(382)
413428(306)
413431(322)
413440(325)
413441(417)
413442(370)
413443(394)
413445(417)
413454(359)
413455(354)
413456(346)
413457(387)
413458(358)
413446(334)
413448(272)
413450(336)
413451(365)
413453(376)
449679(447)
449680(384)
449681(475)
449682(386)
449683(393)
449674(301)
449675(433)
449676(418)
449677(431)
449678(439)
449684(452)
449687(427)
449688(438)
449689(364)
449690(457)
449697(427)
449698(371)
449699(381)
449701(317)
449702(261)
449692(318)
449693(395)
449694(303)
449695(349)
449696(323)
449667(433)
449669(472)
449670(384)
449671(424)
449673(405)
449640(386)
449641(382)
449642(467)
449644(456)
449645(438)
449634(401)
449635(394)
449637(436)
449638(453)
449639(425)
449647(451)
449648(380)
449649(403)
449650(401)
449654(479)
449660(340)
449661(410)
449663(426)
449665(389)
449666(415)
449655(468)
449656(459)
449657(463)
449658(445)
449659(405)
64
413557(100)
413562(116)
413571(111)
413579(109)
413582(123)
413540(125)
413547(124)
413550(92)
413552(113)
413556(119)
413524(128)
413531(115)
413533(104)
413536(113)
413538(118)
413583(91)
413587(92)
413589(109)
413594(119)
413595(104)
413626(132)
413628(138)
413635(129)
413614(153)
413619(139)
413620(104)
413622(121)
413623(126)
413597(103)
413600(141)
413604(103)
413605(101)
413608(117)
413551(179)
413553(157)
413564(162)
413572(120)
413575(158)
413522(163)
413523(207)
413530(151)
413532(142)
413545(166)
413617(164)
413618(139)
413629(164)
413637(182)
413576(165)
413580(155)
413593(168)
413602(213)
413609(224)
413558(273)
413561(204)
413563(286)
413565(213)
413567(250)
413528(245)
413534(227)
413537(218)
413539(223)
413542(208)
413603(276)
413615(265)
413625(188)
413568(262)
413570(228)
413577(252)
413584(241)
413591(229)
413612(322)
413633(381)
413634(344)
413578(243)
413581(266)
413592(292)
413596(298)
413599(288)
413529(378)
413543(373)
413555(273)
413559(315)
413569(314)
Govt. Degree Science/Commerce College Malir at Saudabad
413370(45)
413423(34)
449614(55)
449752(47)
413449(149)
413462(147)
413464(158)
449629(135)
449643(161)
449646(122)
449652(214)
449710(144)
449740(140)
449779(139)
449816(139)
413365(178)
413371(185)
413382(222)
413383(195)
413429(185)
413436(226)
413437(207)
449612(191)
449633(168)
449651(182)
449653(154)
449686(198)
449723(187)
413438(300)
413444(259)
413452(268)
449625(248)
449626(237)
413393(291)
413408(234)
413421(296)
413424(258)
413430(214)
413356(348)
413363(258)
413368(267)
413378(258)
413388(249)
449758(261)
449759(265)
449762(241)
449778(248)
449691(273)
449700(242)
449722(290)
449724(215)
449726(245)
449630(208)
449636(264)
449662(275)
449664(236)
449685(278)
65
413711(148)
413719(188)
413720(146)
413738(143)
413741(125)
413692(141)
413694(131)
413695(123)
413700(177)
413704(159)
413759(164)
413763(178)
413769(110)
413771(133)
413777(144)
413684(231)
413685(230)
413686(200)
413688(199)
413699(168)
413713(218)
413716(199)
413762(195)
413770(188)
413782(204)
413808(158)
413830(213)
413836(176)
413840(187)
413847(201)
413702(243)
413717(287)
413752(324)
413753(262)
413755(252)
413681(201)
413691(254)
413693(274)
413696(221)
413697(330)
413757(236)
413772(233)
413774(241)
413775(232)
413785(294)
413829(273)
413832(305)
413837(294)
413839(265)
413845(297)
413805(280)
413807(250)
413812(239)
413824(250)
413827(306)
413810(370)
413811(298)
413813(342)
413814(289)
413815(324)
413802(389)
413803(354)
413804(393)
413806(334)
413809(342)
413796(316)
413798(340)
413799(364)
413800(320)
413801(361)
413835(388)
413842(352)
413843(320)
413844(349)
413823(340)
413825(337)
413826(334)
413833(357)
413834(331)
413816(359)
413818(374)
413820(369)
413821(368)
413822(354)
413718(291)
413721(300)
413722(280)
413723(306)
413724(370)
413725(378)
413726(318)
413727(385)
413728(283)
413729(422)
413730(397)
413731(409)
413732(289)
413733(309)
413734(385)
413682(378)
413683(313)
413687(391)
413690(284)
413698(292)
413703(294)
413705(313)
413706(403)
413707(342)
413708(336)
413709(368)
413710(306)
413712(352)
413714(336)
413715(310)
413735(349)
413736(309)
413737(293)
413739(324)
413740(314)
413767(278)
413776(400)
413778(364)
413780(348)
413781(337)
413784(351)
413786(319)
413787(316)
413788(336)
413789(367)
413790(337)
413791(331)
413793(401)
413794(328)
413795(290)
413742(377)
413743(378)
413744(379)
413745(396)
413746(311)
413747(364)
413748(361)
413749(354)
413750(338)
413751(371)
413754(365)
413756(382)
413760(305)
413761(372)
413764(306)
Jamia Millia Govt. College (Morning)
413535(27)
413541(32)
413554(22)
413585(17)
413616(43)
413566(75)
413573(81)
413574(84)
413586(60)
413588(64)
413521(65)
413526(69)
413544(62)
413546(70)
413548(80)
413590(58)
413601(68)
413606(65)
413607(77)
413610(62)
413632(61)
413636(73)
413613(62)
413621(84)
413627(68)
413630(70)
413631(72)
66
414064(39)
414066(18)
414068(47)
414070(30)
414073(20)
414034(21)
414035(34)
414038(32)
414045(18)
414047(17)
414100(30)
414102(17)
414103(17)
414077(33)
414084(18)
414088(24)
414094(21)
414099(27)
414051(77)
414053(71)
414057(95)
414067(87)
414069(63)
414031(66)
414039(71)
414043(62)
414044(86)
414050(75)
414090(66)
414091(81)
414071(55)
414078(61)
414079(68)
414082(51)
414086(68)
414033(113)
414040(146)
414041(138)
414046(138)
414056(124)
414059(128)
414065(126)
414074(115)
414075(210)
414076(145)
414089(220)
414095(165)
414101(174)
414037(229)
414063(280)
414087(242)
414048(300)
414049(291)
Abdul Razzak Gabol Govt. Degree Boys & Girls, Razzakabad, Bin Qasim
413922(22)
413924(18)
413940(21)
413941(43)
413943(20)
413945(20)
413950(27)
413962(23)
413967(23)
413968(25)
413973(31)
413978(65)
413927(58)
413934(101)
413936(59)
413952(70)
413980(69)
413985(70)
413986(75)
413987(84)
413988(73)
413953(133)
413954(110)
413963(101)
413970(168)
413984(206)
413958(269)
Govt. Degree Sc., Arts & Comm. College Murad Memon Goth
413689(74)
413701(90)
413758(70)
413765(86)
413766(75)
413779(124)
413792(168)
413797(159)
413817(158)
413819(157)
413831(137)
413838(151)
413841(136)
413846(139)
413848(117)
67
451075(392)
451076(454)
451077(386)
451079(359)
451080(445)
414426(405)
414427(420)
451071(367)
451073(355)
451074(390)
414421(375)
414422(426)
414423(412)
414424(417)
414425(391)
451081(432)
451082(382)
451084(354)
451085(375)
451086(382)
New Fazaia Intermediate College, Malir Cantt.
414318(17)
414324(26)
414336(17)
414361(21)
414362(18)
414366(37)
414367(20)
450802(22)
450820(24)
450829(17)
450836(25)
450847(24)
450851(36)
450863(41)
450865(24)
450804(83)
450822(72)
450823(76)
450824(65)
450826(75)
414315(72)
414317(57)
414325(57)
414342(69)
414344(67)
450852(72)
450857(76)
450859(62)
450864(63)
450827(57)
450837(67)
450839(94)
450840(66)
450845(66)
450809(122)
450811(120)
450812(112)
450830(109)
450841(135)
414319(108)
414340(141)
450806(126)
450807(152)
450808(125)
450860(109)
450861(135)
450862(117)
450866(108)
450867(99)
450842(103)
450848(118)
450850(119)
450853(124)
450856(98)
450846(153)
450855(160)
450858(211)
450814(163)
450816(183)
450817(190)
450828(158)
450835(162)
414343(251)
450805(243)
450825(240)
450831(208)
450832(216)
450810(343)
450815(254)
Govt. Boys & Girls H.Sec.School Haji Nathoo, Malir
414197(68)
414207(70)
414211(67)
414216(61)
414218(69)
414191(128)
414192(86)
414202(138)
414209(114)
414212(110)
414221(162)
414194(186)
414199(202)
414200(195)
414204(192)
414219(186)
414193(231)
414195(250)
414196(254)
414201(245)
414217(247)
414220(216)
414198(364)
414205(270)
414206(286)
414210(285)
414213(430)
414214(432)
414215(348)
Allama Iqbal Govt. Science Boys College No. 1, Model Colony
68
414571(360)
414572(397)
414573(386)
414574(405)
414575(412)
Qamar-e-Bani Hashim Higher Secondary School
451383(162)
414531(213)
414532(254)
414536(220)
451384(247)
451385(244)
414533(416)
414534(408)
414535(314)
451381(459)
451382(440)
Green House Higher Secondary School
414470(31)
451137(37)
451138(42)
414461(75)
451136(88)
451143(55)
451147(99)
414466(114)
414471(123)
451132(121)
451139(124)
414464(159)
414467(175)
414469(188)
451131(208)
451142(166)
451148(166)
414462(259)
414463(227)
414465(208)
414468(229)
414473(288)
451133(257)
451134(233)
451135(257)
451144(287)
451145(292)
414472(382)
451140(405)
451141(311)
451146(345)
Kent College of Science & Commerce
451078(107)
451083(234)
451088(243)
451087(409)
451089(375)
451090(438)
451091(363)
451092(357)
451093(403)
451094(341)
69
415001(231)
415012(159)
415036(159)
415040(165)
415056(177)
415057(232)
415067(189)
415079(171)
415087(167)
415092(180)
415034(200)
415047(239)
415051(248)
415058(264)
415059(226)
415003(219)
415005(242)
415018(227)
415023(228)
415026(231)
415074(233)
415077(233)
415080(227)
415082(257)
415083(251)
415128(210)
415130(213)
415086(223)
415089(257)
415090(275)
415116(228)
415124(204)
415063(304)
415064(283)
415065(308)
415066(282)
415069(317)
415070(322)
415071(317)
415072(331)
415078(351)
415081(258)
415053(401)
415054(338)
415055(306)
415060(373)
415061(308)
415037(333)
415038(313)
415041(273)
415042(292)
415043(363)
415044(278)
415045(275)
415046(231)
415050(422)
415052(337)
415084(348)
415085(326)
415088(310)
415091(314)
415093(307)
415113(318)
415114(304)
415115(307)
415117(310)
415118(292)
415119(353)
415126(234)
415132(224)
415135(244)
415107(318)
415108(311)
415110(328)
415111(269)
415112(279)
415094(355)
415095(332)
415096(340)
415097(269)
415098(332)
415099(362)
415100(275)
415101(352)
415103(322)
415104(349)
415030(296)
415031(328)
415032(289)
415033(263)
415035(294)
415009(357)
415010(350)
415011(318)
415014(307)
415015(315)
415002(362)
415004(291)
415006(271)
415007(301)
415008(296)
415022(366)
415024(302)
415025(286)
415027(264)
415028(302)
415016(319)
415017(295)
415019(319)
415020(316)
415021(276)
Govt. Degree Boys College Korangi 2-1/2
451426(194)
451427(226)
451428(237)
451442(268)
451443(219)
451451(180)
451453(201)
451424(304)
451429(248)
451433(290)
451434(287)
451435(316)
451445(232)
451447(301)
451450(277)
451430(374)
451431(496)
451432(340)
451436(348)
451437(388)
414576(389)
451421(407)
451422(396)
451423(379)
451425(386)
451446(375)
451448(435)
451449(415)
451452(374)
451438(422)
451439(436)
451440(476)
451441(416)
451444(319)
70
415174(60)
415180(83)
415183(82)
415217(87)
415225(68)
415227(66)
415255(71)
415262(82)
415279(98)
415306(79)
415200(121)
415208(121)
415216(114)
415230(122)
415240(115)
415175(127)
415187(126)
415192(126)
415193(130)
415199(117)
415287(108)
415289(116)
415291(127)
415298(129)
415308(108)
415250(131)
415263(139)
415266(151)
415268(116)
415274(181)
415203(176)
415206(196)
415213(186)
415214(159)
415222(151)
415186(183)
415196(173)
415198(184)
415201(183)
415202(182)
415171(198)
415172(186)
415173(148)
415176(169)
415184(163)
415232(160)
415234(191)
415238(151)
415242(173)
415243(180)
415318(152)
415280(136)
415290(156)
415292(188)
415294(182)
415311(136)
415245(163)
415247(162)
415252(153)
415270(204)
415271(153)
415278(203)
415284(269)
415286(211)
415288(227)
415293(212)
415269(214)
415272(196)
415275(204)
415276(249)
415277(213)
415310(225)
415312(197)
415317(179)
415295(211)
415301(216)
415302(211)
415304(217)
415307(218)
415253(198)
415257(208)
415259(200)
415261(195)
415265(236)
415181(210)
415205(208)
415207(211)
415211(210)
415212(232)
415229(219)
415231(210)
415233(207)
415235(212)
415236(200)
415239(207)
415244(208)
415246(213)
415249(209)
415251(183)
415237(243)
415241(250)
415248(279)
415254(331)
415256(265)
415220(268)
415221(276)
415223(377)
415224(271)
415228(261)
415185(263)
415188(299)
415189(288)
415190(275)
415204(292)
415258(212)
415260(250)
415264(283)
415267(312)
415281(231)
415316(251)
415300(287)
415303(325)
415305(291)
415309(265)
415314(258)
415283(253)
415285(244)
415296(240)
415297(297)
415299(292)
Govt. Boys Higher Secondary School No. 2 'K' Area Korangi
415029(73)
415121(70)
415123(75)
415127(55)
415131(61)
415013(146)
415039(120)
415048(158)
415062(124)
415073(111)
415075(140)
415076(142)
415102(131)
415105(138)
415106(141)
415109(127)
415120(156)
415122(111)
415134(96)
415137(111)
415125(208)
415129(167)
415133(138)
415136(171)
71
453332(182)
415501(308)
453334(337)
453335(319)
453336(281)
415502(357)
415503(370)
453331(326)
453333(443)
New Fazaia Intermediate College, Korangi Creek
415385(26)
415387(71)
415388(89)
415420(74)
415433(82)
415438(73)
415466(57)
415382(124)
415399(119)
415405(114)
415407(139)
415408(140)
415416(132)
415422(142)
415425(123)
415440(127)
415450(134)
415455(132)
415462(107)
415471(110)
415475(140)
415476(141)
415412(217)
415413(199)
415419(211)
415435(187)
415439(179)
415390(177)
415392(136)
415400(150)
415406(175)
415411(207)
415459(166)
415461(214)
415474(195)
415447(167)
415448(191)
415449(165)
415451(173)
415454(180)
415426(287)
415429(246)
415430(235)
415431(249)
415432(223)
415401(233)
415415(276)
415418(275)
415421(231)
415424(255)
415381(245)
415383(254)
415384(228)
415389(217)
415391(211)
415434(258)
415437(219)
415442(225)
415445(217)
415452(228)
415477(225)
415465(229)
415467(233)
415468(229)
415469(246)
415470(248)
415453(230)
415456(234)
415457(223)
415458(254)
415464(270)
415402(333)
415403(305)
415404(321)
415409(287)
415410(256)
415386(249)
415393(298)
415394(281)
415395(346)
415398(377)
415436(265)
415443(263)
415444(267)
415446(280)
415414(295)
415417(264)
415423(267)
415427(309)
415428(296)
Govt. Comprehensive Boys Higher Sec. School Korangi 3
415179(20)
415191(34)
415219(23)
415226(19)
415315(70)
72
454113(191)
454114(182)
415672(274)
454117(198)
454120(273)
454122(269)
454123(284)
415678(394)
415679(329)
415680(346)
415681(304)
415682(316)
415671(359)
415673(355)
415674(361)
415675(399)
415677(364)
454119(362)
454124(385)
454125(441)
415683(405)
415684(398)
454112(360)
454115(353)
454118(348)
Pak Askari Intermediate College
453871(19)
453801(97)
453804(68)
453806(60)
453813(70)
453847(83)
453848(58)
453803(138)
453819(151)
453857(120)
453860(126)
415604(231)
453810(177)
453844(172)
453814(211)
453815(280)
453817(264)
453849(205)
453862(222)
415602(307)
415611(241)
453805(271)
453807(268)
453812(307)
415631(404)
415632(383)
415633(396)
415634(383)
415635(314)
415626(432)
415627(333)
415628(365)
415629(399)
415630(337)
453818(305)
453820(362)
453821(353)
453822(308)
453823(259)
453802(364)
453808(336)
453809(390)
453811(413)
453816(445)
415610(434)
415612(385)
415613(440)
415614(447)
415615(387)
415603(363)
415605(449)
415606(426)
415607(406)
415609(442)
415621(367)
415622(396)
415623(442)
415624(339)
415625(372)
415616(366)
415617(311)
415618(357)
415619(399)
415620(342)
453854(431)
453855(390)
453856(289)
453858(287)
453859(420)
453845(344)
453846(335)
453850(296)
453852(373)
453853(327)
453867(373)
453868(389)
453869(373)
453870(400)
453861(406)
453863(371)
453864(365)
453865(317)
453866(370)
453829(348)
453830(421)
453831(386)
453832(362)
453833(329)
453824(372)
453825(273)
453826(423)
453827(358)
453828(380)
453839(330)
453840(411)
453841(357)
453842(427)
453843(343)
453834(311)
453835(336)
453836(394)
453837(348)
453838(453)
SSAT Degree College
73
415976(377)
415977(360)
415978(346)
415979(353)
415980(361)
415971(356)
415972(329)
415973(338)
415974(320)
415975(365)
Guard Public College Korangi No. 2 1/2
415749(23)
415753(39)
415785(38)
415848(47)
415750(59)
415757(61)
415772(65)
415787(58)
415796(73)
415735(68)
415738(60)
415739(73)
415744(78)
415748(78)
415842(63)
415845(62)
415806(68)
415821(69)
415822(75)
415827(59)
415836(70)
415767(126)
415768(120)
415774(116)
415778(129)
415779(115)
415756(95)
415760(132)
415763(113)
415765(100)
415766(113)
415731(102)
415733(124)
415736(131)
415740(91)
415742(98)
415843(100)
415801(119)
415820(98)
415825(102)
415828(104)
415829(119)
415791(110)
415793(97)
415797(119)
415798(113)
415800(117)
415831(166)
415832(175)
415833(166)
415841(169)
415849(159)
415850(155)
415792(162)
415807(173)
415808(158)
415810(184)
415830(157)
415747(181)
415751(157)
415754(173)
415755(180)
415759(144)
415732(151)
415734(162)
415741(141)
415743(150)
415746(136)
415780(180)
415781(192)
415782(159)
415783(166)
415784(154)
415761(166)
415764(171)
415769(160)
415770(188)
415775(179)
415803(239)
415804(221)
415805(182)
415809(224)
415811(205)
415773(211)
415776(195)
415788(224)
415794(181)
415799(244)
415737(203)
415745(200)
415752(202)
415762(212)
415771(219)
415846(243)
415819(221)
415823(230)
415834(197)
415837(178)
415840(230)
415812(224)
415814(216)
415815(227)
415817(211)
415818(221)
415777(321)
415789(272)
415790(281)
415824(365)
415835(282)
415838(250)
415839(234)
415844(283)
Govt. Degree Boys College Ibrahim Hyderi
454116(52)
415676(145)
454111(132)
74
416440(287)
416441(281)
416446(256)
416447(276)
416448(266)
416450(280)
416451(269)
416452(285)
416453(267)
416455(278)
416415(297)
416423(254)
416424(292)
416427(298)
416428(287)
416429(359)
416430(309)
416432(284)
416433(270)
416435(276)
416476(320)
416477(333)
416478(314)
416480(334)
416481(337)
416483(333)
416484(353)
416456(265)
416457(258)
416458(292)
416462(314)
416463(348)
416464(342)
416465(269)
416466(340)
416467(304)
416472(306)
Govt. Degree Boys College, 36-B Landhi 4
416245(31)
416242(71)
416204(153)
416209(141)
416211(112)
416214(145)
416219(134)
416221(155)
416231(124)
416243(132)
416246(106)
416248(108)
416201(169)
416236(185)
416237(152)
416238(160)
416239(165)
416240(175)
416244(170)
416247(158)
416249(196)
416251(163)
416218(289)
416227(232)
416228(256)
416241(262)
416205(282)
416207(207)
416208(241)
416213(247)
416215(246)
416216(279)
416220(274)
416222(277)
416223(292)
416224(260)
416202(287)
416203(280)
416206(342)
416210(263)
416212(334)
416233(262)
416234(327)
416235(302)
416225(357)
416226(340)
416229(348)
416230(301)
416232(262)
Govt. Degree Science & Commerce College Landhi/Korangi
454185(61)
454184(147)
415986(182)
454173(171)
454177(174)
454181(303)
454183(303)
454187(210)
454188(255)
454171(431)
454172(350)
454174(325)
454175(321)
454176(400)
415981(358)
415982(293)
415983(314)
415984(319)
415985(314)
454189(392)
454190(380)
454191(358)
454192(352)
454193(448)
454178(394)
454179(354)
454180(352)
454182(391)
454186(294)
75
416686(309)
416687(292)
416688(310)
416689(361)
416707(320)
416711(300)
Mumtaz Govt. Boys Higher Secondary School
416616(28)
416623(37)
416635(30)
416602(84)
416608(72)
416619(77)
416625(72)
416627(85)
416628(72)
416629(88)
416645(89)
416610(136)
416611(142)
416613(130)
416615(118)
416617(114)
416595(132)
416601(118)
416604(135)
416605(138)
416607(133)
416578(135)
416582(124)
416585(117)
416591(126)
416593(115)
416641(126)
416647(117)
416649(121)
416632(105)
416633(107)
416637(119)
416638(139)
416640(102)
416620(129)
416622(122)
416624(119)
416626(106)
416630(109)
416574(169)
416587(176)
416594(173)
416600(175)
416614(156)
416631(164)
416636(177)
416639(174)
416646(207)
416609(223)
416612(215)
416618(230)
416643(231)
416644(197)
416589(253)
416590(247)
416592(236)
416596(224)
416598(223)
416571(237)
416572(257)
416573(251)
416575(235)
416577(235)
416579(235)
416580(197)
416583(226)
416584(259)
416588(241)
416576(253)
416581(239)
416586(345)
416603(319)
416621(272)
416648(266)
Govt. Degree Boys College Quaidabad
416413(65)
416454(80)
416414(111)
416425(154)
416438(173)
416442(123)
416449(153)
416473(158)
416475(145)
416411(178)
416416(171)
416418(177)
416419(193)
416420(177)
416421(168)
416426(158)
416460(179)
416461(176)
416486(191)
416437(257)
416439(245)
416443(223)
416444(243)
416445(203)
416417(230)
416422(221)
416431(202)
416434(227)
416436(227)
416474(233)
416479(250)
416485(245)
416487(245)
416459(268)
416468(230)
416469(265)
416470(213)
416471(230)
76
417016(238)
417018(261)
417006(354)
417007(415)
417008(389)
417009(389)
417010(339)
417001(360)
417002(378)
417003(316)
417004(365)
417005(368)
417017(365)
417019(410)
417020(366)
417021(339)
417022(402)
417011(362)
417012(426)
417013(370)
417014(392)
417015(410)
Pakistan Steel Cadet College
455847(80)
455844(245)
416791(341)
416792(400)
455841(374)
455842(351)
455843(335)
455845(342)
455846(301)
455849(382)
R.J Memorial Higher Secondary School
416710(86)
416684(139)
416693(140)
416696(133)
416716(136)
416725(119)
416694(158)
416695(217)
416700(175)
416703(181)
416706(182)
416709(175)
416718(153)
416727(179)
416729(170)
416692(238)
416697(225)
416698(218)
416699(310)
416701(240)
416681(241)
416682(217)
416683(265)
416690(218)
416691(250)
416717(219)
416720(252)
416721(268)
416722(296)
416723(299)
416702(193)
416704(212)
416705(237)
416708(232)
416713(258)
77
456716(89)
417121(137)
456705(121)
456727(192)
456730(142)
456747(154)
456754(145)
456697(195)
456698(215)
456715(189)
456717(186)
456722(199)
456723(206)
456731(226)
456733(194)
456735(201)
456743(214)
456746(218)
456748(182)
456749(195)
456752(196)
417123(257)
456691(281)
456699(235)
456700(298)
456704(264)
456714(265)
456729(282)
456732(285)
456738(292)
456740(315)
456742(262)
456745(257)
456751(270)
456721(369)
456724(437)
456725(422)
456726(364)
456728(390)
456712(375)
456713(342)
456718(360)
456719(383)
456720(384)
456744(428)
456750(408)
456753(357)
456734(437)
456736(328)
456737(374)
456739(370)
456741(401)
456707(352)
456708(407)
456709(396)
456710(391)
456711(467)
417122(455)
456692(375)
456693(386)
456694(399)
456695(401)
456696(409)
456701(361)
456702(434)
456703(430)
456706(455)
Bel College for Modern Sciences
456622(116)
417083(176)
417084(233)
456619(179)
417086(248)
456616(272)
456617(256)
456621(275)
456624(263)
456626(255)
456629(306)
456631(277)
417081(349)
417085(371)
417088(366)
456611(371)
456612(377)
456613(381)
456614(378)
456615(367)
456620(371)
456623(390)
456625(434)
456627(331)
456628(376)
456630(317)
E-Complex College of Arts & Science
78
417557(237)
417561(223)
417563(264)
417564(222)
417567(218)
417532(220)
417535(250)
417545(220)
417552(225)
417556(228)
417569(260)
417570(223)
417572(234)
417574(222)
417575(220)
417551(338)
417581(342)
Govt. Degree College, Konkar Village, Gadap
417402(38)
417410(18)
417422(25)
417435(19)
417437(37)
417457(34)
417462(28)
417473(28)
417412(78)
417420(54)
417461(64)
417464(79)
417465(63)
417425(113)
417439(127)
417443(148)
417449(137)
417450(107)
417405(130)
417408(104)
417414(98)
417416(123)
417417(115)
417469(131)
417470(129)
417471(132)
417451(115)
417453(122)
417458(116)
417460(106)
417467(125)
417403(158)
417413(181)
417419(148)
417421(178)
417433(157)
417434(190)
417436(200)
417438(181)
417448(159)
417459(150)
417463(157)
417466(173)
417468(239)
417472(206)
417401(214)
417406(195)
417411(218)
417415(241)
417424(215)
417426(211)
417427(307)
417428(239)
417429(253)
417430(243)
417441(272)
417445(211)
417455(338)
417456(253)
417404(285)
417407(301)
417409(318)
417418(418)
417431(358)
417432(312)
417442(283)
417444(275)
417446(297)
417447(337)
417452(337)
417454(334)
Govt. Degree Boys College Gulzar-e-Hijri
417183(122)
417181(174)
457082(203)
457085(207)
457090(206)
417184(211)
457086(255)
457087(264)
457092(259)
417182(322)
457081(376)
457083(364)
457084(345)
457088(340)
457089(309)
457091(435)
457093(359)
The Master's College of Science & Commerce
79
417700(69)
417702(70)
417705(74)
417703(126)
417707(116)
417706(160)
417710(204)
417691(199)
417701(204)
417708(228)
417709(189)
417711(229)
417692(274)
417693(244)
417694(285)
417695(311)
417696(275)
417697(229)
417698(245)
417699(339)
417704(310)
Govt Boys College Manghopir
417537(33)
417548(60)
417618(22)
457711(54)
457748(46)
417614(94)
457713(67)
457717(68)
457732(90)
457735(60)
457736(102)
457737(78)
457738(96)
457743(74)
457750(73)
457756(83)
457758(92)
457764(109)
457765(81)
417534(85)
417539(73)
417546(75)
417550(57)
417568(59)
417571(57)
417583(71)
417589(91)
417590(85)
417595(70)
417596(88)
417599(78)
417602(96)
417604(85)
417612(107)
417579(103)
417585(122)
417591(194)
417598(131)
417600(139)
417606(140)
417609(127)
417610(185)
457714(187)
457715(112)
417533(104)
417536(118)
417540(127)
417541(106)
417543(109)
417544(133)
417549(123)
417553(121)
417554(117)
417558(182)
457741(111)
457742(120)
457747(88)
457752(146)
457753(142)
457754(119)
457757(121)
457761(128)
457762(154)
457716(121)
457719(133)
457720(100)
457723(143)
457725(151)
457726(120)
457728(121)
457730(144)
457731(152)
457740(193)
417605(207)
417607(150)
417608(192)
417611(199)
417616(199)
417566(160)
417586(189)
417593(187)
417601(175)
417603(161)
417547(205)
417555(185)
417560(145)
417562(182)
417565(206)
457763(180)
457733(189)
457734(190)
457751(192)
457755(170)
457760(182)
417617(177)
457718(152)
457724(154)
457727(217)
457729(189)
417578(232)
417584(229)
417588(225)
417592(211)
417594(203)
417597(221)
417613(249)
417615(212)
417619(239)
457712(219)
457721(256)
457722(274)
457739(220)
457745(198)
457749(230)
80
417854(197)
417851(239)
417852(321)
417853(364)
458081(321)
458082(394)
458083(391)
458084(303)
458085(303)
S.M.B. Quaid-e-Azam Public Higher Secondary School
417808(348)
417801(424)
417802(417)
417803(420)
417804(402)
417805(424)
417806(402)
417807(412)
417810(422)
417811(436)
417812(433)
417813(440)
Baqai Cadet College
417758(66)
417762(48)
457831(46)
457835(42)
417764(100)
417756(127)
417759(152)
417760(97)
417761(116)
457822(137)
457823(143)
457824(121)
457828(132)
457829(151)
457841(131)
457842(113)
417751(215)
417753(174)
417754(202)
417755(202)
417757(185)
457821(170)
457825(220)
457832(215)
457834(198)
457836(185)
457838(169)
457843(176)
417752(239)
457826(242)
457827(278)
457830(235)
457833(232)
457839(232)
457840(288)
Govt. Boys & Girls Higher Secondary School Konkar Village, Gadap Road
81
458196(210)
458201(257)
417954(252)
417955(255)
417956(243)
417957(278)
417958(284)
417948(240)
417949(251)
417950(288)
417952(277)
417953(277)
417941(272)
417942(232)
417943(292)
417944(277)
417947(266)
417959(262)
417960(249)
417962(275)
417963(277)
458182(258)
458206(275)
458207(274)
458197(278)
458200(238)
458202(259)
458203(270)
458205(290)
458183(251)
458184(297)
458185(308)
458190(256)
458195(265)
458187(345)
458188(400)
458189(313)
458191(369)
458192(322)
458193(369)
458194(317)
458198(408)
458199(399)
458204(314)
417945(339)
417946(348)
417961(336)
458181(298)
458186(363)
Quaid-e-Azam Rangers School & College, Super Highway
417900(107)
417887(166)
417893(132)
417903(126)
417881(178)
417888(206)
417899(180)
417889(288)
417890(284)
417891(235)
417892(281)
417894(258)
417882(243)
417883(229)
417884(270)
417885(271)
417886(281)
417902(274)
458122(288)
417895(255)
417896(283)
417897(245)
417898(264)
417901(253)
458121(362)
Public Higher Secondary School Gadap
82
458271(238)
458275(276)
458276(207)
458274(310)
Info English Grammar Higher Secondary School
458245(66)
458244(151)
418082(234)
458243(167)
418081(229)
458242(258)
458246(231)
458241(321)
Mysa Public Higher Secondary School, Gadap
418041(442)
418042(441)
418043(450)
418044(436)
418045(384)
Cadet College Karachi (Higher Secondary), Gadap
418001(119)
418003(133)
418002(186)
418004(238)
Al-Beroni Intermediate College, Ahsanabad
83
419175(272)
Govt. Degree Girls College, Surjani Town
419012(31)
419014(33)
419051(29)
419058(18)
419065(22)
419071(27)
419072(34)
419074(26)
419078(20)
419082(18)
419089(35)
419113(18)
419117(18)
419064(71)
419069(64)
419077(57)
419079(58)
419084(78)
419011(76)
419030(62)
419052(70)
419057(73)
419060(72)
419116(92)
419119(82)
419090(72)
419093(67)
419095(82)
419098(59)
419099(96)
419048(126)
419050(114)
419053(131)
419063(141)
419068(113)
419036(129)
419041(133)
419045(118)
419046(108)
419047(149)
419004(124)
419005(101)
419009(112)
419025(155)
419028(157)
419121(121)
419123(146)
419109(149)
419111(138)
419112(119)
419115(135)
419118(116)
419076(132)
419081(119)
419085(105)
419100(126)
419103(115)
419126(203)
419024(166)
419026(169)
419034(162)
419035(188)
419042(162)
419006(158)
419008(181)
419015(174)
419017(180)
419023(167)
419044(170)
419059(157)
419066(172)
419067(154)
419080(138)
419106(174)
419108(231)
419120(177)
419122(170)
419125(154)
419086(190)
419087(166)
419088(164)
419091(194)
419096(202)
419010(272)
419013(234)
419019(220)
419020(226)
419027(244)
419043(210)
419049(214)
419094(231)
419097(252)
419101(256)
419104(223)
419110(247)
419114(226)
419001(316)
419003(279)
419016(380)
419018(296)
419022(319)
419031(322)
419033(304)
419037(326)
419040(363)
419062(365)
419070(359)
419075(276)
419092(303)
419107(395)
Govt. College For Women New Karachi 11-F
418113(122)
418114(102)
418111(190)
418112(242)
458272(170)
458273(192)
84
419533(353)
419534(354)
419535(339)
419536(299)
419539(307)
419527(367)
419529(410)
419530(312)
419531(329)
419532(361)
419541(361)
419542(353)
419544(406)
419548(370)
419549(293)
419566(344)
419567(356)
419568(392)
419569(297)
419570(328)
419551(294)
419555(395)
419556(379)
419560(298)
419565(300)
419517(306)
419519(301)
419522(389)
419525(306)
419526(346)
419476(308)
419477(333)
419479(324)
419481(289)
419483(454)
419485(334)
419487(288)
419489(294)
419491(338)
419492(293)
419502(309)
419504(335)
419505(334)
419509(357)
419513(307)
419493(378)
419494(455)
419495(404)
419497(327)
419499(385)
419574(393)
419575(407)
419579(312)
419580(348)
419582(393)
419647(376)
419648(343)
419651(322)
419652(410)
419653(406)
419636(360)
419637(355)
419641(345)
419643(356)
419644(340)
419656(383)
419657(386)
419661(388)
419662(333)
419663(354)
419629(359)
419632(339)
419633(380)
419634(401)
419635(339)
419597(387)
419598(361)
419599(379)
419602(340)
419604(377)
419583(396)
419586(366)
419593(343)
419595(330)
419596(329)
419605(386)
419606(363)
419607(351)
419608(354)
419610(411)
419618(298)
419619(327)
419620(372)
419622(375)
419623(352)
419611(330)
419613(368)
419614(378)
419615(341)
419616(329)
419417(300)
419420(425)
419421(324)
419422(438)
419423(331)
419424(345)
419426(264)
419427(289)
419429(391)
419431(379)
419408(391)
419409(369)
419411(401)
419412(361)
419416(291)
419471(370)
419472(409)
419473(343)
419474(343)
419475(282)
419401(330)
419402(363)
419404(325)
419405(403)
419406(394)
419456(334)
419458(400)
419459(406)
419460(377)
419461(357)
419462(342)
419463(401)
419464(369)
419465(359)
419470(327)
419449(408)
419450(398)
419451(307)
419454(316)
419455(357)
419433(321)
419434(396)
419435(363)
419436(407)
419437(401)
419438(425)
419444(395)
419445(382)
419446(362)
419447(283)
Govt. Degree College For Women Block-M, North Nazimabad
419179(21)
419178(65)
419180(60)
419181(139)
419172(126)
419173(154)
419174(104)
419176(93)
419177(142)
419171(140)
419183(184)
419184(233)
419185(260)
85
419883(384)
419886(383)
419897(373)
419898(341)
419904(333)
419871(343)
419872(281)
419875(364)
419876(389)
419882(364)
419905(385)
419906(287)
419907(433)
419908(450)
419910(391)
419918(362)
419919(340)
419920(353)
419921(404)
419922(428)
419911(423)
419912(447)
419913(349)
419915(392)
419916(307)
419866(379)
419867(297)
419868(382)
419869(399)
419870(372)
419839(360)
419840(420)
419841(333)
419842(323)
419844(415)
419845(409)
419847(422)
419848(403)
419849(336)
419850(328)
419860(379)
419861(431)
419862(341)
419864(393)
419865(386)
419853(363)
419854(345)
419857(333)
419858(341)
419859(427)
419923(328)
419924(376)
419925(391)
419928(318)
419929(401)
419992(406)
419994(409)
419995(331)
419996(304)
419999(386)
419981(382)
419986(362)
419989(357)
419990(411)
419991(364)
420000(324)
420001(336)
420004(335)
420005(308)
420007(376)
419970(371)
419971(347)
419972(364)
419973(332)
419979(334)
419937(382)
419938(395)
419941(448)
419942(343)
419943(327)
419930(330)
419931(401)
419932(404)
419933(380)
419936(430)
419944(312)
419945(351)
419946(362)
419948(352)
419952(269)
419964(342)
419965(347)
419967(403)
419968(315)
419969(338)
419953(376)
419954(320)
419955(397)
419959(325)
419961(435)
419714(287)
419715(331)
419716(392)
419717(391)
419718(347)
419706(424)
419707(363)
419709(368)
419712(345)
419713(388)
419719(350)
419720(385)
419721(347)
419722(405)
419723(423)
419732(330)
419734(354)
419735(369)
419737(363)
419738(363)
419724(419)
419725(370)
419727(346)
419729(304)
419730(324)
419698(399)
419702(386)
419703(382)
419704(380)
419705(410)
419664(450)
419666(396)
419667(392)
419668(349)
419669(298)
419832(336)
419833(403)
419835(364)
419836(325)
419838(351)
419670(381)
419671(324)
419675(258)
419678(377)
419679(350)
419686(448)
419687(335)
419688(370)
419689(441)
419695(318)
419680(319)
419681(407)
419682(407)
419683(448)
419684(388)
419740(335)
419742(314)
419743(312)
419744(332)
419746(356)
419802(341)
419803(405)
419807(303)
419808(389)
419811(352)
419795(377)
419796(340)
419798(452)
419799(361)
419800(328)
419812(424)
419813(416)
419815(360)
419816(257)
419817(344)
419826(451)
419827(324)
419829(413)
419830(312)
419831(331)
419818(331)
419819(442)
419820(381)
419821(372)
419822(365)
419790(376)
419791(350)
419792(338)
419793(297)
419794(350)
419761(414)
419762(439)
419763(382)
419765(294)
419766(384)
419747(355)
419750(390)
419751(366)
419753(300)
419759(357)
419774(372)
419775(440)
419776(362)
419777(427)
419778(405)
419784(372)
419785(407)
419786(359)
419788(334)
419789(281)
419779(302)
419780(379)
419781(410)
419782(373)
419783(366)
86
419645(156)
419649(179)
419654(207)
419659(219)
419660(184)
419676(214)
419691(199)
419700(230)
419710(232)
419711(185)
419726(224)
419731(228)
419754(163)
419755(195)
419756(191)
419418(190)
419442(220)
419453(181)
419466(192)
419467(161)
419469(167)
419480(192)
419496(151)
419557(226)
419558(147)
419600(227)
419603(200)
419609(212)
419617(184)
419631(171)
419757(191)
419770(183)
419772(215)
419773(213)
419797(189)
419846(228)
419877(239)
419878(184)
419891(178)
419892(193)
419893(173)
419895(166)
419900(188)
419902(219)
419934(221)
419881(303)
419885(325)
419894(245)
419896(252)
419903(222)
419914(251)
419917(301)
419926(265)
419927(283)
419939(288)
419855(286)
419856(226)
419873(263)
419874(240)
419879(223)
419768(242)
419769(262)
419801(296)
419804(245)
419814(275)
419823(261)
419824(289)
419837(247)
419843(224)
419851(243)
420028(262)
420032(290)
420040(213)
420042(239)
420044(245)
420046(208)
420047(211)
420054(267)
420055(283)
419987(228)
419998(250)
420002(248)
420003(190)
420006(258)
419947(248)
419957(301)
419958(233)
419962(243)
419963(244)
419966(270)
419976(270)
419977(236)
419978(292)
419980(293)
419745(268)
419748(256)
419752(291)
419760(279)
419767(284)
419516(237)
419518(282)
419520(337)
419521(326)
419523(314)
419524(283)
419528(234)
419537(275)
419538(312)
419540(288)
419543(239)
419547(295)
419552(259)
419553(247)
419554(183)
419498(228)
419506(228)
419507(261)
419508(222)
419515(242)
419403(244)
419410(270)
419414(226)
419419(239)
419430(272)
419432(264)
419439(208)
419443(266)
419452(210)
419457(295)
419468(240)
419482(256)
419486(227)
419488(268)
419490(242)
419559(256)
419561(254)
419562(231)
419563(223)
419564(256)
419642(213)
419655(271)
419665(244)
419672(268)
419673(206)
419685(236)
419690(240)
419692(242)
419694(254)
419696(280)
419701(268)
419728(240)
419733(243)
419739(255)
419741(264)
419624(263)
419626(280)
419627(306)
419630(252)
419638(260)
419571(212)
419573(267)
419577(260)
419578(284)
419584(254)
419585(268)
419587(299)
419589(239)
419590(257)
419591(215)
419592(288)
419594(196)
419601(286)
419612(212)
419621(302)
420020(325)
420022(346)
420023(361)
420024(382)
420025(396)
420014(379)
420015(381)
420016(465)
420017(421)
420019(303)
420008(323)
420009(397)
420010(430)
420011(380)
420013(411)
420049(457)
420035(279)
420038(282)
420039(292)
420043(329)
420045(340)
420026(326)
420029(356)
420030(411)
420031(344)
420034(373)
87
420233(290)
420234(293)
420235(374)
420236(319)
420237(326)
420220(303)
420222(321)
420228(351)
420229(320)
420231(362)
420238(307)
420241(386)
420244(332)
420246(385)
420248(346)
420270(368)
420273(358)
420275(340)
420278(372)
420279(291)
420249(365)
420250(338)
420255(310)
420261(412)
420264(352)
420185(297)
420186(280)
420187(288)
420189(370)
420190(375)
420177(343)
420179(350)
420180(367)
420182(329)
420183(342)
420193(298)
420194(349)
420195(310)
420198(330)
420199(379)
420213(307)
420214(347)
420215(359)
420218(359)
420219(397)
420200(413)
420203(352)
420206(316)
420209(335)
420212(438)
420280(308)
420281(313)
420282(363)
420284(321)
420285(310)
420363(349)
420364(266)
420366(296)
420367(373)
420372(271)
420345(418)
420348(361)
420357(278)
420358(380)
420360(359)
420374(329)
420375(264)
420377(320)
420378(390)
420381(394)
420384(373)
420385(347)
420386(421)
420389(338)
420390(366)
420296(285)
420300(430)
420302(427)
420305(379)
420307(340)
420286(431)
420290(415)
420291(301)
420294(361)
420295(399)
420310(346)
420313(315)
420314(344)
420318(344)
420319(339)
420337(363)
420338(325)
420339(345)
420341(317)
420342(366)
420320(299)
420322(347)
420326(411)
420327(323)
420332(309)
420163(291)
420164(290)
420169(327)
420174(436)
420176(404)
Abdullah Govt. College For Women North Nazimabad
419407(24)
419413(29)
419415(30)
419546(29)
419572(21)
419625(25)
419650(37)
419697(33)
419809(27)
419889(25)
419984(46)
420048(40)
420052(33)
419550(88)
419581(62)
419658(82)
419677(51)
419699(66)
419425(73)
419448(59)
419500(96)
419512(94)
419514(95)
419884(88)
419887(67)
420033(86)
420050(87)
419758(77)
419771(65)
419805(63)
419825(62)
419852(75)
419639(136)
419674(112)
419693(124)
419708(137)
419749(101)
419511(113)
419545(123)
419576(126)
419588(132)
419628(122)
419428(135)
419440(122)
419441(114)
419478(101)
419510(92)
420018(141)
420053(122)
419901(119)
419949(132)
419960(119)
419982(159)
419985(156)
419806(107)
419810(142)
419828(123)
419888(136)
419890(111)
419974(237)
419975(178)
419983(222)
419988(180)
419993(221)
419935(215)
419940(187)
419950(225)
419951(198)
419956(134)
420037(202)
420051(191)
419997(169)
420012(177)
420021(192)
420027(192)
420036(172)
88
420664(344)
420667(282)
420668(338)
420669(357)
420670(248)
420674(397)
420675(415)
420678(413)
420690(302)
420691(351)
420654(399)
420660(350)
420661(322)
420662(358)
420663(366)
420625(326)
420626(385)
420628(411)
420630(305)
420632(336)
420639(397)
420643(290)
420644(367)
420651(353)
420653(407)
420692(377)
420693(363)
420694(395)
420695(379)
420696(277)
420706(357)
420708(323)
420709(322)
420710(361)
420713(270)
420714(299)
420717(315)
420722(337)
420723(365)
420724(360)
Govt. Girls Sc./Comm. College Block K, North Nazimabad
420197(29)
420225(19)
420263(24)
420316(20)
420383(43)
420196(69)
420204(77)
420207(75)
420208(67)
420251(54)
420258(89)
420400(70)
420253(120)
420268(113)
420272(107)
420276(109)
420283(92)
420188(128)
420202(112)
420221(116)
420224(131)
420232(119)
420352(126)
420353(94)
420368(132)
420398(116)
420287(91)
420325(135)
420330(127)
420343(126)
420349(104)
420392(172)
420242(172)
420245(168)
420265(198)
420269(140)
420274(162)
420192(177)
420201(151)
420211(176)
420217(166)
420240(224)
420161(221)
420162(197)
420166(201)
420167(183)
420168(184)
420344(218)
420346(146)
420351(163)
420371(160)
420380(190)
420311(198)
420312(178)
420323(224)
420324(189)
420329(175)
420288(151)
420292(166)
420293(179)
420306(184)
420309(187)
420247(263)
420252(274)
420256(185)
420257(230)
420259(222)
420260(178)
420262(229)
420266(230)
420267(207)
420277(237)
420289(247)
420297(248)
420298(239)
420299(235)
420301(205)
420165(257)
420171(210)
420172(208)
420173(240)
420178(249)
420181(226)
420184(229)
420191(262)
420216(272)
420223(253)
420226(243)
420227(243)
420230(210)
420239(275)
420243(257)
420303(242)
420304(247)
420308(243)
420315(228)
420317(268)
420369(220)
420370(189)
420373(300)
420376(241)
420379(247)
420387(230)
420388(211)
420391(216)
420393(229)
420395(250)
420396(219)
420397(229)
420399(197)
420321(257)
420328(262)
420331(233)
420333(227)
420334(230)
420335(203)
420336(205)
420347(286)
420350(212)
420354(304)
420355(265)
420356(236)
420359(283)
420361(240)
420365(253)
420394(301)
89
420633(98)
420635(119)
420641(128)
420646(130)
420647(127)
420742(159)
420746(180)
420749(158)
420757(196)
420769(201)
420790(196)
420793(151)
420796(180)
420804(179)
420806(213)
420807(214)
420808(161)
420813(186)
420815(168)
420817(184)
420621(174)
420624(185)
420627(216)
420629(171)
420636(202)
420640(179)
420645(204)
420672(169)
420679(142)
420688(156)
420705(196)
420711(177)
420719(175)
420738(202)
420740(186)
420853(201)
420854(182)
420855(182)
420856(185)
420860(179)
420866(167)
420868(168)
420871(148)
420872(160)
420878(197)
420879(225)
420880(162)
420883(174)
420889(205)
420821(153)
420822(177)
420823(178)
420826(221)
420827(170)
420828(198)
420829(165)
420837(217)
420840(196)
420844(202)
420845(188)
420847(163)
420848(211)
420849(201)
420850(208)
420833(244)
420839(263)
420843(202)
420846(240)
420851(205)
420803(255)
420810(284)
420812(269)
420818(260)
420819(261)
420863(211)
420864(226)
420867(211)
420869(248)
420873(263)
420904(254)
420907(253)
420875(218)
420881(256)
420890(258)
420891(262)
420894(216)
420783(251)
420785(224)
420788(265)
420789(272)
420795(255)
420659(234)
420665(278)
420666(233)
420673(233)
420676(243)
420677(274)
420680(273)
420682(240)
420683(259)
420684(281)
420622(259)
420623(269)
420631(255)
420634(238)
420637(220)
420649(285)
420655(248)
420656(264)
420657(257)
420658(275)
420685(321)
420686(261)
420687(288)
420689(235)
420697(242)
420735(243)
420748(227)
420751(213)
420754(290)
420766(214)
420770(299)
420776(235)
420780(241)
420781(200)
420782(273)
420698(255)
420699(287)
420703(225)
420704(239)
420707(219)
420716(227)
420720(262)
420721(296)
420725(262)
420729(283)
420756(331)
420759(258)
420760(322)
420761(340)
420764(279)
420765(360)
420767(365)
420771(304)
420772(326)
420773(312)
420774(300)
420775(303)
420777(348)
420779(399)
420784(292)
420727(380)
420728(368)
420730(314)
420731(358)
420732(359)
420733(349)
420734(313)
420737(314)
420743(382)
420744(384)
420745(386)
420747(290)
420750(319)
420753(345)
420755(373)
420862(346)
420865(356)
420874(461)
420877(417)
420884(299)
420885(331)
420886(302)
420887(280)
420900(276)
420901(402)
420902(313)
420903(304)
420786(334)
420797(304)
420798(304)
420802(301)
420805(337)
420811(365)
420820(357)
420824(371)
420825(364)
420831(371)
420832(358)
420836(329)
420841(357)
420858(286)
420861(330)
90
421216(140)
421218(158)
421228(169)
421229(159)
421231(182)
421182(158)
421183(162)
421190(194)
421213(162)
421214(175)
421234(248)
421239(216)
421246(227)
421247(235)
421248(180)
421250(229)
421251(246)
421253(267)
421254(230)
421256(194)
421258(246)
421260(214)
421261(243)
421266(287)
421271(247)
421186(191)
421189(287)
421191(255)
421194(252)
421195(265)
421197(275)
421199(274)
421204(258)
421205(216)
421208(264)
421209(301)
421211(245)
421220(234)
421223(237)
421233(218)
421272(235)
421275(216)
421276(219)
421284(205)
421286(248)
421352(257)
421359(220)
421366(227)
421368(202)
421370(211)
421371(200)
421375(227)
421379(245)
421381(197)
421384(247)
421390(195)
421392(221)
421393(205)
421289(265)
421299(237)
421303(263)
421313(224)
421317(214)
421318(228)
421319(205)
421320(220)
421330(221)
421331(242)
421335(224)
421337(229)
421339(247)
421346(198)
421348(245)
421377(391)
421382(357)
421394(337)
421395(316)
421402(379)
421403(385)
421404(326)
421406(297)
421409(294)
421411(347)
421412(301)
421355(306)
421362(285)
421363(274)
421364(286)
421367(368)
421227(388)
421232(328)
421238(301)
421240(393)
421242(358)
421202(350)
421203(333)
421207(294)
421224(346)
421225(331)
421181(361)
421185(290)
421187(330)
421192(431)
421201(284)
421243(402)
421257(347)
421259(275)
421262(358)
421263(326)
421338(303)
421342(301)
421344(316)
421345(385)
421347(264)
421306(338)
421309(288)
421315(338)
421316(313)
421325(321)
421273(380)
421277(280)
421281(338)
421293(246)
421294(296)
Govt. Degree Girls College Sector 11-I, North Karachi
420712(43)
420814(32)
420830(23)
420899(29)
420638(84)
420642(68)
420650(76)
420758(68)
420791(68)
420792(70)
420794(57)
420816(65)
420882(67)
420893(66)
420895(65)
420898(91)
420752(115)
420762(95)
420763(130)
420768(159)
420787(123)
420701(115)
420702(116)
420715(132)
420718(142)
420736(122)
420648(113)
420652(139)
420671(129)
420681(122)
420700(121)
420799(123)
420800(104)
420801(155)
420809(115)
420834(127)
420905(109)
420906(117)
420870(95)
420876(125)
420888(146)
420892(148)
420897(122)
420835(116)
420838(133)
420842(124)
420852(111)
420857(95)
91
421552(61)
421556(69)
421584(76)
421601(58)
421607(72)
421576(134)
421582(111)
421586(121)
421591(130)
421595(137)
421603(152)
421605(144)
421606(146)
421551(190)
421553(175)
421563(172)
421571(187)
421572(186)
421575(151)
421580(190)
421585(182)
421587(133)
421589(203)
421593(219)
421609(227)
421555(287)
421560(246)
421562(284)
421564(247)
421569(233)
421570(260)
421574(234)
421581(252)
421583(270)
421588(254)
421596(233)
421598(234)
421600(245)
421557(386)
421558(292)
421559(334)
421561(355)
421565(306)
421567(378)
421568(367)
421573(368)
421577(325)
421579(347)
421594(333)
421597(351)
421604(350)
Govt. Girls Comprehensive Higher Sec. School Block M, N. Nazimabad
421356(25)
421358(34)
421391(40)
421408(36)
421410(19)
421414(23)
421416(26)
421268(34)
421269(27)
421278(31)
421285(24)
421321(31)
421184(32)
421206(27)
421230(21)
421235(22)
421237(20)
421249(76)
421255(86)
421274(72)
421290(67)
421295(69)
421196(54)
421198(65)
421212(68)
421226(62)
421241(77)
421361(60)
421376(67)
421383(59)
421407(73)
421314(65)
421322(72)
421323(71)
421324(69)
421329(71)
421292(115)
421301(115)
421304(110)
421305(131)
421308(105)
421310(120)
421311(118)
421326(115)
421328(138)
421332(119)
421188(139)
421193(148)
421210(107)
421215(145)
421219(120)
421222(107)
421267(133)
421270(106)
421282(102)
421291(121)
421340(115)
421341(136)
421350(111)
421354(153)
421357(116)
421399(104)
421400(116)
421401(121)
421405(124)
421413(139)
421415(132)
421360(130)
421365(148)
421374(128)
421378(106)
421385(109)
421386(133)
421388(107)
421396(102)
421397(111)
421398(117)
421279(185)
421280(162)
421287(168)
421288(170)
421296(176)
421236(191)
421244(152)
421245(189)
421252(171)
421264(151)
421298(171)
421300(167)
421302(175)
421307(177)
421312(158)
421353(144)
421369(183)
421372(151)
421387(158)
421389(178)
421327(150)
421334(221)
421336(163)
421343(187)
421351(183)
92
422034(295)
422037(240)
422040(240)
422041(228)
422046(183)
422051(262)
422055(266)
422056(274)
422058(230)
422059(212)
422010(280)
422012(263)
422021(209)
422028(253)
422033(249)
421963(278)
421965(253)
421978(272)
421982(254)
421985(236)
421989(304)
421997(203)
421998(238)
422002(265)
422005(238)
422060(209)
422063(202)
422064(234)
422066(196)
422069(236)
422070(256)
422073(231)
422075(234)
422084(232)
422085(247)
422088(221)
422092(261)
422093(268)
422097(248)
422100(278)
422125(388)
422126(339)
422128(331)
422129(384)
422130(328)
422131(333)
422133(406)
422134(387)
422141(354)
422142(340)
422112(317)
422113(396)
422114(305)
422120(344)
422124(453)
422087(322)
422091(321)
422095(359)
422098(297)
422101(457)
422102(390)
422106(349)
422107(305)
422110(360)
422111(398)
422149(349)
422157(367)
422161(321)
422167(334)
422168(352)
422260(278)
422261(333)
422264(277)
422270(283)
422271(390)
422280(302)
422284(320)
422303(297)
422225(423)
422232(352)
422244(343)
422245(349)
422246(328)
422172(385)
422200(303)
422201(319)
422205(376)
422207(293)
422216(364)
422218(292)
422219(321)
422220(335)
422223(345)
422067(287)
422068(302)
422079(365)
422082(292)
422086(308)
422006(415)
422007(366)
422011(345)
422017(302)
422029(377)
421964(296)
421972(333)
421974(330)
421984(333)
422001(268)
422047(359)
422049(423)
422054(316)
422057(294)
422062(245)
422030(345)
422031(347)
422039(416)
422043(352)
422044(343)
Govt. Degree Girls College Buffer Zone
421885(53)
421881(89)
421888(81)
421886(178)
421882(287)
421883(242)
421887(337)
Public Higher Secondary School North Karachi
421599(25)
421610(76)
93
422166(93)
422178(86)
422182(111)
422193(75)
422196(81)
422009(71)
422042(59)
422081(63)
422164(71)
422165(62)
421971(76)
421975(73)
421990(82)
421993(71)
421999(74)
422050(134)
422052(134)
422053(137)
422074(143)
422078(150)
422080(140)
422083(147)
422090(124)
422103(115)
422105(133)
422140(172)
422144(122)
422147(162)
422151(130)
422152(132)
421961(92)
421968(111)
421969(124)
421973(114)
421977(109)
421980(210)
421991(129)
421994(125)
421996(119)
422008(147)
422018(116)
422019(122)
422023(133)
422027(120)
422045(122)
422235(139)
422237(131)
422241(113)
422243(109)
422249(121)
422256(122)
422259(113)
422272(156)
422275(127)
422277(132)
422286(128)
422293(116)
422300(113)
422302(121)
422163(113)
422169(149)
422174(93)
422175(114)
422181(132)
422183(116)
422184(153)
422186(122)
422188(135)
422204(133)
422208(112)
422221(133)
422224(116)
422229(112)
422231(125)
422252(181)
422255(190)
422267(183)
422278(174)
422282(157)
422283(179)
422287(199)
422288(150)
422289(166)
422290(202)
422291(178)
422292(174)
422230(215)
422239(170)
422240(196)
422247(221)
422251(192)
422014(201)
422015(220)
422016(198)
422020(203)
422022(191)
422024(187)
422025(180)
422026(177)
422032(199)
422035(178)
422038(187)
422048(220)
422061(175)
422071(203)
422072(165)
421962(168)
421966(208)
421967(165)
421970(193)
421976(185)
421979(180)
421981(199)
421983(165)
421986(163)
421988(202)
421992(163)
422000(170)
422003(236)
422004(157)
422013(196)
422156(161)
422159(175)
422179(189)
422185(227)
422187(190)
422189(178)
422190(219)
422192(164)
422194(186)
422195(171)
422206(164)
422210(182)
422213(181)
422222(185)
422228(181)
422076(180)
422077(175)
422094(215)
422096(168)
422099(201)
422108(153)
422115(143)
422132(212)
422135(240)
422137(198)
422145(189)
422146(235)
422148(229)
422153(170)
422155(150)
422150(223)
422154(260)
422158(226)
422160(233)
422162(244)
422170(235)
422171(209)
422173(253)
422176(215)
422177(235)
422109(234)
422116(222)
422119(235)
422121(231)
422122(239)
422123(231)
422127(229)
422136(293)
422138(229)
422143(278)
422180(255)
422191(226)
422197(236)
422198(201)
422209(247)
422268(239)
422273(244)
422276(232)
422279(213)
422281(256)
422285(304)
422301(229)
422211(218)
422217(236)
422234(235)
422238(232)
422250(258)
422253(248)
422254(265)
422262(247)
422263(251)
422265(227)
94
422517(381)
422518(459)
422519(437)
422520(453)
422521(456)
422512(376)
422513(439)
422514(397)
422515(459)
422516(438)
422527(402)
422528(374)
422529(414)
422530(353)
422531(397)
422522(466)
422523(391)
422524(354)
422525(370)
422526(397)
422497(471)
422498(473)
422499(375)
422500(450)
422501(398)
422491(433)
422493(332)
422494(372)
422495(346)
422496(410)
422507(354)
422508(416)
422509(385)
422510(339)
422511(444)
422502(435)
422503(454)
422504(456)
422505(397)
422506(462)
422559(343)
422560(408)
422561(411)
422562(434)
422563(421)
422553(397)
422555(429)
422556(393)
422557(487)
422558(446)
422538(440)
422539(442)
422540(372)
422541(439)
422542(406)
422532(480)
422533(454)
422534(439)
422535(300)
422536(381)
422548(440)
422549(372)
422550(401)
422551(392)
422552(467)
422543(458)
422544(446)
422545(391)
422546(433)
422547(421)
Usman Public School Campus I
422388(247)
422391(269)
422416(300)
422393(350)
422394(399)
422395(408)
422396(397)
422397(399)
422398(370)
422399(442)
422400(310)
422401(394)
422402(333)
422381(434)
422382(409)
422383(306)
422384(444)
422385(347)
422386(414)
422387(430)
422389(364)
422390(433)
422392(416)
422413(366)
422414(436)
422415(387)
422417(374)
422418(382)
422419(404)
422403(445)
422404(405)
422405(380)
422406(325)
422407(400)
422408(388)
422409(395)
422410(409)
422411(445)
422412(369)
Iqra Huffaz Girls Science College, Block B, North Nazimabad
421987(30)
422089(32)
422117(37)
422118(41)
422199(41)
422215(20)
422257(18)
422258(37)
422269(39)
422296(26)
422297(40)
422298(18)
422202(80)
422212(68)
422226(68)
422227(76)
422233(81)
422236(83)
422242(71)
422266(80)
422274(90)
422294(67)
422295(83)
422299(76)
95
422705(20)
422713(17)
422744(17)
422666(85)
422667(59)
422676(64)
422708(71)
422724(75)
422727(54)
422728(68)
422733(59)
422766(92)
422772(78)
422675(164)
422694(110)
422707(142)
422709(119)
422712(103)
422651(119)
422661(118)
422662(127)
422673(139)
422674(118)
422742(137)
422751(110)
422755(129)
422760(113)
422769(124)
422721(119)
422725(122)
422730(113)
422731(107)
422736(105)
422687(171)
422691(145)
422693(146)
422697(211)
422704(214)
422677(194)
422682(148)
422683(157)
422684(158)
422686(175)
422654(194)
422655(175)
422669(168)
422671(139)
422672(159)
422758(216)
422759(202)
422770(154)
422771(168)
422773(205)
422735(161)
422748(176)
422749(166)
422750(130)
422753(152)
422706(188)
422711(180)
422714(209)
422723(163)
422732(143)
422703(200)
422716(228)
422729(198)
422734(231)
422745(235)
422746(231)
422754(240)
422756(245)
422757(223)
422761(215)
422767(251)
422768(234)
422659(249)
422695(268)
422696(203)
422698(208)
422699(228)
422652(236)
422653(180)
422656(253)
422657(217)
422658(221)
422690(315)
422692(316)
422700(290)
422701(348)
422702(328)
422679(327)
422680(304)
422685(268)
422688(284)
422689(322)
422660(291)
422663(327)
422664(307)
422665(426)
422668(289)
422763(345)
422764(381)
422765(304)
422738(310)
422740(341)
422743(352)
422747(338)
422752(356)
422717(351)
422718(320)
422719(285)
422722(400)
422726(342)
Govt. Degree Girls College Sector 11-B North Karachi
422492(268)
422537(273)
422554(250)
422564(405)
422565(448)
422566(438)
422567(436)
422568(451)
422569(474)
422570(392)
422571(408)
422572(438)
422573(328)
96
423426(134)
423433(94)
423441(119)
423446(113)
423458(104)
423412(106)
423414(102)
423415(110)
423417(117)
423419(95)
423462(122)
423464(118)
423469(92)
423472(122)
423488(109)
423418(189)
423420(144)
423421(183)
423425(210)
423429(188)
423430(171)
423445(160)
423450(203)
423452(178)
423478(160)
423479(185)
423484(186)
423487(155)
423498(180)
423435(194)
423436(218)
423439(189)
423440(201)
423449(257)
423411(213)
423422(221)
423423(208)
423431(243)
423432(267)
423481(249)
423485(235)
423455(240)
423456(254)
423459(305)
423463(292)
423480(236)
423424(362)
423428(321)
423437(248)
423438(312)
423457(370)
423461(275)
423497(334)
423500(296)
Govt. Inter Sc./Arts/Comm. College Orangi Town Sector 15-C
423210(24)
423213(19)
423218(25)
423230(24)
423253(19)
423254(29)
423255(36)
423259(36)
423263(25)
423274(34)
423282(79)
423287(72)
423223(57)
423224(61)
423225(81)
423226(70)
423229(74)
423202(71)
423204(67)
423214(51)
423215(63)
423216(74)
423246(59)
423250(70)
423265(69)
423266(57)
423277(68)
423231(55)
423233(64)
423236(67)
423237(64)
423240(81)
423212(123)
423221(102)
423232(117)
423235(114)
423239(108)
423201(106)
423205(111)
423207(119)
423209(103)
423211(102)
423241(140)
423242(131)
423248(123)
423249(120)
423251(115)
423283(108)
423289(141)
423268(133)
423269(125)
423270(114)
423276(121)
423279(123)
423208(195)
423222(135)
423228(157)
423238(168)
423243(194)
423247(156)
423252(189)
423261(161)
423262(171)
423267(161)
423271(158)
423272(146)
423285(182)
423286(168)
423206(267)
423219(236)
423220(203)
423234(222)
423244(188)
423256(219)
423258(197)
423264(234)
423273(210)
423275(195)
423284(211)
423203(324)
423227(280)
423257(254)
423260(342)
423278(306)
423280(367)
Govt. Degree Girls College, 7-C, Orangi Town
97
424877(285)
424881(325)
424882(321)
424885(361)
424903(314)
424922(414)
424941(426)
424945(307)
424946(336)
424947(312)
424797(401)
424807(374)
424810(292)
424822(360)
424827(307)
424831(359)
424835(278)
424837(315)
424866(350)
424872(390)
424992(335)
424996(289)
424998(344)
425002(335)
425004(363)
425027(309)
425035(296)
425036(303)
425061(363)
425062(285)
Govt. Degree Science & Arts College For Women Baldia Town
423722(79)
423723(86)
423726(76)
423729(68)
423732(75)
423725(125)
423734(125)
423735(117)
423736(139)
423741(126)
423727(149)
423728(212)
423731(185)
423733(152)
423721(214)
423737(209)
423742(343)
Govt. Girls Degree College Qasba Colony
423683(20)
423681(71)
423684(267)
423685(251)
Govt. Girls Degree Sc./Arts College Orangi Town Sector 11-1/2
423454(42)
423468(22)
423474(22)
423495(45)
423504(36)
423451(80)
423453(64)
423460(82)
423465(61)
423466(69)
423413(54)
423427(60)
423442(52)
423444(67)
423448(99)
423470(76)
423471(65)
423473(65)
423477(61)
423482(65)
423503(68)
423483(67)
423486(61)
423492(83)
423499(68)
423502(77)
423489(101)
423491(127)
423493(111)
98
424926(101)
424927(93)
424928(126)
424935(129)
424937(125)
424900(111)
424913(114)
424920(127)
424924(124)
424925(122)
424975(137)
424989(129)
424993(132)
425001(108)
425006(144)
424944(105)
424948(109)
424951(117)
424953(105)
424956(122)
424891(134)
424892(124)
424893(121)
424895(119)
424896(121)
424816(121)
424818(132)
424824(117)
424826(113)
424833(123)
424795(115)
424796(129)
424802(120)
424805(135)
424811(115)
424857(99)
424863(108)
424868(95)
424879(139)
424889(116)
424834(163)
424842(137)
424847(105)
424851(127)
424852(139)
425118(107)
425119(123)
425123(136)
425124(132)
425125(123)
425104(135)
425105(144)
425106(130)
425110(116)
425114(108)
425126(115)
425127(126)
425129(129)
425130(103)
425133(117)
425083(144)
425087(139)
425091(130)
425097(104)
425099(105)
425022(126)
425026(109)
425028(123)
425030(102)
425033(115)
425008(122)
425010(101)
425014(131)
425015(105)
425021(125)
425065(130)
425066(111)
425074(130)
425075(131)
425079(120)
425034(119)
425043(103)
425050(105)
425055(150)
425058(121)
425096(207)
425100(167)
425109(185)
425112(179)
425120(150)
425143(171)
425146(171)
425152(218)
425076(144)
425078(173)
425086(179)
425088(199)
425089(184)
424846(191)
424848(195)
424870(215)
424878(164)
424880(188)
424883(182)
424887(153)
424890(181)
424897(185)
424912(167)
424820(182)
424830(182)
424838(138)
424840(170)
424845(170)
424792(171)
424793(183)
424794(210)
424798(172)
424799(227)
424801(184)
424812(198)
424813(201)
424815(150)
424817(169)
425000(183)
425009(161)
425011(190)
425012(179)
425017(183)
425019(140)
425041(163)
425056(196)
425069(215)
425071(179)
424981(182)
424983(162)
424990(188)
424995(193)
424997(166)
424914(159)
424930(182)
424931(190)
424934(152)
424938(188)
424940(156)
424942(163)
424949(165)
424957(162)
424980(161)
424929(224)
424939(256)
424954(222)
424955(231)
424969(222)
424974(283)
424976(244)
424978(235)
424982(285)
424984(221)
424806(253)
424819(257)
424821(232)
424825(234)
424829(252)
424839(247)
424841(235)
424869(225)
424871(253)
424907(223)
425049(274)
425054(248)
425073(216)
425081(262)
425090(290)
425098(273)
425101(267)
425122(269)
425136(261)
424991(230)
424994(201)
425003(212)
425018(281)
425023(255)
425024(287)
425031(262)
425040(223)
425046(287)
425048(247)
425072(347)
425077(340)
425116(314)
425121(304)
425131(370)
425141(286)
425145(339)
425150(316)
99
425504(131)
425513(125)
425515(139)
425523(136)
425530(127)
425553(185)
425570(185)
425580(233)
425587(183)
425590(217)
425539(178)
425543(165)
425546(196)
425548(182)
425552(191)
425501(175)
425503(154)
425506(207)
425526(193)
425536(153)
425683(188)
425634(192)
425636(194)
425637(172)
425670(151)
425682(215)
425600(199)
425609(197)
425610(192)
425618(185)
425625(189)
425563(264)
425591(237)
425605(246)
425615(275)
425616(233)
425514(241)
425519(232)
425540(223)
425545(266)
425551(261)
425672(249)
425621(238)
425635(238)
425647(276)
425654(248)
425657(232)
425541(309)
425542(364)
425601(290)
425617(387)
425623(330)
425502(335)
425505(309)
425524(271)
425527(248)
425529(334)
425644(273)
425655(299)
425656(350)
425659(402)
425664(392)
425627(355)
425628(355)
425630(301)
425631(352)
425633(262)
Govt. Degree Girls College, Metrovill, S.I.T.E.
425107(25)
425113(41)
425115(18)
425128(18)
424901(27)
424902(32)
424906(19)
424918(37)
424962(22)
424814(33)
424832(20)
424836(19)
424844(21)
424862(24)
425029(35)
425038(25)
425045(21)
425082(20)
425092(40)
424965(24)
424971(21)
424977(21)
424985(27)
424988(51)
424899(80)
424904(58)
424909(72)
424910(70)
424915(59)
424916(78)
424919(74)
424921(62)
424932(90)
424933(67)
424936(90)
424952(56)
424958(82)
424959(62)
424960(52)
424875(77)
424876(71)
424886(82)
424894(75)
424898(63)
424800(62)
424804(75)
424808(63)
424828(78)
424843(63)
424850(69)
424853(87)
424854(83)
424855(81)
424856(69)
424858(82)
424859(74)
424860(68)
424864(92)
424865(85)
424961(57)
424964(73)
424966(60)
424967(52)
424968(89)
425070(77)
425084(100)
425093(74)
425095(60)
425102(75)
425103(77)
425111(73)
425117(59)
425134(67)
425137(77)
425139(89)
425142(73)
425144(72)
425057(70)
425063(69)
425064(69)
425067(77)
425068(69)
424972(65)
424973(76)
424979(83)
424986(88)
424987(76)
425013(60)
425016(86)
425020(75)
425025(72)
425032(64)
425039(79)
425044(62)
425051(84)
425052(62)
425053(67)
425135(129)
425147(156)
425148(127)
425149(107)
425151(138)
100
426014(418)
426015(425)
426016(412)
426017(352)
426018(432)
426006(427)
426009(315)
426010(339)
426012(363)
426013(461)
426001(414)
426002(427)
426003(444)
426004(396)
426005(403)
Shaheed-e-Millat Govt. Degree College for Women Azizabad
425762(61)
425770(72)
425764(143)
425765(128)
425767(125)
425771(151)
425772(154)
425773(95)
425775(166)
425776(127)
425779(160)
425780(127)
425781(122)
425782(165)
425763(183)
425768(226)
425769(217)
425777(193)
425778(154)
425783(210)
425761(385)
Govt. Degree Girls College Pak. Colony
425507(22)
425520(26)
425608(24)
425614(33)
425642(34)
425679(54)
425560(69)
425564(86)
425568(78)
425569(59)
425574(82)
425575(113)
425576(76)
425577(70)
425582(109)
425584(73)
425586(77)
425588(106)
425593(101)
425594(82)
425599(95)
425509(67)
425512(85)
425516(91)
425517(73)
425518(72)
425522(82)
425528(68)
425533(85)
425534(71)
425535(81)
425537(67)
425550(66)
425555(75)
425556(108)
425558(99)
425661(83)
425662(65)
425663(82)
425665(91)
425667(99)
425668(57)
425669(56)
425671(80)
425673(57)
425674(67)
425676(63)
425678(92)
425680(55)
425603(72)
425604(69)
425607(72)
425619(97)
425620(82)
425632(73)
425638(93)
425639(105)
425641(77)
425643(75)
425645(79)
425648(79)
425651(69)
425653(81)
425658(93)
425571(143)
425572(132)
425578(137)
425579(146)
425581(172)
425559(112)
425561(162)
425565(154)
425566(145)
425567(159)
425531(123)
425538(110)
425544(101)
425547(120)
425557(162)
425666(132)
425675(119)
425677(122)
425681(119)
425684(144)
425606(106)
425612(114)
425626(120)
425629(121)
425652(145)
425585(130)
425589(141)
425596(152)
425597(156)
425598(149)
101
426192(418)
426193(426)
426194(440)
426195(393)
426196(441)
426186(380)
426187(366)
426188(354)
426189(386)
426190(419)
426198(394)
426199(410)
426200(431)
426201(410)
426202(390)
426208(421)
426209(419)
426210(424)
426211(386)
426212(431)
426203(430)
426204(403)
426205(425)
426206(391)
426207(430)
426181(405)
426182(376)
426183(414)
426184(353)
426185(387)
426154(348)
426155(330)
426157(426)
426158(440)
426160(405)
426161(353)
426162(360)
426164(350)
426165(449)
426166(362)
426175(364)
426176(403)
426177(393)
426178(396)
426180(377)
426168(385)
426170(353)
426172(403)
426173(293)
426174(315)
426213(399)
426214(423)
426215(433)
426216(431)
426217(417)
426254(405)
426255(400)
426257(422)
426258(408)
426259(369)
426249(417)
426250(394)
426251(339)
426252(376)
426253(385)
426260(295)
426261(321)
426262(394)
426263(373)
426264(330)
426244(309)
426245(291)
426246(382)
426247(380)
426248(364)
426223(418)
426225(379)
426226(383)
426227(439)
426228(354)
426218(425)
426219(431)
426220(402)
426221(394)
426222(430)
426229(400)
426230(410)
426231(402)
426232(362)
426233(461)
426239(383)
426240(345)
426241(394)
426242(379)
426243(377)
426234(450)
426235(433)
426236(401)
426237(423)
426238(407)
426050(388)
426052(410)
426053(452)
426054(373)
426055(468)
426045(432)
426046(417)
426047(347)
426048(376)
426049(318)
426056(386)
426058(339)
426059(354)
426060(375)
426061(341)
426069(403)
426070(382)
426071(351)
426072(373)
426073(365)
426063(371)
426064(336)
426065(388)
426066(366)
426067(348)
426040(392)
426041(413)
426042(328)
426043(459)
426044(399)
426019(386)
426020(395)
426021(417)
426022(441)
426023(424)
426149(409)
426150(385)
426151(393)
426152(413)
426153(394)
426024(405)
426025(336)
426026(339)
426027(452)
426029(369)
426035(398)
426036(399)
426037(446)
426038(401)
426039(372)
426030(361)
426031(376)
426032(405)
426033(459)
426034(379)
426074(413)
426075(397)
426076(392)
426077(403)
426078(410)
426126(432)
426127(373)
426128(397)
426129(381)
426130(386)
426118(333)
426122(319)
426123(379)
426124(392)
426125(472)
426131(455)
426133(305)
426134(369)
426135(348)
426136(319)
426143(403)
426144(443)
426145(330)
426146(330)
426148(395)
426138(432)
426139(333)
426140(367)
426141(361)
426142(276)
426112(385)
426114(342)
426115(419)
426116(417)
426117(415)
426086(321)
426087(418)
426088(395)
426089(313)
426091(380)
426080(356)
426081(405)
426082(350)
426083(447)
426085(409)
426092(440)
426093(400)
426095(347)
426096(410)
426097(439)
426106(353)
426107(316)
426108(327)
426110(353)
426111(354)
426098(427)
426100(404)
426101(368)
426103(409)
426104(458)
102
426522(440)
426524(316)
426525(374)
426526(388)
426528(301)
426512(418)
426513(356)
426514(459)
426517(375)
426519(456)
426529(367)
426530(424)
426531(352)
426532(388)
426533(331)
426541(393)
426542(355)
426543(312)
426544(437)
426545(363)
426534(358)
426536(427)
426537(361)
426538(380)
426540(393)
426504(363)
426506(345)
426507(367)
426509(384)
426510(449)
426479(336)
426480(392)
426482(375)
426483(395)
426484(400)
426485(389)
426486(355)
426487(416)
426489(445)
426490(379)
426498(355)
426499(301)
426500(354)
426501(391)
426503(386)
426493(401)
426494(413)
426495(372)
426496(357)
426497(357)
426546(325)
426547(354)
426548(344)
426550(413)
426551(337)
426621(408)
426624(344)
426626(305)
426628(386)
426630(332)
426612(426)
426613(333)
426614(356)
426617(292)
426618(349)
426631(309)
426632(378)
426635(290)
426636(286)
426638(343)
426604(392)
426606(350)
426607(403)
426608(348)
426609(417)
426558(316)
426559(382)
426560(382)
426562(364)
426563(330)
426553(390)
426554(355)
426555(337)
426556(364)
426557(375)
426569(390)
426570(339)
426571(347)
426573(383)
426574(439)
426595(378)
426597(320)
426599(377)
426600(328)
426603(357)
426576(360)
426579(370)
426584(286)
426586(319)
426590(315)
426473(315)
426474(351)
426475(366)
426477(390)
426478(347)
426463(325)
426465(350)
426467(413)
426468(413)
426469(364)
Govt. Science & Commerce College for Women, Block 16 F.B.Area
426099(89)
426119(82)
426007(108)
426011(182)
426256(251)
426280(193)
426028(215)
426120(244)
426121(250)
426137(170)
426171(182)
426008(254)
426051(251)
426057(258)
426062(269)
426068(262)
426224(283)
426274(242)
426281(251)
426283(245)
426285(270)
426079(228)
426084(302)
426090(308)
426094(225)
426102(292)
426163(310)
426167(273)
426179(292)
426191(322)
426197(290)
426105(230)
426109(291)
426147(301)
426156(257)
426159(282)
426265(293)
426266(452)
426267(378)
426268(364)
426269(355)
426270(425)
426271(357)
426272(360)
426273(353)
426275(435)
426284(380)
426276(432)
426277(374)
426278(416)
426279(380)
426282(366)
103
426520(125)
426549(143)
426578(128)
426580(96)
426589(122)
426596(154)
426615(114)
426623(109)
426625(104)
426678(117)
426732(130)
426747(173)
426748(147)
426762(150)
426572(206)
426581(215)
426582(209)
426583(205)
426587(223)
426588(210)
426593(202)
426610(218)
426611(214)
426620(183)
426462(166)
426470(214)
426521(186)
426527(220)
426539(226)
426552(220)
426564(223)
426565(238)
426566(191)
426568(234)
426688(218)
426689(230)
426695(183)
426711(199)
426715(215)
426728(214)
426760(200)
426763(180)
426627(177)
426639(200)
426640(195)
426650(221)
426652(177)
426655(195)
426666(187)
426671(171)
426679(183)
426685(222)
426710(274)
426712(202)
426716(281)
426719(227)
426720(244)
426696(285)
426698(281)
426700(229)
426707(270)
426708(321)
426649(285)
426654(275)
426660(266)
426662(249)
426665(246)
426759(294)
426761(223)
426764(228)
426750(287)
426754(297)
426756(264)
426757(291)
426758(307)
426731(290)
426734(258)
426736(243)
426737(258)
426749(223)
426634(262)
426637(282)
426642(282)
426643(263)
426646(301)
426502(308)
426505(289)
426508(292)
426511(279)
426515(241)
426476(299)
426481(322)
426488(287)
426491(339)
426492(311)
426461(266)
426464(263)
426466(263)
426471(298)
426472(320)
426516(224)
426518(257)
426523(276)
426535(293)
426561(328)
426616(263)
426619(271)
426622(309)
426629(263)
426633(283)
426592(251)
426594(251)
426601(309)
426602(299)
426605(245)
426567(271)
426575(290)
426577(235)
426585(317)
426591(303)
426674(334)
426675(404)
426676(381)
426680(383)
426681(346)
426682(385)
426686(337)
426687(334)
426690(354)
426691(360)
426692(384)
426693(316)
426694(367)
426697(339)
426699(301)
426668(351)
426669(361)
426670(320)
426672(364)
426673(378)
426641(378)
426644(391)
426645(379)
426647(370)
426648(391)
426651(350)
426653(329)
426656(361)
426657(347)
426658(396)
426659(389)
426661(304)
426663(390)
426664(360)
426667(366)
426738(301)
426739(376)
426740(301)
426741(388)
426742(385)
426743(334)
426744(384)
426745(346)
426746(318)
426752(285)
426753(405)
426755(300)
426727(324)
426729(376)
426730(380)
426733(370)
426735(332)
426702(390)
426703(361)
426704(371)
426705(373)
426706(392)
426709(328)
426713(346)
426714(347)
426717(342)
426721(323)
426722(325)
426723(384)
426724(326)
426725(370)
426726(282)
104
427041(168)
427050(138)
427074(136)
427087(112)
427088(101)
426984(116)
427004(127)
427010(114)
427022(140)
427038(117)
427129(88)
427132(115)
427137(138)
427138(148)
427090(101)
427093(144)
427099(136)
427101(133)
427110(141)
427036(163)
427043(189)
427053(144)
427058(202)
427066(179)
427023(202)
427025(170)
427029(181)
427033(199)
427034(207)
426991(144)
427001(189)
427013(178)
427018(189)
427020(154)
427068(201)
427072(221)
427080(201)
427085(184)
427086(215)
427136(223)
427118(224)
427124(143)
427131(147)
427134(176)
427135(186)
427089(173)
427091(177)
427094(201)
427100(184)
427112(166)
427016(247)
427017(238)
427035(257)
427037(278)
427042(277)
426985(276)
426988(302)
426992(255)
426993(239)
427002(225)
426971(306)
426975(218)
426976(208)
426977(193)
426980(231)
427047(254)
427059(250)
427060(282)
427067(282)
427071(216)
427140(232)
427107(237)
427119(280)
427123(220)
427125(204)
427126(246)
427077(232)
427081(296)
427082(266)
427083(278)
427097(280)
427015(337)
427019(349)
427021(351)
427024(353)
427026(369)
427008(252)
427009(354)
427011(417)
427012(340)
427014(362)
427039(377)
427040(338)
427044(267)
427045(315)
427046(363)
427027(315)
427028(412)
427030(379)
427031(360)
427032(360)
426983(351)
426986(353)
426989(371)
426990(371)
426994(432)
426972(350)
426973(353)
426978(362)
426981(362)
426982(374)
427000(311)
427003(388)
427005(361)
427006(376)
427007(403)
426995(290)
426996(313)
426997(389)
426998(264)
426999(362)
427108(269)
427111(360)
427113(301)
427114(364)
427115(373)
427102(338)
427103(341)
427104(327)
427105(356)
427106(289)
427128(351)
427130(347)
427139(354)
427141(392)
427116(406)
427117(354)
427121(283)
427122(428)
427127(403)
427056(347)
427057(310)
427061(375)
427062(304)
427063(354)
427049(370)
427051(315)
427052(317)
427054(372)
427055(292)
427076(315)
427078(454)
427084(358)
427092(342)
427095(317)
427064(388)
427065(331)
427069(331)
427070(280)
427073(301)
APWA Govt. College for Women Karimabad
426683(40)
426751(30)
426701(72)
105
427975(115)
427982(133)
427988(127)
427989(121)
428002(126)
427966(165)
427970(173)
427977(181)
427985(139)
428003(207)
428013(157)
428014(182)
428020(169)
428049(175)
428056(161)
428061(182)
428062(156)
428063(170)
428069(161)
427991(240)
427999(281)
428004(190)
428011(206)
428016(230)
427976(230)
427978(251)
427980(250)
427983(268)
427984(221)
427962(207)
427965(254)
427967(222)
427972(302)
427973(245)
428067(245)
428032(288)
428044(222)
428045(281)
428048(273)
428054(229)
428017(256)
428019(253)
428021(237)
428022(246)
428023(284)
428030(299)
428031(357)
428033(343)
428034(319)
428035(286)
428009(378)
428012(252)
428024(366)
428025(390)
428029(301)
427997(331)
427998(355)
428005(298)
428006(346)
428007(293)
428036(334)
428037(287)
428038(305)
428039(300)
428041(282)
428060(347)
428064(298)
428066(279)
428070(272)
428072(357)
428051(338)
428053(354)
428055(344)
428058(325)
428059(340)
428042(365)
428043(357)
428046(365)
428047(346)
428050(353)
427990(284)
427992(279)
427993(355)
427994(439)
427996(335)
427961(327)
427963(296)
427964(319)
427968(389)
427969(333)
427971(339)
427974(349)
427979(280)
427981(296)
427987(343)
Govt. Girls Degree College Al-Noor F.B. Area
427781(236)
427782(311)
427783(299)
427784(335)
Memon Girls College, Block-3, F.B. Area
426974(84)
426987(56)
427048(68)
427075(77)
427096(83)
427098(62)
427120(59)
106
428325(273)
428332(426)
428333(394)
428334(412)
428335(440)
428336(478)
428337(379)
428338(367)
428339(440)
428340(390)
428341(448)
428327(381)
428328(425)
428329(409)
428330(424)
428331(385)
428316(426)
428317(418)
428318(435)
428319(413)
428320(447)
428321(449)
428322(430)
428323(448)
428324(451)
428326(371)
428357(413)
428358(392)
428359(409)
428360(396)
428361(348)
428362(461)
428352(387)
428353(358)
428354(312)
428355(421)
428356(446)
428342(491)
428343(367)
428344(441)
428345(443)
428346(373)
428347(379)
428348(465)
428349(412)
428350(409)
428351(411)
428311(407)
428312(380)
428313(406)
428314(428)
428315(393)
428301(409)
428302(417)
428303(451)
428304(453)
428305(359)
428306(373)
428307(448)
428308(478)
428309(437)
428310(461)
Metropolis Intermediate College for Girls
428232(286)
428231(352)
The Smart College, F.B. Area
427986(22)
428018(39)
428026(34)
428028(24)
427995(83)
428000(87)
428010(76)
428065(77)
428015(118)
428027(102)
428040(134)
428057(123)
428068(129)
107
428792(346)
428793(358)
428794(384)
428796(338)
428797(284)
428782(397)
428785(340)
428787(319)
428789(367)
428790(389)
428806(385)
428810(352)
428812(393)
428813(363)
428814(417)
428798(355)
428799(371)
428800(374)
428803(394)
428805(397)
428759(370)
428760(404)
428761(357)
428762(423)
428763(286)
428751(353)
428752(348)
428753(405)
428755(374)
428758(431)
428773(370)
428774(406)
428776(333)
428779(447)
428780(368)
428764(445)
428765(331)
428768(368)
428769(336)
428770(423)
428850(359)
428852(379)
428854(418)
428855(367)
428856(350)
428843(370)
428844(439)
428846(373)
428847(352)
428849(405)
428822(376)
428823(385)
428824(434)
428827(448)
428828(323)
428816(325)
428817(323)
428818(381)
428820(389)
428821(363)
428837(402)
428838(435)
428839(447)
428840(443)
428841(445)
428831(430)
428832(474)
428833(338)
428834(410)
428836(394)
Sir Syed Govt. Girls College Nazimabad
428471(30)
428476(26)
428479(20)
428474(58)
428478(56)
428482(81)
428473(121)
428472(192)
428477(190)
428475(237)
428480(305)
428481(334)
Pak Land Govt. Girls Higher Secondary School, Azizabad
428415(125)
428420(199)
428423(188)
428430(225)
428417(204)
428418(208)
428424(258)
428425(212)
428426(250)
428428(289)
428429(255)
428411(369)
428412(344)
428413(406)
428414(307)
428416(410)
428419(445)
428421(336)
428422(352)
428427(333)
Metropolitan Girls College, F.B. Area
108
429055(292)
429056(433)
429057(379)
429058(361)
429059(379)
429048(396)
429049(365)
429050(379)
429052(332)
429053(356)
429060(394)
429061(397)
429063(419)
429064(289)
429065(359)
429072(449)
429074(424)
429076(399)
429077(360)
429078(464)
429066(332)
429067(453)
429068(405)
429069(448)
429070(383)
429036(455)
429037(445)
429038(446)
429040(293)
429045(413)
429008(421)
429009(421)
429010(346)
429011(348)
429012(380)
429013(408)
429014(332)
429015(402)
429016(310)
429020(368)
429028(370)
429029(411)
429030(381)
429034(422)
429035(364)
429022(272)
429023(327)
429024(432)
429026(378)
429027(436)
429079(371)
429080(329)
429081(369)
429082(382)
429083(316)
429123(440)
429124(373)
429125(327)
429128(371)
429129(357)
429118(457)
429119(377)
429120(445)
429121(298)
429122(309)
429131(419)
429132(337)
429133(381)
429134(355)
429136(402)
429113(452)
429114(302)
429115(374)
429116(379)
429117(363)
429091(442)
429092(329)
429094(240)
429095(327)
429097(366)
429084(305)
429085(378)
429086(311)
429088(402)
429089(386)
429098(377)
429099(291)
429100(354)
429101(438)
429102(367)
429108(365)
429109(378)
429110(283)
429111(441)
429112(393)
429103(392)
429104(358)
429105(356)
429106(357)
429107(410)
428896(392)
428897(368)
428898(422)
428899(426)
428900(379)
428889(399)
428890(369)
428892(360)
428894(380)
428895(293)
428901(363)
428902(404)
428903(395)
428904(426)
428905(354)
428914(441)
428915(452)
428916(443)
428917(432)
428918(397)
428908(332)
428909(347)
428910(396)
428912(427)
428913(424)
428880(387)
428882(388)
428884(396)
428887(472)
428888(354)
428857(365)
428858(413)
428861(437)
428862(394)
428863(435)
429003(425)
429004(413)
429005(382)
429006(380)
429007(358)
428864(415)
428865(500)
428866(399)
428867(422)
428868(383)
428874(401)
428876(386)
428877(393)
428878(410)
428879(354)
428869(351)
428870(419)
428871(347)
428872(335)
428873(357)
428919(370)
428920(417)
428921(344)
428922(304)
428923(349)
428975(417)
428976(383)
428977(434)
428978(316)
428979(332)
428970(383)
428971(297)
428972(444)
428973(371)
428974(398)
428981(351)
428985(259)
428986(366)
428987(412)
428990(262)
428996(343)
428997(429)
428999(421)
429000(306)
429001(423)
428991(346)
428992(301)
428993(438)
428994(408)
428995(477)
428962(408)
428963(443)
428965(369)
428966(411)
428967(356)
428933(378)
428934(403)
428937(329)
428939(273)
428940(368)
428925(292)
428926(376)
428928(349)
428929(389)
428932(343)
428941(382)
428942(378)
428943(400)
428945(417)
428946(343)
428956(465)
428957(453)
428958(413)
428960(416)
428961(423)
428948(410)
428949(315)
428950(311)
428951(351)
428954(444)
109
429355(393)
429356(342)
429358(307)
429359(380)
429360(423)
429340(334)
429341(376)
429343(283)
429352(407)
429353(321)
429361(437)
429362(421)
429363(338)
429364(400)
429365(431)
429371(350)
429372(450)
429373(366)
429374(379)
429376(384)
429366(372)
429367(440)
429368(394)
429369(264)
429370(336)
429333(314)
429335(395)
429337(368)
429338(334)
429339(456)
429298(380)
429299(459)
429300(439)
429301(312)
429302(315)
429304(364)
429305(426)
429306(351)
429307(350)
429309(327)
429324(308)
429325(435)
429326(318)
429330(293)
429331(451)
429310(449)
429314(406)
429321(468)
429322(376)
429323(403)
429377(332)
429379(442)
429380(399)
429381(408)
429384(319)
429433(434)
429434(379)
429435(411)
429436(427)
429438(417)
429428(385)
429429(436)
429430(407)
429431(422)
429432(399)
429439(438)
429441(407)
429442(440)
429444(325)
429445(423)
429421(460)
429424(401)
429425(404)
429426(367)
429427(377)
429393(381)
429395(423)
429396(423)
429397(399)
429398(305)
429385(359)
429387(386)
429388(363)
429389(358)
429392(399)
429400(401)
429401(409)
429402(364)
429405(359)
429406(448)
429413(448)
429416(370)
429417(369)
429419(341)
429420(422)
429407(304)
429408(351)
429410(440)
429411(306)
429412(425)
429181(458)
429184(432)
429185(303)
429186(410)
429187(395)
429174(380)
429175(393)
429178(420)
429179(439)
429180(308)
429188(393)
429190(278)
429191(420)
429192(476)
429194(364)
429201(410)
429202(452)
429203(327)
429204(275)
429205(364)
429195(320)
429197(307)
429198(371)
429199(371)
429200(398)
429169(398)
429170(389)
429171(424)
429172(375)
429173(400)
429137(345)
429138(322)
429139(419)
429140(309)
429141(385)
429292(355)
429293(395)
429295(428)
429296(318)
429297(461)
429143(340)
429146(307)
429147(429)
429149(331)
429150(430)
429156(321)
429159(436)
429161(377)
429167(427)
429168(347)
429151(420)
429152(442)
429153(447)
429154(345)
429155(365)
429206(399)
429207(369)
429208(401)
429210(442)
429212(446)
429262(342)
429264(406)
429265(330)
429266(442)
429269(392)
429254(373)
429255(381)
429257(324)
429260(347)
429261(359)
429270(451)
429271(456)
429272(413)
429273(445)
429274(313)
429281(430)
429282(457)
429285(355)
429286(338)
429291(463)
429275(418)
429276(405)
429278(321)
429279(328)
429280(393)
429249(397)
429250(438)
429251(421)
429252(356)
429253(379)
429222(350)
429223(385)
429224(451)
429225(438)
429226(268)
429213(361)
429215(354)
429216(388)
429217(319)
429220(347)
429227(397)
429228(406)
429231(360)
429233(453)
429234(468)
429243(384)
429244(399)
429246(343)
429247(406)
429248(325)
429236(266)
429238(454)
429239(426)
429240(377)
429241(368)
110
429002(129)
429018(112)
429032(125)
429044(109)
429062(112)
428809(154)
428811(171)
428927(137)
428936(127)
428982(138)
428754(101)
428775(120)
428777(139)
428778(114)
428788(144)
429157(149)
429183(112)
429218(142)
429230(108)
429290(138)
429471(135)
429391(114)
429403(179)
429414(129)
429415(113)
429468(110)
429294(152)
429308(124)
429350(103)
429351(127)
429390(158)
428983(176)
428984(176)
428988(195)
428989(145)
428998(179)
429017(170)
429039(209)
429043(221)
429046(200)
429126(185)
428906(194)
428924(175)
428944(209)
428947(135)
428969(185)
428757(153)
428766(173)
428784(164)
428786(212)
428835(203)
428848(205)
428853(211)
428875(250)
428886(188)
428893(161)
429346(221)
429348(168)
429354(215)
429375(225)
429378(157)
429382(195)
429383(207)
429443(161)
429447(211)
429450(163)
429284(178)
429311(204)
429313(182)
429328(196)
429336(224)
429135(138)
429160(186)
429165(180)
429189(197)
429211(238)
429221(192)
429242(156)
429245(162)
429256(176)
429283(177)
429437(254)
429446(309)
429454(247)
429462(240)
429469(198)
428931(246)
428935(243)
428938(257)
428952(218)
428955(245)
428885(243)
428891(248)
428907(248)
428911(259)
428930(286)
429025(245)
429031(243)
429033(202)
429041(259)
429042(291)
428959(239)
428964(292)
428968(197)
428980(217)
429021(224)
428795(278)
428801(235)
428804(299)
428808(271)
428815(258)
428756(214)
428771(228)
428772(229)
428783(259)
428791(313)
428842(253)
428845(251)
428860(363)
428881(260)
428883(278)
428819(261)
428825(276)
428826(259)
428829(254)
428830(248)
429047(241)
429054(250)
429090(307)
429093(270)
429096(258)
429303(236)
429315(297)
429316(223)
429317(256)
429318(201)
429268(208)
429277(220)
429287(288)
429288(240)
429289(240)
429394(339)
429404(318)
429418(251)
429422(276)
429423(240)
429327(320)
429329(248)
429334(266)
429344(209)
429345(222)
429163(238)
429164(239)
429176(261)
429193(222)
429196(258)
429142(281)
429145(233)
429148(238)
429158(237)
429162(287)
429237(307)
429258(265)
429259(265)
429263(319)
429267(275)
429214(281)
429219(247)
429229(285)
429232(220)
429235(222)
429455(459)
429456(336)
429457(450)
429458(436)
429459(406)
429448(399)
429449(263)
429451(418)
429452(449)
429453(363)
429466(408)
429467(372)
429470(349)
429460(340)
429461(429)
429463(272)
429464(335)
429465(397)
111
429759(438)
429761(351)
429762(328)
429765(346)
429768(422)
429751(359)
429753(357)
429754(350)
429755(299)
429757(330)
429772(358)
429773(238)
429774(396)
429778(405)
429780(331)
429787(383)
429788(353)
429789(457)
429790(318)
429791(365)
429781(327)
429783(391)
429784(405)
429785(383)
429786(306)
429746(411)
429747(360)
429748(413)
429749(391)
429750(360)
429721(392)
429722(339)
429723(317)
429724(319)
429725(397)
429726(430)
429728(360)
429729(449)
429730(383)
429731(416)
429737(435)
429740(377)
429741(427)
429743(320)
429744(315)
429732(339)
429733(383)
429734(380)
429735(306)
429736(402)
429792(288)
429793(448)
429794(455)
429795(445)
429797(347)
429845(446)
429847(346)
429849(446)
429850(406)
429852(428)
429834(387)
429835(370)
429836(380)
429841(374)
429843(377)
429853(264)
429854(401)
429855(390)
429856(302)
429860(359)
429828(342)
429829(347)
429831(427)
429832(431)
429833(397)
429803(342)
429804(450)
429805(442)
429808(368)
429809(386)
429798(368)
429799(440)
429800(340)
429801(424)
429802(370)
429810(439)
429811(439)
429812(391)
429813(383)
429814(432)
429822(406)
429823(366)
429824(454)
429825(387)
429826(330)
429815(365)
429816(306)
429817(258)
429820(462)
429821(387)
429636(345)
429637(273)
429639(347)
429641(295)
429643(363)
429646(338)
429648(279)
429649(348)
429651(364)
429652(374)
429653(401)
429656(340)
429658(322)
429659(351)
429660(335)
429625(349)
429627(347)
429630(370)
429632(282)
429634(399)
429714(382)
429715(356)
429716(388)
429718(362)
429719(312)
429611(321)
429612(291)
429613(356)
429614(369)
429615(330)
429617(414)
429621(315)
429622(356)
429623(410)
429624(257)
429661(283)
429662(417)
429664(362)
429665(360)
429667(341)
429696(403)
429698(359)
429699(365)
429701(280)
429702(342)
429703(458)
429704(356)
429705(329)
429706(293)
429707(382)
429708(321)
429709(388)
429711(393)
429712(407)
429713(342)
429691(330)
429692(437)
429693(323)
429694(390)
429695(389)
429671(315)
429672(336)
429673(345)
429676(337)
429677(381)
429680(265)
429682(415)
429683(301)
429684(302)
429685(427)
429686(336)
429687(351)
429688(469)
429689(430)
429690(481)
Govt. Degree College for Women Nazimabad
429312(21)
429347(35)
429409(22)
428767(96)
428802(74)
428953(61)
429071(76)
429087(54)
429342(82)
429399(73)
429127(73)
429130(93)
429166(55)
429182(86)
429332(85)
112
429675(321)
429681(268)
429700(214)
429710(251)
429720(212)
429647(228)
429650(264)
429655(275)
429663(204)
429666(283)
429618(268)
429628(303)
429629(258)
429640(257)
429642(213)
430076(388)
430077(375)
430078(348)
430079(373)
430080(322)
430066(359)
430067(338)
430068(283)
430069(372)
430075(370)
430086(390)
430087(419)
430088(319)
430089(410)
430091(422)
430081(432)
430082(334)
430083(393)
430084(384)
430085(390)
430035(349)
430037(338)
430040(314)
430042(385)
430044(361)
430029(326)
430030(351)
430031(357)
430032(376)
430033(363)
430057(337)
430060(430)
430061(364)
430062(360)
430063(392)
430045(372)
430046(371)
430048(393)
430049(303)
430052(416)
430124(392)
430125(420)
430126(345)
430127(400)
430128(328)
430115(334)
430119(461)
430120(350)
430122(309)
430123(351)
430135(441)
430136(458)
430137(385)
430144(356)
430129(350)
430130(369)
430131(334)
430132(365)
430133(412)
430098(368)
430099(328)
430100(326)
430101(426)
430102(387)
430092(444)
430093(399)
430095(446)
430096(286)
430097(350)
430109(418)
430111(311)
430112(439)
430113(453)
430114(396)
430104(413)
430105(397)
430106(450)
430107(395)
430108(434)
430014(424)
430015(395)
430019(309)
430021(310)
430023(356)
429909(421)
429912(364)
429913(362)
429917(338)
429918(364)
429902(414)
429903(410)
429904(312)
429906(328)
429907(279)
429919(404)
429921(363)
429923(327)
429924(424)
429925(436)
429934(462)
429935(453)
429936(357)
429937(365)
429938(421)
429926(458)
429927(406)
429928(356)
429929(338)
429933(360)
429896(369)
429897(430)
429899(422)
429900(374)
429901(418)
429868(387)
429869(297)
429870(376)
429872(417)
429873(348)
429861(342)
429863(356)
429864(356)
429865(443)
429866(346)
429875(366)
429876(342)
429877(323)
429881(274)
429883(373)
429890(326)
429891(395)
429893(393)
429894(411)
429895(348)
429884(462)
429885(350)
429886(418)
429888(404)
429889(297)
429992(354)
429993(463)
429994(358)
429995(348)
429996(408)
429980(385)
429981(405)
429987(303)
429988(329)
429991(372)
429998(385)
429999(388)
430000(401)
430001(326)
430002(423)
430008(458)
430009(331)
430010(332)
430012(266)
430013(383)
430003(422)
430004(354)
430005(305)
430006(430)
430007(446)
429975(375)
429976(374)
429977(380)
429978(420)
429979(333)
429946(333)
429947(361)
429950(393)
429953(356)
429954(449)
429939(426)
429941(447)
429942(305)
429944(365)
429945(413)
429955(396)
429956(364)
429958(332)
429961(425)
429962(431)
429970(396)
429971(390)
429972(370)
429973(461)
429974(445)
429964(371)
429966(414)
429967(396)
429968(430)
429969(329)
113
430255(314)
430256(321)
430257(259)
430259(322)
430260(315)
430263(423)
430265(387)
430273(385)
430274(305)
430277(419)
430244(303)
430246(296)
430247(304)
430251(325)
430254(327)
430222(361)
430223(289)
430225(318)
430226(313)
430229(258)
430232(324)
430234(274)
430236(433)
430238(283)
430241(378)
430279(287)
430281(274)
430290(340)
430291(363)
430293(346)
430303(452)
430307(336)
430308(330)
430310(344)
430311(330)
Riaz Govt. Girls College Liaquatabad No. 10
429635(18)
429915(33)
429668(75)
429669(72)
429758(72)
429807(56)
429858(60)
429943(85)
429960(71)
430020(69)
430041(62)
430053(74)
429840(140)
429842(127)
429859(109)
429871(119)
429882(114)
429674(146)
429697(138)
429717(136)
429745(162)
429839(164)
429619(120)
429633(144)
429644(123)
429657(142)
429670(140)
430143(135)
430016(140)
430025(132)
430034(159)
430038(144)
430070(124)
429914(94)
429931(115)
429949(141)
429957(131)
429985(159)
429779(160)
429844(161)
429857(151)
429862(181)
429867(194)
429874(164)
429905(177)
429910(166)
429911(170)
429922(196)
429616(189)
429620(235)
429626(210)
429631(194)
429638(221)
429654(168)
429678(214)
429679(165)
429760(194)
429776(153)
430064(157)
430090(184)
430116(259)
430138(246)
430140(177)
430141(169)
430142(227)
430145(178)
429932(169)
429984(156)
429990(165)
430011(189)
430022(235)
430028(195)
430039(181)
430050(199)
430054(221)
430058(151)
429827(254)
429830(286)
429837(233)
429838(296)
429846(250)
429848(254)
429851(259)
429878(230)
429879(243)
429880(211)
429887(273)
429898(213)
429908(253)
429916(288)
429920(261)
429738(266)
429739(253)
429742(280)
429752(232)
429756(221)
429763(265)
429764(213)
429767(236)
429769(243)
429770(211)
429771(240)
429777(218)
429782(277)
429796(242)
429818(252)
429930(275)
429940(283)
429948(260)
429951(288)
429952(291)
430056(275)
430071(315)
430072(248)
430073(277)
430074(241)
430094(266)
430103(275)
430110(281)
430117(239)
430118(243)
430121(250)
430134(224)
430139(250)
429959(228)
429963(307)
429965(260)
429983(240)
429986(277)
429989(283)
429997(329)
430017(278)
430018(234)
430024(309)
430026(286)
430036(264)
430043(253)
430051(204)
430055(298)
114
430660(304)
430661(306)
430664(297)
430669(372)
430675(316)
430689(351)
430692(363)
430705(360)
430712(363)
430719(250)
430634(331)
430641(318)
430642(312)
430643(291)
430645(308)
430651(355)
430655(337)
430656(277)
430657(404)
430658(323)
430720(311)
430724(303)
430725(360)
430732(376)
430737(372)
Shaheed Flying Officer Marium Mukhtar Govt. Girls College
430334(17)
430391(47)
430407(17)
430233(104)
430261(90)
430266(64)
430302(84)
430374(87)
430384(90)
430269(155)
430296(144)
430301(129)
430315(122)
430317(136)
430345(152)
430348(157)
430364(131)
430370(115)
430372(154)
430378(91)
430394(141)
430395(133)
430396(135)
430333(186)
430335(222)
430336(200)
430351(206)
430369(189)
430271(203)
430272(182)
430282(159)
430295(196)
430320(176)
430398(150)
430405(189)
430373(183)
430379(195)
430381(195)
430388(206)
430397(182)
430224(155)
430235(195)
430240(189)
430267(161)
430268(185)
430276(303)
430280(220)
430283(285)
430284(274)
430285(240)
430286(305)
430287(311)
430288(250)
430289(252)
430292(310)
430294(248)
430297(281)
430298(247)
430299(249)
430300(255)
430227(274)
430228(262)
430231(258)
430237(245)
430242(231)
430243(216)
430245(223)
430248(216)
430249(202)
430250(271)
430252(269)
430258(195)
430262(241)
430264(258)
430270(263)
430304(237)
430305(196)
430306(240)
430309(244)
430312(223)
430368(258)
430377(280)
430380(246)
430382(258)
430383(259)
430385(228)
430386(220)
430392(246)
430399(298)
430403(239)
430404(297)
430316(318)
430319(272)
430325(282)
430327(266)
430328(191)
430331(216)
430337(290)
430340(205)
430342(298)
430343(232)
430344(259)
430353(222)
430357(245)
430361(205)
430363(216)
430338(288)
430339(397)
430341(300)
430346(369)
430347(360)
430323(328)
430324(334)
430329(334)
430330(340)
430332(361)
430313(320)
430314(371)
430318(296)
430321(351)
430322(303)
430349(349)
430350(330)
430352(350)
430354(366)
430355(382)
430390(339)
430393(341)
430400(345)
430401(331)
430402(284)
430365(288)
430366(308)
430371(356)
430387(280)
430389(324)
430356(327)
430358(351)
430359(305)
430360(344)
430362(303)
115
430869(211)
430870(242)
430872(253)
430875(275)
430876(284)
430878(250)
430880(229)
430881(244)
430861(335)
430866(365)
430873(316)
430882(272)
Govt. Girls Pilot Higher Secondary School Nazimabad
430670(18)
430671(47)
430697(25)
430706(37)
430708(24)
430773(46)
430644(71)
430659(85)
430672(57)
430673(95)
430678(87)
430684(95)
430726(59)
430741(89)
430742(61)
430762(93)
430787(93)
430713(129)
430718(146)
430721(155)
430729(141)
430738(135)
430685(149)
430693(142)
430695(127)
430698(132)
430709(134)
430639(131)
430640(133)
430649(138)
430653(165)
430681(118)
430791(111)
430800(124)
430810(131)
430763(106)
430765(142)
430770(159)
430775(124)
430788(131)
430748(108)
430752(110)
430756(99)
430757(144)
430761(125)
430696(165)
430701(175)
430707(171)
430710(177)
430728(194)
430730(195)
430745(206)
430746(201)
430747(243)
430750(191)
430631(208)
430638(185)
430646(179)
430662(162)
430665(155)
430680(184)
430682(173)
430686(214)
430687(162)
430691(181)
430789(154)
430790(169)
430795(173)
430802(199)
430807(194)
430808(151)
430753(184)
430755(136)
430758(200)
430759(191)
430766(171)
430769(210)
430771(194)
430772(169)
430776(195)
430785(210)
430700(256)
430702(269)
430704(233)
430711(242)
430714(281)
430715(235)
430716(233)
430717(262)
430722(228)
430723(249)
430668(302)
430674(234)
430677(276)
430688(255)
430694(241)
430633(268)
430635(225)
430637(255)
430647(229)
430648(205)
430650(232)
430652(261)
430654(220)
430663(234)
430666(252)
430784(214)
430786(256)
430793(236)
430797(291)
430801(243)
430803(317)
430806(235)
430809(203)
430767(229)
430768(267)
430778(239)
430779(233)
430782(234)
430727(252)
430731(240)
430733(226)
430734(272)
430735(262)
430736(262)
430740(286)
430744(281)
430754(313)
430760(252)
430739(302)
430749(364)
430751(255)
430764(334)
430774(321)
430777(372)
430781(297)
430783(368)
430792(256)
430796(283)
430804(401)
430805(294)
116
431046(47)
431051(41)
431047(86)
431050(93)
431056(71)
431061(83)
431063(103)
431043(110)
431045(164)
431049(102)
431052(118)
431053(97)
431054(130)
431055(136)
431058(125)
431059(155)
431062(119)
431067(100)
431041(181)
431044(154)
431048(189)
431057(200)
431065(166)
431066(157)
431042(195)
431064(254)
APWA Govt. Girls Higher Secondary School Liaquatabad
430960(155)
430979(121)
430978(197)
430951(291)
430952(269)
430953(243)
430954(206)
430961(276)
430968(188)
430970(300)
430972(259)
430973(257)
430974(260)
430975(210)
430976(262)
430981(269)
430982(265)
430983(297)
430962(363)
430963(341)
430964(288)
430965(431)
430966(279)
430955(354)
430956(334)
430957(360)
430958(359)
430959(367)
430984(400)
430967(389)
430969(344)
430971(292)
430977(294)
430980(393)
Jinnah Intermediate College for Girls
430864(59)
430867(98)
430868(113)
430871(108)
430877(127)
430879(130)
430863(175)
430865(188)
430874(153)
117
431546(447)
431547(492)
431548(479)
431549(380)
431550(399)
431541(479)
431542(307)
431543(444)
431544(422)
431545(346)
431551(431)
431552(441)
431553(332)
431554(464)
431555(422)
431561(468)
431562(322)
431563(437)
431564(323)
431565(448)
431556(418)
431557(387)
431558(419)
431559(472)
431560(469)
431536(484)
431537(439)
431538(422)
431539(445)
431540(431)
431516(480)
431517(395)
431518(368)
431519(481)
431520(394)
431511(353)
431512(480)
431513(402)
431514(489)
431515(401)
431521(479)
431522(424)
431523(325)
431524(471)
431525(446)
431531(450)
431532(326)
431533(398)
431534(382)
431535(430)
431526(480)
431527(407)
431528(340)
431529(398)
431530(414)
431601(333)
431603(408)
431604(389)
431605(404)
431606(403)
431596(449)
431597(370)
431598(411)
431599(392)
431600(481)
431607(448)
431608(459)
431609(461)
431610(481)
431611(450)
431612(492)
431613(329)
431614(400)
431615(488)
431616(437)
431591(467)
431592(474)
431593(479)
431594(436)
431595(447)
431571(363)
431572(436)
431573(363)
431574(449)
431575(400)
431566(449)
431567(448)
431568(411)
431569(473)
431570(477)
431576(482)
431577(424)
431578(373)
431579(451)
431580(442)
431586(436)
431587(469)
431588(428)
431589(443)
431590(466)
431581(474)
431582(434)
431583(372)
431584(446)
431585(438)
431427(447)
431428(434)
431429(451)
431430(392)
431431(453)
431422(353)
431423(408)
431424(390)
431425(437)
431426(413)
431432(412)
431433(459)
431434(428)
431435(394)
431436(446)
431442(449)
431443(468)
431444(443)
431445(452)
431446(332)
431437(483)
431438(404)
431439(438)
431440(398)
431441(411)
431401(363)
431402(418)
431403(411)
431405(471)
431406(441)
431505(421)
431507(449)
431508(410)
431509(448)
431510(441)
431407(467)
431408(317)
431409(414)
431410(364)
431411(449)
431417(401)
431418(433)
431419(425)
431420(432)
431421(463)
431412(328)
431413(440)
431414(456)
431415(472)
431416(383)
431447(436)
431448(423)
431449(463)
431450(408)
431451(448)
431484(431)
431485(384)
431486(463)
431487(448)
431488(476)
431478(439)
431479(493)
431480(445)
431481(418)
431482(371)
431489(388)
431490(406)
431491(405)
431492(462)
431493(469)
431500(396)
431501(426)
431502(444)
431503(398)
431504(339)
431495(466)
431496(483)
431497(463)
431498(373)
431499(462)
431458(293)
431459(332)
431460(370)
431461(414)
431462(399)
431452(476)
431453(434)
431454(447)
431456(394)
431457(308)
431463(454)
431464(347)
431465(461)
431466(359)
431467(444)
431473(417)
431474(368)
431475(459)
431476(433)
431477(363)
431468(340)
431469(485)
431470(391)
431471(302)
431472(467)
BAMM P.E.C.H.S. Govt. College For Women
118
431455(265)
431483(326)
431506(227)
431620(258)
431700(283)
431820(293)
431822(306)
431764(291)
431765(466)
431766(454)
431767(459)
431768(402)
431758(483)
431760(481)
431761(459)
431762(451)
431763(455)
431774(465)
431775(444)
431776(437)
431777(458)
431779(448)
431769(476)
431770(476)
431771(377)
431772(380)
431773(452)
431742(408)
431743(359)
431744(398)
431745(425)
431746(433)
431736(411)
431737(339)
431738(377)
431739(423)
431740(440)
431753(475)
431754(451)
431755(466)
431756(357)
431757(425)
431747(437)
431749(317)
431750(462)
431751(489)
431752(360)
431805(463)
431806(463)
431807(452)
431808(414)
431809(388)
431800(451)
431801(374)
431802(446)
431803(350)
431804(409)
431815(480)
431816(462)
431817(437)
431821(454)
431810(351)
431811(456)
431812(469)
431813(462)
431814(446)
431785(443)
431786(472)
431787(501)
431788(415)
431789(419)
431780(460)
431781(396)
431782(440)
431783(434)
431784(472)
431795(420)
431796(451)
431797(349)
431798(385)
431799(460)
431790(408)
431791(298)
431792(404)
431793(396)
431794(419)
431731(474)
431732(335)
431733(327)
431734(420)
431735(469)
431655(465)
431656(429)
431657(413)
431658(389)
431659(364)
431650(432)
431651(429)
431652(434)
431653(468)
431654(445)
431660(408)
431661(444)
431662(458)
431663(470)
431664(484)
431670(454)
431671(451)
431672(476)
431673(471)
431674(463)
431665(438)
431666(434)
431667(429)
431668(366)
431669(412)
431644(397)
431645(458)
431646(351)
431647(433)
431649(433)
431623(416)
431624(437)
431625(426)
431626(297)
431627(412)
431617(399)
431618(384)
431619(443)
431621(441)
431622(404)
431628(345)
431629(484)
431630(448)
431631(474)
431632(458)
431638(466)
431640(388)
431641(436)
431642(447)
431643(436)
431633(457)
431634(463)
431635(444)
431636(457)
431637(322)
431711(436)
431712(449)
431713(362)
431714(412)
431715(426)
431706(432)
431707(422)
431708(437)
431709(425)
431710(456)
431716(427)
431717(472)
431718(477)
431719(464)
431720(488)
431726(440)
431727(458)
431728(369)
431729(444)
431730(375)
431721(465)
431722(438)
431723(429)
431724(459)
431725(442)
431701(470)
431702(444)
431703(435)
431704(465)
431705(448)
431680(419)
431681(489)
431682(445)
431683(394)
431684(428)
431675(439)
431676(439)
431677(444)
431678(484)
431679(382)
431685(453)
431686(442)
431687(366)
431688(477)
431689(414)
431695(432)
431696(361)
431697(431)
431698(343)
431699(439)
431690(477)
431691(444)
431692(457)
431693(402)
431694(408)
119
432113(337)
432114(355)
432115(327)
432116(379)
432118(408)
432105(387)
432106(433)
432107(378)
432109(341)
432111(330)
432119(311)
432122(293)
432123(314)
432124(356)
432125(343)
432133(330)
432137(314)
432141(350)
432144(380)
432145(390)
432126(399)
432127(286)
432128(369)
432129(438)
432131(287)
432096(399)
432097(376)
432098(336)
432099(315)
432100(393)
432058(273)
432059(301)
432060(328)
432061(382)
432062(348)
432064(351)
432065(325)
432070(368)
432071(369)
432074(435)
432084(391)
432086(342)
432092(317)
432093(413)
432095(414)
432075(405)
432076(387)
432078(353)
432081(388)
432083(378)
432147(294)
432148(428)
432151(314)
432153(367)
432155(355)
432219(321)
432220(304)
432221(385)
432222(256)
432223(297)
432205(320)
432209(389)
432212(283)
432215(305)
432216(385)
432224(311)
432225(366)
432226(407)
432227(303)
432228(370)
432200(319)
432201(402)
432202(338)
432203(318)
432204(341)
432162(398)
432166(324)
432167(381)
432169(346)
432170(315)
432156(414)
432158(267)
432159(428)
432160(390)
432161(406)
432171(394)
432172(296)
432173(327)
432174(325)
432175(409)
432187(393)
432189(399)
432191(387)
432196(401)
432199(302)
432177(282)
432178(406)
432184(409)
432185(339)
432186(305)
431978(410)
431981(338)
431982(282)
431983(418)
431984(353)
431986(349)
431988(339)
431989(378)
431990(325)
431992(368)
431993(309)
431994(332)
431995(350)
431997(348)
431998(421)
432048(386)
432053(379)
432054(322)
432055(452)
432056(316)
431961(416)
431962(399)
431965(387)
431966(327)
431970(429)
431971(463)
431973(288)
431975(328)
431976(363)
431977(411)
431999(394)
432000(378)
432001(372)
432002(362)
432003(415)
432020(279)
432021(447)
432023(360)
432030(314)
432032(333)
432033(357)
432034(281)
432035(279)
432038(400)
432040(380)
432041(388)
432042(293)
432044(369)
432045(297)
432046(359)
432004(277)
432005(390)
432006(372)
432007(358)
432008(443)
432009(398)
432010(347)
432011(322)
432012(374)
432013(363)
432014(394)
432015(399)
432017(431)
432018(398)
432019(351)
S.M.B. Fatima Jinnah Govt. Girls Degree College Nishtar Road
431494(49)
431819(72)
431639(183)
431741(124)
431778(168)
431818(161)
431602(188)
431748(178)
120
432467(368)
432469(293)
432477(343)
432494(362)
432496(298)
432497(380)
432502(307)
432503(430)
432504(306)
432513(288)
432426(291)
432428(330)
432429(294)
432432(349)
432433(329)
432435(400)
432438(340)
432448(326)
432452(378)
432457(320)
432524(395)
432526(362)
432533(283)
432538(328)
432544(299)
432549(289)
432555(314)
432562(374)
432568(317)
432580(344)
Govt. Girls Degree College, Mehmoodabad Block 6, P.E.C.H.S.
432073(70)
432022(77)
432043(69)
432069(72)
432140(72)
432193(72)
432251(92)
432265(87)
432039(132)
432057(126)
432063(170)
432066(128)
432082(138)
431969(117)
431985(141)
432025(149)
432026(135)
432036(136)
432089(138)
432090(128)
432104(148)
432108(117)
432120(110)
432239(110)
432257(135)
432258(120)
432266(116)
432135(149)
432149(120)
432179(155)
432197(125)
432207(148)
432254(198)
432255(188)
432256(193)
432259(161)
432067(209)
432080(185)
432102(231)
432110(186)
432121(179)
431980(206)
431987(209)
432024(165)
432049(180)
432052(178)
431964(218)
431967(173)
431968(190)
431972(170)
431974(188)
432198(197)
432206(177)
432214(139)
432233(203)
432252(199)
432154(206)
432165(234)
432188(165)
432190(194)
432194(148)
432130(234)
432132(205)
432136(200)
432143(183)
432152(201)
432077(218)
432079(274)
432085(287)
432087(310)
432088(220)
432091(270)
432094(208)
432101(274)
432103(282)
432112(232)
432047(259)
432050(287)
432051(274)
432068(243)
432072(301)
431963(244)
431979(258)
431991(257)
431996(270)
432016(249)
432027(263)
432028(236)
432029(265)
432031(280)
432037(231)
432117(250)
432134(224)
432138(239)
432142(224)
432146(267)
432217(245)
432231(268)
432245(297)
432247(280)
432248(268)
432250(208)
432264(257)
432195(284)
432208(250)
432210(252)
432211(223)
432213(225)
432150(247)
432157(238)
432163(276)
432164(238)
432168(234)
432176(276)
432180(257)
432181(215)
432182(227)
432192(195)
432236(330)
432237(325)
432238(373)
432240(308)
432241(382)
432229(399)
432230(378)
432232(369)
432234(339)
432235(363)
432260(354)
432261(446)
432262(421)
432263(358)
432242(291)
432243(441)
432244(404)
432249(375)
432253(331)
121
432707(426)
432710(347)
432712(380)
432713(291)
432714(296)
432697(374)
432701(371)
432703(326)
432704(336)
432705(296)
432684(316)
432685(385)
432690(294)
432694(332)
432695(313)
Govt. Girls College P.I.B. Colony
432446(39)
432559(39)
432572(34)
432578(41)
432588(46)
432589(44)
432607(35)
432510(111)
432511(90)
432531(81)
432534(94)
432540(78)
432453(64)
432459(67)
432473(91)
432481(78)
432486(82)
432441(56)
432444(80)
432449(67)
432450(88)
432451(69)
432593(58)
432606(125)
432564(74)
432565(85)
432566(71)
432569(80)
432573(67)
432545(83)
432554(68)
432556(62)
432558(64)
432561(58)
432522(124)
432527(127)
432529(117)
432530(107)
432532(146)
432512(101)
432516(136)
432518(138)
432519(148)
432521(136)
432536(98)
432537(124)
432542(112)
432550(104)
432551(148)
432594(154)
432601(133)
432575(143)
432577(139)
432581(96)
432582(136)
432584(138)
432495(142)
432498(139)
432501(108)
432506(128)
432507(145)
432430(110)
432431(148)
432443(109)
432454(132)
432458(125)
432463(112)
432466(151)
432482(137)
432488(98)
432490(112)
432478(196)
432479(171)
432480(188)
432483(169)
432484(165)
432485(179)
432487(158)
432489(164)
432500(202)
432505(182)
432421(170)
432422(195)
432427(184)
432434(180)
432439(147)
432456(157)
432460(192)
432465(179)
432472(158)
432476(182)
432508(200)
432514(179)
432517(178)
432520(173)
432535(177)
432574(177)
432583(196)
432587(187)
432596(189)
432597(166)
432602(168)
432541(197)
432543(193)
432547(200)
432552(192)
432553(190)
432557(184)
432560(179)
432563(140)
432567(178)
432570(206)
432462(240)
432464(264)
432468(196)
432471(228)
432474(274)
432440(286)
432442(201)
432445(251)
432447(269)
432455(276)
432423(267)
432424(263)
432425(237)
432436(254)
432437(245)
432598(283)
432599(255)
432604(217)
432539(238)
432546(242)
432571(273)
432576(218)
432591(244)
432475(225)
432491(199)
432492(170)
432509(230)
432525(270)
432585(355)
432586(397)
432590(407)
432592(391)
432595(311)
432600(349)
432603(354)
432605(324)
432608(382)
122
432932(455)
432933(376)
432934(397)
432935(386)
432937(430)
432927(353)
432928(350)
432929(348)
432930(399)
432931(343)
432922(301)
432923(398)
432924(457)
432925(349)
432926(427)
432938(436)
432939(443)
432940(463)
432941(413)
432943(446)
Fatimiyah College Girls Campus
432769(29)
432846(40)
432849(39)
432682(98)
432720(65)
432730(94)
432778(77)
432796(67)
432821(83)
432840(60)
432735(118)
432736(128)
432752(125)
432776(101)
432789(93)
432717(183)
432718(130)
432719(139)
432732(125)
432734(112)
432686(158)
432699(153)
432700(124)
432706(151)
432708(131)
432842(148)
432819(146)
432829(114)
432833(128)
432834(122)
432838(136)
432794(143)
432798(109)
432802(115)
432803(131)
432810(149)
432827(197)
432830(168)
432835(201)
432836(139)
432837(132)
432841(171)
432845(185)
432848(189)
432797(181)
432801(157)
432809(186)
432811(154)
432817(169)
432693(187)
432696(187)
432698(200)
432709(208)
432711(180)
432681(179)
432683(212)
432687(200)
432688(171)
432691(189)
432715(261)
432721(162)
432725(173)
432729(187)
432733(195)
432748(164)
432750(207)
432767(212)
432782(188)
432785(173)
432738(162)
432743(189)
432744(175)
432745(186)
432746(233)
432755(270)
432759(258)
432765(261)
432766(224)
432768(250)
432770(276)
432773(276)
432774(217)
432775(295)
432784(234)
432689(287)
432692(233)
432724(260)
432726(278)
432731(248)
432741(197)
432747(221)
432749(305)
432753(233)
432754(258)
432816(255)
432818(260)
432820(211)
432823(223)
432824(262)
432828(278)
432831(251)
432832(228)
432839(272)
432844(237)
432786(322)
432787(286)
432788(238)
432792(236)
432799(260)
432800(241)
432804(258)
432807(236)
432812(238)
432814(261)
432760(364)
432761(435)
432762(377)
432763(307)
432764(316)
432737(296)
432739(345)
432740(377)
432756(400)
432757(383)
432716(368)
432722(327)
432723(322)
432727(331)
432728(456)
432771(319)
432772(299)
432777(317)
432779(372)
432780(323)
432825(349)
432826(315)
432843(288)
432847(321)
432805(314)
432806(349)
432808(420)
432815(313)
432822(314)
432781(377)
432783(327)
432790(378)
432793(364)
432795(361)
123
433391(374)
433392(481)
433393(426)
433394(456)
433395(465)
Al-Badar Higher Secondary School (Girls)
433082(35)
433112(30)
433115(28)
433116(36)
433119(24)
433084(99)
433092(71)
433093(76)
433095(66)
433111(72)
433113(91)
433114(63)
433125(69)
433126(66)
433127(74)
433085(109)
433089(117)
433094(123)
433099(111)
433104(137)
433110(129)
433117(117)
433091(146)
433096(165)
433098(155)
433101(145)
433102(152)
433083(184)
433086(207)
433087(195)
433088(142)
433090(148)
433124(130)
433103(195)
433108(168)
433109(217)
433118(183)
433123(178)
433081(234)
433097(221)
433105(204)
433107(221)
433120(310)
433121(308)
Govt. Girls H.Sec.School Green Belt Mehmoodabad
432944(110)
432921(215)
432947(169)
432973(193)
432936(266)
432942(237)
432948(277)
432951(294)
432952(254)
432962(223)
432964(270)
432968(307)
432991(232)
432993(248)
432995(250)
433001(250)
432966(383)
432967(451)
432970(351)
432971(351)
432972(390)
432974(421)
432975(324)
432976(358)
432977(339)
432978(360)
432959(415)
432960(392)
432961(318)
432963(375)
432965(351)
432945(366)
432946(364)
432949(425)
432950(445)
432953(327)
432954(452)
432955(449)
432956(398)
432957(380)
432958(365)
432997(393)
432998(353)
432999(421)
433000(421)
433002(403)
433003(407)
433004(392)
433005(455)
432989(349)
432990(410)
432992(351)
432994(332)
432996(348)
432979(329)
432980(272)
432981(357)
432982(420)
432983(373)
432984(432)
432985(431)
432986(390)
432987(373)
432988(377)
124
433773(290)
433776(243)
433781(261)
433783(292)
433795(276)
433751(199)
433756(254)
433758(287)
433770(227)
433771(236)
433735(249)
433736(200)
433740(284)
433743(249)
433747(281)
433796(248)
433798(183)
433801(192)
433802(215)
433804(236)
433752(351)
433753(291)
433759(422)
433772(297)
433784(309)
433733(317)
433739(322)
433742(334)
433745(347)
433746(355)
433847(352)
433855(258)
433874(351)
433875(334)
433794(318)
433797(327)
433805(301)
433815(354)
433842(366)
Shaheed Mohtarma Benazir Bhutto Govt. Degree Girls College
433680(75)
433671(168)
433684(197)
433676(244)
433683(236)
433687(296)
433672(378)
433673(387)
433674(366)
433675(381)
433677(389)
433678(386)
433679(341)
433681(357)
433682(425)
433685(308)
433686(335)
Mama Girls Intermediate College, P.E.C.H.S. Karachi
433406(369)
433407(429)
433408(440)
433409(481)
433410(464)
433401(417)
433402(372)
433403(445)
433404(364)
433405(454)
433396(372)
433397(393)
433398(431)
433399(459)
433400(402)
433411(450)
433412(450)
433413(343)
433414(434)
433415(343)
433426(403)
433427(430)
433421(304)
433422(441)
433423(429)
433424(497)
433425(324)
433416(451)
433417(470)
433418(338)
433419(472)
433420(424)
125
433968(121)
433973(93)
433979(129)
433987(111)
433988(131)
433996(144)
433962(164)
433963(170)
433964(199)
433966(155)
433971(203)
433974(159)
433976(186)
433977(199)
433978(175)
433985(150)
433994(153)
433998(156)
434001(189)
434003(177)
433961(222)
433980(250)
433981(241)
433984(227)
433989(258)
433993(202)
433999(241)
433997(241)
Mariam Higher Secondary School, Azam Town
433762(31)
433800(39)
433873(22)
433876(18)
433891(25)
433830(55)
433831(98)
433833(81)
433838(59)
433841(74)
433788(65)
433790(69)
433792(62)
433818(91)
433823(74)
433883(55)
433888(65)
433899(71)
433846(79)
433853(73)
433867(80)
433877(55)
433880(84)
433737(66)
433748(101)
433749(116)
433767(80)
433778(73)
433780(109)
433782(132)
433785(133)
433789(122)
433803(109)
433764(103)
433765(135)
433769(102)
433774(128)
433775(139)
433731(129)
433741(149)
433750(139)
433757(108)
433763(111)
433806(143)
433808(124)
433816(149)
433820(154)
433821(105)
433886(113)
433887(169)
433898(119)
433851(155)
433859(107)
433862(109)
433864(119)
433881(109)
433825(102)
433835(132)
433836(112)
433839(115)
433840(136)
433787(170)
433791(149)
433793(181)
433799(158)
433807(218)
433809(227)
433810(211)
433811(218)
433812(192)
433813(164)
433732(212)
433738(177)
433744(207)
433754(192)
433760(192)
433761(200)
433766(162)
433768(164)
433779(208)
433786(214)
433814(196)
433817(204)
433824(173)
433826(156)
433832(182)
433865(187)
433870(217)
433871(229)
433872(178)
433879(194)
433882(203)
433893(141)
433894(181)
433896(153)
433844(191)
433849(179)
433850(190)
433852(183)
433856(171)
433857(187)
433858(219)
433860(139)
433861(198)
433863(191)
433819(238)
433822(230)
433827(236)
433829(274)
433834(244)
433843(235)
433845(235)
433848(228)
433854(263)
433868(244)
433878(326)
433884(245)
433885(240)
433889(214)
433895(255)
126
434473(171)
434474(251)
434471(337)
434472(448)
Park House Grammer H.S.S.
434349(111)
434342(252)
434347(300)
434348(359)
434350(336)
434351(388)
434352(386)
434341(376)
434343(450)
434344(393)
434345(395)
434346(333)
Green Flag Intermediate College
434082(62)
434079(104)
434071(165)
434077(213)
434078(157)
434087(166)
434088(219)
434089(247)
434072(305)
434084(288)
434085(312)
434086(319)
434090(233)
434073(339)
434074(395)
434075(386)
434076(351)
434080(411)
434081(328)
434083(398)
Gulistan Shah Abdul Latif Girls Higher Secondary School
433995(40)
433975(84)
433982(73)
433983(73)
433986(71)
433990(74)
433991(78)
433992(89)
127
435094(320)
435097(378)
435098(345)
435111(322)
435112(348)
435075(366)
435076(413)
435082(436)
435086(351)
435088(373)
435114(355)
435116(360)
435130(300)
435131(415)
435132(365)
435158(362)
435160(383)
435170(300)
435176(345)
435191(312)
435136(386)
435140(395)
435147(469)
435150(385)
435151(377)
435057(350)
435059(379)
435063(352)
435069(330)
435073(404)
435006(403)
435007(341)
435009(379)
435011(370)
435012(354)
435013(361)
435014(323)
435016(327)
435017(378)
435021(346)
435048(381)
435049(356)
435050(313)
435051(313)
435054(370)
435023(361)
435027(358)
435037(290)
435043(363)
435044(349)
435194(345)
435196(408)
435201(380)
435204(396)
435205(342)
435289(351)
435290(418)
435291(435)
435292(344)
435295(377)
435276(334)
435277(316)
435278(296)
435281(366)
435287(444)
435303(391)
435305(411)
435308(370)
435309(420)
435310(355)
435259(411)
435261(388)
435263(339)
435264(368)
435267(299)
435223(353)
435224(359)
435226(316)
435230(354)
435232(346)
435211(351)
435212(376)
435215(322)
435216(359)
435221(340)
435233(355)
435234(284)
435236(321)
435241(452)
435242(374)
435250(299)
435252(314)
435253(361)
435255(374)
435258(355)
435243(468)
435244(404)
435245(369)
435246(388)
435247(366)
434842(419)
434844(373)
434845(335)
434849(325)
434852(315)
434837(355)
434838(283)
434839(312)
434840(337)
434841(382)
434863(434)
434864(452)
434865(382)
434870(324)
434871(355)
434853(383)
434854(392)
434855(318)
434861(357)
434862(300)
434801(414)
434802(374)
434803(284)
434804(345)
434807(279)
434996(437)
434997(307)
435001(400)
435003(370)
435004(471)
434822(384)
434829(285)
434830(286)
434831(364)
434833(327)
434808(348)
434810(369)
434813(284)
434816(315)
434818(324)
434872(462)
434873(389)
434874(350)
434876(360)
434878(352)
434960(303)
434961(326)
434962(371)
434963(316)
434969(304)
434924(346)
434932(379)
434933(401)
434943(289)
434959(322)
434981(293)
434982(381)
434983(331)
434984(329)
434989(386)
434972(335)
434973(360)
434976(446)
434978(284)
434980(390)
434887(391)
434888(389)
434889(352)
434890(413)
434897(390)
434879(333)
434881(351)
434882(436)
434883(350)
434885(430)
434909(336)
434910(315)
434915(375)
434917(334)
434920(320)
434898(389)
434899(406)
434901(365)
434902(348)
434905(344)
Govt. College For Women Shahrah-e-Liaquat
434475(110)
128
434927(247)
434939(240)
434940(307)
434942(254)
434951(212)
434916(316)
434921(267)
434922(207)
434923(244)
434925(234)
434975(212)
434979(252)
434985(246)
434986(313)
434990(300)
434952(233)
434955(310)
434956(291)
434967(306)
434970(301)
434893(282)
434895(315)
434903(237)
434904(214)
434911(257)
434825(254)
434826(252)
434832(229)
434834(310)
434843(281)
434811(240)
434814(273)
434815(194)
434820(286)
434821(271)
434875(299)
434877(321)
434880(255)
434884(321)
434886(307)
434848(263)
434856(270)
434866(310)
434867(303)
434869(301)
435091(317)
435092(325)
435093(259)
435095(332)
435096(305)
435074(314)
435079(260)
435081(251)
435083(247)
435087(286)
435015(272)
435028(223)
435030(272)
435031(258)
435032(242)
434991(272)
434993(219)
434995(230)
434998(274)
435002(278)
435058(321)
435062(274)
435067(294)
435071(283)
435072(317)
435034(296)
435040(206)
435041(268)
435045(256)
435053(280)
435572(273)
435577(280)
435579(416)
435580(307)
435582(336)
435557(302)
435558(313)
435562(323)
435564(327)
435570(409)
435594(361)
435595(327)
435596(364)
435599(343)
435602(409)
435585(356)
435587(289)
435588(356)
435590(310)
435592(360)
435552(371)
435553(304)
435554(256)
435555(394)
435556(450)
435393(308)
435396(339)
435398(327)
435401(387)
435402(250)
435384(307)
435387(292)
435390(359)
435391(330)
435392(331)
435403(313)
435404(294)
435406(300)
435410(309)
435412(355)
435426(360)
435427(360)
435431(327)
435435(352)
435436(386)
435415(347)
435416(425)
435420(360)
435423(393)
435424(341)
435373(406)
435375(319)
435379(344)
435380(355)
435381(292)
435321(431)
435324(324)
435328(273)
435331(368)
435332(422)
435313(294)
435314(409)
435316(341)
435318(336)
435320(391)
435340(372)
435347(478)
435348(332)
435351(316)
435353(265)
435360(419)
435361(364)
435363(344)
435367(397)
435368(361)
435354(348)
435355(347)
435357(345)
435358(335)
435359(284)
435513(351)
435514(347)
435516(416)
435518(329)
435521(375)
435503(344)
435506(290)
435509(350)
435511(340)
435512(313)
435524(348)
435525(366)
435529(355)
435533(347)
435534(328)
435543(327)
435546(423)
435547(357)
435549(347)
435550(276)
435535(440)
435537(286)
435538(266)
435539(398)
435540(344)
435494(365)
435497(282)
435499(353)
435500(319)
435501(348)
435455(346)
435458(348)
435459(258)
435462(336)
435469(338)
435442(354)
435443(354)
435444(371)
435448(264)
435449(264)
435471(313)
435472(340)
435473(350)
435475(332)
435477(468)
435487(396)
435488(357)
435490(319)
435492(298)
435493(337)
435480(319)
435481(372)
435482(291)
435483(356)
435486(275)
129
434935(176)
434944(184)
434949(194)
434953(190)
434964(174)
434928(215)
434929(236)
434930(155)
434931(147)
434934(204)
434992(162)
435005(215)
435008(194)
435010(216)
435018(218)
434965(172)
434968(173)
434971(233)
434977(207)
434987(155)
434908(191)
434912(188)
434914(170)
434918(161)
434919(206)
434827(191)
434828(189)
434835(183)
434846(194)
434847(234)
434805(183)
434806(195)
434809(179)
434812(203)
434824(219)
434868(222)
434892(191)
434896(196)
434906(166)
434907(206)
434850(198)
434851(207)
434857(221)
434859(187)
434860(176)
435173(188)
435174(183)
435180(177)
435181(234)
435184(221)
435125(225)
435129(205)
435149(198)
435153(202)
435157(184)
435036(224)
435039(151)
435055(266)
435056(166)
435064(189)
435019(188)
435022(201)
435025(154)
435026(230)
435029(154)
435085(192)
435103(235)
435105(204)
435107(199)
435109(188)
435068(216)
435070(232)
435078(175)
435080(200)
435084(176)
435544(263)
435545(279)
435563(304)
435565(232)
435571(228)
435520(236)
435530(239)
435531(295)
435532(217)
435536(250)
435593(229)
435597(210)
435603(266)
435575(235)
435578(196)
435584(305)
435589(325)
435591(270)
435484(191)
435485(207)
435498(293)
435502(221)
435515(282)
435169(284)
435171(273)
435172(288)
435175(230)
435178(280)
435161(334)
435162(272)
435165(283)
435166(268)
435168(243)
435179(296)
435182(272)
435183(254)
435189(271)
435190(261)
435208(289)
435209(317)
435210(210)
435217(295)
435220(251)
435192(221)
435193(277)
435202(244)
435206(289)
435207(287)
435152(273)
435154(294)
435155(266)
435156(290)
435159(282)
435106(315)
435110(245)
435113(261)
435115(305)
435117(235)
435099(280)
435100(289)
435101(305)
435102(231)
435104(200)
435118(244)
435119(269)
435120(246)
435122(246)
435123(232)
435141(264)
435143(293)
435144(228)
435145(281)
435148(232)
435124(282)
435134(239)
435135(289)
435137(220)
435139(250)
435369(302)
435370(262)
435374(277)
435385(291)
435399(273)
435341(248)
435342(264)
435343(244)
435346(242)
435356(217)
435405(244)
435409(218)
435419(249)
435434(221)
435438(247)
435464(223)
435465(252)
435474(239)
435476(234)
435479(202)
435451(182)
435454(233)
435456(214)
435460(242)
435463(302)
435322(255)
435323(293)
435333(255)
435335(220)
435336(236)
435237(245)
435238(238)
435240(338)
435248(269)
435249(266)
435222(261)
435228(251)
435229(257)
435231(282)
435235(305)
435257(215)
435262(250)
435265(252)
435268(233)
435271(280)
435302(279)
435307(210)
435312(291)
435317(252)
435319(287)
435280(286)
435282(278)
435283(299)
435294(310)
435297(295)
130
434941(24)
434950(33)
434958(39)
435188(40)
435203(61)
435371(26)
435377(33)
435432(36)
435440(29)
435446(22)
435508(19)
435522(31)
435527(19)
435047(90)
435121(68)
435128(71)
435213(146)
435306(62)
434946(57)
434948(79)
434994(89)
434999(78)
435020(84)
435461(92)
435468(66)
435505(59)
435507(84)
435561(88)
435334(71)
435366(56)
435395(79)
435441(63)
435450(84)
435344(130)
435350(153)
435364(131)
435365(137)
435372(160)
435376(128)
435378(145)
435394(125)
435408(111)
435411(137)
435239(140)
435254(127)
435260(115)
435274(152)
435286(123)
435300(140)
435301(144)
435311(168)
435329(132)
435337(145)
435414(108)
435421(125)
435428(139)
435430(136)
435433(104)
435574(134)
435581(106)
435583(112)
435598(99)
435600(154)
435601(128)
435439(123)
435478(119)
435496(128)
435528(106)
435542(136)
435551(148)
435559(145)
435560(127)
435567(103)
435569(119)
435146(150)
435163(144)
435164(109)
435167(147)
435219(131)
434945(115)
434947(101)
434954(101)
434957(116)
434966(117)
434891(153)
434894(114)
434913(129)
434926(101)
434937(101)
434817(167)
434819(138)
434823(127)
434836(147)
434858(156)
434988(115)
435000(127)
435024(111)
435033(173)
435035(143)
435126(113)
435127(132)
435133(146)
435138(185)
435142(146)
435066(126)
435077(111)
435089(132)
435090(180)
435108(138)
435038(133)
435042(189)
435060(109)
435061(147)
435065(115)
435293(180)
435296(202)
435298(249)
435304(186)
435326(203)
435327(169)
435330(202)
435338(220)
435339(226)
435345(167)
435349(193)
435352(195)
435362(173)
435383(209)
435386(160)
435273(180)
435275(182)
435284(199)
435285(228)
435288(184)
435185(201)
435187(233)
435195(249)
435197(220)
435198(184)
435199(189)
435200(201)
435214(208)
435218(237)
435225(193)
435227(198)
435251(216)
435256(171)
435266(192)
435272(205)
435504(168)
435517(208)
435519(178)
435523(224)
435526(198)
435541(149)
435548(163)
435566(221)
435568(182)
435573(159)
435576(162)
435586(160)
435466(158)
435467(189)
435489(187)
435491(133)
435495(232)
435388(187)
435389(216)
435397(172)
435413(167)
435417(149)
435418(207)
435422(210)
435425(148)
435429(222)
435437(148)
435445(167)
435447(146)
435452(155)
435453(212)
435457(165)
131
435672(220)
435702(312)
435749(268)
435778(241)
435804(239)
435816(226)
435845(254)
435785(444)
435786(432)
435787(451)
435788(445)
435789(423)
435779(339)
435780(409)
435781(310)
435783(427)
435784(388)
435795(414)
435796(434)
435797(396)
435798(366)
435799(404)
435790(395)
435791(426)
435792(406)
435793(364)
435794(459)
435773(371)
435774(319)
435775(463)
435776(335)
435777(316)
435758(418)
435759(412)
435760(412)
435761(443)
435762(424)
435753(370)
435754(359)
435755(353)
435756(359)
435757(400)
435768(352)
435769(439)
435770(442)
435771(372)
435772(325)
435763(440)
435764(425)
435765(460)
435766(444)
435767(352)
435835(323)
435836(394)
435837(340)
435838(327)
435839(339)
435830(359)
435831(336)
435832(350)
435833(311)
435834(380)
435846(361)
435847(361)
435848(315)
435840(292)
435841(239)
435842(410)
435843(382)
435844(332)
435825(394)
435826(258)
435827(331)
435828(308)
435829(417)
435806(367)
435807(357)
435809(339)
435810(339)
435811(363)
435800(449)
435801(438)
435802(428)
435803(452)
435805(338)
435818(393)
435819(370)
435820(340)
435821(344)
435822(374)
435812(362)
435813(322)
435814(283)
435815(432)
435817(386)
435674(358)
435675(397)
435676(436)
435677(365)
435678(363)
435667(365)
435668(440)
435670(399)
435671(399)
435673(454)
435679(442)
435680(392)
435681(368)
435682(470)
435683(432)
435689(400)
435690(377)
435691(336)
435692(438)
435693(407)
435684(418)
435685(377)
435686(309)
435687(438)
435688(340)
435646(389)
435647(386)
435648(408)
435649(402)
435650(443)
435641(344)
435642(362)
435643(378)
435644(408)
435645(382)
435651(395)
435652(420)
435653(466)
435654(462)
435655(454)
435661(434)
435662(357)
435663(429)
435664(343)
435666(338)
435656(451)
435657(451)
435658(443)
435659(367)
435660(466)
435694(404)
435695(413)
435696(338)
435697(394)
435698(437)
435730(393)
435731(394)
435732(374)
435733(355)
435734(406)
435725(449)
435726(402)
435727(396)
435728(391)
435729(288)
435736(343)
435738(411)
435739(387)
435740(384)
435741(337)
435747(431)
435748(429)
435750(341)
435751(328)
435752(374)
435742(445)
435743(432)
435744(409)
435745(466)
435746(423)
435705(415)
435706(490)
435707(373)
435708(451)
435709(291)
435699(323)
435700(427)
435701(413)
435703(371)
435704(431)
435710(454)
435711(383)
435712(442)
435713(430)
435714(391)
435720(394)
435721(294)
435722(337)
435723(444)
435724(443)
435715(396)
435716(445)
435717(397)
435718(266)
435719(339)
DHACSS College for Women (Intermediate)
132
436107(208)
436112(211)
436113(173)
436116(151)
436119(178)
436128(170)
436130(158)
436134(229)
436136(194)
436143(210)
436055(182)
436069(186)
436070(170)
436071(200)
436080(176)
436085(175)
436086(192)
436089(169)
436091(163)
436103(194)
436155(177)
436165(185)
436167(211)
436176(144)
436177(190)
436135(296)
436137(236)
436149(230)
436150(268)
436157(261)
436158(237)
436159(280)
436161(205)
436162(267)
436168(267)
436170(293)
436171(187)
436173(228)
436179(286)
436185(247)
436052(252)
436054(253)
436059(280)
436060(248)
436063(251)
436067(253)
436082(255)
436088(253)
436090(248)
436109(235)
436110(232)
436111(261)
436114(217)
436122(264)
436123(239)
436238(270)
436240(271)
436243(247)
436245(266)
436246(266)
436256(305)
436258(275)
436259(253)
436260(284)
436268(244)
436273(293)
436192(272)
436198(219)
436200(272)
436203(256)
436204(224)
436208(283)
436213(285)
436214(254)
436215(275)
436216(273)
436220(277)
436226(303)
436227(231)
436230(270)
436234(200)
436270(339)
436233(372)
436237(385)
436239(385)
436253(340)
436265(266)
436100(298)
436105(381)
436106(324)
436115(344)
436117(394)
436118(381)
436120(322)
436121(327)
436124(317)
436125(305)
436126(389)
436127(386)
436129(341)
436132(382)
436138(418)
436051(362)
436057(356)
436058(349)
436061(421)
436062(335)
436064(298)
436065(327)
436066(325)
436074(305)
436075(370)
436079(314)
436087(276)
436092(317)
436097(390)
436099(288)
436188(364)
436189(403)
436194(420)
436197(295)
436201(338)
436206(330)
436209(251)
436210(400)
436217(296)
436218(451)
436221(297)
436225(362)
436228(337)
436229(448)
436232(349)
436140(289)
436141(282)
436142(320)
436144(402)
436145(318)
436146(437)
436147(383)
436152(337)
436153(373)
436154(373)
436160(426)
436163(456)
436164(320)
436172(340)
436174(291)
Govt. Girls Degree College, Gizri Clifton
435824(175)
435665(150)
435737(173)
435808(220)
435823(177)
133
436647(414)
436650(414)
436651(466)
436652(459)
436653(476)
436642(442)
436643(454)
436644(472)
436645(410)
436646(483)
436654(348)
436655(427)
436656(342)
436657(435)
436658(477)
436664(470)
436665(361)
436666(432)
436667(422)
436668(353)
436659(436)
436660(449)
436661(436)
436662(453)
436663(391)
436637(410)
436638(400)
436639(444)
436640(472)
436641(413)
436616(398)
436617(441)
436618(475)
436619(413)
436620(462)
436621(436)
436622(374)
436623(420)
436624(349)
436625(452)
436632(438)
436633(370)
436634(422)
436635(389)
436636(368)
436626(365)
436627(433)
436628(421)
436629(422)
436630(382)
436669(395)
436670(413)
436671(413)
436672(464)
436673(446)
436709(455)
436710(331)
436711(469)
436712(320)
436714(414)
436704(418)
436705(412)
436706(433)
436707(441)
436708(458)
436715(479)
436716(456)
436717(390)
436718(430)
436719(414)
436699(449)
436700(473)
436701(449)
436702(441)
436703(397)
436679(450)
436680(458)
436681(361)
436682(456)
436683(402)
436674(470)
436675(460)
436676(429)
436677(434)
436678(430)
436684(397)
436685(419)
436686(442)
436687(427)
436688(460)
436694(470)
436695(437)
436696(484)
436697(460)
436698(382)
436689(481)
436690(399)
436691(312)
436692(466)
436693(483)
436611(457)
436612(450)
436613(455)
436614(448)
436615(456)
436601(447)
436602(356)
436603(449)
436604(382)
436605(464)
436606(400)
436607(460)
436608(452)
436609(447)
436610(415)
St. Lawrance's Govt. Girls Degree College
436084(43)
436131(35)
436133(33)
436223(41)
436056(61)
436068(56)
436081(103)
436083(57)
436098(70)
436199(96)
436252(73)
436263(86)
436139(75)
436175(75)
436180(79)
436186(65)
436187(66)
436102(137)
436108(103)
436148(114)
436151(124)
436166(120)
436072(119)
436073(121)
436076(127)
436077(107)
436101(101)
436272(177)
436244(105)
436251(129)
436255(140)
436267(90)
436271(98)
436183(135)
436190(123)
436191(107)
436195(113)
436235(172)
436196(163)
436202(165)
436205(203)
436207(180)
436211(218)
436178(169)
436181(164)
436182(174)
436184(172)
436193(196)
436212(213)
436219(202)
436222(190)
436231(180)
436236(164)
436269(163)
436254(143)
436257(168)
436261(158)
436264(206)
436266(150)
436241(199)
436242(185)
436247(162)
436248(176)
436250(163)
134
437180(391)
437181(346)
437182(458)
437183(448)
437184(399)
437186(397)
437187(371)
437188(485)
437189(325)
437190(383)
437191(342)
437192(392)
437193(453)
437194(406)
437195(356)
437163(358)
437164(300)
437165(451)
437166(435)
437167(463)
437168(332)
437169(436)
437170(322)
437171(405)
437172(360)
437173(417)
437174(418)
437175(356)
437178(465)
437179(429)
437197(410)
437198(453)
437199(482)
437200(376)
437202(387)
437203(382)
437204(400)
437205(430)
437206(466)
437207(410)
437208(453)
437209(411)
437211(459)
437212(364)
437213(316)
437214(361)
437215(404)
437216(437)
437217(346)
437218(398)
F.G. Girls Inter College, Askari-III
436729(74)
436769(115)
436648(225)
436713(173)
436756(177)
436773(220)
436768(256)
436805(205)
436825(274)
436831(220)
436631(313)
436649(231)
436725(340)
436741(231)
436761(265)
436754(419)
436755(351)
436757(435)
436758(435)
436759(343)
436749(421)
436750(458)
436751(465)
436752(452)
436753(364)
436760(410)
436762(443)
436763(374)
436764(470)
436765(413)
436774(309)
436775(442)
436776(414)
436777(436)
436778(437)
436766(413)
436767(404)
436770(368)
436771(431)
436772(413)
436726(415)
436727(419)
436728(381)
436730(376)
436731(361)
436720(424)
436721(436)
436722(442)
436723(435)
436724(388)
436732(427)
436733(430)
436735(316)
436736(467)
436737(385)
436744(418)
436745(439)
436746(434)
436747(390)
436748(337)
436738(419)
436739(417)
436740(427)
436742(412)
436743(414)
436811(338)
436812(424)
436813(312)
436814(427)
436815(362)
436806(377)
436807(445)
436808(356)
436809(436)
436810(456)
436816(422)
436817(377)
436818(435)
436819(438)
436820(398)
436827(370)
436828(448)
436829(433)
436830(425)
436821(433)
436822(455)
436823(441)
436824(462)
436826(455)
436785(458)
436786(410)
436787(427)
436788(424)
436789(479)
436779(394)
436780(442)
436781(374)
436783(309)
436784(339)
436790(335)
436791(457)
436792(394)
436793(438)
436794(423)
436800(422)
436801(384)
436802(485)
436803(413)
436804(447)
436795(414)
436796(462)
436797(467)
436798(476)
436799(442)
135
438051(370)
438052(355)
438053(376)
438054(364)
438055(419)
438056(368)
438057(331)
438058(419)
438059(439)
438060(438)
438061(302)
438062(267)
438064(344)
Muhammad Ismail Allah Wala Women College(Intermediate)
437743(122)
437759(252)
437772(300)
437774(272)
437776(231)
437778(333)
437780(228)
437790(254)
437784(313)
437785(390)
437786(351)
437787(330)
437788(271)
437775(436)
437777(440)
437781(405)
437782(276)
437783(352)
437795(386)
437796(376)
437797(396)
437798(359)
437799(359)
437789(390)
437791(352)
437792(366)
437793(315)
437794(344)
437741(329)
437742(418)
437744(367)
437745(413)
437746(344)
437747(416)
437748(468)
437749(447)
437750(444)
437751(392)
437731(354)
437732(326)
437733(349)
437734(440)
437735(420)
437736(361)
437737(313)
437738(406)
437739(385)
437740(342)
437763(305)
437764(439)
437765(374)
437766(310)
437767(390)
437768(420)
437769(344)
437770(409)
437771(378)
437773(385)
437752(397)
437753(326)
437754(442)
437755(362)
437756(387)
437757(301)
437758(388)
437760(338)
437761(393)
437762(316)
Trinity Methodist Girls Higher Secondary School
437219(63)
437210(154)
437162(233)
437185(158)
437161(230)
437176(255)
437196(229)
437201(260)
437221(260)
437220(321)
437222(370)
437223(389)
437224(343)
437225(396)
437226(422)
437227(379)
437228(353)
437229(406)
437230(349)
437231(271)
437232(410)
437233(322)
136
438357(321)
438358(366)
438359(307)
438360(291)
438367(357)
438340(375)
438341(375)
438342(302)
438352(350)
438353(329)
438313(380)
438320(342)
438321(385)
438330(250)
438331(359)
438368(281)
438376(338)
438378(315)
438381(314)
438386(315)
438430(275)
438433(342)
438437(272)
438443(334)
438444(303)
438387(352)
438393(390)
438401(355)
438415(419)
438425(279)
Karachi Govt. College For Women Chand Bibi Road
438171(34)
438179(26)
438184(17)
438189(25)
438199(39)
438205(37)
438252(39)
438177(75)
438181(69)
438185(66)
438187(66)
438188(66)
438191(82)
438202(58)
438203(56)
438218(60)
438226(71)
438229(68)
438231(61)
438232(72)
438234(71)
438206(123)
438207(117)
438210(116)
438212(159)
438219(115)
438173(141)
438180(113)
438190(147)
438194(102)
438204(124)
438236(145)
438247(137)
438250(152)
438253(121)
438220(101)
438224(137)
438228(125)
438233(117)
438235(133)
438248(173)
438249(182)
438251(226)
438254(182)
438175(165)
438176(174)
438182(169)
438192(185)
438198(182)
438201(205)
438209(139)
438223(150)
438225(183)
438237(185)
438238(186)
438239(157)
438240(204)
438241(178)
438242(203)
438183(214)
438186(193)
438195(221)
438208(201)
438211(215)
438214(235)
438216(241)
438217(230)
438221(250)
438222(282)
438227(238)
438243(253)
438244(221)
438245(250)
438246(281)
438172(326)
438174(354)
438178(323)
438193(335)
438197(307)
438200(289)
438213(371)
438230(331)
438255(292)
Govt. Girls Science & Arts Degree College Hijrat Colony
438063(234)
137
438775(309)
438776(356)
438777(353)
438778(300)
438780(361)
438782(356)
438783(271)
438784(366)
438786(351)
438787(370)
438789(383)
438802(330)
438806(400)
438817(318)
438821(282)
438729(266)
438734(342)
438735(341)
438739(442)
438743(334)
438746(300)
438748(306)
438752(346)
438754(412)
438755(343)
438760(336)
438764(347)
438768(387)
438771(345)
438773(373)
438862(265)
438869(311)
438879(319)
438883(395)
438884(275)
438827(349)
438832(417)
438835(366)
438841(355)
438842(283)
438843(282)
438848(356)
438851(321)
438852(376)
438853(358)
438856(336)
438858(306)
438859(333)
438860(287)
438861(323)
Govt. Degree Science College for Women Lines Area
438335(35)
438354(36)
438362(49)
438364(21)
438382(34)
438383(38)
438402(30)
438412(22)
438453(21)
438454(17)
438455(27)
438456(26)
438457(32)
438460(22)
438469(20)
438392(64)
438403(68)
438410(65)
438438(76)
438439(67)
438312(67)
438324(68)
438327(74)
438370(71)
438379(64)
438465(64)
438468(75)
438440(73)
438441(57)
438458(71)
438462(54)
438464(61)
438349(114)
438361(119)
438372(155)
438385(135)
438405(101)
438325(131)
438326(107)
438328(99)
438332(127)
438334(125)
438445(144)
438446(101)
438447(146)
438466(117)
438407(128)
438414(144)
438416(116)
438417(111)
438442(108)
438356(166)
438369(179)
438377(185)
438380(159)
438388(193)
438339(160)
438344(184)
438350(210)
438351(154)
438355(179)
438311(176)
438315(187)
438318(177)
438329(187)
438336(163)
438436(182)
438450(195)
438451(225)
438459(196)
438420(167)
438421(150)
438423(165)
438424(140)
438428(152)
438396(153)
438397(187)
438409(193)
438411(179)
438413(184)
438348(238)
438363(221)
438365(217)
438366(282)
438371(281)
438373(238)
438374(285)
438375(256)
438384(247)
438389(261)
438314(221)
438316(234)
438319(206)
438322(207)
438323(238)
438333(254)
438343(220)
438345(204)
438346(254)
438347(235)
438429(190)
438431(234)
438432(215)
438434(197)
438435(238)
438449(266)
438461(205)
438394(256)
438395(255)
438398(223)
438399(235)
438404(233)
438406(284)
438408(238)
438418(259)
438419(226)
438422(242)
438452(289)
438463(398)
138
439099(417)
439100(467)
439101(342)
439102(450)
439103(421)
439106(445)
439107(414)
439110(358)
439113(390)
439114(339)
439094(410)
439095(411)
439096(379)
439097(412)
439098(423)
439083(343)
439084(438)
439085(427)
439086(402)
439087(402)
439088(396)
439089(410)
439090(424)
439092(386)
439093(400)
439115(439)
439118(425)
439119(428)
439120(470)
439121(308)
439122(461)
439123(466)
439124(369)
439125(364)
439126(341)
St. Joseph's College for Women
438812(22)
438838(23)
438892(18)
438907(28)
438913(77)
438722(78)
438749(90)
438751(66)
438769(86)
438791(51)
438822(76)
438823(67)
438826(68)
438854(93)
438876(69)
438809(131)
438810(123)
438811(148)
438813(102)
438815(127)
438741(118)
438758(149)
438772(153)
438785(123)
438807(155)
438723(153)
438725(144)
438726(129)
438730(160)
438738(114)
438900(125)
438915(147)
438870(151)
438878(92)
438880(136)
438881(130)
438882(145)
438816(136)
438818(161)
438837(127)
438863(101)
438865(114)
438793(169)
438794(182)
438796(207)
438799(233)
438800(167)
438801(184)
438803(202)
438804(177)
438819(173)
438824(172)
438761(178)
438762(199)
438763(158)
438779(214)
438781(216)
438721(210)
438724(191)
438727(220)
438731(241)
438732(234)
438733(217)
438737(225)
438750(230)
438753(199)
438759(184)
438877(183)
438895(208)
438896(219)
438899(230)
438902(155)
438903(170)
438905(198)
438910(183)
438912(183)
438857(145)
438864(151)
438866(165)
438873(171)
438875(148)
438825(228)
438830(156)
438834(236)
438839(155)
438840(208)
438844(183)
438845(166)
438846(215)
438847(236)
438849(198)
438767(295)
438770(286)
438774(243)
438790(257)
438792(231)
438795(311)
438797(221)
438798(229)
438805(246)
438808(269)
438736(239)
438740(239)
438742(296)
438744(295)
438745(271)
438747(247)
438756(291)
438757(224)
438765(231)
438766(248)
438872(208)
438874(235)
438885(215)
438886(224)
438889(283)
438893(286)
438898(308)
438901(252)
438911(287)
438820(270)
438828(300)
438829(246)
438831(292)
438833(287)
438836(324)
438850(291)
438855(300)
438868(230)
438871(226)
438887(279)
438888(299)
438890(326)
438891(321)
438897(320)
438904(332)
438906(245)
438908(388)
438909(298)
438914(416)
139
439627(284)
439628(262)
439631(215)
439634(285)
439635(264)
439637(244)
439639(296)
439618(354)
439619(300)
439620(440)
439621(388)
439622(340)
439611(365)
439612(356)
439613(370)
439614(325)
439616(339)
439632(317)
439633(373)
439623(391)
439624(314)
439625(366)
439629(362)
439630(392)
Aisha Bawany Girls College (Intermediate)
439552(63)
439556(64)
439563(65)
439551(95)
439553(131)
439557(109)
439560(139)
439555(183)
439561(195)
439558(258)
439559(301)
439562(274)
Govt. Degree Girls College Punjabi Club, Kharadar
439091(113)
439104(178)
439163(166)
439105(171)
439111(206)
439112(216)
439117(294)
439131(287)
439136(261)
439138(290)
439145(254)
439081(259)
439082(285)
439108(287)
439109(316)
439116(215)
439165(232)
439148(279)
439153(260)
439157(262)
439158(262)
439162(331)
439140(411)
439141(424)
439142(432)
439143(393)
439144(431)
439146(417)
439147(420)
439149(332)
439150(418)
439151(394)
439127(379)
439128(444)
439129(359)
439130(359)
439132(433)
439133(412)
439134(406)
439135(408)
439137(355)
439139(398)
439168(349)
439169(393)
439170(331)
439171(292)
439172(462)
439173(336)
439152(429)
439154(419)
439155(408)
439156(389)
439159(425)
439160(355)
439161(374)
439164(389)
439166(457)
439167(335)
140
439792(224)
439803(159)
439789(254)
439790(311)
439791(286)
439793(272)
439794(291)
439782(249)
439783(251)
439784(257)
439786(263)
439788(288)
439796(229)
439797(211)
439798(239)
439799(233)
439800(302)
439812(247)
439815(266)
439816(274)
439801(297)
439802(269)
439804(259)
439805(228)
439807(258)
439781(357)
439785(393)
439787(323)
439795(324)
439808(352)
439810(400)
439811(334)
439813(324)
439814(339)
439817(291)
439818(376)
439819(383)
439820(325)
Sindh Madressah-Tul-Islam Higher Secondary School
439712(192)
439739(153)
439698(288)
439713(292)
439719(318)
439720(278)
439721(323)
439722(310)
439723(269)
439724(273)
439727(271)
439733(285)
439702(382)
439703(389)
439704(373)
439705(391)
439706(398)
439707(356)
439708(401)
439709(384)
439710(441)
439711(336)
439691(411)
439692(390)
439693(359)
439694(405)
439695(372)
439696(390)
439697(309)
439699(314)
439700(421)
439701(439)
439731(402)
439732(388)
439734(397)
439735(321)
439736(410)
439737(423)
439738(339)
439714(414)
439715(412)
439716(383)
439717(425)
439718(397)
439725(421)
439726(403)
439728(393)
439729(392)
439730(399)
Behbood Girls Higher Secondary School
439617(140)
439626(116)
439615(177)
439636(171)
439638(200)
141
440397(315)
440398(334)
440399(338)
440400(393)
440401(360)
440392(420)
440393(286)
440394(338)
440395(310)
440396(419)
440408(358)
440410(417)
440412(331)
440413(337)
440414(358)
440402(369)
440403(277)
440405(357)
440406(311)
440407(291)
440383(313)
440384(299)
440385(363)
440387(392)
440389(424)
440366(381)
440367(339)
440369(370)
440370(417)
440371(289)
440361(402)
440362(365)
440363(378)
440364(372)
440365(369)
440378(307)
440379(378)
440380(274)
440381(357)
440382(332)
440372(433)
440373(364)
440374(393)
440375(323)
440376(290)
440451(341)
440452(334)
440453(304)
440454(402)
440456(361)
440445(326)
440446(412)
440448(303)
440449(404)
440450(357)
440422(351)
440423(417)
440424(384)
440425(373)
440426(293)
440415(338)
440416(347)
440419(425)
440420(258)
440421(277)
440434(370)
440439(309)
440440(312)
440441(402)
440442(307)
440428(339)
440429(335)
440430(300)
440431(297)
440432(299)
K.M.A. Girls Degree College
440205(17)
440213(48)
440215(45)
440221(35)
440227(21)
440229(20)
440235(19)
440236(22)
440247(59)
440248(67)
440250(68)
440256(67)
440257(76)
440202(76)
440207(99)
440210(76)
440225(60)
440230(81)
440233(79)
440234(70)
440237(63)
440238(73)
440241(76)
440201(113)
440208(125)
440212(140)
440216(92)
440222(124)
440223(134)
440226(115)
440232(107)
440242(123)
440246(109)
440253(120)
440203(193)
440204(164)
440209(142)
440214(186)
440220(171)
440231(161)
440239(199)
440240(163)
440243(177)
440249(180)
440252(169)
440254(198)
440255(152)
440206(201)
440217(217)
440224(210)
440211(300)
440228(390)
Govt Girls Inter Sc./Arts College Moosa Lane, Lyari
439809(95)
439806(146)
142
440771(132)
440775(111)
440778(145)
440802(107)
440811(132)
440816(118)
440817(100)
440828(121)
440832(98)
440834(105)
440691(118)
440701(115)
440716(105)
440723(96)
440738(104)
440739(114)
440740(112)
440746(90)
440750(129)
440756(102)
440845(103)
440847(117)
440851(132)
440853(131)
440858(157)
440733(186)
440743(157)
440751(165)
440758(171)
440762(175)
440768(152)
440782(141)
440791(177)
440801(166)
440827(158)
440720(146)
440721(142)
440722(183)
440725(213)
440727(148)
440685(145)
440689(211)
440690(177)
440696(151)
440704(172)
440706(149)
440707(165)
440709(144)
440712(169)
440719(198)
440915(213)
440916(199)
440918(191)
440922(165)
440924(167)
440936(136)
440956(175)
440971(152)
440892(167)
440897(152)
440901(202)
440904(211)
440913(208)
440830(209)
440842(186)
440846(164)
440854(214)
440857(166)
440861(193)
440881(171)
440883(189)
440888(174)
440891(189)
440761(232)
440764(280)
440767(268)
440822(271)
440826(229)
440833(244)
440838(260)
440843(236)
440848(267)
440855(220)
440873(278)
440898(305)
440920(244)
440930(235)
440703(206)
440710(223)
440717(259)
440726(269)
440744(222)
440686(287)
440688(246)
440694(238)
440698(263)
440699(214)
440693(270)
440783(298)
440856(356)
440868(322)
440877(268)
440911(345)
Shaheed Benazir Bhutto Govt. Degree Girls College Lyari
440390(42)
440459(35)
440427(82)
440418(133)
440437(131)
440455(137)
440443(171)
440386(251)
440388(251)
440391(256)
440404(211)
440409(321)
440411(289)
440417(238)
440433(227)
440435(255)
440436(213)
440438(211)
440444(235)
440447(245)
440474(265)
440476(294)
440463(319)
440464(312)
440465(363)
440466(350)
440467(398)
440457(437)
440458(362)
440460(365)
440461(307)
440462(305)
440473(376)
440475(281)
440468(312)
440469(397)
440470(423)
440471(375)
440472(325)
143
441347(316)
441349(393)
441350(391)
441351(365)
441353(288)
441354(389)
441357(379)
441358(356)
441359(376)
441360(332)
441329(364)
441330(349)
441331(282)
441342(392)
441345(351)
441301(446)
441303(416)
441304(454)
441307(354)
441315(346)
441319(378)
441325(283)
441326(353)
441327(376)
441328(342)
441361(355)
441363(298)
441364(386)
441366(383)
441370(363)
441372(410)
441373(353)
441374(359)
441375(423)
441380(399)
Haroon Bahria Intermediate College for Boys & Girls
440794(27)
440798(23)
440800(19)
440804(17)
440806(20)
440810(27)
440818(20)
440819(21)
440820(19)
440821(31)
440777(28)
440779(19)
440781(27)
440785(25)
440792(21)
440745(17)
440747(25)
440752(24)
440753(23)
440755(23)
440759(19)
440763(29)
440765(30)
440770(24)
440773(28)
440823(32)
440825(37)
440831(27)
440837(34)
440839(25)
440940(19)
440943(25)
440947(34)
440951(20)
440952(22)
440953(26)
440962(42)
440974(37)
440976(38)
440910(22)
440923(23)
440931(33)
440933(18)
440938(18)
440840(31)
440866(34)
440870(45)
440871(25)
440875(21)
440879(19)
440887(18)
440890(39)
440900(24)
440909(32)
440714(28)
440715(28)
440718(31)
440734(20)
440735(26)
440681(23)
440687(33)
440695(36)
440697(32)
440713(34)
440737(66)
440742(84)
440748(82)
440749(85)
440754(68)
440757(56)
440760(61)
440766(61)
440769(74)
440772(58)
440788(62)
440793(58)
440795(76)
440796(62)
440797(58)
440682(60)
440683(57)
440684(60)
440700(67)
440702(71)
440705(65)
440708(73)
440711(64)
440724(69)
440728(55)
440729(52)
440730(66)
440731(62)
440732(78)
440736(72)
440799(52)
440803(60)
440808(64)
440809(62)
440813(51)
440894(65)
440895(62)
440896(62)
440903(87)
440914(81)
440919(68)
440925(81)
440926(53)
440934(79)
440942(59)
440949(82)
440969(71)
440814(53)
440815(52)
440824(77)
440829(78)
440835(59)
440836(68)
440849(69)
440850(66)
440860(76)
440865(69)
440874(60)
440878(61)
440885(51)
440886(60)
440893(57)
440907(124)
440908(152)
440912(119)
440921(155)
440927(122)
440884(126)
440889(123)
440902(114)
440905(136)
440906(142)
440859(95)
440862(121)
440867(123)
440869(94)
440880(97)
440970(116)
440973(130)
440955(175)
440957(99)
440958(124)
440967(137)
440968(136)
440928(110)
440929(100)
440932(106)
440941(112)
440950(131)
144
441669(39)
441678(69)
441673(145)
441687(138)
441665(196)
441666(175)
441668(187)
441670(176)
441671(183)
441672(208)
441674(180)
441680(190)
441685(178)
441686(203)
441688(176)
441689(173)
441661(291)
441662(258)
441663(259)
441664(264)
441667(244)
441676(228)
441677(216)
441679(251)
441683(234)
441690(205)
441675(291)
441681(327)
441682(284)
441684(279)
441691(297)
Govt. Girls Higher Secondary School Intellingence(Campus School)M.T Khan Road
441321(33)
441355(77)
441389(85)
441390(84)
441332(138)
441343(142)
441391(138)
441393(152)
441401(125)
441405(143)
441406(142)
441313(221)
441316(175)
441317(210)
441318(221)
441320(192)
441305(180)
441306(203)
441309(229)
441311(210)
441312(199)
441324(181)
441335(165)
441337(192)
441344(213)
441348(172)
441412(173)
441417(239)
441356(171)
441362(195)
441367(227)
441398(164)
441407(145)
441340(275)
441341(256)
441346(270)
441352(212)
441365(242)
441323(244)
441333(233)
441334(260)
441336(260)
441338(283)
441302(246)
441308(222)
441310(273)
441314(263)
441322(234)
441368(253)
441369(275)
441371(254)
441376(265)
441377(230)
441415(254)
441421(258)
441422(232)
441394(249)
441395(245)
441397(285)
441408(251)
441409(294)
441378(263)
441379(284)
441385(274)
441387(283)
441388(260)
441396(306)
441399(362)
441400(408)
441402(381)
441403(353)
441381(325)
441382(386)
441384(329)
441386(383)
441392(355)
441416(330)
441418(337)
441419(457)
441420(350)
441404(377)
441410(302)
441411(345)
441413(411)
441414(420)
145
442765(354)
442768(355)
442769(367)
442770(355)
442771(317)
442749(445)
442750(383)
442751(351)
442758(356)
442763(382)
442772(358)
442775(383)
442776(432)
442777(405)
442778(304)
442785(406)
442788(333)
442792(316)
442793(301)
442794(314)
442779(316)
442780(401)
442781(351)
442782(374)
442784(448)
442742(294)
442743(339)
442744(371)
442745(323)
442746(391)
442721(309)
442722(326)
442723(438)
442724(399)
442725(372)
442715(357)
442717(465)
442718(324)
442719(419)
442720(368)
442726(434)
442727(434)
442728(420)
442729(324)
442730(355)
442736(304)
442737(399)
442738(393)
442739(363)
442740(350)
442731(336)
442732(340)
442733(331)
442734(406)
442735(414)
442852(321)
442856(407)
442857(342)
442858(323)
442859(374)
442844(394)
442846(302)
442847(398)
442848(358)
442850(317)
442860(424)
442861(430)
442862(380)
442863(374)
442864(374)
442865(390)
442866(406)
442867(398)
442868(372)
442869(382)
442837(350)
442839(412)
442840(415)
442841(288)
442843(397)
442805(335)
442807(415)
442810(349)
442811(334)
442812(392)
442797(390)
442799(347)
442802(371)
442803(355)
442804(316)
442813(366)
442814(299)
442815(368)
442818(314)
442819(389)
442828(357)
442829(386)
442830(349)
442832(326)
442833(372)
442820(344)
442821(386)
442822(393)
442824(384)
442827(361)
442602(395)
442604(424)
442605(410)
442606(334)
442607(433)
442592(355)
442593(397)
442594(432)
442596(326)
442598(384)
442608(397)
442612(363)
442613(341)
442614(376)
442616(419)
442624(359)
442625(441)
442627(358)
442628(394)
442629(411)
442617(341)
442618(390)
442619(373)
442620(396)
442621(368)
442562(338)
442563(363)
442564(313)
442568(273)
442569(289)
442709(397)
442710(354)
442711(341)
442712(369)
442714(301)
442571(353)
442572(348)
442573(401)
442575(401)
442576(441)
442583(326)
442584(409)
442586(350)
442589(377)
442591(362)
442577(323)
442578(349)
442579(378)
442580(398)
442581(379)
442631(380)
442633(385)
442635(409)
442636(383)
442637(436)
442680(345)
442681(328)
442682(406)
442683(365)
442684(441)
442675(347)
442676(348)
442677(382)
442678(333)
442679(318)
442685(329)
442687(297)
442688(399)
442689(431)
442690(422)
442698(363)
442704(348)
442706(318)
442707(358)
442708(478)
442693(426)
442694(404)
442695(338)
442696(427)
442697(377)
442645(361)
442646(365)
442648(380)
442650(362)
442651(394)
442638(384)
442639(382)
442640(320)
442643(369)
442644(376)
442652(467)
442653(423)
442654(423)
442655(433)
442656(382)
442664(464)
442666(403)
442672(377)
442673(346)
442674(374)
442657(346)
442658(373)
442659(409)
442660(451)
442663(384)
Govt. Deg. Girls College Shaikh Zaid Centre Gulshan-e-Iqbal
146
442603(230)
442610(310)
442611(303)
442622(238)
442623(275)
442626(292)
442630(243)
442632(268)
442634(323)
442641(333)
442561(278)
442566(276)
442570(284)
442574(290)
442582(281)
442585(317)
442587(316)
442588(244)
442599(232)
442601(301)
442647(269)
442661(293)
442665(280)
442668(301)
442669(287)
442671(271)
442686(270)
442699(276)
442700(296)
442701(278)
443059(426)
443061(398)
443062(369)
443063(359)
443067(338)
443068(432)
443069(350)
443070(421)
443071(418)
443072(409)
443074(401)
443075(339)
443076(450)
443077(417)
443078(372)
443037(385)
443038(358)
443041(370)
443042(390)
443043(267)
443044(362)
443045(451)
443049(459)
443051(394)
443052(355)
443053(426)
443054(322)
443056(326)
443057(417)
443058(403)
443079(313)
443080(417)
443083(347)
443084(312)
443085(357)
443103(376)
443106(376)
443107(379)
443108(409)
443109(364)
443112(327)
443114(391)
443115(404)
443117(331)
443118(383)
443119(363)
443086(396)
443087(356)
443088(379)
443089(343)
443090(365)
443091(384)
443092(330)
443093(404)
443095(381)
443096(367)
443097(353)
443098(343)
443099(414)
443100(368)
443101(381)
443030(418)
443031(346)
443034(377)
443035(400)
443036(306)
442927(360)
442928(381)
442929(409)
442931(342)
442932(380)
442920(389)
442921(323)
442922(428)
442925(353)
442926(371)
442933(268)
442935(295)
442936(345)
442937(359)
442939(347)
442948(350)
442949(400)
442950(449)
442952(344)
442953(383)
442940(401)
442941(400)
442943(373)
442944(346)
442945(327)
442913(374)
442915(336)
442917(337)
442918(326)
442919(341)
442877(338)
442878(341)
442879(356)
442881(344)
442884(399)
442871(334)
442872(433)
442873(385)
442874(380)
442875(326)
442885(403)
442887(348)
442888(314)
442889(280)
442890(342)
442905(422)
442906(395)
442907(403)
442908(340)
442911(284)
442891(416)
442893(303)
442894(356)
442896(378)
442902(405)
443000(356)
443001(429)
443002(374)
443003(479)
443004(381)
442995(347)
442996(394)
442997(429)
442998(410)
442999(386)
443005(383)
443006(401)
443007(342)
443008(378)
443011(321)
443021(400)
443023(358)
443026(387)
443027(324)
443029(400)
443012(351)
443015(389)
443016(376)
443018(348)
443020(388)
442983(386)
442984(312)
442985(409)
442990(336)
442994(382)
442960(424)
442961(352)
442962(342)
442963(457)
442964(388)
442954(366)
442956(358)
442957(319)
442958(368)
442959(367)
442965(401)
442967(438)
442968(387)
442969(432)
442970(370)
442978(407)
442979(304)
442980(425)
442981(392)
442982(375)
442971(348)
442972(386)
442973(372)
442976(340)
442977(361)
147
443238(358)
443239(360)
443240(443)
443242(469)
443243(473)
443244(455)
443245(377)
443246(393)
443247(410)
443248(445)
443249(443)
443251(443)
443252(465)
443253(474)
443254(448)
443221(366)
443223(297)
443224(384)
443225(416)
443226(428)
443227(425)
443228(435)
443229(473)
443231(475)
443232(433)
443233(412)
443234(338)
443235(376)
443236(458)
443237(385)
443255(420)
443256(350)
443257(448)
443258(407)
443259(323)
443260(420)
443262(410)
443265(332)
443266(394)
443267(447)
443268(461)
443269(447)
443270(453)
443271(282)
443272(455)
Govt. Degree Boys & Girls College SRE-III, Majeed, Stadium Road
442567(78)
442615(17)
442766(56)
442916(56)
443040(52)
442597(95)
442796(87)
442910(67)
442989(64)
443102(97)
443110(101)
442753(161)
442755(139)
442774(145)
442786(99)
442789(146)
442609(136)
442691(175)
442692(149)
442703(121)
442748(161)
443046(125)
443094(102)
442801(138)
442836(135)
442895(123)
442897(131)
443022(115)
442757(196)
442759(216)
442800(188)
442826(193)
442831(214)
442838(250)
442851(196)
442855(201)
442870(166)
442898(168)
442590(210)
442595(226)
442642(200)
442649(174)
442667(197)
442670(198)
442702(198)
442713(217)
442752(248)
442754(190)
442899(240)
442900(180)
442912(207)
442930(206)
442942(212)
443032(181)
443033(197)
443047(224)
443050(195)
443064(205)
443066(195)
443073(221)
443082(152)
443111(142)
442946(202)
442955(255)
442966(174)
442974(202)
442986(180)
442991(161)
443009(223)
443013(225)
443024(178)
443028(222)
442798(278)
442806(275)
442808(321)
442809(260)
442816(256)
442823(209)
442825(280)
442835(291)
442842(256)
442845(318)
442849(276)
442853(238)
442854(286)
442876(253)
442880(290)
442705(293)
442716(234)
442741(279)
442747(274)
442756(228)
442760(284)
442761(324)
442764(294)
442767(279)
442773(298)
442783(233)
442787(281)
442790(302)
442791(282)
442795(227)
442987(270)
442988(287)
442992(263)
442993(280)
443010(260)
443017(267)
443019(273)
443025(252)
443039(271)
443048(283)
443055(270)
443060(256)
443081(193)
443113(296)
443116(261)
442882(270)
442883(278)
442886(271)
442892(238)
442901(204)
442904(248)
442909(222)
442914(246)
442923(269)
442924(263)
442934(299)
442938(234)
442947(286)
442951(284)
442975(274)
148
443432(452)
443433(442)
443435(303)
443436(308)
443437(356)
443426(374)
443427(352)
443428(368)
443429(362)
443431(416)
443438(450)
443439(316)
443440(372)
443441(332)
443443(353)
443449(394)
443450(464)
443451(435)
443452(424)
443453(425)
443444(480)
443445(471)
443446(322)
443447(428)
443448(402)
443419(444)
443420(326)
443422(328)
443423(400)
443424(427)
443398(424)
443399(482)
443400(359)
443401(444)
443403(465)
443404(449)
443405(450)
443406(405)
443407(437)
443408(425)
443414(485)
443415(356)
443416(388)
443417(400)
443418(416)
443409(442)
443410(403)
443411(437)
443412(338)
443413(413)
443454(470)
443455(439)
443456(482)
443457(434)
443458(478)
443502(409)
443503(360)
443504(423)
443505(367)
443506(310)
443495(365)
443497(389)
443498(362)
443500(416)
443501(418)
443507(396)
443508(425)
443509(391)
443510(402)
443511(414)
443490(425)
443491(463)
443492(372)
443493(395)
443494(455)
443466(388)
443467(320)
443468(290)
443469(358)
443470(413)
443460(443)
443461(457)
443462(414)
443463(422)
443465(368)
443472(362)
443473(460)
443475(401)
443476(407)
443478(424)
443484(431)
443485(409)
443486(448)
443488(463)
443489(446)
443479(430)
443480(398)
443481(331)
443482(454)
443483(458)
443305(448)
443306(464)
443307(388)
443309(457)
443310(453)
443299(433)
443300(475)
443302(407)
443303(343)
443304(349)
443311(479)
443312(418)
443313(452)
443314(429)
443315(423)
443321(431)
443323(448)
443324(470)
443326(443)
443327(411)
443316(450)
443317(494)
443318(475)
443319(413)
443320(448)
443294(443)
443295(339)
443296(442)
443297(355)
443298(434)
443273(457)
443274(471)
443275(459)
443277(372)
443278(418)
443393(429)
443394(290)
443395(451)
443396(442)
443397(423)
443279(399)
443280(317)
443281(450)
443282(375)
443283(369)
443289(330)
443290(334)
443291(374)
443292(449)
443293(474)
443284(458)
443285(450)
443286(400)
443287(386)
443288(374)
443328(417)
443329(458)
443330(411)
443331(405)
443332(433)
443373(454)
443374(375)
443375(364)
443376(389)
443377(466)
443368(410)
443369(401)
443370(378)
443371(482)
443372(420)
443378(386)
443379(421)
443380(459)
443381(466)
443382(478)
443388(389)
443389(448)
443390(463)
443391(414)
443392(436)
443383(456)
443384(426)
443385(408)
443386(452)
443387(453)
443363(437)
443364(334)
443365(442)
443366(401)
443367(491)
443338(436)
443339(345)
443341(416)
443342(473)
443343(444)
443333(457)
443334(442)
443335(390)
443336(466)
443337(416)
443344(423)
443345(402)
443348(438)
443349(398)
443350(437)
443358(354)
443359(435)
443360(363)
443361(495)
443362(418)
443351(429)
443352(375)
443354(397)
443356(390)
443357(364)
149
444055(449)
444056(405)
444057(375)
444058(406)
444059(430)
444060(420)
444061(392)
444062(416)
444063(400)
444064(413)
444065(463)
444066(453)
444067(352)
444068(364)
444069(352)
444050(455)
444051(403)
444052(371)
444053(392)
444054(390)
444032(418)
444033(425)
444034(388)
444035(393)
444036(381)
444037(440)
444038(417)
444039(424)
444040(424)
444041(388)
444042(371)
444043(417)
444044(362)
444046(419)
444049(442)
444087(426)
444088(440)
444091(422)
444092(457)
444093(435)
444070(412)
444071(334)
444072(463)
444073(409)
444074(377)
444076(431)
444077(486)
444078(430)
444079(398)
444080(390)
444082(457)
444083(430)
444084(436)
444085(455)
444086(394)
Khatoon-e-Pakistan Govt.Deg. College For Women Stadium Road
443912(62)
443913(94)
443923(82)
443928(64)
443918(151)
443920(141)
443922(116)
443927(133)
443931(112)
443919(213)
443926(173)
443932(187)
443911(261)
443914(209)
443915(245)
443917(217)
443929(228)
443916(284)
443921(348)
443925(263)
Govt. Girls Higher Secondary School University Road
443230(89)
443250(136)
443464(99)
443264(176)
443276(264)
443301(202)
443322(227)
443325(261)
443402(229)
443421(193)
443425(179)
443434(176)
443222(282)
443241(303)
443263(306)
443308(311)
443347(261)
443355(275)
443430(301)
443442(280)
443459(245)
443471(289)
443474(248)
443496(298)
443499(270)
443531(308)
443517(419)
443518(459)
443519(443)
443520(331)
443521(402)
443512(382)
443513(444)
443514(441)
443515(393)
443516(410)
443527(409)
443528(406)
443529(369)
443530(449)
443522(384)
443523(379)
443524(414)
443525(432)
443526(431)
150
444259(375)
444260(289)
444261(340)
444262(385)
444263(424)
444254(380)
444255(458)
444256(403)
444257(394)
444258(457)
444264(403)
444265(379)
444266(327)
444267(319)
444268(429)
444275(414)
444276(352)
444277(444)
444278(402)
444280(370)
444269(381)
444270(457)
444272(437)
444273(447)
444274(399)
444249(318)
444250(448)
444251(321)
444252(447)
444253(418)
444227(424)
444228(395)
444229(456)
444230(359)
444231(403)
444232(425)
444233(383)
444235(438)
444236(354)
444237(474)
444243(296)
444244(444)
444245(362)
444246(463)
444248(422)
444238(468)
444239(450)
444240(437)
444241(380)
444242(452)
444281(381)
444282(417)
444283(442)
444284(372)
444285(406)
444324(413)
444325(379)
444326(458)
444327(342)
444328(426)
444319(403)
444320(353)
444321(341)
444322(394)
444323(461)
444330(400)
444331(479)
444332(355)
444333(407)
444334(330)
444313(450)
444314(386)
444315(449)
444317(369)
444318(446)
444291(454)
444292(453)
444294(354)
444295(406)
444296(306)
444286(360)
444287(383)
444288(396)
444289(368)
444290(342)
444297(416)
444298(386)
444299(379)
444301(473)
444302(457)
444308(484)
444309(408)
444310(373)
444311(465)
444312(437)
444303(447)
444304(470)
444305(441)
444306(389)
444307(369)
444128(462)
444129(459)
444130(415)
444131(340)
444132(442)
444120(413)
444121(391)
444123(429)
444124(471)
444125(368)
444133(379)
444134(458)
444135(421)
444136(386)
444138(343)
444145(462)
444146(446)
444148(400)
444149(354)
444151(391)
444140(390)
444141(363)
444142(365)
444143(488)
444144(434)
444114(462)
444115(293)
444116(408)
444118(431)
444119(435)
444094(346)
444095(422)
444096(387)
444097(422)
444098(387)
444221(424)
444222(443)
444223(372)
444224(433)
444225(414)
444099(355)
444100(346)
444101(472)
444102(423)
444103(388)
444109(318)
444110(395)
444111(439)
444112(376)
444113(412)
444104(478)
444105(464)
444106(362)
444107(435)
444108(429)
444152(421)
444153(388)
444154(411)
444155(429)
444156(459)
444196(425)
444197(361)
444198(434)
444199(484)
444201(427)
444190(417)
444192(435)
444193(490)
444194(384)
444195(466)
444202(421)
444203(437)
444204(351)
444205(427)
444207(441)
444216(344)
444217(399)
444218(423)
444219(404)
444220(377)
444209(343)
444211(418)
444212(455)
444214(422)
444215(433)
444183(429)
444184(403)
444185(380)
444186(427)
444187(402)
444162(436)
444163(428)
444164(426)
444165(434)
444166(320)
444157(441)
444158(400)
444159(341)
444160(410)
444161(406)
444167(414)
444168(436)
444169(457)
444170(415)
444171(335)
444178(394)
444179(401)
444180(450)
444181(387)
444182(381)
444172(417)
444173(427)
444175(393)
444176(366)
444177(399)
151
444174(268)
444188(258)
444200(277)
444213(301)
444247(276)
444090(315)
444122(252)
444126(339)
444147(302)
444150(287)
444031(256)
444045(282)
444047(275)
444048(239)
444075(291)
444271(255)
444293(278)
444300(259)
444329(265)
444377(282)
444441(203)
444448(253)
444479(254)
444516(320)
444530(238)
444386(278)
444412(274)
444426(285)
444431(234)
444437(265)
444481(403)
444482(418)
444483(410)
444484(394)
444485(386)
444486(397)
444487(381)
444488(428)
444489(419)
444490(429)
444491(436)
444492(401)
444493(387)
444494(375)
444495(454)
444464(457)
444465(453)
444466(476)
444467(381)
444468(335)
444469(361)
444470(418)
444471(437)
444472(445)
444474(439)
444475(434)
444476(316)
444477(371)
444478(352)
444480(419)
444496(326)
444497(377)
444498(316)
444499(465)
444500(462)
444518(421)
444519(403)
444520(371)
444521(405)
444522(396)
444523(441)
444524(432)
444525(493)
444526(322)
444527(328)
444528(360)
444529(314)
444501(349)
444502(381)
444503(443)
444504(458)
444505(390)
444506(436)
444507(439)
444508(398)
444509(345)
444510(399)
444511(375)
444512(450)
444513(463)
444514(449)
444517(377)
444459(467)
444460(399)
444461(481)
444462(429)
444463(393)
444373(445)
444374(354)
444375(378)
444376(404)
444378(426)
444367(440)
444368(432)
444369(375)
444370(362)
444371(324)
444379(374)
444380(417)
444381(418)
444382(345)
444383(405)
444390(335)
444391(396)
444392(457)
444393(466)
444394(441)
444384(472)
444385(466)
444387(346)
444388(354)
444389(465)
444361(381)
444362(394)
444363(473)
444365(459)
444366(443)
444340(458)
444341(466)
444342(374)
444343(380)
444344(482)
444335(408)
444336(394)
444337(426)
444338(396)
444339(403)
444345(464)
444346(430)
444347(377)
444348(381)
444349(356)
444355(475)
444356(483)
444357(401)
444359(389)
444360(399)
444350(397)
444351(431)
444352(420)
444353(461)
444354(347)
444436(456)
444438(424)
444439(364)
444440(417)
444442(299)
444428(445)
444429(457)
444430(452)
444432(409)
444433(326)
444443(415)
444444(419)
444445(412)
444446(316)
444447(431)
444454(405)
444455(354)
444456(385)
444457(406)
444458(418)
444449(465)
444450(360)
444451(435)
444452(407)
444453(345)
444422(450)
444423(483)
444424(448)
444425(477)
444427(378)
444401(476)
444402(464)
444403(434)
444404(372)
444405(382)
444395(455)
444396(409)
444397(418)
444399(483)
444400(439)
444406(447)
444407(432)
444408(432)
444409(368)
444410(470)
444417(327)
444418(419)
444419(385)
444420(425)
444421(402)
444411(462)
444413(346)
444414(430)
444415(416)
444416(428)
152
445101(359)
445102(304)
445104(315)
445107(299)
445108(351)
445096(316)
445097(300)
445098(383)
445099(433)
445100(322)
445109(375)
445110(303)
445113(354)
445114(388)
445115(338)
445122(326)
445123(316)
445124(319)
445126(336)
445127(418)
445116(351)
445117(282)
445118(334)
445120(358)
445121(287)
445088(464)
445089(434)
445090(345)
445093(348)
445095(295)
445042(366)
445043(385)
445044(369)
445046(335)
445047(336)
445049(381)
445053(340)
445057(375)
445060(333)
445065(361)
445072(327)
445077(335)
445080(355)
445081(381)
445087(355)
445066(332)
445067(309)
445068(280)
445069(334)
445070(347)
445129(358)
445130(297)
445131(390)
445135(425)
445137(322)
445179(433)
445181(296)
445183(360)
445184(340)
445185(368)
445173(359)
445174(302)
445175(336)
445176(330)
445177(305)
445186(300)
445187(320)
445188(314)
445190(341)
445193(354)
445168(418)
445169(376)
445170(349)
445171(322)
445172(326)
445143(391)
445144(378)
445145(401)
445146(301)
445147(280)
445138(386)
445139(358)
445140(374)
445141(366)
445142(335)
445148(331)
445149(439)
445152(402)
445153(392)
445154(396)
445162(296)
445163(377)
445164(412)
445165(355)
445167(364)
445155(304)
445156(324)
445157(329)
445158(335)
445159(371)
444975(322)
444977(327)
444980(322)
444981(329)
444982(362)
444984(335)
444987(403)
444988(317)
444989(327)
444990(354)
445031(407)
445032(390)
445035(358)
445036(248)
445038(345)
444961(307)
444964(351)
444969(369)
444970(360)
444971(342)
444991(351)
444992(345)
444993(289)
444994(314)
444998(403)
445017(417)
445019(331)
445020(371)
445021(393)
445023(316)
445024(344)
445025(345)
445027(343)
445029(374)
445030(430)
445000(380)
445002(379)
445004(352)
445005(347)
445006(384)
445008(379)
445009(352)
445010(372)
445012(311)
445014(331)
Govt. Degree Girls College Block 13, Gulistan-e-Jauhar
444137(90)
444127(149)
444191(142)
444279(135)
444358(120)
444372(148)
444473(123)
444081(188)
444117(199)
444139(230)
444189(161)
444206(146)
444434(233)
444515(196)
444210(143)
444226(183)
444234(174)
444364(191)
444398(214)
444531(240)
153
445567(284)
445569(382)
445573(266)
445576(390)
445577(285)
445578(299)
445579(307)
445580(390)
445581(394)
445588(335)
445540(276)
445545(337)
445546(337)
445559(330)
445566(305)
445471(266)
445476(258)
445492(343)
445494(374)
445517(311)
445518(268)
445523(320)
445524(300)
445527(334)
445534(337)
445589(351)
445591(355)
445593(296)
445598(267)
445599(336)
445603(333)
445604(320)
445617(302)
445618(289)
445624(310)
Govt. Degree Girls College Block 12, Safoora Goath
445016(48)
445074(25)
445075(33)
445246(38)
445105(57)
445151(67)
445182(71)
445022(110)
445050(117)
445052(106)
445092(111)
445180(150)
445202(112)
445231(132)
445242(100)
445059(211)
445076(214)
445084(208)
445085(196)
445086(186)
445033(212)
445034(210)
445037(186)
445048(182)
445055(198)
445197(221)
445206(165)
445232(169)
445243(186)
445091(225)
445094(208)
445125(176)
445132(160)
445178(202)
444965(219)
444985(221)
444997(161)
445015(177)
445018(185)
445003(234)
445007(293)
445011(304)
445013(254)
445026(227)
445028(242)
445039(228)
445040(299)
445041(271)
445045(254)
445054(263)
445056(222)
445058(253)
445061(242)
445062(235)
444962(253)
444963(262)
444966(227)
444967(243)
444968(261)
444972(259)
444973(261)
444974(249)
444976(302)
444979(266)
444983(233)
444986(227)
444995(241)
444996(247)
445001(252)
445136(270)
445150(224)
445160(233)
445161(282)
445166(298)
445189(242)
445191(216)
445192(268)
445203(249)
445204(230)
445213(273)
445239(231)
445241(300)
445244(260)
445064(237)
445071(295)
445073(252)
445078(269)
445079(251)
445082(256)
445083(253)
445103(298)
445106(269)
445111(276)
445112(203)
445119(222)
445128(275)
445133(215)
445134(271)
445209(313)
445210(292)
445211(395)
445212(341)
445214(333)
445215(380)
445216(361)
445217(321)
445218(356)
445219(355)
445194(302)
445195(335)
445196(356)
445198(466)
445199(351)
445200(377)
445201(369)
445205(378)
445207(345)
445208(376)
445233(320)
445234(335)
445235(319)
445236(366)
445237(369)
445238(352)
445240(316)
445245(338)
445220(258)
445222(303)
445223(326)
445224(300)
445225(368)
445226(365)
445227(384)
445228(275)
445229(363)
445230(280)
154
445890(337)
445891(360)
445892(339)
445893(411)
445895(451)
445881(322)
445882(318)
445883(335)
445884(351)
445887(345)
445906(322)
445909(371)
445897(306)
445899(376)
445900(347)
445901(398)
445905(441)
Hayat Ul Islam Girls College
445493(34)
445667(34)
445473(66)
445487(51)
445498(70)
445536(62)
445541(73)
445600(75)
445601(79)
445609(80)
445611(80)
445660(74)
445666(71)
445551(147)
445562(98)
445563(110)
445575(102)
445584(139)
445497(125)
445514(121)
445531(117)
445543(119)
445544(102)
445485(121)
445486(102)
445488(131)
445495(119)
445496(139)
445662(140)
445663(136)
445664(121)
445610(111)
445614(124)
445616(139)
445619(134)
445644(114)
445590(133)
445595(159)
445596(130)
445602(124)
445606(129)
445650(219)
445651(177)
445654(173)
445656(168)
445659(164)
445634(203)
445639(215)
445642(195)
445646(148)
445649(154)
445507(192)
445513(187)
445516(165)
445520(163)
445529(177)
445483(185)
445490(196)
445499(176)
445501(211)
445504(167)
445472(169)
445474(161)
445478(166)
445480(170)
445481(142)
445585(154)
445586(152)
445607(144)
445621(170)
445622(157)
445542(140)
445552(181)
445556(159)
445557(169)
445558(155)
445532(151)
445533(155)
445535(157)
445537(137)
445538(191)
445521(255)
445522(262)
445525(240)
445526(228)
445530(264)
445539(221)
445547(254)
445548(231)
445549(209)
445550(218)
445510(191)
445511(200)
445512(285)
445515(224)
445519(248)
445475(206)
445479(243)
445484(251)
445491(241)
445500(221)
445502(218)
445503(257)
445506(265)
445508(304)
445509(269)
445623(220)
445625(227)
445630(222)
445637(221)
445638(240)
445655(220)
445657(224)
445658(197)
445665(220)
445592(192)
445608(220)
445612(235)
445613(211)
445620(215)
445555(247)
445560(242)
445568(205)
445570(233)
445571(223)
445572(225)
445574(253)
445582(200)
445583(203)
445587(209)
445633(309)
445635(368)
445636(316)
445640(339)
445641(264)
445626(399)
445627(362)
445628(304)
445629(274)
445632(398)
445653(368)
445661(245)
445643(348)
445645(261)
445647(296)
445648(285)
445652(331)
155
446082(22)
446110(34)
446111(27)
446113(23)
446105(61)
446114(68)
446088(133)
446091(122)
446093(136)
446099(127)
446100(98)
446104(94)
446107(134)
446083(193)
446085(219)
446087(156)
446095(157)
446097(182)
446098(161)
446101(155)
446102(169)
446081(258)
446084(294)
446086(192)
446090(233)
446092(242)
446094(235)
446096(280)
446103(229)
446106(277)
446109(219)
446089(320)
Govt. Degree Girls College, Shahnawaz Shar Goath
446001(468)
446002(364)
446003(372)
446004(459)
446005(468)
446006(440)
446007(370)
446008(347)
446009(348)
446010(404)
446011(413)
Pak-Turk Maarif International School & College, Gulsahn-e-Iqbal
445885(135)
445902(153)
445894(198)
445908(215)
445912(212)
445914(193)
445886(275)
445888(232)
445889(207)
445896(243)
445903(295)
445904(284)
445907(283)
445910(283)
445913(233)
156
447123(371)
447124(391)
447127(331)
447128(346)
447129(281)
447114(280)
447118(388)
447120(348)
447121(284)
447122(229)
447130(291)
447132(330)
447133(345)
447134(346)
447135(379)
447144(310)
447146(353)
447150(378)
447151(399)
447157(358)
447136(338)
447139(290)
447140(299)
447142(377)
447143(341)
447101(244)
447104(396)
447105(404)
447110(293)
447111(420)
447071(324)
447072(332)
447074(452)
447075(345)
447078(252)
447061(299)
447065(346)
447066(404)
447068(319)
447069(376)
447079(377)
447080(443)
447081(329)
447082(331)
447083(362)
447093(322)
447094(441)
447095(427)
447097(392)
447100(409)
447084(342)
447085(333)
447086(379)
447087(381)
447089(291)
447218(378)
447219(283)
447220(336)
447221(347)
447222(370)
447211(370)
447212(269)
447213(383)
447214(324)
447215(325)
447223(296)
447231(321)
447232(290)
447234(279)
447237(312)
447240(304)
447242(324)
447243(239)
447244(302)
447247(299)
447203(294)
447205(319)
447207(369)
447208(282)
447210(347)
447171(303)
447172(350)
447173(360)
447174(375)
447176(329)
447158(365)
447162(435)
447165(411)
447168(361)
447169(412)
447179(341)
447181(306)
447185(280)
447187(309)
447188(257)
447197(352)
447198(336)
447199(368)
447201(348)
447202(341)
447189(314)
447191(307)
447192(388)
447195(349)
447196(365)
447009(399)
447010(374)
447011(354)
447012(347)
447013(371)
447020(286)
447021(432)
447022(368)
447023(287)
447024(382)
447056(361)
447057(366)
447058(345)
447059(408)
447060(363)
447002(379)
447004(453)
447005(431)
447006(376)
447008(332)
447038(404)
447039(388)
447040(376)
447042(341)
447043(335)
447044(293)
447048(425)
447049(311)
447053(414)
447055(421)
447025(370)
447026(400)
447027(345)
447028(415)
447029(359)
447030(254)
447033(321)
447035(346)
447036(303)
447037(316)
Khursheed Govt. Girls College Shah Faisal Colony
446482(219)
446483(267)
446481(348)
Everest Grammar Higher Secondary School, Block-13, Gulistan-e-Jauhar
157
447115(245)
447116(212)
447117(221)
447119(248)
447131(274)
447138(253)
447145(237)
447149(215)
447153(231)
447154(263)
447098(204)
447107(213)
447108(244)
447109(235)
447112(251)
447001(282)
447007(201)
447014(286)
447031(203)
447041(241)
447046(284)
447051(261)
447077(259)
447091(185)
447092(222)
447155(277)
447156(281)
447160(259)
447164(265)
447177(278)
447178(240)
447204(271)
447216(269)
447225(224)
447239(253)
447255(234)
447257(284)
447265(277)
447271(185)
447291(247)
447532(459)
447533(359)
447537(400)
447538(315)
447539(396)
447540(432)
447541(315)
447542(391)
447544(365)
447545(383)
447526(387)
447527(307)
447528(405)
447530(459)
447531(411)
447482(329)
447483(299)
447486(324)
447490(395)
447495(331)
447506(354)
447507(363)
447518(327)
447521(384)
447525(323)
447546(378)
447548(362)
447549(376)
447554(357)
447555(293)
447587(277)
447590(374)
447594(320)
447598(421)
447599(373)
447603(400)
447578(276)
447579(335)
447580(349)
447583(338)
447586(365)
447559(324)
447560(406)
447562(279)
447563(341)
447566(290)
447569(384)
447572(363)
447573(375)
447575(328)
447577(398)
447475(347)
447478(418)
447479(359)
447480(430)
447481(313)
447322(354)
447323(274)
447324(388)
447326(362)
447331(303)
447315(323)
447316(314)
447319(287)
447320(317)
447321(351)
447332(352)
447333(382)
447334(335)
447336(378)
447337(449)
447349(313)
447350(300)
447351(369)
447352(315)
447357(287)
447338(312)
447340(392)
447342(414)
447344(372)
447346(358)
447307(352)
447308(326)
447312(322)
447313(329)
447314(275)
447256(310)
447258(349)
447259(280)
447260(284)
447262(360)
447248(368)
447250(309)
447251(355)
447253(343)
447254(357)
447264(259)
447270(388)
447272(242)
447276(364)
447278(312)
447287(350)
447289(257)
447294(304)
447298(348)
447306(325)
447280(393)
447282(382)
447283(323)
447285(398)
447286(313)
447441(278)
447442(304)
447446(402)
447449(328)
447450(406)
447427(369)
447431(344)
447432(347)
447433(348)
447436(364)
447451(316)
447452(326)
447453(398)
447454(326)
447460(368)
447468(378)
447470(362)
447471(405)
447473(404)
447474(449)
447461(367)
447462(338)
447463(325)
447464(363)
447467(410)
447408(405)
447409(328)
447410(301)
447415(299)
447420(352)
447371(334)
447372(309)
447373(373)
447377(299)
447378(332)
447358(402)
447360(344)
447362(287)
447364(308)
447370(351)
447380(363)
447382(362)
447383(400)
447386(342)
447390(335)
447399(352)
447401(307)
447403(317)
447404(412)
447407(298)
447391(326)
447392(417)
447393(453)
447395(417)
447398(341)
158
447017(63)
447019(85)
447088(73)
447126(75)
447183(54)
447229(102)
447236(136)
447238(97)
447249(126)
447261(128)
447266(143)
447267(102)
447268(122)
447277(123)
447279(120)
447281(91)
447292(119)
447301(133)
447303(131)
447305(107)
447003(141)
447015(108)
447032(134)
447062(111)
447064(112)
447073(144)
447076(86)
447103(130)
447125(132)
447141(86)
447147(134)
447170(116)
447193(125)
447194(152)
447217(100)
447438(122)
447492(138)
447498(149)
447502(148)
447510(132)
447519(145)
447523(144)
447551(167)
447552(147)
447556(132)
447564(107)
447582(160)
447592(97)
447328(123)
447343(119)
447345(148)
447353(143)
447359(121)
447361(120)
447368(119)
447369(119)
447374(119)
447387(112)
447396(110)
447418(94)
447426(124)
447428(113)
447429(117)
447501(199)
447505(206)
447513(253)
447514(197)
447515(178)
447491(212)
447494(214)
447496(137)
447499(178)
447500(158)
447520(230)
447534(175)
447535(229)
447536(219)
447543(227)
447585(220)
447589(188)
447605(164)
447550(188)
447553(166)
447571(190)
447574(169)
447581(209)
447447(196)
447458(138)
447477(194)
447484(199)
447488(191)
447137(162)
447148(212)
447152(176)
447161(160)
447167(174)
447175(186)
447180(183)
447186(168)
447190(193)
447200(180)
447034(170)
447050(200)
447052(181)
447054(179)
447063(192)
447067(213)
447090(173)
447102(159)
447106(183)
447113(157)
447206(219)
447209(171)
447227(150)
447233(181)
447245(210)
447388(199)
447400(170)
447411(188)
447412(167)
447414(176)
447425(158)
447439(175)
447443(196)
447444(194)
447445(182)
447263(185)
447295(156)
447300(168)
447302(180)
447318(155)
447339(220)
447354(179)
447367(171)
447379(195)
447381(203)
447402(264)
447405(256)
447406(252)
447413(229)
447416(273)
447422(273)
447423(269)
447424(258)
447430(240)
447434(273)
447435(215)
447437(244)
447440(257)
447448(216)
447456(284)
447296(232)
447309(256)
447311(236)
447317(244)
447327(247)
447329(226)
447330(249)
447335(233)
447341(204)
447347(271)
447355(228)
447375(251)
447385(270)
447389(227)
447394(230)
447517(285)
447522(296)
447529(265)
447547(251)
447557(308)
447558(304)
447561(280)
447565(279)
447567(285)
447568(236)
447570(323)
447591(264)
447593(222)
447601(266)
447465(279)
447466(242)
447469(219)
447472(260)
447476(246)
447485(299)
447487(264)
447489(302)
447493(260)
447497(304)
447504(250)
447508(314)
447509(291)
447511(312)
447512(326)
159
448282(136)
448284(132)
448285(125)
448287(136)
448289(106)
448253(97)
448259(105)
448271(119)
448272(125)
448281(134)
448306(218)
448310(161)
448318(160)
448319(167)
448330(186)
448288(164)
448290(203)
448300(182)
448303(163)
448305(191)
448252(209)
448258(216)
448262(229)
448269(200)
448279(213)
448337(175)
448339(159)
448347(160)
448356(149)
448376(171)
448436(168)
448402(180)
448408(171)
448416(186)
448427(167)
448434(170)
448381(164)
448389(161)
448395(210)
448396(200)
448401(167)
448296(236)
448302(250)
448307(229)
448314(253)
448326(197)
448327(189)
448335(241)
448336(213)
448341(227)
448342(236)
448255(264)
448256(254)
448260(198)
448264(253)
448265(252)
448270(258)
448276(348)
448280(207)
448286(259)
448291(246)
448400(244)
448410(216)
448411(270)
448413(233)
448415(287)
448418(243)
448420(237)
448426(227)
448428(272)
448431(282)
448349(186)
448354(226)
448367(203)
448370(226)
448383(230)
448386(256)
448388(270)
448390(220)
448393(243)
448397(255)
448425(376)
448429(317)
448439(386)
448440(417)
448323(379)
448333(311)
448338(334)
448340(295)
448344(311)
448346(423)
448350(387)
448351(339)
448355(284)
448358(319)
448301(349)
448311(303)
448312(348)
448315(304)
448322(315)
448251(287)
448263(330)
448266(307)
448268(354)
448274(354)
448275(332)
448295(378)
448297(247)
448298(411)
448299(362)
448398(292)
448403(323)
448405(278)
448406(326)
448409(300)
448417(315)
448421(370)
448422(378)
448423(346)
448424(347)
448380(399)
448385(336)
448387(414)
448391(339)
448394(353)
448361(299)
448362(389)
448363(432)
448364(392)
448365(292)
448366(318)
448368(304)
448374(303)
448377(316)
448378(370)
Allama Iqbal Govt. Girls Degree College, Shah Faisal Colony
447045(19)
447070(25)
447099(19)
447159(33)
447163(46)
447166(22)
447182(23)
447184(28)
447356(53)
447363(56)
447376(39)
447417(42)
447597(35)
447290(72)
447293(54)
447297(70)
447299(55)
447310(80)
447269(111)
447273(96)
447275(84)
447284(66)
447288(58)
447228(73)
447230(58)
447241(54)
447246(67)
447252(85)
447602(74)
447604(62)
447455(71)
447457(55)
447503(66)
447524(80)
447595(104)
447325(89)
447365(75)
447366(59)
447419(68)
447421(88)
160
448773(17)
448776(45)
448787(44)
448789(20)
448831(36)
448846(38)
448852(21)
448853(36)
448867(65)
448880(19)
448768(56)
448795(68)
448796(66)
448797(62)
448807(72)
448810(63)
448811(77)
448816(81)
448825(86)
448830(106)
448833(68)
448857(69)
448863(55)
448869(75)
448873(57)
448774(110)
448778(113)
448783(97)
448786(117)
448798(117)
448761(103)
448763(134)
448767(115)
448771(127)
448772(143)
448801(121)
448803(111)
448805(124)
448812(98)
448817(133)
448855(147)
448859(111)
448861(123)
448864(129)
448876(117)
448819(118)
448822(113)
448829(101)
448836(99)
448847(114)
448806(200)
448809(149)
448820(176)
448821(181)
448823(165)
448790(203)
448791(178)
448792(182)
448800(166)
448802(151)
448765(193)
448766(197)
448777(170)
448784(145)
448785(163)
448862(182)
448871(145)
448875(173)
448838(177)
448839(175)
448850(222)
448856(205)
448858(180)
448824(165)
448826(165)
448832(190)
448834(200)
448835(176)
448770(236)
448779(252)
448782(251)
448793(268)
448799(225)
448804(263)
448814(224)
448827(260)
448828(216)
448840(231)
448841(280)
448851(240)
448815(268)
448842(329)
448843(323)
448844(365)
448845(442)
448775(417)
448780(366)
448781(280)
448788(291)
448794(348)
448868(282)
448870(306)
448874(279)
448849(287)
448854(364)
448860(356)
448865(312)
448866(355)
Govt. Girls Science College Shah Faisal Colony
448267(23)
448283(33)
448293(18)
448308(26)
448357(18)
448384(19)
448313(69)
448316(62)
448317(78)
448332(60)
448334(62)
448254(68)
448257(67)
448278(74)
448294(60)
448304(60)
448438(78)
448353(77)
448371(92)
448372(65)
448379(84)
448433(54)
448328(131)
448329(117)
448345(126)
448348(112)
448352(104)
448292(122)
448309(136)
448320(107)
448324(140)
448325(121)
448414(118)
448419(138)
448432(102)
448437(100)
448369(131)
448373(140)
448375(121)
448407(115)
448412(129)
161
449937(314)
449940(338)
449943(304)
449947(288)
449952(306)
449955(318)
449958(287)
449961(412)
449962(332)
449963(313)
449913(322)
449914(352)
449915(358)
449916(339)
449917(365)
449919(324)
449926(390)
449927(250)
449929(345)
449935(338)
449970(381)
449971(434)
449978(371)
449988(384)
449991(341)
449992(423)
449993(340)
449994(369)
449995(315)
449996(347)
Govt. College For Women Saudabad
449155(213)
449152(264)
449151(366)
449153(350)
449154(336)
PIA Model H.S.S. Airport
448977(20)
448979(27)
448987(17)
448992(26)
449046(19)
448982(86)
448988(67)
448990(58)
449012(84)
449029(92)
449032(80)
449041(69)
448983(147)
448998(112)
449013(112)
449014(133)
449016(102)
449020(120)
449021(156)
449033(150)
449036(111)
449044(108)
448975(175)
448976(232)
448978(214)
448980(177)
448981(182)
449005(187)
449008(189)
449010(181)
449011(167)
449023(163)
449030(171)
449035(149)
449037(154)
448972(252)
448973(287)
448974(252)
448984(274)
448993(262)
448999(218)
449002(257)
449004(244)
449006(219)
449017(230)
449018(228)
449024(201)
449025(272)
449026(273)
449027(268)
448997(457)
449000(316)
449001(316)
449003(456)
449007(311)
448985(415)
448986(400)
448991(385)
448995(377)
448996(383)
449009(419)
449015(367)
449019(379)
449028(394)
449031(391)
449047(348)
449038(362)
449040(262)
449042(353)
449043(371)
449045(321)
Govt. Girls Higher Secondary School P.A.F. Drigh Road
162
449956(194)
449957(174)
449965(217)
449966(211)
449968(218)
449921(227)
449938(195)
449941(208)
449944(203)
449951(209)
450028(176)
450029(238)
450033(247)
450034(246)
450037(243)
450013(237)
450015(203)
450017(228)
450021(226)
450024(259)
450062(198)
450063(192)
450065(293)
450066(320)
450075(217)
450039(250)
450051(252)
450052(240)
450058(230)
450060(273)
449975(252)
449977(243)
449981(263)
449982(274)
449983(263)
449950(220)
449959(202)
449964(251)
449967(248)
449974(290)
449999(262)
450000(184)
450001(190)
450007(213)
450012(238)
449986(306)
449987(307)
449989(283)
449990(266)
449998(212)
450077(240)
450079(229)
450080(288)
450088(280)
450095(252)
450173(242)
450174(265)
450178(255)
450182(251)
450186(223)
450151(249)
450152(244)
450153(215)
450154(259)
450171(254)
450236(246)
450239(241)
450256(239)
450195(232)
450217(249)
450223(246)
450224(283)
450230(253)
450111(255)
450112(207)
450118(220)
450121(227)
450122(227)
450098(243)
450100(229)
450106(257)
450107(270)
450110(192)
450131(280)
450134(275)
450136(235)
450138(265)
450146(211)
450125(213)
450126(210)
450127(260)
450128(237)
450130(225)
449939(272)
449942(275)
449945(256)
449946(261)
449949(223)
449918(222)
449922(217)
449923(264)
449924(242)
449925(263)
449928(235)
449930(259)
449932(266)
449933(241)
449936(270)
450081(391)
450083(301)
450085(335)
450087(317)
450089(320)
450072(279)
450073(317)
450074(289)
450076(295)
450078(352)
450099(346)
450103(296)
450104(345)
450109(283)
450117(312)
450090(344)
450091(377)
450092(338)
450093(303)
450094(291)
450061(371)
450064(286)
450067(278)
450069(311)
450070(400)
450008(326)
450010(371)
450018(310)
450020(284)
450031(306)
449997(411)
450002(265)
450003(324)
450005(304)
450006(381)
450046(283)
450047(240)
450049(242)
450055(295)
450059(326)
450032(326)
450035(299)
450038(310)
450041(399)
450045(362)
450120(371)
450123(302)
450124(334)
450132(386)
450139(321)
450205(326)
450206(276)
450213(323)
450214(332)
450216(359)
450200(302)
450201(342)
450202(307)
450203(370)
450204(359)
450244(406)
450245(297)
450247(366)
450248(376)
450255(284)
450218(350)
450219(354)
450220(361)
450231(340)
450242(332)
450187(278)
450193(380)
450194(315)
450196(296)
450197(322)
450160(366)
450161(342)
450162(403)
450163(353)
450165(369)
450140(394)
450141(310)
450155(413)
450157(399)
450158(410)
450176(339)
450177(283)
450180(317)
450183(324)
450184(335)
450166(302)
450168(281)
450170(290)
450172(320)
450175(296)
163
450378(205)
450390(211)
450394(236)
450398(247)
450408(220)
450343(245)
450346(254)
450347(241)
450354(226)
450369(234)
450324(231)
450335(262)
450336(227)
450341(258)
450342(241)
450361(317)
450362(346)
450372(342)
450373(303)
450377(427)
450380(435)
450384(330)
450386(403)
450388(382)
450395(292)
450352(366)
450356(358)
450357(302)
450358(284)
450360(358)
450323(329)
450331(347)
450332(348)
450334(323)
450337(302)
450338(370)
450340(353)
450345(327)
450348(316)
450350(362)
450402(271)
450412(324)
450414(264)
450415(310)
450420(360)
450465(321)
450467(327)
450468(386)
450469(338)
450471(361)
450472(285)
450485(277)
450449(329)
450451(257)
450457(331)
450461(298)
450463(257)
450421(354)
450427(303)
450428(274)
450432(292)
450434(246)
450439(265)
450440(283)
450442(268)
450443(380)
450444(399)
Liaquat Govt. College
449934(52)
449960(36)
450009(18)
450044(25)
450116(28)
450167(20)
450185(26)
450234(36)
450253(74)
450257(76)
450040(79)
450042(70)
450068(65)
450096(91)
450101(66)
450143(100)
450144(91)
450188(59)
450190(64)
450192(68)
450208(86)
450233(101)
450238(72)
450241(79)
450250(92)
450004(95)
450011(135)
450014(136)
450050(139)
450086(101)
449954(94)
449969(132)
449980(164)
449984(125)
449985(125)
449912(126)
449920(143)
449931(154)
449948(116)
449953(145)
450115(147)
450142(147)
450147(130)
450169(150)
450179(95)
450251(133)
450258(134)
450221(120)
450227(132)
450228(134)
450235(161)
450249(150)
450191(125)
450210(139)
450211(126)
450212(93)
450215(153)
450082(199)
450084(158)
450102(201)
450105(176)
450108(177)
450113(191)
450119(164)
450129(206)
450133(162)
450135(190)
450036(193)
450043(153)
450048(198)
450053(175)
450071(197)
449972(223)
449973(226)
449976(225)
450016(204)
450019(166)
450022(154)
450025(175)
450026(177)
450027(194)
450030(186)
450232(181)
450240(214)
450243(199)
450246(201)
450252(173)
450254(193)
450207(190)
450209(171)
450222(236)
450225(190)
450226(197)
450137(196)
450145(182)
450148(179)
450149(194)
450150(192)
450156(181)
450159(238)
450181(166)
450189(184)
450198(150)
164
450745(190)
450738(320)
450749(221)
450737(361)
450739(434)
450740(335)
450741(406)
450742(431)
450731(353)
450732(308)
450733(292)
450735(437)
450736(406)
450743(444)
450744(408)
450746(406)
450747(456)
450748(372)
450755(419)
450750(463)
450751(398)
450752(419)
450753(386)
450754(419)
Shamsi Society Model Girls Secondary School
450396(39)
450403(29)
450431(24)
450435(34)
450438(24)
450486(20)
450325(34)
450330(17)
450359(18)
450366(23)
450371(26)
450391(78)
450406(66)
450411(69)
450413(84)
450429(58)
450367(65)
450368(77)
450375(54)
450376(80)
450381(75)
450487(66)
450493(67)
450436(70)
450437(53)
450466(69)
450475(82)
450476(85)
450363(154)
450364(138)
450393(132)
450401(106)
450405(119)
450326(114)
450333(125)
450344(117)
450353(120)
450355(132)
450410(101)
450418(114)
450422(139)
450425(162)
450430(103)
450470(135)
450474(149)
450477(127)
450482(123)
450492(121)
450450(120)
450452(112)
450455(109)
450460(135)
450462(121)
450349(193)
450351(216)
450370(180)
450374(183)
450379(166)
450321(183)
450322(206)
450327(185)
450328(140)
450339(171)
450382(216)
450383(194)
450387(126)
450389(199)
450397(210)
450473(164)
450480(145)
450481(188)
450489(160)
450490(159)
450407(184)
450409(145)
450419(146)
450433(182)
450446(175)
450447(226)
450448(218)
450453(234)
450458(241)
450459(208)
450423(267)
450424(270)
450426(255)
450441(236)
450445(210)
450491(233)
450464(201)
450478(193)
450483(214)
450484(232)
450488(238)
165
451329(163)
451335(190)
451337(201)
451322(182)
451324(275)
Khatoon e Jannat Fellowship H.S.S.
451222(95)
451220(104)
451215(166)
451226(155)
451229(182)
451218(295)
451225(253)
451227(298)
451228(279)
451230(429)
451231(371)
451232(351)
451233(453)
451234(409)
451217(376)
451219(428)
451221(395)
451223(442)
451224(410)
451240(350)
451235(432)
451236(387)
451237(421)
451238(347)
451239(343)
451211(286)
451212(262)
451213(452)
451214(361)
451216(353)
Cantt Public PG College for Women, Malir Cantt
450951(23)
450956(21)
450962(50)
450963(42)
450967(21)
450971(17)
450972(40)
450981(37)
450984(35)
450985(21)
450987(40)
450990(33)
450995(52)
451006(22)
450964(57)
450966(63)
450975(77)
450976(54)
450982(79)
450955(65)
450957(53)
450958(76)
450960(72)
450961(78)
451005(73)
450988(77)
450991(68)
450993(71)
450996(80)
450998(87)
450965(115)
450978(103)
450979(96)
450980(131)
450989(99)
450994(139)
450997(130)
450999(145)
451004(127)
450952(144)
450953(152)
450954(169)
450959(163)
450977(168)
450983(138)
450986(142)
450992(209)
451003(150)
450973(235)
450974(255)
451000(200)
451001(266)
451002(226)
Govt. Girls Higher Secondary School Bhiro Village, Malir
166
452056(304)
452057(317)
452059(283)
452064(295)
452071(322)
452077(281)
452080(308)
452081(345)
452083(297)
452085(322)
452010(345)
452011(352)
452012(297)
452024(328)
452026(297)
452035(331)
452041(344)
452049(294)
452050(291)
452054(396)
452086(342)
452088(340)
452090(299)
452093(307)
452100(323)
452105(302)
452110(301)
452117(297)
452122(351)
452133(349)
Govt. College For Women Korangi No. 6
451671(388)
451672(282)
451673(293)
Govt. Higher Secondary School Ahmed Dawood Darsano Channo
451515(36)
451516(37)
451518(36)
451527(20)
451528(17)
451514(81)
451519(73)
451520(56)
451521(67)
451522(55)
451529(84)
451530(78)
451531(54)
451532(56)
451534(68)
451536(74)
451537(109)
451539(100)
451540(163)
451543(111)
451512(136)
451524(160)
451535(164)
451544(157)
451545(148)
451517(254)
451533(223)
451541(289)
451542(211)
451538(366)
Govt. Girls Higher Secondary School Murad Memon Goth
451321(47)
451325(41)
451323(59)
451327(91)
451332(51)
451338(81)
451326(137)
451328(125)
451330(117)
451331(117)
451336(132)
451339(100)
167
452150(157)
452159(192)
452162(198)
452165(151)
452166(154)
452111(143)
452118(216)
452126(213)
452127(168)
452130(179)
452183(222)
452186(207)
452193(169)
452195(191)
452197(198)
452167(218)
452168(155)
452173(202)
452178(167)
452179(164)
452027(187)
452028(186)
452029(176)
452031(165)
452036(150)
452001(151)
452004(183)
452008(177)
452022(161)
452025(207)
452074(161)
452076(184)
452096(171)
452099(130)
452103(139)
452046(192)
452052(176)
452053(187)
452061(236)
452066(168)
452285(150)
452292(173)
452294(184)
452295(212)
452297(156)
452271(200)
452274(207)
452278(195)
452280(160)
452281(188)
452298(171)
452309(170)
452321(171)
452325(196)
452326(149)
452220(189)
452228(156)
452230(158)
452235(176)
452242(186)
452202(179)
452207(177)
452208(176)
452209(199)
452210(193)
452260(168)
452261(132)
452264(185)
452268(188)
452270(204)
452244(178)
452248(177)
452249(180)
452254(192)
452258(183)
452284(242)
452287(237)
452288(197)
452306(237)
452311(229)
452269(269)
452273(223)
452276(216)
452279(232)
452283(204)
452345(242)
452347(222)
452349(228)
452350(198)
452312(223)
452313(240)
452317(196)
452318(256)
452334(216)
452253(253)
452255(249)
452256(266)
452263(212)
452265(279)
452042(232)
452044(279)
452045(242)
452048(261)
452055(232)
452060(274)
452062(221)
452063(240)
452070(236)
452072(240)
452073(214)
452078(235)
452079(257)
452082(265)
452084(254)
452002(244)
452003(236)
452013(233)
452014(283)
452015(257)
452016(230)
452018(227)
452019(255)
452030(245)
452032(216)
452033(223)
452034(222)
452037(234)
452039(282)
452040(253)
452089(263)
452092(218)
452094(281)
452097(224)
452098(238)
452177(225)
452180(265)
452181(257)
452187(197)
452190(236)
452194(214)
452198(223)
452221(238)
452225(240)
452231(252)
452233(241)
452236(257)
452238(215)
452246(251)
452247(200)
452112(251)
452123(218)
452124(266)
452129(243)
452131(229)
452143(282)
452144(234)
452145(238)
452146(262)
452154(219)
452163(244)
452164(192)
452170(236)
452174(257)
452175(257)
452240(362)
452241(358)
452243(372)
452245(379)
452262(353)
452267(416)
452275(339)
452277(265)
452296(348)
452299(315)
452134(334)
452139(337)
452148(295)
452161(299)
452182(361)
452185(301)
452189(326)
452199(344)
452223(400)
452237(299)
452324(343)
452327(312)
452329(242)
452330(264)
452336(344)
452338(281)
452339(294)
452344(235)
452346(242)
452300(334)
452304(291)
452305(244)
452307(312)
452314(336)
452315(303)
452316(319)
452319(324)
452320(316)
452323(379)
168
452607(391)
452610(389)
452611(361)
452621(439)
452625(343)
452599(333)
452600(356)
452601(318)
452602(363)
452606(293)
452643(433)
452644(323)
452645(281)
452650(300)
452655(312)
452632(329)
452634(457)
452635(317)
452637(328)
452639(280)
452571(432)
452573(333)
452580(361)
452582(296)
452595(388)
452520(400)
452521(309)
452525(362)
452530(262)
452541(303)
452514(293)
452515(334)
452517(355)
452518(316)
452519(335)
452551(425)
452564(307)
452567(359)
452568(439)
452570(401)
452542(333)
452543(371)
452544(397)
452547(271)
452548(326)
452669(361)
452677(416)
452679(322)
452684(281)
452685(343)
452761(298)
452762(326)
452763(339)
452764(352)
452765(376)
452747(279)
452748(303)
452749(286)
452758(401)
452760(287)
452708(450)
452711(359)
452717(372)
452718(336)
452720(436)
452686(308)
452691(408)
452692(422)
452699(294)
452704(402)
452734(296)
452742(404)
452743(347)
452745(319)
452746(324)
452723(424)
452725(312)
452727(372)
452728(380)
452730(385)
Govt. College For Women Korangi No. 4
452172(26)
452176(31)
452203(36)
452214(45)
452219(44)
452310(29)
452322(25)
452348(29)
452114(43)
452120(36)
452125(32)
452128(34)
452137(35)
452075(33)
452101(35)
452102(24)
452104(41)
452108(42)
452142(95)
452157(72)
452171(57)
452192(75)
452196(74)
452109(76)
452113(60)
452115(72)
452121(56)
452132(71)
452009(77)
452017(98)
452023(53)
452106(72)
452107(65)
452343(79)
452352(84)
452353(94)
452259(69)
452282(71)
452286(69)
452301(67)
452302(58)
452201(78)
452212(79)
452213(104)
452215(82)
452222(79)
452140(107)
452147(149)
452151(121)
452152(108)
452153(109)
452155(110)
452156(133)
452158(125)
452160(113)
452169(114)
452069(134)
452087(113)
452095(143)
452135(105)
452138(126)
452006(118)
452007(104)
452020(132)
452021(155)
452043(159)
452051(130)
452058(108)
452065(130)
452067(130)
452068(142)
452184(116)
452188(131)
452191(120)
452200(127)
452204(142)
452290(135)
452291(106)
452293(115)
452303(125)
452308(107)
452331(121)
452335(105)
452340(110)
452351(122)
452239(105)
452250(113)
452251(112)
452252(117)
452266(149)
452205(127)
452206(139)
452216(125)
452217(151)
452218(153)
452224(142)
452226(145)
452227(126)
452229(108)
452234(125)
452328(160)
452332(152)
452337(201)
452341(154)
452342(152)
169
452561(129)
452566(134)
452574(125)
452583(129)
452585(180)
452537(147)
452550(139)
452552(123)
452558(146)
452559(110)
452512(116)
452526(131)
452527(115)
452532(109)
452533(112)
452597(109)
452609(130)
452615(122)
452617(141)
452620(135)
452640(204)
452642(220)
452648(167)
452649(209)
452651(210)
452653(157)
452667(183)
452668(223)
452670(211)
452678(216)
452682(171)
452688(236)
452690(229)
452694(179)
452695(179)
452598(199)
452605(167)
452612(194)
452614(162)
452623(164)
452511(161)
452524(217)
452531(186)
452534(166)
452535(175)
452539(210)
452546(218)
452553(192)
452554(154)
452555(188)
452560(197)
452562(197)
452569(170)
452576(224)
452586(139)
452696(218)
452716(143)
452733(145)
452738(186)
452750(180)
452853(207)
452854(229)
452855(178)
452857(197)
452861(223)
452868(173)
452870(137)
452871(178)
452872(230)
452874(171)
452876(188)
452825(177)
452826(177)
452829(181)
452839(163)
452852(234)
452756(193)
452771(172)
452773(210)
452776(190)
452779(163)
452782(228)
452790(146)
452791(230)
452792(208)
452793(227)
452801(183)
452810(166)
452813(165)
452814(194)
452821(155)
452608(247)
452613(247)
452616(298)
452619(286)
452622(249)
452624(253)
452626(250)
452627(292)
452629(210)
452630(270)
452633(256)
452647(296)
452654(270)
452656(248)
452661(267)
452591(245)
452592(218)
452593(254)
452594(245)
452604(241)
452516(268)
452523(281)
452528(224)
452536(275)
452549(252)
452557(217)
452565(276)
452575(228)
452577(226)
452579(207)
452581(236)
452584(210)
452588(240)
452589(277)
452590(265)
452666(222)
452683(226)
452687(263)
452698(223)
452705(268)
452824(259)
452831(256)
452834(236)
452836(259)
452837(310)
452838(293)
452840(241)
452844(292)
452845(248)
452850(205)
452859(265)
452877(203)
452797(214)
452803(239)
452812(232)
452815(272)
452820(304)
452706(218)
452719(248)
452721(207)
452722(202)
452726(207)
452731(303)
452741(263)
452744(252)
452751(231)
452766(236)
452767(236)
452768(314)
452769(269)
452770(175)
452794(282)
452817(326)
452818(388)
452819(374)
452822(373)
452823(346)
452804(300)
452805(352)
452808(429)
452811(259)
452816(284)
452780(341)
452785(367)
452787(370)
452796(408)
452798(320)
452860(342)
452865(341)
452867(377)
452843(321)
452847(399)
452848(398)
452849(365)
452858(308)
452827(314)
452828(365)
452833(381)
452841(407)
452842(348)
170
453047(160)
453048(188)
453052(150)
453053(170)
453056(187)
453062(180)
453064(182)
453065(194)
453066(207)
453072(207)
453079(178)
453081(195)
453083(199)
453092(222)
453093(194)
452971(154)
452976(173)
452986(184)
452991(159)
452992(180)
452994(199)
452999(186)
453006(152)
453007(201)
453010(198)
453011(212)
453024(193)
453035(152)
453038(199)
453042(190)
453098(219)
453099(192)
453103(191)
453106(193)
453111(151)
453112(175)
453113(172)
453116(171)
453117(175)
453119(156)
453120(147)
453124(191)
453136(177)
453138(184)
453144(161)
453146(192)
453148(140)
453151(205)
453152(175)
453156(184)
453061(206)
453071(268)
453076(283)
453080(277)
453082(246)
453025(260)
453030(265)
453037(223)
453040(234)
453058(233)
452993(260)
452998(229)
453009(247)
453020(215)
453023(237)
453190(300)
453192(241)
453193(293)
453149(241)
453160(240)
453166(196)
453167(246)
453181(263)
453105(253)
453108(261)
453110(250)
453122(270)
453147(234)
453026(312)
453027(277)
453031(262)
453034(296)
453041(254)
453043(407)
453078(277)
453086(321)
453091(285)
453165(349)
452985(304)
453002(306)
453003(384)
453016(322)
453021(291)
Govt. Degree Girls College Sector 42, Korangi 2-1/2
452673(21)
452675(37)
452702(17)
452703(17)
452729(41)
452522(29)
452563(17)
452587(20)
452636(62)
452664(33)
452846(36)
452864(50)
452737(17)
452753(18)
452795(19)
452799(43)
452802(30)
452662(68)
452672(58)
452674(65)
452676(62)
452689(69)
452603(59)
452631(66)
452641(65)
452658(72)
452659(51)
452538(66)
452540(102)
452545(91)
452556(82)
452578(79)
452778(55)
452788(65)
452807(57)
452866(71)
452724(68)
452732(61)
452735(64)
452754(68)
452774(96)
452693(81)
452707(74)
452710(65)
452713(68)
452715(65)
452700(91)
452712(143)
452714(115)
452736(105)
452739(107)
452740(135)
452752(165)
452757(128)
452772(132)
452775(141)
452628(115)
452638(159)
452652(126)
452657(115)
452660(112)
452665(124)
452671(100)
452680(121)
452681(114)
452697(140)
452832(125)
452835(130)
452856(128)
452862(146)
452863(95)
452873(132)
452875(129)
452777(116)
452781(103)
452783(122)
452784(115)
452786(118)
452789(139)
452800(96)
452806(126)
452809(101)
452830(123)
171
453384(260)
453388(260)
453394(286)
453377(420)
453378(394)
453379(361)
453380(386)
453381(398)
453371(439)
453373(384)
453374(386)
453375(393)
453376(386)
453383(418)
453385(436)
453386(386)
453387(325)
453389(367)
453396(351)
453397(353)
453398(379)
453390(398)
453391(348)
453392(341)
453393(392)
453395(344)
C.D.S.S. Intermediate Girls College, Korangi
453077(42)
453094(44)
453100(33)
453121(38)
453143(42)
452988(39)
452989(35)
452996(30)
453033(48)
453044(52)
453206(30)
453210(30)
453211(21)
453212(37)
453213(49)
453154(45)
453155(37)
453180(36)
453191(18)
453195(22)
453175(71)
453177(69)
453183(51)
453186(59)
453187(70)
453189(62)
453199(53)
453200(87)
453204(52)
453209(60)
453214(53)
453216(66)
453140(68)
453150(67)
453163(61)
453171(67)
453174(69)
452983(86)
453000(97)
453014(76)
453018(86)
453019(80)
452973(64)
452974(75)
452978(80)
452979(79)
452982(75)
453036(78)
453049(53)
453057(67)
453067(74)
453069(85)
453125(74)
453126(73)
453127(70)
453131(77)
453134(77)
453073(84)
453095(68)
453096(57)
453104(82)
453114(84)
453032(154)
453039(130)
453045(146)
453050(133)
453051(132)
453054(110)
453055(104)
453059(138)
453060(129)
453063(109)
453068(109)
453074(106)
453075(107)
453084(137)
453085(102)
452972(127)
452975(119)
452977(110)
452980(115)
452981(124)
452984(134)
452995(104)
452997(130)
453004(126)
453005(108)
453008(147)
453012(110)
453013(101)
453022(118)
453028(138)
453157(107)
453159(102)
453162(115)
453168(113)
453169(105)
453172(122)
453176(144)
453185(126)
453194(105)
453215(111)
453219(124)
453090(148)
453097(111)
453102(116)
453107(123)
453109(104)
453118(119)
453123(111)
453129(109)
453130(144)
453133(99)
453135(109)
453137(152)
453141(102)
453142(97)
453145(100)
453158(177)
453161(219)
453170(175)
453173(161)
453179(128)
453182(174)
453184(183)
453188(174)
453197(189)
453198(166)
453201(184)
453202(188)
453207(143)
453208(141)
453217(187)
172
453559(110)
453563(129)
453568(133)
453575(114)
453583(98)
453601(123)
453541(183)
453543(231)
453551(199)
453558(193)
453565(211)
453572(153)
453584(204)
453606(192)
453546(248)
453554(260)
453556(266)
453557(263)
453560(251)
453561(213)
453562(237)
453570(256)
453571(236)
453577(243)
453579(237)
453593(264)
453605(244)
453567(379)
453574(336)
453576(300)
453578(311)
453580(378)
453549(384)
453550(363)
453552(312)
453553(459)
453566(316)
453542(403)
453544(369)
453545(297)
453547(282)
453548(336)
453598(409)
453599(364)
453602(304)
453603(343)
453604(297)
453591(290)
453592(431)
453595(310)
453596(260)
453597(455)
453581(375)
453582(274)
453585(380)
453586(308)
453587(318)
Hawwa Jee Girls Colleges (Intermediate)
453472(111)
453461(229)
453478(183)
453487(215)
453491(188)
453498(165)
453465(288)
453476(239)
453479(268)
453482(342)
453484(281)
453485(282)
453488(215)
453490(271)
453493(215)
453496(301)
453497(297)
453499(280)
453468(375)
453469(431)
453470(387)
453471(357)
453473(300)
453462(384)
453463(401)
453464(369)
453466(396)
453467(462)
453486(348)
453489(374)
453492(380)
453494(373)
453495(413)
453474(324)
453477(399)
453480(451)
453481(422)
453483(389)
Firoza Khatoon Women College(Intermediate)
453372(126)
173
453981(95)
453982(107)
453983(115)
453984(139)
453989(161)
453971(139)
453973(145)
453974(149)
453976(126)
453978(129)
453997(151)
453998(175)
454001(167)
454004(197)
454006(219)
453972(193)
453975(207)
453986(202)
453990(203)
453994(168)
454009(189)
454012(157)
454014(220)
454019(189)
454025(185)
454038(189)
454028(166)
454031(154)
454033(219)
454035(153)
454036(180)
453987(275)
453988(235)
453993(248)
454002(256)
454010(260)
454018(290)
454022(199)
454023(241)
454024(227)
454026(239)
454027(285)
454039(270)
454041(228)
454042(238)
453979(322)
453995(339)
454043(271)
Govt. Degree Girls College Ibrahim Hyderi
453681(108)
453683(81)
453701(139)
453708(157)
453657(115)
453670(163)
453671(160)
453682(143)
453697(146)
453651(208)
453658(194)
453659(188)
453666(186)
453698(192)
453699(221)
453702(198)
453655(224)
453662(253)
453685(296)
453690(312)
453691(288)
453694(248)
453695(274)
453700(248)
453709(278)
453713(263)
453668(374)
453669(307)
453672(289)
453673(352)
453674(427)
453675(382)
453676(329)
453677(375)
453678(405)
453679(334)
453652(390)
453653(335)
453654(435)
453656(357)
453660(371)
453661(365)
453663(345)
453664(397)
453665(370)
453667(301)
453704(445)
453705(415)
453706(309)
453707(345)
453711(406)
453712(374)
453714(395)
453715(364)
453716(426)
453680(385)
453684(424)
453686(452)
453687(328)
453688(326)
453689(344)
453692(395)
453693(391)
453696(319)
453703(360)
Khadija Girls College (Intermediate)
453564(19)
453569(21)
453573(20)
453555(56)
453589(61)
453590(77)
453594(68)
174
455066(107)
455067(148)
455072(108)
455080(108)
455087(111)
455036(116)
455038(136)
455039(111)
455061(123)
455062(101)
455007(111)
455009(141)
455010(132)
455016(105)
455023(114)
455070(169)
455071(185)
455076(165)
455084(142)
455090(188)
455095(139)
455097(154)
455117(196)
455122(234)
455131(168)
455050(184)
455055(145)
455057(162)
455059(220)
455063(181)
455002(181)
455008(149)
455013(155)
455019(153)
455028(131)
455040(157)
455042(140)
455044(175)
455045(160)
455049(153)
455192(176)
455195(166)
455197(175)
455206(172)
455210(183)
455218(153)
455219(175)
455171(202)
455174(147)
455181(198)
455182(181)
455190(198)
455136(175)
455140(166)
455144(171)
455145(147)
455150(148)
455154(176)
455155(184)
455160(166)
455161(157)
455164(191)
455125(283)
455134(213)
455135(223)
455141(214)
455146(253)
455104(281)
455108(208)
455114(280)
455115(201)
455116(252)
455157(242)
455159(224)
455166(242)
455170(268)
455175(207)
455194(254)
455198(234)
455203(261)
455204(259)
455176(201)
455180(253)
455187(219)
455188(216)
455193(214)
455093(227)
455096(183)
455098(190)
455101(227)
455103(198)
455012(211)
455014(253)
455017(219)
455021(223)
455024(263)
455003(236)
455004(208)
455005(165)
455006(222)
455011(204)
455025(244)
455030(202)
455041(252)
455043(266)
455054(256)
455074(218)
455077(215)
455079(233)
455083(226)
455088(179)
455058(219)
455060(202)
455064(261)
455065(189)
455069(227)
455073(266)
455078(375)
455082(358)
455085(277)
455091(244)
455035(233)
455047(386)
455053(279)
455056(322)
455068(410)
455026(290)
455027(323)
455032(263)
455033(367)
455034(324)
455217(299)
455167(339)
455168(335)
455178(382)
455179(301)
455201(347)
455105(286)
455110(342)
455124(271)
455147(403)
455149(329)
Govt. Degree Girls College Landhi 3-1/2
453985(32)
454017(21)
454020(24)
454021(21)
454032(21)
454037(34)
453977(92)
453980(62)
454015(78)
454030(57)
454034(65)
453991(121)
453992(117)
453996(116)
453999(150)
454000(133)
454003(134)
454005(114)
454007(141)
454008(147)
454013(101)
454016(133)
454029(118)
454040(104)
454044(130)
454045(119)
175
455429(26)
455433(22)
455434(19)
455436(19)
455444(40)
455415(44)
455417(30)
455421(34)
455422(34)
455428(26)
455491(40)
455463(37)
455464(28)
455465(17)
455475(33)
455489(18)
455419(59)
455427(89)
455430(67)
455432(89)
455437(85)
455438(89)
455446(75)
455449(68)
455455(82)
455466(53)
455479(70)
455486(86)
455487(82)
455494(73)
455441(115)
455451(134)
455452(113)
455454(124)
455457(129)
455411(109)
455423(145)
455424(132)
455439(147)
455440(131)
455482(111)
455492(125)
455493(130)
455460(127)
455469(134)
455471(120)
455473(138)
455478(121)
455418(208)
455426(175)
455435(150)
455443(184)
455448(186)
455450(216)
455453(162)
455456(193)
455458(198)
455459(221)
455474(230)
455476(149)
455483(209)
455484(207)
455488(196)
455472(258)
455490(263)
455412(292)
455413(235)
455414(258)
455420(209)
455445(239)
455416(258)
455425(308)
455442(292)
455480(450)
Govt. Girls Higher Secondary School, Landhi No. 1
455052(41)
455107(31)
455111(33)
455112(25)
455127(21)
455152(40)
455184(43)
455202(20)
455212(23)
455216(27)
455089(74)
455092(74)
455099(67)
455106(67)
455120(76)
455046(77)
455051(70)
455075(57)
455081(64)
455086(67)
455015(71)
455018(65)
455020(60)
455029(78)
455037(72)
455123(83)
455133(71)
455137(75)
455139(73)
455151(81)
455213(80)
455214(68)
455215(86)
455185(77)
455191(84)
455199(64)
455205(98)
455207(86)
455156(76)
455158(87)
455162(56)
455163(77)
455183(86)
455132(125)
455138(123)
455142(153)
455143(125)
455148(103)
455121(118)
455126(134)
455128(113)
455129(113)
455130(106)
455094(120)
455100(117)
455109(126)
455113(108)
455119(119)
455211(125)
455189(123)
455196(156)
455200(108)
455208(117)
455209(126)
455153(114)
455169(128)
455172(126)
455177(138)
455186(107)
176
456505(233)
456506(307)
456509(255)
456513(264)
456514(261)
456517(231)
456520(306)
456523(264)
456502(360)
456503(429)
456507(404)
456508(395)
456511(359)
456515(377)
456516(338)
456518(429)
456519(381)
Pakistan Steel Madar-e-Millat Girls Degree College, Steel Town
455744(35)
455756(22)
455757(36)
455759(36)
455771(38)
455776(37)
455781(42)
455787(19)
455731(74)
455733(84)
455742(68)
455745(79)
455753(83)
455754(81)
455763(76)
455772(94)
455786(86)
455790(76)
455793(61)
455798(56)
455750(104)
455751(149)
455758(101)
455760(142)
455765(114)
455732(128)
455734(125)
455738(127)
455739(122)
455749(160)
455789(129)
455769(121)
455770(146)
455773(141)
455774(123)
455777(142)
455784(207)
455785(218)
455788(162)
455792(170)
455795(162)
455796(180)
455797(173)
455735(166)
455737(155)
455741(151)
455747(205)
455752(196)
455755(178)
455761(198)
455766(248)
455768(226)
455779(176)
455736(244)
455740(256)
455743(219)
455780(233)
455746(352)
455748(364)
455778(337)
455782(374)
455794(287)
455799(346)
Bibi Asifa Bhutto Govt. Girls Degree College, Muzafarabad, Landhi
455551(32)
455556(36)
455557(36)
455559(22)
455563(22)
455552(88)
455553(91)
455560(68)
455561(68)
455562(70)
455564(85)
455554(131)
455555(155)
455566(114)
455565(234)
Govt. Girls Degree College Sharafi Goth
177
456899(177)
456900(216)
456901(185)
456911(163)
456912(202)
456913(145)
456914(181)
456915(200)
456920(201)
456924(219)
456862(230)
456874(192)
456881(181)
456884(206)
456885(185)
456886(222)
456887(224)
456888(216)
456889(207)
456897(166)
456925(169)
456926(154)
456933(139)
456936(159)
456939(183)
456882(275)
456896(243)
456904(294)
456905(262)
456929(257)
456860(326)
456865(257)
456867(257)
456868(272)
456872(231)
456930(294)
456931(223)
456949(256)
456954(285)
456964(274)
457005(188)
457009(237)
457017(272)
457024(335)
457039(280)
456967(241)
456969(252)
456971(256)
456975(292)
456982(267)
456898(338)
456922(325)
456927(337)
456928(351)
456932(287)
456873(289)
456880(312)
456890(306)
456894(307)
456895(315)
456853(370)
456858(326)
456863(377)
456864(319)
456866(346)
456937(353)
456950(377)
456958(375)
456960(389)
456961(358)
457031(383)
457038(304)
457023(375)
457025(378)
457027(345)
457028(316)
457030(315)
456968(439)
456983(362)
456993(312)
456995(347)
457022(295)
Govt. Girls Degree College, Gulshan-e-Hadeed, Bin Qasim
456798(22)
456799(19)
456793(81)
456794(83)
456795(93)
456797(98)
456800(101)
456801(60)
456791(148)
456802(145)
456796(230)
Tayyaba Fellowship H.S.S.
456512(22)
456522(71)
456521(90)
456501(118)
456504(181)
456510(194)
178
457543(167)
457551(160)
457552(159)
457555(169)
457558(170)
457532(201)
457535(203)
457536(213)
457540(161)
457541(224)
457505(158)
457513(178)
457519(144)
457520(197)
457521(177)
457586(304)
457587(205)
457597(234)
457599(199)
457600(258)
457542(173)
457544(223)
457570(264)
457578(235)
457579(303)
457501(268)
457510(269)
457511(233)
457522(280)
457534(247)
457626(279)
457628(236)
457630(238)
457619(266)
457620(303)
457621(253)
457622(239)
457625(262)
457607(270)
457610(267)
457612(242)
457616(219)
457618(296)
457518(386)
457527(332)
457529(278)
457530(276)
457531(380)
457503(333)
457504(302)
457507(304)
457508(260)
457516(433)
457533(359)
457545(349)
457546(345)
457547(359)
457548(377)
457568(352)
457571(454)
457590(259)
457598(340)
457611(348)
457556(364)
457560(252)
457561(327)
457564(315)
457565(341)
Jan Muhammad Brohi Govt. Degree Girls College, Gulshan-e-Maymar
456935(47)
456938(20)
456952(20)
456976(38)
456985(19)
456989(35)
457000(39)
457043(18)
456854(26)
456891(29)
456902(29)
456919(22)
456923(45)
456909(77)
456910(83)
456918(77)
456940(83)
456943(89)
456878(67)
456879(56)
456893(82)
456906(74)
456907(64)
456859(65)
456861(93)
456870(66)
456871(75)
456876(56)
457032(77)
457035(94)
456981(91)
456992(97)
457001(71)
457012(61)
457016(57)
456944(92)
456945(78)
456962(72)
456979(78)
456980(59)
456921(137)
456934(108)
456947(128)
456948(108)
456955(136)
456957(140)
456963(114)
456965(125)
456966(118)
456970(132)
456851(139)
456855(108)
456856(116)
456869(130)
456875(118)
456877(130)
456883(125)
456892(119)
456916(91)
456917(103)
457015(107)
457018(126)
457021(104)
457026(142)
457033(138)
457034(123)
456974(102)
456977(113)
456986(120)
456987(144)
456994(124)
457002(125)
457003(132)
457004(101)
457007(107)
457010(127)
456959(220)
456973(159)
456978(172)
456984(184)
456988(195)
456942(182)
456946(198)
456951(203)
456953(187)
456956(184)
456998(187)
456999(167)
457006(164)
457008(183)
457011(172)
457044(168)
457013(140)
457014(194)
457019(167)
457020(183)
457029(157)
179
457890(34)
457914(72)
457921(102)
457878(140)
457882(124)
457885(125)
457886(100)
457896(127)
457902(121)
457907(133)
457873(206)
457877(212)
457904(167)
457905(179)
457909(192)
457912(181)
457913(171)
457925(171)
457926(164)
457934(169)
457887(241)
457888(246)
457897(257)
457903(222)
457908(233)
457872(238)
457874(257)
457881(213)
457883(187)
457884(234)
457916(215)
457923(244)
457929(264)
457930(256)
457931(208)
457949(261)
457951(237)
457932(276)
457936(249)
457942(230)
457945(257)
457948(225)
457933(372)
457935(384)
457937(353)
457938(311)
457939(388)
457919(432)
457920(282)
457922(312)
457924(348)
457928(291)
457947(309)
457950(338)
457952(361)
457940(375)
457941(372)
457943(287)
457944(329)
457946(411)
457910(367)
457911(323)
457915(278)
457917(385)
457918(344)
457871(354)
457875(365)
457876(347)
457879(395)
457880(387)
457891(363)
457892(336)
457893(355)
457894(273)
457895(364)
457898(315)
457899(352)
457900(349)
457901(348)
457906(333)
Govt. Degree Girls College Gulzar-e-Hijri
457515(34)
457526(34)
457553(28)
457554(20)
457574(20)
457594(24)
457632(23)
457517(78)
457524(63)
457525(81)
457539(90)
457562(80)
457577(85)
457583(75)
457592(59)
457602(78)
457609(74)
457617(69)
457557(126)
457559(107)
457567(124)
457572(115)
457575(139)
457523(119)
457537(105)
457538(114)
457549(137)
457550(148)
457502(110)
457506(107)
457509(111)
457512(122)
457514(109)
457629(135)
457596(134)
457603(137)
457614(135)
457624(173)
457627(129)
457576(132)
457582(141)
457585(115)
457591(125)
457593(130)
457563(160)
457569(171)
457573(186)
457580(187)
457584(200)
457589(182)
457595(163)
457601(187)
457604(171)
457605(249)
457606(168)
457608(199)
457613(178)
457623(197)
457633(232)
180
458527(239)
458528(238)
458531(212)
458533(248)
458534(268)
458515(274)
458516(244)
458518(256)
458519(226)
458521(301)
458506(251)
458507(179)
458510(205)
458511(222)
458513(278)
458537(260)
458539(335)
458545(247)
458553(278)
458555(209)
458626(373)
458632(303)
458634(358)
458636(343)
458637(377)
458602(344)
458607(359)
458608(349)
458616(332)
458620(318)
458664(249)
458666(300)
458673(333)
458678(354)
458680(313)
458645(369)
458652(246)
458654(327)
458658(341)
458663(258)
458549(269)
458550(340)
458551(334)
458558(294)
458564(347)
458542(392)
458543(343)
458546(293)
458547(300)
458548(321)
458585(333)
458589(348)
458591(358)
458595(384)
458601(292)
458568(347)
458569(327)
458575(340)
458579(352)
458581(326)
458782(339)
458783(300)
458784(358)
458789(336)
458793(349)
458765(329)
458766(318)
458767(415)
458774(266)
458775(328)
458813(315)
458817(449)
458818(303)
458796(247)
458803(386)
458807(351)
458809(264)
458811(356)
458710(350)
458714(256)
458721(347)
458722(296)
458728(392)
458681(272)
458693(304)
458694(274)
458699(332)
458704(314)
458744(354)
458752(350)
458753(408)
458758(352)
458764(379)
458732(401)
458735(335)
458736(339)
458740(322)
458741(305)
458504(331)
458508(330)
458509(362)
458512(311)
458514(386)
458517(329)
458525(319)
458529(444)
458540(282)
458541(326)
Govt. Girls Degree College, Block-N, North Nazimabad
458354(73)
458396(75)
458353(130)
458373(131)
458379(141)
458380(116)
458382(130)
458384(144)
458363(190)
458364(205)
458369(237)
458372(179)
458376(172)
458352(224)
458358(176)
458360(186)
458361(185)
458362(185)
458393(176)
458395(186)
458385(146)
458386(165)
458387(180)
458388(227)
458391(148)
458351(277)
458365(268)
458367(270)
458371(206)
458374(214)
458377(239)
458381(252)
458383(253)
458390(243)
458356(327)
458359(348)
458366(338)
458370(357)
458378(358)
458389(305)
458392(315)
458394(326)
458398(276)
SMB Girls Higher Secondary School No.5, LERP, Taiser Town
181
458598(91)
458611(79)
458672(93)
458690(70)
458691(74)
458692(68)
458697(71)
458746(76)
458791(67)
458623(122)
458627(127)
458629(111)
458638(159)
458659(177)
458523(112)
458532(146)
458536(119)
458586(143)
458594(156)
458667(121)
458675(133)
458705(135)
458708(120)
458712(103)
458804(158)
458808(109)
458819(148)
458719(131)
458768(178)
458781(159)
458798(108)
458799(121)
458657(183)
458661(163)
458662(200)
458668(180)
458669(156)
458671(189)
458684(168)
458685(192)
458689(190)
458695(180)
458612(184)
458622(172)
458648(160)
458653(193)
458656(162)
458577(188)
458578(173)
458580(183)
458588(207)
458590(191)
458596(164)
458597(158)
458600(166)
458603(157)
458609(180)
458701(177)
458707(154)
458717(200)
458720(196)
458727(205)
458786(211)
458792(214)
458805(206)
458806(216)
458810(168)
458812(224)
458814(188)
458815(243)
458762(198)
458772(148)
458776(169)
458779(214)
458785(167)
458729(186)
458730(179)
458734(166)
458738(179)
458743(178)
458745(168)
458748(211)
458750(191)
458756(215)
458757(216)
458554(160)
458571(208)
458572(201)
458574(188)
458576(201)
458501(212)
458502(213)
458505(193)
458520(207)
458526(191)
458530(166)
458535(178)
458538(171)
458544(184)
458552(168)
458630(260)
458631(233)
458633(304)
458639(283)
458640(228)
458617(289)
458618(302)
458619(241)
458625(253)
458628(216)
458649(258)
458650(251)
458651(276)
458655(186)
458660(204)
458641(271)
458643(247)
458644(294)
458646(272)
458647(295)
458606(244)
458610(296)
458613(256)
458614(288)
458615(306)
458562(234)
458563(269)
458565(282)
458567(237)
458570(241)
458556(205)
458557(256)
458559(285)
458560(262)
458561(213)
458592(258)
458593(254)
458599(227)
458604(257)
458605(264)
458573(223)
458582(231)
458583(244)
458584(245)
458587(270)
458670(248)
458676(244)
458679(264)
458682(259)
458683(254)
458769(241)
458771(217)
458777(304)
458778(241)
458780(277)
458755(221)
458759(245)
458760(289)
458761(286)
458763(258)
458797(265)
458800(256)
458801(286)
458802(196)
458787(249)
458788(266)
458790(240)
458794(263)
458795(227)
458742(261)
458747(330)
458749(289)
458751(227)
458754(227)
458702(249)
458703(213)
458706(293)
458709(265)
458711(272)
458686(238)
458687(221)
458688(243)
458698(229)
458700(271)
458726(256)
458731(264)
458733(228)
458737(255)
458739(253)
458713(269)
458716(197)
458718(235)
458724(248)
458725(259)
182
458503(21)
458524(35)
458624(41)
458635(35)
458642(59)
458665(37)
458696(33)
.
